<?xml version="1.0" encoding="UTF-8"?>
<kml xmlns="http://www.opengis.net/kml/2.2" xmlns:gx="http://www.google.com/kml/ext/2.2" xmlns:kml="http://www.opengis.net/kml/2.2" xmlns:atom="http://www.w3.org/2005/Atom" xmlns:xsi="http://www.w3.org/2001/XMLSchema-instance">
<Document id="CTRY_DEC_2021_UK_BUC" xsi:schemaLocation="http://www.opengis.net/kml/2.2 http://schemas.opengis.net/kml/2.2.0/ogckml22.xsd http://www.google.com/kml/ext/2.2 http://code.google.com/apis/kml/schema/kml22gx.xsd">
	<name>CTRY_DEC_2021_UK_BUC</name>
	<snippet></snippet>
	<atom:link rel="app" href="https://www.google.com/earth/about/versions/#earth-pro" title="Google Earth Pro 7.3.7.1155"></atom:link>
	<StyleMap id="PolyStyle00">
		<Pair>
			<key>normal</key>
			<styleUrl>#PolyStyle000</styleUrl>
		</Pair>
		<Pair>
			<key>highlight</key>
			<styleUrl>#PolyStyle001</styleUrl>
		</Pair>
	</StyleMap>
	<Style id="PolyStyle000">
		<LabelStyle>
			<color>00000000</color>
			<scale>0</scale>
		</LabelStyle>
	</Style>
	<Style id="PolyStyle001">
		<LabelStyle>
			<color>00000000</color>
			<scale>0</scale>
		</LabelStyle>
	</Style>
	<Folder id="FeatureLayer0">
		<name>CTRY_DEC_2021_UK_BUC</name>
		<snippet></snippet>
		<Placemark id="ID_00000">
			<name>E92000001</name>
			<snippet></snippet>
			<description><![CDATA[<html><body><table border="1"><tr><th>Field Name</th><th>Field Value</th></tr><tr><td>CTRY21CD</td><td>E92000001</td></tr><tr><td>CTRY21NM</td><td>England</td></tr><tr><td>CTRY21NMW</td><td>Lloegr</td></tr><tr><td>BNG_E</td><td>394883</td></tr><tr><td>BNG_N</td><td>370883</td></tr><tr><td>LONG</td><td>-2.07811</td></tr><tr><td>LAT</td><td>53.23497</td></tr><tr><td>GlobalID</td><td>{15BB8223-3421-462C-83FC-37997C1D8C0C}</td></tr><tr><td>Shape__Area</td><td>130681068179.635895</td></tr><tr><td>Shape__Length</td><td>4616391.86558</td></tr></table></body></html>]]></description>
			<styleUrl>#PolyStyle00</styleUrl>
			<MultiGeometry>
				<Polygon>
					<outerBoundaryIs>
						<LinearRing>
							<coordinates>
								-6.348617815635492,49.89774331602923,0 -6.3275046949269,49.89184421912456,0 -6.327596357388567,49.89143984040648,0 -6.336880596467739,49.89251722882504,0 -6.337420685930758,49.89280088971628,0 -6.340344438187429,49.88172730605161,0 -6.341430342637943,49.88227233508886,0 -6.352874070992208,49.88923517066165,0 -6.353437379498097,49.8905895509226,0 -6.350468942529137,49.89760660111736,0 -6.348617815635492,49.89774331602923,0 -6.348617815635492,49.89774331602923,0 
							</coordinates>
						</LinearRing>
					</outerBoundaryIs>
				</Polygon>
				<Polygon>
					<outerBoundaryIs>
						<LinearRing>
							<coordinates>
								-6.274913244918866,49.92061823707583,0 -6.286906411219717,49.90941200088479,0 -6.302082837709719,49.91092328974828,0 -6.303016956396464,49.90258532401226,0 -6.305167167715129,49.90481486606138,0 -6.311958203611308,49.91262928638429,0 -6.312441093342056,49.91235525857403,0 -6.312612087244188,49.91253248047286,0 -6.312725515509584,49.9121938523345,0 -6.319595468723267,49.90829471782029,0 -6.325718678641896,49.91101265486372,0 -6.326725501198119,49.91196489305985,0 -6.308173758661582,49.91600905044589,0 -6.309437633644245,49.91890775235945,0 -6.311204143317221,49.92792783545919,0 -6.296852737874611,49.93618684544223,0 -6.275705507487416,49.92817345883552,0 -6.274913244918866,49.92061823707583,0 -6.274913244918866,49.92061823707583,0 
							</coordinates>
						</LinearRing>
					</outerBoundaryIs>
				</Polygon>
				<Polygon>
					<outerBoundaryIs>
						<LinearRing>
							<coordinates>
								-6.33098949718324,49.93898514147341,0 -6.331561840519361,49.93889781492102,0 -6.343400625003924,49.95996434496504,0 -6.345547213467141,49.96632152468755,0 -6.319746923304987,49.95346296231754,0 -6.31905197285686,49.95186630696185,0 -6.33098949718324,49.93898514147341,0 -6.33098949718324,49.93898514147341,0 
							</coordinates>
						</LinearRing>
					</outerBoundaryIs>
				</Polygon>
				<Polygon>
					<outerBoundaryIs>
						<LinearRing>
							<coordinates>
								-6.348577840929287,49.95131584898036,0 -6.354819989289414,49.94584520378873,0 -6.359382100958821,49.9483726802824,0 -6.357805131923832,49.96640962085096,0 -6.347157374537539,49.95504787734118,0 -6.348577840929287,49.95131584898036,0 -6.348577840929287,49.95131584898036,0 
							</coordinates>
						</LinearRing>
					</outerBoundaryIs>
				</Polygon>
				<Polygon>
					<outerBoundaryIs>
						<LinearRing>
							<coordinates>
								-6.292624932332292,49.97768599152312,0 -6.288772785342026,49.96927709823313,0 -6.287825832329452,49.96556837628003,0 -6.260806223367636,49.96225829168387,0 -6.262446750183091,49.96170561212922,0 -6.282709969850206,49.9556809387006,0 -6.28564317824566,49.95636177486433,0 -6.301271245382186,49.96248194457044,0 -6.302793091210245,49.96410312696408,0 -6.294466411204399,49.97522670763128,0 -6.291237158970219,49.97381048779425,0 -6.292736390696756,49.97753714590605,0 -6.292624932332292,49.97768599152312,0 -6.292624932332292,49.97768599152312,0 
							</coordinates>
						</LinearRing>
					</outerBoundaryIs>
				</Polygon>
				<Polygon>
					<outerBoundaryIs>
						<LinearRing>
							<coordinates>
								-5.028370305938397,50.2088316791605,0 -5.029191249108799,50.20821099835203,0 -5.029326786868773,50.20829682454224,0 -5.028370305938397,50.2088316791605,0 -5.028370305938397,50.2088316791605,0 
							</coordinates>
						</LinearRing>
					</outerBoundaryIs>
				</Polygon>
				<Polygon>
					<outerBoundaryIs>
						<LinearRing>
							<coordinates>
								-1.955403215692237,50.68765248747741,0 -1.982187209347725,50.6865075645376,0 -1.986730207239824,50.69188646733938,0 -1.972809158291808,50.6966615067672,0 -1.956794431221881,50.69436419863313,0 -1.955403215692237,50.68765248747741,0 -1.955403215692237,50.68765248747741,0 
							</coordinates>
						</LinearRing>
					</outerBoundaryIs>
				</Polygon>
				<Polygon>
					<outerBoundaryIs>
						<LinearRing>
							<coordinates>
								-1.301532259817489,50.76389637122835,0 -1.294661330907982,50.76120863494211,0 -1.293459064104173,50.76141340237042,0 -1.281522813214277,50.72946167384309,0 -1.289946431654434,50.76201158500568,0 -1.273156136030154,50.76486920189221,0 -1.246124787266288,50.75113484040048,0 -1.237788496870148,50.74328750057888,0 -1.225651840011011,50.74051363714772,0 -1.214790959450508,50.73451959993598,0 -1.218052578776966,50.73049098836864,0 -1.201982749940062,50.73419820506462,0 -1.153130783016188,50.732716929782,0 -1.149732943120211,50.73178623007351,0 -1.107215675542556,50.72012889122519,0 -1.094636395248539,50.693811364719,0 -1.101376258347329,50.69920638939589,0 -1.10680875691912,50.69293707768042,0 -1.08452196454618,50.69374977988316,0 -1.068850397230145,50.68696196050422,0 -1.096474795602115,50.6646423854463,0 -1.13032345876243,50.66173202797111,0 -1.151168494971283,50.65231058223448,0 -1.158982018009262,50.64877711660058,0 -1.174436087957416,50.61619717776089,0 -1.183693092080311,50.59665881250702,0 -1.298602731136423,50.57454808738625,0 -1.372676642053025,50.6174332666299,0 -1.387874206103757,50.62621648178169,0 -1.434267081185312,50.63964099005229,0 -1.446740236611296,50.64324584415986,0 -1.483135646608339,50.66621605353987,0 -1.585142120706971,50.66254967501253,0 -1.546704606902363,50.6777887554907,0 -1.520747910915583,50.70644820849373,0 -1.518801718628379,50.70656516796986,0 -1.502337818581275,50.70615335456603,0 -1.503111762475824,50.70287040224626,0 -1.499364163519771,50.70558878171707,0 -1.468703803195482,50.70906793891629,0 -1.433260626333809,50.72328248221752,0 -1.427999162212176,50.72539094262482,0 -1.427586426239059,50.72536682392372,0 -1.410537347134797,50.72019971248859,0 -1.412939470863966,50.70936529672364,0 -1.402520288866396,50.72027762150748,0 -1.384719268823307,50.72206475028136,0 -1.407101795158793,50.72463345181992,0 -1.391911175383036,50.72877894506263,0 -1.351901687538095,50.73851711892909,0 -1.314714744798622,50.76426180388783,0 -1.309839673297618,50.76640116151165,0 -1.301532259817489,50.76389637122835,0 -1.301532259817489,50.76389637122835,0 
							</coordinates>
						</LinearRing>
					</outerBoundaryIs>
				</Polygon>
				<Polygon>
					<outerBoundaryIs>
						<LinearRing>
							<coordinates>
								-1.092239772038027,50.81446146967346,0 -1.100187529955317,50.81310548388047,0 -1.095671203174873,50.82004351752745,0 -1.092239772038027,50.81446146967346,0 -1.092239772038027,50.81446146967346,0 
							</coordinates>
						</LinearRing>
					</outerBoundaryIs>
				</Polygon>
				<Polygon>
					<outerBoundaryIs>
						<LinearRing>
							<coordinates>
								-0.9063718506284141,50.81633337580315,0 -0.9096016743813954,50.80273605492827,0 -0.9411049369068005,50.81482981408777,0 -0.9380127200753189,50.82973243846258,0 -0.9105918507365069,50.82680124159327,0 -0.9063718506284141,50.81633337580315,0 -0.9063718506284141,50.81633337580315,0 
							</coordinates>
						</LinearRing>
					</outerBoundaryIs>
				</Polygon>
				<Polygon>
					<outerBoundaryIs>
						<LinearRing>
							<coordinates>
								-0.9495360747894109,50.82319029408112,0 -0.9555876234546703,50.80677505848897,0 -0.9593919336256448,50.81102723239857,0 -0.9687354876441047,50.80974845608722,0 -0.9603200283252751,50.80728758588508,0 -0.9719015051135677,50.80849568089844,0 -0.9675028234062838,50.80217281739544,0 -0.9512567444509085,50.80044588299771,0 -0.9576759599822383,50.7943399606853,0 -0.9653389208377117,50.78704841832767,0 -0.9498387062260057,50.78633609983065,0 -0.9574193226850175,50.78059584272868,0 -0.9352914246535616,50.78622670432826,0 -0.9359486612628862,50.77701417768161,0 -1.02010085295384,50.78569284143436,0 -1.023340019818368,50.79490862330707,0 -1.023490810834322,50.79533755065474,0 -0.9934311492229737,50.79756793374555,0 -0.9853011865206502,50.82638396892313,0 -0.9676351576710169,50.83396813194025,0 -0.9495360747894109,50.82319029408112,0 -0.9495360747894109,50.82319029408112,0 
							</coordinates>
						</LinearRing>
					</outerBoundaryIs>
				</Polygon>
				<Polygon>
					<outerBoundaryIs>
						<LinearRing>
							<coordinates>
								-4.657631846208413,51.16064135895964,0 -4.669817828343102,51.15797364798063,0 -4.679466044463068,51.17193638487084,0 -4.676687545514903,51.19826692559707,0 -4.676252208529162,51.2019157605294,0 -4.65215769000124,51.1618800672766,0 -4.657631846208413,51.16064135895964,0 -4.657631846208413,51.16064135895964,0 
							</coordinates>
						</LinearRing>
					</outerBoundaryIs>
				</Polygon>
				<Polygon>
					<outerBoundaryIs>
						<LinearRing>
							<coordinates>
								0.6097704089619946,51.40100827579897,0 0.6169811736218345,51.39484790188563,0 0.5986697351771773,51.39554436904263,0 0.6097704089619946,51.40100827579897,0 0.6097704089619946,51.40100827579897,0 
							</coordinates>
						</LinearRing>
					</outerBoundaryIs>
				</Polygon>
				<Polygon>
					<outerBoundaryIs>
						<LinearRing>
							<coordinates>
								0.5842262231097007,51.40260002948173,0 0.5631715962673578,51.40170000743759,0 0.5660876496780289,51.40742156948878,0 0.5842262231097007,51.40260002948173,0 0.5842262231097007,51.40260002948173,0 
							</coordinates>
						</LinearRing>
					</outerBoundaryIs>
				</Polygon>
				<Polygon>
					<outerBoundaryIs>
						<LinearRing>
							<coordinates>
								0.6846342715555602,51.41210867282184,0 0.6962024409603118,51.39608846702526,0 0.6743024160937608,51.39786785842523,0 0.6675914660491812,51.40574561017382,0 0.6846342715555602,51.41210867282184,0 0.6846342715555602,51.41210867282184,0 
							</coordinates>
						</LinearRing>
					</outerBoundaryIs>
				</Polygon>
				<Polygon>
					<outerBoundaryIs>
						<LinearRing>
							<coordinates>
								0.6886359096709376,51.42173940169631,0 0.6894937623785246,51.41380965111509,0 0.6617766119482099,51.41705217137105,0 0.6686658169476162,51.42337350712141,0 0.6886359096709376,51.42173940169631,0 0.6886359096709376,51.42173940169631,0 
							</coordinates>
						</LinearRing>
					</outerBoundaryIs>
				</Polygon>
				<Polygon>
					<outerBoundaryIs>
						<LinearRing>
							<coordinates>
								0.9037088992397998,51.41594846598672,0 0.9520834775910448,51.37165965968168,0 0.8988535083493021,51.35378758656041,0 0.87309047394275,51.36043583591993,0 0.8600257684741538,51.36380435404845,0 0.8454641710346628,51.36301772786931,0 0.8079602115035284,51.3716337932943,0 0.7678553161028865,51.36922640896222,0 0.7659365774269827,51.38769082412779,0 0.7342822919138305,51.39980555975597,0 0.7231721067933194,51.41393279275558,0 0.733805189641442,51.40848783647385,0 0.7427685531917778,51.41292006553077,0 0.7371424098558108,51.42375342971015,0 0.7512442897289352,51.44542731971092,0 0.8261677700764304,51.42507900357877,0 0.8767717876055064,51.41912654196729,0 0.9037088992397998,51.41594846598672,0 0.9037088992397998,51.41594846598672,0 
							</coordinates>
						</LinearRing>
					</outerBoundaryIs>
				</Polygon>
				<Polygon>
					<outerBoundaryIs>
						<LinearRing>
							<coordinates>
								0.8391805397653138,51.58465460059971,0 0.8246361161560937,51.56435804493306,0 0.8097519230069603,51.58510514750837,0 0.8318326399601477,51.59544529360515,0 0.8391805397653138,51.58465460059971,0 0.8391805397653138,51.58465460059971,0 
							</coordinates>
						</LinearRing>
					</outerBoundaryIs>
				</Polygon>
				<Polygon>
					<outerBoundaryIs>
						<LinearRing>
							<coordinates>
								0.8861639355290281,51.56797548829019,0 0.8680611806293668,51.55841520249736,0 0.8274664407794868,51.56394264949672,0 0.8481495002758694,51.58091020472199,0 0.8396870344416242,51.59309757388039,0 0.8685186275068398,51.59466448762981,0 0.8760692384783251,51.61363069863343,0 0.8891250105425612,51.61463648378484,0 0.9592205658342717,51.62001079265396,0 0.9315666303350414,51.59192277020019,0 0.8861639355290281,51.56797548829019,0 0.8861639355290281,51.56797548829019,0 
							</coordinates>
						</LinearRing>
					</outerBoundaryIs>
				</Polygon>
				<Polygon>
					<outerBoundaryIs>
						<LinearRing>
							<coordinates>
								0.7894374431214234,51.72183216179557,0 0.7740187549720032,51.71815344504049,0 0.7561972498522507,51.72403822755572,0 0.7796519991503789,51.72606051999591,0 0.7894374431214234,51.72183216179557,0 0.7894374431214234,51.72183216179557,0 
							</coordinates>
						</LinearRing>
					</outerBoundaryIs>
				</Polygon>
				<Polygon>
					<outerBoundaryIs>
						<LinearRing>
							<coordinates>
								0.7307522503915326,51.71784088601661,0 0.712144278120874,51.71805810237489,0 0.7235822836790915,51.73001966203473,0 0.7307522503915326,51.71784088601661,0 0.7307522503915326,51.71784088601661,0 
							</coordinates>
						</LinearRing>
					</outerBoundaryIs>
				</Polygon>
				<Polygon>
					<outerBoundaryIs>
						<LinearRing>
							<coordinates>
								0.947501651602387,51.77421937292532,0 0.9039527735835039,51.77386670734847,0 0.8998046568033066,51.77922576058968,0 0.9444854857274356,51.80624294379795,0 0.9693702180604851,51.80816403230512,0 1.007563769696209,51.79895142671749,0 0.9983299424883386,51.79073939229339,0 0.947501651602387,51.77421937292532,0 0.947501651602387,51.77421937292532,0 
							</coordinates>
						</LinearRing>
					</outerBoundaryIs>
				</Polygon>
				<Polygon>
					<outerBoundaryIs>
						<LinearRing>
							<coordinates>
								1.266299416307226,51.87176628218909,0 1.266451083465608,51.86345745243122,0 1.253162889851642,51.87044300452594,0 1.261866569665373,51.87181824992399,0 1.266299416307226,51.87176628218909,0 1.266299416307226,51.87176628218909,0 
							</coordinates>
						</LinearRing>
					</outerBoundaryIs>
				</Polygon>
				<Polygon>
					<outerBoundaryIs>
						<LinearRing>
							<coordinates>
								1.263965916590867,51.88019139495641,0 1.265286428869774,51.87248615620074,0 1.256862974379038,51.87402507413864,0 1.263965916590867,51.88019139495641,0 1.263965916590867,51.88019139495641,0 
							</coordinates>
						</LinearRing>
					</outerBoundaryIs>
				</Polygon>
				<Polygon>
					<outerBoundaryIs>
						<LinearRing>
							<coordinates>
								1.258786158049502,51.88322981822546,0 1.246305993931288,51.86833429824345,0 1.227657429320638,51.87456439216098,0 1.231171594857919,51.88092562265204,0 1.258786158049502,51.88322981822546,0 1.258786158049502,51.88322981822546,0 
							</coordinates>
						</LinearRing>
					</outerBoundaryIs>
				</Polygon>
				<Polygon>
					<outerBoundaryIs>
						<LinearRing>
							<coordinates>
								1.279543364108902,51.87884115939049,0 1.273844882183304,51.87646391081469,0 1.26544175569804,51.88571046119217,0 1.279543364108902,51.87884115939049,0 1.279543364108902,51.87884115939049,0 
							</coordinates>
						</LinearRing>
					</outerBoundaryIs>
				</Polygon>
				<Polygon>
					<outerBoundaryIs>
						<LinearRing>
							<coordinates>
								0.8717003730870174,52.957683535068,0 0.8541726165824813,52.95773963812806,0 0.8692351157958673,52.97902374126556,0 0.9130188671548894,52.96505323059395,0 0.9028359810787271,52.96130494106211,0 0.8748921314533261,52.96065208377561,0 0.8717003730870174,52.957683535068,0 0.8717003730870174,52.957683535068,0 
							</coordinates>
						</LinearRing>
					</outerBoundaryIs>
				</Polygon>
				<Polygon>
					<outerBoundaryIs>
						<LinearRing>
							<coordinates>
								0.7076911268583721,52.9856051535322,0 0.7528519260373149,52.97802295268803,0 0.7162545776606194,52.97667012636069,0 0.7001316044531702,52.98372302089178,0 0.6830811087209689,52.97707952719953,0 0.6852571175022893,52.9856092589602,0 0.6817848426932666,52.98561632404959,0 0.6640092668466434,52.98565089991509,0 0.6818388817628699,52.98648900827478,0 0.6922397356956338,52.98697666344503,0 0.7076911268583721,52.9856051535322,0 0.7076911268583721,52.9856051535322,0 
							</coordinates>
						</LinearRing>
					</outerBoundaryIs>
				</Polygon>
				<Polygon>
					<outerBoundaryIs>
						<LinearRing>
							<coordinates>
								-0.5190300578035062,53.6851386823832,0 -0.5340901771874497,53.68098626728832,0 -0.5538312878282114,53.69024779518833,0 -0.5190300578035062,53.6851386823832,0 -0.5190300578035062,53.6851386823832,0 
							</coordinates>
						</LinearRing>
					</outerBoundaryIs>
				</Polygon>
				<Polygon>
					<outerBoundaryIs>
						<LinearRing>
							<coordinates>
								-3.208822876780247,54.06491793494583,0 -3.203571034308035,54.05151187085366,0 -3.177190288120422,54.0551169787269,0 -3.172794936752144,54.04812765161859,0 -3.171522570487939,54.05508152690846,0 -3.171722965981068,54.04689309739292,0 -3.208352545325978,54.04734594541774,0 -3.222404320440572,54.06165589409797,0 -3.267207472147442,54.1072047394662,0 -3.275106242445101,54.14260982860072,0 -3.250806193269948,54.15041654464283,0 -3.264376514871852,54.14391767115688,0 -3.244136542866873,54.10948336281786,0 -3.25017991442868,54.09617687218746,0 -3.223005384474449,54.08209552250052,0 -3.219586620380976,54.08032286201973,0 -3.222038718412441,54.06684108208648,0 -3.208822876780247,54.06491793494583,0 -3.208822876780247,54.06491793494583,0 
							</coordinates>
						</LinearRing>
					</outerBoundaryIs>
				</Polygon>
				<Polygon>
					<outerBoundaryIs>
						<LinearRing>
							<coordinates>
								-1.777605024449667,55.6856347405609,0 -1.77726928994031,55.66773711138654,0 -1.800837274748427,55.66829069344445,0 -1.813990725619613,55.68241883332468,0 -1.840798211784747,55.67872362905614,0 -1.853360258202898,55.68563983402192,0 -1.795782776532113,55.68723263023958,0 -1.777605024449667,55.6856347405609,0 -1.777605024449667,55.6856347405609,0 
							</coordinates>
						</LinearRing>
					</outerBoundaryIs>
				</Polygon>
				<Polygon>
					<outerBoundaryIs>
						<LinearRing>
							<coordinates>
								-2,55.77856918166153,0 -1.986556837936817,55.76523200635071,0 -1.997155238513751,55.7665424617111,0 -1.959124474282328,55.73324397753673,0 -1.915792661121282,55.71133205654894,0 -1.882501741591373,55.69447047453934,0 -1.884036382010119,55.68396256043661,0 -1.871654224466755,55.68279371476836,0 -1.868432656515208,55.66592138590345,0 -1.852837337602845,55.65344903421503,0 -1.83927805675518,55.64259692842233,0 -1.811587768662824,55.63370693915745,0 -1.782265997024495,55.64404927051094,0 -1.763171044909003,55.62591008277939,0 -1.784730107262778,55.61600374866323,0 -1.769185707326235,55.60348175596876,0 -1.740728440031419,55.61856151759743,0 -1.72120114915577,55.61681218992151,0 -1.68256908617528,55.59895313684945,0 -1.665211082365637,55.59091952295795,0 -1.660400914458938,55.58691480232005,0 -1.649333154198839,55.58356588615938,0 -1.637803969037311,55.57822329232684,0 -1.650540702640449,55.57124811605311,0 -1.644040056301558,55.57416887355453,0 -1.640474598713643,55.57118080922064,0 -1.640499552077866,55.57113442879221,0 -1.63865083381134,55.56975318747821,0 -1.617200921276351,55.55216528589047,0 -1.629840555120034,55.54833344474172,0 -1.629852894034172,55.54487572187858,0 -1.63670795790441,55.54092442847012,0 -1.62988384416031,55.53619781409844,0 -1.629884814411865,55.53592577515369,0 -1.627477245806892,55.5345305601038,0 -1.608969346416789,55.52170228164852,0 -1.609624339187194,55.51751325566735,0 -1.614561017519033,55.51291230023372,0 -1.610356173827775,55.51283170746926,0 -1.612652440740119,55.49813509588495,0 -1.589508636134745,55.49238828499849,0 -1.590327415998594,55.47312355767169,0 -1.591724428736491,55.44020773934776,0 -1.588885511120379,55.43873172517398,0 -1.588881708275126,55.43769768910351,0 -1.573831818093355,55.43037946760222,0 -1.576603899493281,55.4169037769973,0 -1.576698177877963,55.41680032583592,0 -1.57666759826624,55.41677151384084,0 -1.578696483029918,55.40672504561255,0 -1.609197639194392,55.38524289750914,0 -1.619659860835397,55.38827207830253,0 -1.606716586310849,55.38374950342963,0 -1.600680899758529,55.3724432488089,0 -1.600590208671629,55.36969656735805,0 -1.594652948213625,55.36114476166556,0 -1.585254275777878,55.34351493955067,0 -1.58459435934667,55.33590802937552,0 -1.571255243353923,55.33853346694386,0 -1.562630889426408,55.33371872319294,0 -1.547800338804488,55.32179481904139,0 -1.559848171648637,55.2981944746219,0 -1.56340943721372,55.29329581769781,0 -1.56627492114513,55.28935327756705,0 -1.565822813325184,55.28647989175295,0 -1.571521983273599,55.27529866778126,0 -1.520653087292728,55.21370150703945,0 -1.520556305808999,55.20978489636693,0 -1.513611759801912,55.20515848476673,0 -1.497526194559962,55.18562712401533,0 -1.507071125040037,55.18403368966453,0 -1.51009813652796,55.18359087022407,0 -1.523463650083864,55.16256645595766,0 -1.538418264692912,55.16127235827502,0 -1.52332095370264,55.1604485294644,0 -1.518423494454905,55.15460628226121,0 -1.517785083634358,55.14921761002626,0 -1.50723836949533,55.14125624966972,0 -1.497006054660739,55.12903474772985,0 -1.514517838311675,55.1359539720055,0 -1.49491662718851,55.12360459585133,0 -1.49572620208639,55.1132943446478,0 -1.496137805968784,55.10805027989641,0 -1.477049545215748,55.0790310053565,0 -1.470944611566253,55.08421047793261,0 -1.462877280931664,55.07745437324018,0 -1.460181335449882,55.07427386012947,0 -1.448323130870292,55.05849965939495,0 -1.448912942137638,55.05511586554519,0 -1.442618080281237,55.05090385663269,0 -1.419056955242183,55.01950091596488,0 -1.40154340116449,55.01451779989543,0 -1.415169647103047,55.01644327776783,0 -1.42022558189592,55.01351807855566,0 -1.428223537348504,55.0131413114544,0 -1.45168960991261,54.9897257883302,0 -1.527607008505873,54.98325272308417,0 -1.44781790646533,54.98426106767547,0 -1.42413628227661,55.00636612361541,0 -1.418422896654169,55.00446828568077,0 -1.417038839811138,55.00317431408627,0 -1.410612209048799,55.0060761709378,0 -1.409041266957628,54.99848746379772,0 -1.374978336535821,54.97745291143728,0 -1.355004860821605,54.9651042169029,0 -1.362346376444228,54.94402229743872,0 -1.36237554647748,54.9437773992784,0 -1.363667338757301,54.93292892680625,0 -1.364491585815011,54.92600372893391,0 -1.357322792332401,54.92353216453463,0 -1.357020241897178,54.9220367182595,0 -1.361788790715322,54.92264350390487,0 -1.369260266393742,54.91166738392985,0 -1.356015942854291,54.91707189698371,0 -1.353131917459458,54.90280777613602,0 -1.360018622694663,54.89819524634011,0 -1.345826330918233,54.86052282657111,0 -1.345611774509813,54.86033806709295,0 -1.321846716052931,54.839860580731,0 -1.319205141326855,54.83745037128462,0 -1.32772328820266,54.83785147715782,0 -1.299130614816319,54.76968227150265,0 -1.296842704574596,54.76785350263285,0 -1.29676547399625,54.76761262979411,0 -1.293445794698903,54.76513790871726,0 -1.277888924074271,54.75269541467881,0 -1.240611420231582,54.72284146141551,0 -1.240306043091951,54.72259667033397,0 -1.240890711754341,54.72230372647562,0 -1.241210566231311,54.72213680570331,0 -1.17599711478323,54.69905520295568,0 -1.172452247803643,54.69174575261754,0 -1.194695593184169,54.69843393405922,0 -1.185874977252606,54.69377767136397,0 -1.18717582163611,54.69227851061759,0 -1.190471988811419,54.69239753138395,0 -1.192772123116564,54.68582760230936,0 -1.197464335002252,54.68041705383654,0 -1.181166446778452,54.65866847544617,0 -1.172224513585854,54.65487688904857,0 -1.172161076572032,54.65485446361944,0 -1.156087869520328,54.64805587575647,0 -1.166811875158366,54.64548219152789,0 -1.171574283168378,54.63331739928913,0 -1.187131563456413,54.63251146752894,0 -1.191560162364319,54.6289120271418,0 -1.198546272093153,54.62335793601799,0 -1.16044281837602,54.62250601724886,0 -1.158809988203893,54.6103481295766,0 -1.196976951877448,54.58272139612384,0 -1.158621613620599,54.60439587142505,0 -1.14749532057801,54.61418875582812,0 -1.152988946035566,54.62736253596724,0 -1.133808562115172,54.62949096243324,0 -1.135342946405505,54.64307324467688,0 -1.128302318250465,54.6398881921988,0 -1.117172518761697,54.62872008523003,0 -1.070695309236233,54.62004753234541,0 -1.052469986182089,54.61664085428819,0 -1.038833735616441,54.61063550868943,0 -0.9983379969483968,54.59278802767502,0 -0.9611442381249609,54.5850106623697,0 -0.9448001827942315,54.5872994424751,0 -0.9347493847881528,54.58794941681561,0 -0.8943643701350266,54.57124743593814,0 -0.8513385643664868,54.57159000330461,0 -0.8423952680345359,54.56955396136804,0 -0.7925738490904247,54.55819577360194,0 -0.7902131515531481,54.5580818037571,0 -0.7828023600534528,54.55772371982204,0 -0.7655630627556749,54.55020260526201,0 -0.7631037398139359,54.54782787137261,0 -0.7429745093441097,54.52837879962891,0 -0.7062902809237039,54.53148673868958,0 -0.6969870294246546,54.52644934370263,0 -0.6910936711947807,54.5205292534114,0 -0.6855450817872087,54.52025124296095,0 -0.6709782013314398,54.51235609878371,0 -0.6685878626734176,54.50058871431064,0 -0.6244342112795315,54.49562435128932,0 -0.6114033984479529,54.49374135166207,0 -0.6126955659159922,54.4879600811543,0 -0.6090984696325217,54.49333426028263,0 -0.5718506220822431,54.48110338066397,0 -0.5523971360304899,54.46928622624061,0 -0.5192538367284357,54.44622951843971,0 -0.5309745755419469,54.43343471341161,0 -0.5267652509879097,54.42520748541611,0 -0.5270103236497492,54.42468235614351,0 -0.5262344977310739,54.42416987311834,0 -0.5228725682647227,54.41759611839925,0 -0.4619840457938624,54.3889975597872,0 -0.4599552272555766,54.38579593973755,0 -0.4597724724864692,54.3855075142525,0 -0.4309782850817385,54.34001084380358,0 -0.4153390410570711,54.33127292548777,0 -0.4057873893002539,54.29372886824464,0 -0.3831002183999905,54.28795553498101,0 -0.3837439940601634,54.28702935182893,0 -0.3949710881087725,54.27434716271303,0 -0.3670294264413573,54.24831597550854,0 -0.3645538412863633,54.24758003670247,0 -0.3641111457110155,54.24715972604709,0 -0.3255518644168516,54.23597544773191,0 -0.2575718868346557,54.21570319030637,0 -0.280570093293229,54.21210154746101,0 -0.2789787283798094,54.20327435329555,0 -0.27607888804877,54.1871799484225,0 -0.2109803684586043,54.15745036203061,0 -0.2108971884200601,54.15741232418094,0 -0.1626225657372876,54.14579667666131,0 -0.1010286341549835,54.13096185845396,0 -0.07462020218222358,54.11612842711067,0 -0.1034122927567539,54.10378206140985,0 -0.1647133330001797,54.09852403876062,0 -0.1655636176897009,54.09845087839805,0 -0.1966991695901092,54.07768915938437,0 -0.2112579876994461,54.05350954436628,0 -0.2113929093276083,54.0224913480284,0 -0.2114567265767616,54.00776141603484,0 -0.1719089333999111,53.93476561796707,0 -0.1538180032248758,53.90128625122598,0 -0.0903242777064542,53.84082222303882,0 -0.04026822459761171,53.7930093048317,0 0.1187377664835083,53.6619719665211,0 0.1189868460962638,53.66151359054309,0 0.1211951485424134,53.65744925775487,0 0.1401733681801193,53.6224871030491,0 0.1496894294826636,53.60387907858653,0 0.1479491226400641,53.60026526201371,0 0.1146411541493033,53.57468094646768,0 0.1129668913560874,53.5733938453847,0 0.1131334185642644,53.5737626554601,0 0.114659881749396,53.57505640947529,0 0.1480162820209047,53.60330265837473,0 0.143971224494404,53.61139264249425,0 0.1171125235601877,53.624106405455,0 0.08301631467877896,53.64022655717606,0 0.03542831974438092,53.64898982035831,0 0.02120139000593653,53.64496293329049,0 0.002299252406070557,53.6545745267556,0 0.01905184948626754,53.6446278985527,0 -0.05207526067634579,53.62871336516019,0 -0.1018389022677062,53.63505583831945,0 -0.1471635577311208,53.66190378689546,0 -0.1828335551025911,53.68299705142998,0 -0.225556926297219,53.70821988748568,0 -0.2426961559262124,53.7305610382754,0 -0.2499929096891836,53.73258258438459,0 -0.2850559509532627,53.74228783692849,0 -0.3309492440193773,53.73802177709746,0 -0.4174433146064604,53.71932977696248,0 -0.4846299624822024,53.71327155405932,0 -0.5409063345017229,53.70817623712135,0 -0.5816836891030744,53.72633578090723,0 -0.628568478249512,53.7337300539954,0 -0.6356004494785531,53.72862950581775,0 -0.6168838831687935,53.730246165168,0 -0.6699676978503023,53.72157858782295,0 -0.6943396444204302,53.70409626043458,0 -0.7234976800939905,53.70659301070248,0 -0.6968589675956492,53.69738755719564,0 -0.7008161985160495,53.67722498421288,0 -0.7006776724044946,53.67747313931898,0 -0.6968544312774196,53.6843432726223,0 -0.68370653734997,53.67647774538873,0 -0.6925790870117997,53.69495775818877,0 -0.6378566695159209,53.70990316441898,0 -0.6090042142474258,53.71419244341688,0 -0.5846017745771991,53.69307058633881,0 -0.5218539650693933,53.67672289534872,0 -0.4854190920917623,53.69131273481107,0 -0.4688256576036456,53.69795027667594,0 -0.3918592141869646,53.69660357090106,0 -0.2925288728426042,53.7138745751764,0 -0.2439687060381782,53.67268056531633,0 -0.2361622750404213,53.66329185095953,0 -0.2360908320213631,53.66324732757283,0 -0.2239917110037014,53.65570506030554,0 -0.202944506483948,53.63780192481582,0 -0.2027269506217204,53.63761676987492,0 -0.1851691590541668,53.62866232517698,0 -0.09130599308049724,53.58068478245494,0 -0.0777503390889248,53.57663576012682,0 -0.06974175012898406,53.58380646717638,0 -0.05909634829156784,53.58178116790374,0 0.01588445780452145,53.52731702968001,0 0.01899162784077489,53.52505606180282,0 0.04910338553794412,53.51435403639964,0 0.03948397834903671,53.52641560230519,0 0.08996198394932366,53.51458606015245,0 0.08133346550303472,53.50301757559786,0 0.09486069605966724,53.49365237462445,0 0.1103508286566376,53.48849843278557,0 0.1150454275106939,53.48693578713488,0 0.1195776928482161,53.49292696994191,0 0.1110938125483898,53.50346359075417,0 0.1106734220891576,53.50398554870748,0 0.111112882200466,53.50384757893619,0 0.1380373681758881,53.49538982224728,0 0.1303031321323316,53.48428257130821,0 0.1455660558745218,53.4816546033121,0 0.1492063854482066,53.49381826641461,0 0.1653032067576756,53.48182719024034,0 0.169354482543801,53.47676071130633,0 0.1697622225765625,53.47625072231421,0 0.167295939998853,53.47679813921921,0 0.1590896675515183,53.47861913866802,0 0.161060532625895,53.4769112912936,0 0.1931523339933252,53.44907858868928,0 0.1867766056392987,53.44318832909034,0 0.202457377708244,53.43600276920721,0 0.1895356091853498,53.43739134566361,0 0.2142044877610601,53.42107449535863,0 0.1912659566874112,53.41700019242119,0 0.2123098618588517,53.41664893039916,0 0.2030844950788233,53.4148288402518,0 0.208084418090023,53.40966524728601,0 0.2136597241992736,53.41568877631438,0 0.2098407001603493,53.41019019258708,0 0.2192727352897262,53.41313077706663,0 0.2300907355054794,53.40554531042386,0 0.2442792967135315,53.37263439151328,0 0.2902119554940563,53.3124393936168,0 0.3031894967192614,53.29442078141087,0 0.3230603816478922,53.26679958774135,0 0.3573617793059831,53.1917089201069,0 0.3443826038476849,53.11377700430068,0 0.341582807394061,53.09692512314695,0 0.3300685847824427,53.08909329446454,0 0.3141918918877195,53.08880027467718,0 0.2427100859980092,53.04640110265099,0 0.2012836096845879,53.03228456558486,0 0.1531204699988563,53.00774075325922,0 0.08572362043046187,52.93875505508561,0 0.08337950198996655,52.9363509398417,0 0.08070900948882859,52.93361170678408,0 0.04356597297829455,52.9323403342496,0 0.08006033511590749,52.93166105102993,0 0.04726193256534593,52.91533415532901,0 0.02879875170976416,52.89811979557798,0 0.07023029709779963,52.91836195472676,0 0.06676797081819029,52.90423293805106,0 0.08168263856964172,52.90099365091837,0 0.1154065224843162,52.89366057597961,0 0.1780197562636649,52.87373676601671,0 0.2159572640553834,52.82856698672531,0 0.1988959760037287,52.82936549434684,0 0.2167692175108277,52.82809595268107,0 0.2166071402890841,52.82246438901058,0 0.2060575227357428,52.78118040909872,0 0.2185020339316257,52.82049835412902,0 0.2688965570297475,52.81559176757812,0 0.2704485934821608,52.81544029885108,0 0.3333437336505962,52.81761908591975,0 0.3529632250165172,52.80942966043217,0 0.36833926830087,52.79072843860276,0 0.3726920010449943,52.7834942781484,0 0.3760070861325509,52.7779829912789,0 0.3728195619343546,52.78583802311189,0 0.3687829249529396,52.79578149828814,0 0.3591329243161505,52.81133045231132,0 0.3746101335163196,52.81868933980796,0 0.4466334207280898,52.85287399167692,0 0.4471772733148899,52.87351708547882,0 0.4820616918406112,52.93113409349066,0 0.4922315630744257,52.94789953614073,0 0.5434040404566002,52.97549255302637,0 0.5644067647247805,52.97621558125329,0 0.5732256378806163,52.96753032779159,0 0.5881615040388242,52.97279488060938,0 0.6057558345530891,52.96721515151293,0 0.5910651532586966,52.97638176824415,0 0.6196029057181456,52.97325505606722,0 0.6180328167499853,52.96813227247141,0 0.621667305773012,52.97339661049925,0 0.6757897576997292,52.97578078565389,0 0.6693183382609553,52.96977156051852,0 0.6810137412006952,52.97317549478166,0 0.69689669725652,52.97779548641243,0 0.710459850168759,52.9737150655022,0 0.7334116203166805,52.97186435092069,0 0.7391160761740545,52.96394006442178,0 0.759636175086945,52.96896503615233,0 0.7630945269234154,52.97544422330817,0 0.7534076805670673,52.97675910594447,0 0.7831422697965551,52.97630454623716,0 0.7836540880777659,52.97619614325087,0 0.8155492233094495,52.96943538451502,0 0.8155527536275664,52.97700220547777,0 0.8534991898360144,52.97303722655607,0 0.8527619947682055,52.95739492947407,0 0.8722478790896693,52.95454740409775,0 0.8770199298576746,52.95980382218141,0 0.9195558510602703,52.96004272487065,0 0.9214762696165747,52.96526120770839,0 0.9371704255004123,52.95845541936281,0 0.978250230970889,52.96264597889076,0 0.9857698221133618,52.96341142250651,0 1.01629452969774,52.96261216668257,0 1.017156843816638,52.95509137470594,0 1.020382484455981,52.96371801027345,0 1.037559086483642,52.96671914941091,0 0.9929783213175576,52.97593273433883,0 0.9790522695122446,52.9742975626487,0 0.9595958762197215,52.97201007272736,0 0.9794108100941521,52.97950691312236,0 1.126414830645996,52.95087380984236,0 1.274104401468036,52.93546036228324,0 1.302882434615303,52.93243439661811,0 1.362752704554069,52.90945503942623,0 1.430539102927375,52.88337217171253,0 1.561963886988665,52.81509802154691,0 1.588552526593216,52.8012422394533,0 1.676997360756961,52.74222192229443,0 1.699417312267467,52.72311167409514,0 1.701308216365635,52.71946597419912,0 1.738887396486036,52.64688607509494,0 1.741709041093411,52.57260992179845,0 1.731913213085252,52.58155077272388,0 1.734350380580867,52.57161998238488,0 1.740499474019161,52.57153175926841,0 1.73363769778159,52.56426942905566,0 1.735561962984675,52.55703067074224,0 1.734992815097959,52.55612327219252,0 1.740244612444452,52.53832585722913,0 1.742213131229019,52.53165142928476,0 1.742714895553422,52.53075624675091,0 1.765412195847908,52.48117974285901,0 1.759484910453799,52.47647198758069,0 1.758037771044973,52.47109702919158,0 1.739181517587034,52.45029690217706,0 1.736408480435315,52.44751004881093,0 1.736365207648825,52.44718825069945,0 1.736092184608499,52.44688686062875,0 1.729888550587219,52.39990363565933,0 1.716572698298257,52.37686825310227,0 1.705895416741073,52.35948992747721,0 1.677345859130051,52.31294749048385,0 1.669007567630574,52.31119565877863,0 1.662866410403596,52.30481680976526,0 1.651785811610966,52.29971693693541,0 1.636314504220244,52.27854587853265,0 1.636126511831781,52.27701599861336,0 1.634727217650296,52.27556002446376,0 1.624270610817302,52.18624507198568,0 1.622457337058061,52.18216367401428,0 1.58189830806038,52.09065616086562,0 1.501576724768297,52.06077194951484,0 1.488064678483816,52.05573523701274,0 1.501619081904191,52.06131360174034,0 1.543912623657042,52.07870038248348,0 1.519744912543208,52.07538422789013,0 1.51230269901638,52.06907222603495,0 1.50310403496015,52.0701955030069,0 1.502270834501444,52.06964393703786,0 1.469623516929228,52.04801624719185,0 1.464277483336496,52.04615176675402,0 1.434677914549899,52.00787479848537,0 1.431948248013855,52.00434109744744,0 1.395977951121775,51.98675857281332,0 1.390306222173249,51.99890332410781,0 1.363343395170455,52.00569969326352,0 1.393236830933841,51.98883024278098,0 1.390536619434281,51.97884385384077,0 1.346685388611663,51.95642604585711,0 1.321712272005302,51.93274744235397,0 1.318080520216726,51.94816765601938,0 1.317656555312918,51.95069701385696,0 1.317464374312644,51.9507828097465,0 1.317433674442456,51.95091310649932,0 1.316605260088714,51.95116634227039,0 1.287674957870428,51.96407425343999,0 1.286226052301079,51.96472033724945,0 1.284326789596505,51.96556718801386,0 1.284071629941926,51.96877764580859,0 1.283927900240152,51.97058592011533,0 1.282177914005304,51.99259424933561,0 1.217199772218598,52.00602588473902,0 1.20610641482142,52.0106100397795,0 1.196479970171291,52.01458642962574,0 1.18332896887031,52.02001632094567,0 1.178932304408792,52.02183103792296,0 1.16195965943643,52.0302120723471,0 1.155254837159785,52.0335213728155,0 1.172651013228447,52.01523064828621,0 1.174110115861469,52.01369573737136,0 1.20532576121393,51.99970174696885,0 1.213282481137394,51.99613205723725,0 1.269145430918844,51.98733772842665,0 1.277294715287796,51.95713483966923,0 1.273776110401396,51.95660156776282,0 1.244729000631505,51.96091982152036,0 1.221406512916567,51.95236952077722,0 1.202070374619854,51.95410224496373,0 1.189080828650693,51.95526439421146,0 1.165286160838288,51.97003387916573,0 1.132156955314101,51.95306359063845,0 1.08786619348794,51.95844237332692,0 1.070547442187891,51.94987279938956,0 1.067782332193768,51.94850403329531,0 1.062899208179017,51.95318415351932,0 1.060544535656992,51.95544052465417,0 1.061652963215057,51.95372363157367,0 1.065369989369843,51.94796516809417,0 1.055649982289241,51.95250865405077,0 1.063607693374566,51.94545384940773,0 1.121175565309557,51.93954632429207,0 1.172032272215016,51.94751191198543,0 1.189144676089289,51.94025424099449,0 1.201196268112926,51.94183892016148,0 1.220845013486974,51.94441965156717,0 1.22916241249303,51.93897791683902,0 1.24795139183978,51.94799829692428,0 1.278974345261355,51.93882037577764,0 1.292589500451142,51.94824636239117,0 1.297877047546045,51.93648714436456,0 1.298358648014998,51.93509033112199,0 1.286424548127738,51.93617554102353,0 1.25517210391939,51.91737017283064,0 1.248377510588537,51.89080867288529,0 1.233395976038859,51.88692458232668,0 1.22775995909594,51.90324038623707,0 1.213821690609322,51.8960787703946,0 1.23005637955134,51.89003701275869,0 1.214261700158656,51.88988342270386,0 1.20075943857117,51.88428617760002,0 1.211530682327085,51.87799253831055,0 1.196416144200944,51.87462226325435,0 1.179946756666658,51.87094706581653,0 1.196133250264928,51.87063456830051,0 1.209524168371503,51.87037435458468,0 1.226170475371174,51.88007890685994,0 1.214501774717707,51.86944588671119,0 1.230240764362049,51.8721052136556,0 1.234153706499093,51.85456910847971,0 1.238899898451602,51.8614673539309,0 1.251042396935869,51.86180230537953,0 1.251673513873641,51.85560858083542,0 1.254302993183673,51.86325474018085,0 1.271723429404591,51.86315252874707,0 1.269540510501967,51.8765957126096,0 1.292344475087376,51.87246928631616,0 1.289758053038019,51.86191080468231,0 1.276418788804429,51.85033542730676,0 1.250878726094879,51.83318967993172,0 1.216570698706763,51.81012783902184,0 1.191111023664002,51.79971214021641,0 1.142666409507271,51.77986420632885,0 1.133889241603719,51.77662725400597,0 1.056727763793245,51.76906383277648,0 1.045096194103575,51.76919865819477,0 1.030963278128267,51.78818392162245,0 1.03796285613204,51.78213736420498,0 1.039344440579618,51.78950728346921,0 1.019469191874629,51.80077966654216,0 1.05111728413136,51.80089932854486,0 1.06474880082494,51.81043539625911,0 1.067942750271647,51.81598077112398,0 1.069521727314067,51.82058234414399,0 1.065308699876576,51.81721572454305,0 1.066300623845943,51.81581297209349,0 1.060341910617378,51.8107673071985,0 1.027886937140271,51.80411064723639,0 0.9959028525663527,51.81544558411441,0 0.9855447453776095,51.82788830909849,0 0.9932083125719927,51.837903528635,0 0.9886473693856721,51.8401514947486,0 0.9820128348203568,51.84342030915028,0 0.9822498337797532,51.84031400354472,0 0.9840388184287533,51.81685568794232,0 0.9546929593166993,51.82380974922057,0 0.9835646070066472,51.81146938826625,0 0.9314104141729949,51.80732540168532,0 0.9388633188779206,51.80535651248422,0 0.9090310283760626,51.79871176356614,0 0.9001907040010458,51.78790970952101,0 0.8916173322827954,51.77742810568262,0 0.8667385076751379,51.78376779656449,0 0.868993665906634,51.78239819622804,0 0.896313690046428,51.76579633223712,0 0.8620600022558609,51.7683476012407,0 0.8591346124857338,51.77449563726277,0 0.8441427635157884,51.77240482217507,0 0.8844113700142721,51.75717444917383,0 0.8579483920147221,51.74329396027616,0 0.8494634090962619,51.73979609379658,0 0.815386434052589,51.73801493839741,0 0.7939811360892594,51.74465772920325,0 0.7903251652318792,51.73614672094809,0 0.7784351948813104,51.74347765149589,0 0.7376089971284224,51.72891184767408,0 0.7151301947508596,51.73709518809413,0 0.7071328309981011,51.7233473804334,0 0.6886479573603019,51.7305808808871,0 0.7128900463087006,51.71297961889195,0 0.770874738660468,51.70785054426665,0 0.7395184702050017,51.68669449680683,0 0.7586231214119139,51.69021637597141,0 0.7686466154479941,51.7022355973142,0 0.7973170014818217,51.70763914529385,0 0.7951715155780484,51.71756994052579,0 0.8214201402314608,51.72057245205366,0 0.8387202607222313,51.71524771372601,0 0.8703831527365615,51.72179609880536,0 0.8957884999951324,51.742492024135,0 0.8972923521406169,51.74268794466619,0 0.9233047995342163,51.74607347979437,0 0.9330602291850264,51.74549689013661,0 0.9522878502352385,51.7302679423649,0 0.9410466968308424,51.66145420684265,0 0.9362885499235907,51.63225531055542,0 0.9060302388062198,51.62190255859596,0 0.8895598332081102,51.62147534100632,0 0.8607714548965062,51.62072303489218,0 0.7962558528145327,51.62502453920224,0 0.7674395669015167,51.63743400278425,0 0.7730899093324027,51.63330054876095,0 0.7861039770352183,51.62377920914231,0 0.8674407518223353,51.61504997987106,0 0.8678310708321375,51.5986948815762,0 0.8218274372335823,51.59847750079226,0 0.8077860080207622,51.60844880640248,0 0.8207735310769488,51.59706368721318,0 0.7778370318933173,51.58282670864811,0 0.8076181195384093,51.58560057927235,0 0.7951584224045013,51.57581227619049,0 0.8097479428435275,51.57820979706062,0 0.8195087041075499,51.56147264847375,0 0.8523699565015478,51.55579458434433,0 0.8228697924948597,51.54010058236489,0 0.8228337129571828,51.540082421407,0 0.7844012176865629,51.52072294985906,0 0.6718348637761203,51.53782028725256,0 0.6447266433795712,51.54056480785752,0 0.6288688292609648,51.53751604477247,0 0.6284934293444074,51.53745342689822,0 0.6120151326651097,51.53470338383656,0 0.5957745822231656,51.53768417608008,0 0.5623738463115096,51.54380630092751,0 0.5953950508282154,51.53101960529213,0 0.6004475251186171,51.52906171147428,0 0.6332542753356321,51.52471639990943,0 0.6205093723009709,51.51932277858027,0 0.6385459490453207,51.52144657271446,0 0.5942910012604639,51.51160407123258,0 0.574988923890952,51.50730458356011,0 0.5552233515153062,51.50941182461658,0 0.5502317574852127,51.51328305265314,0 0.550033517600875,51.51343677948095,0 0.5480087595170537,51.51500682293103,0 0.5477068086620575,51.51524095002124,0 0.5415191103142364,51.52003809052534,0 0.5304144648155745,51.51776972942837,0 0.5190134987078331,51.52930562396111,0 0.5238458724457414,51.51544416395434,0 0.5429894618482571,51.51209018856154,0 0.5098150032115644,51.50467320786331,0 0.4572391896175049,51.50632220443497,0 0.4472434551040255,51.49765748873992,0 0.4458291602933217,51.49293309438959,0 0.439960199443035,51.47331677619377,0 0.4320495049173271,51.4587636879955,0 0.4065482338945341,51.45340332049898,0 0.3424729621725034,51.45180279165827,0 0.3201720252813356,51.47360767853075,0 0.3040055025265919,51.47209048800028,0 0.299431386721262,51.4716607935632,0 0.2830251180626995,51.4608764587673,0 0.2134039775443991,51.48922274720245,0 0.2121696019758669,51.48972463828354,0 0.1892979248705318,51.48734066534902,0 0.183671310247174,51.49810963777276,0 0.1801920082623557,51.50476619281146,0 0.1616809849895655,51.51120263965991,0 0.1603321167230064,51.51167146903337,0 0.128782702658361,51.51893006568972,0 0.09972862203197849,51.51443503231389,0 0.06733128754533846,51.50021885780121,0 0.06195358843286795,51.49785734338263,0 0.02190858989203674,51.4988983024773,0 0.01806360208718101,51.50107715941189,0 0.01727513140625447,51.50152392411086,0 0.00709641629083139,51.50729016436979,0 0.006156812338450575,51.50782233363528,0 -0.004117353066440939,51.50459492015184,0 -0.004576461348044978,51.50146469334656,0 -0.006759183244528805,51.48657628418562,0 -0.006833416405816135,51.48606975123398,0 -0.009186503471859626,51.48652990159343,0 -0.02333514848549294,51.4892955099301,0 -0.02764324459866093,51.50185466363698,0 -0.02965450901746933,51.50771566605435,0 -0.04390425999484109,51.50888227408061,0 -0.05961926070235375,51.50238880344636,0 -0.07241162356986983,51.50589110708808,0 -0.07307666645759656,51.50494682556983,0 -0.07375475266962787,51.50398397674973,0 -0.06910941848943984,51.50254540263081,0 -0.06136662222579071,51.50014699549745,0 -0.05829784991124763,51.5011622722485,0 -0.05492489252702275,51.50231105673266,0 -0.04275145877712244,51.50639910990634,0 -0.03982572248658896,51.50606323065257,0 -0.03336529983180293,51.50532128751336,0 -0.03182214699552512,51.50514400983387,0 -0.03155965217756124,51.50192059914958,0 -0.03145984605104588,51.50069487712741,0 -0.03075436467317266,51.49250049799841,0 -0.03071264167030831,51.49245909079963,0 -0.0232299768269949,51.48503159165607,0 -0.02043124626499268,51.48317205632028,0 -0.01549858445817186,51.4798941623697,0 -0.01798312353751025,51.477671729167,0 -0.02115048068938753,51.47483811354736,0 -0.01756745870857431,51.47673769847896,0 0.003583273929181448,51.48794551244537,0 0.003185687514087104,51.50133233883402,0 0.003114028337912927,51.5037447028056,0 0.003100980945179151,51.50418389817823,0 0.003697181033310602,51.50386711171794,0 0.008642925545772258,51.5012389460049,0 0.01706473864718758,51.49676243110385,0 0.02319981233636818,51.49350048080784,0 0.05965529293088614,51.49354384556194,0 0.07832629374337766,51.49543493299498,0 0.08360258605332239,51.49993062354044,0 0.09233265396985128,51.50736660982178,0 0.09365627906445015,51.50849375808897,0 0.09513531699743388,51.50862179664601,0 0.1202841590510196,51.5107959399272,0 0.121845752832117,51.51093075661395,0 0.1643499373421363,51.50408550418744,0 0.1667170146166976,51.50370377654004,0 0.1709610758526375,51.49838134811717,0 0.1709900091329033,51.49834505778254,0 0.185175447231295,51.48054529801642,0 0.2192428856139764,51.4799529425893,0 0.2227918116567035,51.47828250293828,0 0.27648899845842,51.45313731062205,0 0.3034284498231912,51.46064358642581,0 0.3168720540153139,51.46438618174837,0 0.3169478673365037,51.46440728097077,0 0.3268814864274622,51.44976950756141,0 0.3838540739023016,51.44276460000275,0 0.4418830180505683,51.4468934691517,0 0.460942997572577,51.45501425263993,0 0.4592069292524812,51.45776721283646,0 0.455951914043997,51.46292789611984,0 0.469261248404278,51.46367628833449,0 0.4596993875642905,51.46738607509489,0 0.4758764268945847,51.48428505476785,0 0.5478509544743637,51.48663812599751,0 0.5924305718078932,51.47884185192439,0 0.6168988751985975,51.47455443537351,0 0.6616499358490695,51.47714717470089,0 0.6922697748744637,51.45877031542501,0 0.6728973183415554,51.47171383117622,0 0.7015356387538689,51.47218057101776,0 0.7220574477232888,51.45920379765117,0 0.7251547323654935,51.44420121283252,0 0.7119547030159683,51.43428122589643,0 0.6795541938962029,51.43264141637808,0 0.6733950817645917,51.44756864261961,0 0.6605453413040689,51.44689804504334,0 0.637476681547298,51.44569055522224,0 0.6141074708342855,51.42911000171851,0 0.6071742988468054,51.41962488457208,0 0.6199563390454308,51.4281500314937,0 0.6268744516248514,51.42313525969393,0 0.6125240828237223,51.41687026368391,0 0.5888506324747638,51.41562825268574,0 0.5366344788749221,51.4128715831195,0 0.5228277306048057,51.39251268456323,0 0.5392693268670412,51.40980489494673,0 0.5626200917344146,51.39427980834551,0 0.5872983117274608,51.38814012935733,0 0.5962449132357629,51.38591263194488,0 0.6135125206264899,51.37826889576397,0 0.6218267442261678,51.38849087391251,0 0.6341175731469801,51.3885428027913,0 0.6362985090845522,51.38855188386982,0 0.6285847193326366,51.37419241815275,0 0.6496788996233822,51.39706395643529,0 0.6717274472972653,51.3727609207853,0 0.688678374714897,51.3912657093184,0 0.7048370383698218,51.3919972719079,0 0.6969505416256767,51.37928228788846,0 0.7156995357543107,51.38362801392605,0 0.6980205532039179,51.41949438428078,0 0.7296478165600739,51.42305309822413,0 0.7328430699822561,51.41844516638042,0 0.7179428018389659,51.41266363651382,0 0.7279684767226422,51.39877363047298,0 0.7655119067645781,51.38150870045301,0 0.7576218849738304,51.3530788364428,0 0.768563968629431,51.36203793472831,0 0.8160010472351682,51.35775107987697,0 0.8676079494386193,51.3553604224458,0 0.8726582853701922,51.3535294077363,0 0.8993152581321862,51.34385886747811,0 0.8973320213543426,51.33648773535765,0 0.9060599587907853,51.34247273607906,0 0.9519876066324952,51.3452149474344,0 1.007314890572256,51.34860008080688,0 1.034883851912889,51.36504468919853,0 1.161407442107358,51.37418020345612,0 1.225908857161207,51.37878327183392,0 1.226557085156607,51.37879075410832,0 1.316780776488305,51.37979716003734,0 1.384719985311133,51.39137875773751,0 1.394270593971795,51.39269224792915,0 1.426676690589147,51.39323222050204,0 1.443806522462244,51.38663453593085,0 1.447690362841958,51.35833315135962,0 1.447744275941742,51.35794008679246,0 1.447650056212588,51.35779648458874,0 1.426429740239623,51.32542830826358,0 1.424942802862193,51.33080844583022,0 1.416330180101809,51.32692015819065,0 1.4253442957381,51.32379214230794,0 1.378638079767269,51.32903843615896,0 1.36513963762464,51.31294931155877,0 1.372383473365853,51.3112301441638,0 1.381538178213924,51.28974350654896,0 1.396757331886848,51.25397966277605,0 1.405842383024513,51.22572952777404,0 1.400968283430253,51.1616373838009,0 1.38130923094925,51.14159363763321,0 1.344552583766523,51.13037346541589,0 1.344529804716094,51.12964501457428,0 1.344462982184003,51.12962652844322,0 1.344997946682388,51.12205331793461,0 1.344384899152492,51.12631465770809,0 1.340999931734552,51.12590899297064,0 1.340198522474551,51.12684215555889,0 1.32827135562302,51.12438261285524,0 1.320843176218642,51.12349115316599,0 1.319760830040562,51.12262671536003,0 1.319142296440432,51.12249906958263,0 1.319295546818532,51.12225509369107,0 1.314723174324613,51.11860272300218,0 1.324563195692554,51.11351578022276,0 1.312691289082277,51.11863158150437,0 1.323531930370001,51.11359245813139,0 1.315376100675834,51.11419853856445,0 1.327096728656776,51.11138033443341,0 1.329560077390265,51.11078783536443,0 1.31819350898757,51.11163381361337,0 1.303399273184155,51.11273320428083,0 1.301561970464387,51.11210524590843,0 1.299850765286459,51.11152034161059,0 1.228270864909513,51.09794387137099,0 1.222846363949389,51.09752548773571,0 1.221673920384877,51.0969122634407,0 1.216507359257943,51.09420965727223,0 1.207597620079299,51.09045148992916,0 1.20756331882261,51.08952975587327,0 1.187423960323479,51.07898590269857,0 1.196618223849768,51.07538429526709,0 1.173500106945733,51.0729056091186,0 1.140578181427919,51.06939512999268,0 1.075279496080198,51.06240311871255,0 0.999026340237966,51.02449344765299,0 0.9920149661104098,51.01260456204006,0 0.9876107404153672,51.00866114131858,0 0.9836202337202604,50.99836105841879,0 0.9658454425318069,50.96817011832424,0 0.9730259203411402,50.94101263540948,0 0.9802356775981036,50.91371456353688,0 0.9798782174645074,50.91251925082111,0 0.8563512640475113,50.92313621999026,0 0.8461080565137993,50.92407321337138,0 0.7736682359771493,50.93067297014019,0 0.7762599337480266,50.92700951182471,0 0.7335358082950949,50.91396720778844,0 0.6602072141304701,50.86933481710732,0 0.6595479519520205,50.86917172732798,0 0.6471515772166458,50.86610417728058,0 0.5574021870093478,50.85014362660694,0 0.5335521456722623,50.8458887195161,0 0.5048172000354612,50.84254760739646,0 0.379849199108087,50.81983924424552,0 0.3791185076340371,50.81970597058253,0 0.3408201594938071,50.79859324644858,0 0.3406699917797861,50.79847824181972,0 0.311456259799381,50.77609034155024,0 0.268007662011411,50.74273941807833,0 0.2615740864101124,50.73779552678582,0 0.2114599937133834,50.73782326875912,0 0.2113918340995803,50.73784596376947,0 0.1517572256002413,50.75767871061507,0 0.1516365214708251,50.75771880706796,0 0.1500585255567855,50.75824296226157,0 0.1237204516514319,50.75780915766882,0 0.1044274796279178,50.7652409351269,0 0.07127003480340754,50.78060494435249,0 0.06992578561814315,50.7812274150866,0 0.06313647544554438,50.78112799726297,0 0.05781570799733101,50.78317337472819,0 0.05842435516226634,50.78105876252117,0 0.05745787606795158,50.78104453912817,0 0.05752396271388981,50.78084831774387,0 0.0593445440398857,50.77544214826777,0 0.03572835734466882,50.78123092603951,0 -0.0133788163237003,50.79324825157624,0 -0.03635738688245498,50.79886231290844,0 -0.03666896364889884,50.7988987045152,0 -0.03689899739122594,50.79860890447959,0 -0.04343023800591801,50.7996580574698,0 -0.09082970023307772,50.81017553105544,0 -0.09033961782376919,50.80718131459237,0 -0.1088855506303433,50.81014983499396,0 -0.1086847562822058,50.81259128290134,0 -0.1909791165196358,50.82325020841624,0 -0.2144962371352576,50.82699108455989,0 -0.2152014212425257,50.82696592624984,0 -0.2443182688174372,50.82592341182099,0 -0.2415546615230459,50.82986090046474,0 -0.2499934170753317,50.82955604438462,0 -0.2475822177120534,50.82582799322535,0 -0.266628024020729,50.82554475384361,0 -0.2761000319589499,50.82620163112377,0 -0.2961247785552082,50.82281014404506,0 -0.3311671272595984,50.81686570732827,0 -0.3316573704808222,50.8167980364482,0 -0.4342290857581901,50.80258991890264,0 -0.4344424383231534,50.80256026309556,0 -0.5405004632469234,50.79966425166653,0 -0.5534676390103259,50.7978355827227,0 -0.5668512793256644,50.79745564069493,0 -0.5809571930601661,50.79508813357764,0 -0.6071803908050907,50.79068170037404,0 -0.6236537382535707,50.78791013664983,0 -0.700173466084673,50.77703591738562,0 -0.70935279162749,50.77344868044094,0 -0.7240623805984829,50.77095922413299,0 -0.7373586418774166,50.76249620854627,0 -0.7495819661761177,50.75771219384723,0 -0.7501173727404604,50.75750259387946,0 -0.7547879493212355,50.76353829205564,0 -0.7616050634489973,50.77234482944682,0 -0.762312212155479,50.77195587318946,0 -0.7853410944368358,50.75928323300469,0 -0.7713144520194396,50.76106553706643,0 -0.7603156178552786,50.75056274601586,0 -0.7486258570111384,50.75658987404,0 -0.760109766053192,50.74538774330724,0 -0.7868972896535154,50.72257174147437,0 -0.792306931656356,50.72329010978518,0 -0.8025966073983588,50.72890763078657,0 -0.8413812037611771,50.75298382522251,0 -0.8574585495421184,50.75882100369132,0 -0.8580750002847746,50.75915676091771,0 -0.8589740859149141,50.75937105989521,0 -0.8655806440356133,50.76176849124246,0 -0.9153526214241557,50.77981024485456,0 -0.9108448092143423,50.78839877511766,0 -0.9141524648457546,50.77987010942253,0 -0.9034260267253836,50.78170793629766,0 -0.8907572066180132,50.79372279981953,0 -0.8766779682996415,50.807066331179,0 -0.8645567356267352,50.80404242309643,0 -0.8432477262905756,50.7987224295422,0 -0.8238876492057015,50.80390633495594,0 -0.8143015398069749,50.81854066805714,0 -0.843094775516795,50.80428367451553,0 -0.8643595244544571,50.81217671918434,0 -0.8673353862151744,50.81328078055822,0 -0.8641894850945274,50.81919062940443,0 -0.8597662019245887,50.82749743053427,0 -0.8569354304589595,50.83909073926183,0 -0.863696192571599,50.83953340109514,0 -0.8694152698650982,50.83990754581213,0 -0.8642832605129748,50.82639026587577,0 -0.8760982986479717,50.81093352929697,0 -0.8908360620941002,50.81794502185124,0 -0.893556240582654,50.8380100758335,0 -0.9119873363718203,50.83945781240293,0 -0.9109245554714269,50.82714520807458,0 -0.9193644292802288,50.83247162731778,0 -0.933635343330232,50.82969433321581,0 -0.931003901039682,50.8454849974889,0 -0.9330092771564301,50.8453064481803,0 -0.9729892692940978,50.84173930380963,0 -0.9799527899558167,50.834363374771,0 -0.9997232128319739,50.84310474837316,0 -1.018445481885793,50.84263330732125,0 -1.022666066923976,50.82575767057376,0 -1.02281949374818,50.82587158598537,0 -1.034877068817226,50.83482159547169,0 -1.042657018849484,50.83157152363491,0 -1.042822436868686,50.79506966731243,0 -1.042845413509411,50.78998831563079,0 -1.031512419505168,50.79497665528756,0 -1.029130137213016,50.79602496665666,0 -1.028949049130785,50.79495537754467,0 -1.027811615989501,50.78823608147336,0 -1.087069042661758,50.7771042731838,0 -1.092350908762941,50.78023566423094,0 -1.107506300962843,50.78989567920771,0 -1.108390416637746,50.79558928572272,0 -1.110066487394254,50.80637931279518,0 -1.088135200234805,50.80903859484788,0 -1.098798191868493,50.82615619286505,0 -1.083006491834803,50.82425263786859,0 -1.075150343558924,50.83623244395258,0 -1.042672063110242,50.83333167650969,0 -1.080800572617816,50.83745160927845,0 -1.087774381617261,50.82805389566301,0 -1.104819861925547,50.83729932248802,0 -1.101823812113178,50.84583833892426,0 -1.112705664779984,50.84435938523109,0 -1.116251385885605,50.84387723316604,0 -1.111618553206718,50.83553803906172,0 -1.126019584898785,50.83654262304627,0 -1.147714953889383,50.84294123893613,0 -1.151289172122478,50.84399482957824,0 -1.153033046158361,50.84450882343987,0 -1.173439532208522,50.83938526429495,0 -1.150943763057651,50.83517526100665,0 -1.148432062652835,50.82661771564148,0 -1.148017719227146,50.82628396937536,0 -1.122361579691941,50.80560633964946,0 -1.135381971661037,50.80142068027715,0 -1.122284995721361,50.80356061258703,0 -1.117850377310525,50.79566126534051,0 -1.116061229204965,50.79247347417861,0 -1.132975580524321,50.78531879164596,0 -1.110951169132487,50.78867221229047,0 -1.110856549333491,50.78868660881054,0 -1.112290954976508,50.78790439386298,0 -1.138616022423799,50.77386661541568,0 -1.140472521244129,50.7729296959456,0 -1.148935314824788,50.77580434966315,0 -1.188266700082545,50.78915183942024,0 -1.197101176817879,50.79623339255842,0 -1.212347819365551,50.80844823011856,0 -1.212702580633607,50.80873234824197,0 -1.306679001366701,50.84217357641911,0 -1.30131091920783,50.87832180286546,0 -1.302664187641003,50.87800911946616,0 -1.315176799362179,50.8751170339658,0 -1.309407934312806,50.85008777593931,0 -1.30903226921581,50.84845696130756,0 -1.309708756517246,50.84884146853713,0 -1.361424611808797,50.8782059053287,0 -1.363678773145025,50.87948446919004,0 -1.381883720264727,50.88903900869945,0 -1.383152511478176,50.90359837192805,0 -1.370361318783909,50.91167539730301,0 -1.386502226310978,50.90633996181974,0 -1.385769047864776,50.89866831744619,0 -1.393876564500713,50.88262518760164,0 -1.397592759085063,50.89399565767832,0 -1.399392441348753,50.88973117746721,0 -1.431065815513755,50.90431339325225,0 -1.438303454569501,50.90764307230745,0 -1.44945792739843,50.90357179120964,0 -1.463888706405287,50.91007432264529,0 -1.477302428944451,50.92468422626548,0 -1.472041671624741,50.91425149148819,0 -1.474894604815506,50.91014424487176,0 -1.449712333399823,50.90079567260392,0 -1.431156982434345,50.89679177749052,0 -1.420421782148091,50.89447366584893,0 -1.375423089704605,50.8533792730318,0 -1.351274618595242,50.8475851526682,0 -1.359081590786833,50.84235352303801,0 -1.348048961698556,50.84592310399973,0 -1.333133560286064,50.83689825900583,0 -1.335091608169082,50.82671821531804,0 -1.317867483371666,50.82388973439631,0 -1.324159774270585,50.81639851549773,0 -1.324657089809937,50.81604087781338,0 -1.324391006137553,50.81618557830117,0 -1.324598904085814,50.81599288796329,0 -1.32179765152558,50.8175958188179,0 -1.313131916567088,50.81480530649218,0 -1.314083232607697,50.82060557184993,0 -1.310896564719492,50.82016812739973,0 -1.307075639086223,50.81556845153191,0 -1.308110931953566,50.81306910763885,0 -1.321714757543549,50.80370817285257,0 -1.323252958794022,50.80328144250404,0 -1.326304929553134,50.80054841613267,0 -1.331341997254266,50.79708032404071,0 -1.351162680276849,50.78342635761408,0 -1.35246168268608,50.78337971241448,0 -1.373605405590518,50.78444302269626,0 -1.378104400692574,50.78245594425562,0 -1.398185273158866,50.78172857422331,0 -1.411547749351422,50.78338597651604,0 -1.391247832632707,50.77683865704668,0 -1.398284097750173,50.77367268342767,0 -1.432733936248095,50.76689546014374,0 -1.501295848957705,50.75337126314304,0 -1.533869799302463,50.76327675837976,0 -1.524514937817908,50.74395373667543,0 -1.540448605956539,50.73919701028969,0 -1.529664690945248,50.73644955503347,0 -1.578139327889477,50.71715277908871,0 -1.550078109266963,50.70663561232226,0 -1.639654354807243,50.73166905377194,0 -1.690491491787709,50.7367209932996,0 -1.691155019822487,50.73678677692666,0 -1.716564985573275,50.73419875828414,0 -1.7231957727339,50.73352245066856,0 -1.726000607618372,50.73184989170514,0 -1.727601511775532,50.731644687003,0 -1.729198474449545,50.72994273463415,0 -1.740913249681202,50.72295414697826,0 -1.755701570834139,50.72961447634761,0 -1.760812014637465,50.72467295420678,0 -1.762950267329786,50.72276186557831,0 -1.767175527555571,50.72465888520264,0 -1.762044780966039,50.71803831892585,0 -1.744620922437468,50.71490310482434,0 -1.741303925723421,50.72096473111394,0 -1.739731291139325,50.72096662851137,0 -1.746709185426811,50.71127123131262,0 -1.74745585627738,50.71047467185046,0 -1.816812487028361,50.71998912647557,0 -1.817228485230198,50.71994495190859,0 -1.819582033442128,50.72026399466684,0 -1.835369993193626,50.71801700769356,0 -1.883901040369054,50.71284482714367,0 -1.88873035575963,50.71040518346292,0 -1.899532618506232,50.70886097222693,0 -1.9464476997831,50.68210946795902,0 -1.932134231422725,50.69801914062137,0 -1.951031561340482,50.70385911145863,0 -1.946599145110385,50.70828585064596,0 -1.957004947680258,50.71502730941366,0 -1.990520736226781,50.71194459411735,0 -1.98271889912031,50.71906315597101,0 -1.994601712293252,50.73692669907027,0 -2,50.73311510386809,0 -2.010043178578302,50.72602154699751,0 -2,50.71853667572375,0 -1.985201781595177,50.7075020818135,0 -2,50.7104114822742,0 -2.037971244700749,50.71786656810464,0 -2.023560022692616,50.72879305881276,0 -2.051931357182307,50.72823991920882,0 -2.046795865619131,50.72223431043826,0 -2.040887952664745,50.72571708871665,0 -2.044846932858795,50.71550764887035,0 -2.061505604111813,50.71599931954132,0 -2.070550467403208,50.7073512752443,0 -2.056280695870487,50.7050557710588,0 -2.070812518518073,50.70448032783847,0 -2.080791708915493,50.68640625350918,0 -2.064374490593382,50.68615384244449,0 -2.053168267612829,50.69923734218906,0 -2.02477906874517,50.70685461374586,0 -2.016727889726988,50.70100837588721,0 -2.03184864676864,50.7015492830671,0 -2.023083870646193,50.68709123076233,0 -2.045075816466868,50.67772447019352,0 -2.023366968197451,50.68403962312153,0 -2.025232064072119,50.67747556123643,0 -2.020711483445543,50.68152816521993,0 -2.010093275364951,50.68220318076696,0 -2.004853090791365,50.67544866182606,0 -2,50.67584008212206,0 -1.997217275741862,50.67606442476063,0 -1.994376192458687,50.66658577295843,0 -1.977009119649147,50.67637605096331,0 -1.983893400915497,50.669332412891,0 -1.973351320412787,50.66457637299783,0 -1.948466343277044,50.67954981095502,0 -1.940649599522058,50.67272611225423,0 -1.940394305489449,50.67240174530009,0 -1.942964519099165,50.66327711109048,0 -1.950482350093085,50.64949972655428,0 -1.947521531547539,50.64709016813508,0 -1.948032798186446,50.64527338847464,0 -1.944676845738157,50.64477481695738,0 -1.939249137992444,50.64035626128167,0 -1.925369758875687,50.6419044092882,0 -1.922395661944477,50.64146193173193,0 -1.951792199668713,50.62208707501909,0 -1.952544200251936,50.61911203202872,0 -1.952716498513621,50.61843033913502,0 -1.955367434795642,50.6164273314619,0 -1.95462673718899,50.61087116598562,0 -1.955188198811245,50.60864888938443,0 -1.954313502310782,50.60852111086179,0 -1.954206788012969,50.60772043083382,0 -1.945369356006089,50.60721411492884,0 -1.942731282713572,50.60682847281039,0 -1.955213468123163,50.59359330670918,0 -2,50.59028165123318,0 -2.024994992429273,50.58842575453524,0 -2.028126168831273,50.58704865251079,0 -2.053747838543937,50.57635378068377,0 -2.060240460492051,50.5880743643626,0 -2.062427252539906,50.59285285851922,0 -2.062918675674749,50.59290731486708,0 -2.063011264569554,50.59307437610425,0 -2.065946013212262,50.59324273659135,0 -2.109303362460567,50.59803746327623,0 -2.132116127265975,50.61170887450226,0 -2.132475065619882,50.61159185496732,0 -2.133171598439278,50.61206653952259,0 -2.144695887660273,50.60792099857751,0 -2.156434310500434,50.61483831150036,0 -2.171023542301499,50.61456271758396,0 -2.185729898727636,50.61897395064508,0 -2.196181063007661,50.62210718738596,0 -2.196529466622582,50.62205325671581,0 -2.197043011719454,50.62243859789405,0 -2.214711509904024,50.61923717172516,0 -2.216756761498375,50.61892020006212,0 -2.237947726392695,50.61563366296262,0 -2.267756332564383,50.61881396891916,0 -2.28275082855931,50.62041069729717,0 -2.322883611523368,50.6246743121246,0 -2.337421347849623,50.63141631572681,0 -2.349921459892098,50.63178551526301,0 -2.424253441211278,50.63456756322914,0 -2.426052550608518,50.63312417653534,0 -2.428497859767424,50.63306237281675,0 -2.445674922883175,50.61826983336638,0 -2.451166310406062,50.61353826878985,0 -2.440056515477842,50.60907302827344,0 -2.440944210291393,50.60809144865785,0 -2.447740570538914,50.60088037466588,0 -2.447542967292686,50.60079330266101,0 -2.432605159560496,50.59608012669662,0 -2.436166959275654,50.59704100459018,0 -2.448866590802487,50.60063096195282,0 -2.449082156213199,50.60043876427603,0 -2.4689008434285,50.58339605412133,0 -2.468616359356842,50.58301401228307,0 -2.469066809431679,50.58261201484553,0 -2.486484174466101,50.59052540004563,0 -2.516191303674635,50.61729041902605,0 -2.519199375946001,50.61796508606676,0 -2.547550359187535,50.62431902975251,0 -2.543986000471431,50.63032209743227,0 -2.556758541386654,50.63026895930792,0 -2.559198870477383,50.63858202055359,0 -2.565743204366758,50.64049757932748,0 -2.61015991112613,50.65348470156909,0 -2.565622086559765,50.63041252365897,0 -2.541429972732558,50.61786344504949,0 -2.501270782335192,50.59700584099073,0 -2.459325183827444,50.57053275475008,0 -2.459292171536844,50.57048839433246,0 -2.459246584129086,50.57048626802711,0 -2.459131933654624,50.5704224822086,0 -2.430250457844351,50.5691301249895,0 -2.420872440706019,50.56868995570864,0 -2.427069906165648,50.56548532248143,0 -2.418606249692695,50.5544529734925,0 -2.417278079842704,50.54573277833055,0 -2.448717168531361,50.51825935271132,0 -2.454963364737115,50.51686437532794,0 -2.450974480446342,50.54731852194273,0 -2.44788137039433,50.55964554768731,0 -2.449240204010206,50.56054728182834,0 -2.449222016185561,50.56068598293261,0 -2.453875834500838,50.56362314664029,0 -2.502696994472663,50.59598159992261,0 -2.516240087267541,50.60292968305303,0 -2.528442230472449,50.61060875132043,0 -2.543223713812067,50.61785509576608,0 -2.565602935953207,50.62881824395686,0 -2.592332044400261,50.64189994651917,0 -2.625815515915864,50.65901208696172,0 -2.633007590778937,50.66178146662054,0 -2.634203515702942,50.66236554446905,0 -2.637653079707926,50.66356984769793,0 -2.760391160185205,50.71070381924751,0 -2.782984882975029,50.71415856886156,0 -2.79236178236336,50.71741258942621,0 -2.850147209943447,50.72517455915263,0 -2.892986790227998,50.73090876823617,0 -2.908269438162359,50.73322671271328,0 -2.946187474613692,50.71784202878117,0 -2.946498515570324,50.71771573555873,0 -2.951313725570175,50.71589001170068,0 -3.002164368645137,50.70145216269585,0 -3.025691112641418,50.69833416918716,0 -3.030618927621036,50.69858505392484,0 -3.053647386985136,50.70184221434813,0 -3.078156997862405,50.700994460712,0 -3.080166495296134,50.70109587698704,0 -3.080324284291325,50.70091924840145,0 -3.081676703674883,50.70087229299092,0 -3.093649577595238,50.68599745790231,0 -3.094832766597974,50.68467198338798,0 -3.132553029990151,50.68440794912083,0 -3.190807867057635,50.68397618798649,0 -3.256320597939481,50.67274182045863,0 -3.287328825942204,50.64264640692078,0 -3.29972044579026,50.63156938946141,0 -3.307695154955243,50.64706829230556,0 -3.305409738854075,50.62917369933179,0 -3.338368867671047,50.62149441226397,0 -3.346770858822793,50.62007062201031,0 -3.347429463832975,50.6193812797403,0 -3.34978467367998,50.61883184595232,0 -3.356242142369116,50.61122740437632,0 -3.360548168463414,50.60615499702437,0 -3.388178864399792,50.61085179586614,0 -3.413621864870217,50.61517007505472,0 -3.422829262084629,50.61673121737305,0 -3.419677409182026,50.62355651521833,0 -3.415512858763482,50.62856251998328,0 -3.414301875637678,50.62878685051033,0 -3.415354029186131,50.62875341809331,0 -3.414828639358742,50.6293848725067,0 -3.450239201635771,50.68135252814805,0 -3.451187735945763,50.68274281521734,0 -3.459538555823856,50.69497882542131,0 -3.458130428978159,50.68841067388452,0 -3.455540132000522,50.67632324199861,0 -3.455116409262231,50.6743453384961,0 -3.456711841540561,50.67521148569872,0 -3.468641000470464,50.68168600333168,0 -3.467157901078323,50.67711354813567,0 -3.462630841563483,50.66315061265588,0 -3.462571755288773,50.66296831435265,0 -3.461628303895422,50.66005727365325,0 -3.461561186538282,50.65985016829599,0 -3.445474349733908,50.61015467539399,0 -3.443866231210834,50.60505232988039,0 -3.442543145253345,50.60108763041558,0 -3.423636654455776,50.61031844623923,0 -3.427555809042098,50.60717243981703,0 -3.46569995224786,50.57739940671477,0 -3.467380798799916,50.56248691020003,0 -3.474363575487706,50.55713573792313,0 -3.493239639298978,50.54342084161766,0 -3.493898786771304,50.54215654453342,0 -3.495236634345853,50.54113024642302,0 -3.508200771599078,50.54574652699857,0 -3.508567250320946,50.54230123793192,0 -3.496263375196298,50.53762049923765,0 -3.505275611016347,50.52032383687628,0 -3.507959451370506,50.51605455832432,0 -3.513602074628406,50.48112275946318,0 -3.479398322464422,50.46295083421047,0 -3.514777147785094,50.45323107293213,0 -3.538122809174741,50.46051369663958,0 -3.556404397632956,50.42883217496878,0 -3.558326811632193,50.42549809904389,0 -3.55493078587127,50.40757374046836,0 -3.54365932728658,50.40154802285465,0 -3.527142340344393,50.40424412339268,0 -3.510694973255117,50.39533099996603,0 -3.503945686275525,50.39940135323284,0 -3.511731816669809,50.40510025399428,0 -3.481166326037362,50.39948767972367,0 -3.502098472279227,50.38828785517064,0 -3.496341839547904,50.3824635174305,0 -3.505251897603642,50.37881076021791,0 -3.506432287943511,50.37857863822486,0 -3.506498511711861,50.37836881194354,0 -3.51673140913991,50.34592476111842,0 -3.518069890546853,50.34518414957802,0 -3.538864235737002,50.33645950434388,0 -3.550087359098897,50.33773594387711,0 -3.569885620240377,50.34615714665808,0 -3.572313640469428,50.34726371605516,0 -3.563729449485649,50.35182698287489,0 -3.574890482512353,50.36189169312708,0 -3.575036177397961,50.36274162239364,0 -3.569448749295443,50.36782605321485,0 -3.576606048505006,50.37189755313945,0 -3.577072028148245,50.37461454724676,0 -3.593521495740726,50.38166805233895,0 -3.592520905631191,50.38094675357896,0 -3.5937964950193,50.38167180900798,0 -3.591102390753552,50.37992413097698,0 -3.57939393342364,50.37145516057834,0 -3.583242273969465,50.35973510414092,0 -3.577308866436032,50.35264736336229,0 -3.576744689957874,50.34755551431073,0 -3.562714784684328,50.33520355767556,0 -3.562388807392882,50.3348137580007,0 -3.571240566115498,50.32547052034545,0 -3.610865982024002,50.31800928495127,0 -3.640782899884867,50.28989927806708,0 -3.640915529193252,50.28975130440401,0 -3.654721359753569,50.24757506782641,0 -3.658012938931419,50.23750856096322,0 -3.657434691861044,50.23700051230206,0 -3.657821889550393,50.2357691061158,0 -3.640980100272227,50.22253768076379,0 -3.639439181563492,50.22118270749589,0 -3.680126620207729,50.22180929662377,0 -3.682325116250091,50.22065396788809,0 -3.699057705772578,50.21185766707939,0 -3.719806644096579,50.20183263778458,0 -3.736219771488054,50.21420209914516,0 -3.772240828828925,50.22349803918105,0 -3.761417284673595,50.23566372437423,0 -3.742040295250598,50.24027592073199,0 -3.754747321422359,50.23837360214505,0 -3.754690441566018,50.23853407328511,0 -3.751665678727807,50.24615449516492,0 -3.747999521515593,50.25538754807636,0 -3.74884988113702,50.25500585487512,0 -3.748755647282326,50.25527152486971,0 -3.756531886984313,50.25156908842536,0 -3.757287813155392,50.25235228770831,0 -3.764696623974915,50.2606183461105,0 -3.764383285798113,50.25970225185613,0 -3.765292253484867,50.26064362332155,0 -3.759820950538661,50.246031051956,0 -3.75852785200529,50.24257608968318,0 -3.757656724034141,50.24002706713835,0 -3.757947279524933,50.23984785974528,0 -3.765703575280379,50.24202134936088,0 -3.77715285280418,50.2301577781256,0 -3.780729808624077,50.22901094235834,0 -3.785447339519052,50.21023948325378,0 -3.803156724072497,50.21273436870135,0 -3.818497376228083,50.21582522711217,0 -3.865320947498359,50.23733187494584,0 -3.867057986140308,50.23816295247077,0 -3.857862681243815,50.24205514584271,0 -3.8577356609111,50.24450653348116,0 -3.856922483974054,50.26019569540895,0 -3.857953045700464,50.26077737810084,0 -3.879830150376147,50.275431352849,0 -3.879965953779711,50.27552233434093,0 -3.878869496429748,50.28087058000335,0 -3.894021165299145,50.28119368270389,0 -3.898203139644393,50.28352902800619,0 -3.896784411095836,50.28579737416425,0 -3.909135355653425,50.29348848786471,0 -3.916664616707109,50.29383389961476,0 -3.921298519973184,50.29641928811548,0 -3.942556051457713,50.29534268727878,0 -3.946660054063752,50.30416683019956,0 -3.940451655330837,50.31388371225967,0 -3.952116434469906,50.30775799177499,0 -3.954898891380194,50.30735700812834,0 -3.966293031560444,50.30721706747832,0 -3.990728736193193,50.30691318220978,0 -4.01504256164342,50.29867177084058,0 -4.042670572149196,50.29467060417154,0 -4.072834714454418,50.30313960562507,0 -4.067652634629455,50.3050779123114,0 -4.030821280433205,50.31366679433665,0 -4.117856210129238,50.31876282762165,0 -4.121824753585384,50.33190800914418,0 -4.121905593021618,50.34616766822172,0 -4.121922456165716,50.3461944924135,0 -4.129892437909365,50.35886776538828,0 -4.111302014315145,50.35885687505543,0 -4.098947554994627,50.38284989334149,0 -4.114563471937789,50.36121280137614,0 -4.152073645949847,50.36545491811543,0 -4.163630388531015,50.36017370454433,0 -4.164213461996037,50.36200720811171,0 -4.165208901367643,50.36589149934268,0 -4.165463118394095,50.3659362961266,0 -4.177222217109779,50.36635844846465,0 -4.184266761556622,50.36663168147398,0 -4.180345326080282,50.37658713205934,0 -4.193407324026483,50.39151675216176,0 -4.203546938234801,50.39841028593024,0 -4.203272949844314,50.40088859214489,0 -4.194096088277879,50.41855105173792,0 -4.191203070389301,50.42411637636023,0 -4.189091876375999,50.42689610474641,0 -4.184415969012088,50.43310223606704,0 -4.183961742536455,50.43370492522367,0 -4.197833554778208,50.44502880405314,0 -4.198157768417501,50.43512508922424,0 -4.199112538608755,50.43469884269096,0 -4.221362265789493,50.42476133862773,0 -4.208931897871165,50.42513298378149,0 -4.212575835358916,50.41820140953278,0 -4.21448669968994,50.41456569137078,0 -4.205347729242676,50.4077593826925,0 -4.215997110736146,50.39997688546187,0 -4.229618749709835,50.39143612690032,0 -4.22802529884546,50.39118257565183,0 -4.229727065833192,50.38993798413169,0 -4.22612024489798,50.39087941091265,0 -4.200632782295795,50.38682000591866,0 -4.193865610966225,50.37260103156329,0 -4.199431562003171,50.36949508976956,0 -4.204778384475522,50.36861685617176,0 -4.208101187147528,50.36836051527763,0 -4.20796147791226,50.36809388952736,0 -4.208051408429816,50.36807911288189,0 -4.207897720051712,50.36800197455438,0 -4.205006110169476,50.36395229744677,0 -4.195944185377944,50.35904565190901,0 -4.206482186601539,50.34637565784736,0 -4.178522655565128,50.35858306143887,0 -4.175745326948411,50.3595138365251,0 -4.168409396623501,50.34672246266873,0 -4.194939578247227,50.3344743378026,0 -4.200092869112415,50.33235490539001,0 -4.187235524926084,50.31709372629809,0 -4.188019793782159,50.3169580996904,0 -4.209058166660824,50.31768012609722,0 -4.220404900651292,50.31135229355483,0 -4.222057458889468,50.3110659632499,0 -4.22246022663961,50.31212024313395,0 -4.218270145845306,50.32339611793587,0 -4.22798174827749,50.33293637015045,0 -4.238900238868816,50.33679288745644,0 -4.248806118936329,50.34088886067565,0 -4.280353713972737,50.35392300234599,0 -4.293358589613962,50.35600321094374,0 -4.306995039443871,50.36080701359985,0 -4.314619039027947,50.36078872535585,0 -4.315013419042868,50.36091726732491,0 -4.323978979188799,50.36089462766066,0 -4.325414240014712,50.36112367624691,0 -4.427648082336299,50.36058261159052,0 -4.427840181587426,50.36045828923766,0 -4.435546342943436,50.36043179018059,0 -4.4499441050107,50.35037690406859,0 -4.455566041003518,50.35510241178098,0 -4.44973969460442,50.34710756448338,0 -4.47153361367638,50.33262888634906,0 -4.496519847405644,50.33679067679575,0 -4.496994726553136,50.33601789487191,0 -4.529138213044188,50.3258289223489,0 -4.537345288118779,50.32322530590598,0 -4.537810119641583,50.32313827948902,0 -4.577359066774735,50.33197361208343,0 -4.597326119313596,50.32331569172807,0 -4.605549338467579,50.32837717299527,0 -4.631950281598649,50.32379539732283,0 -4.634949158494467,50.32680799311152,0 -4.637318557334601,50.32928112079073,0 -4.635969845090193,50.32966578051231,0 -4.616955733655403,50.33429661311427,0 -4.618264528445684,50.33471343469655,0 -4.607734427001764,50.33771371591593,0 -4.628976386033667,50.33858373851109,0 -4.629592090359549,50.33832007233855,0 -4.629986360028176,50.33844557545775,0 -4.631484582999511,50.33750960508092,0 -4.666504485430369,50.32250175299396,0 -4.671559508837027,50.3133688139873,0 -4.683643543093364,50.31953606369478,0 -4.680352851750815,50.33723723745265,0 -4.693552611113859,50.34704095380423,0 -4.753995981304204,50.33093249718919,0 -4.755389643441963,50.33061660236659,0 -4.755418950251893,50.33058077172257,0 -4.75575318867956,50.33046356444839,0 -4.765829496718706,50.3202914457253,0 -4.764949655283762,50.31892513520084,0 -4.765052704103553,50.31879907605481,0 -4.751615777001672,50.29801030640613,0 -4.76300451426096,50.2998822312628,0 -4.780110579993138,50.28958087939892,0 -4.785928630241435,50.26889206322315,0 -4.784618237544386,50.26122981973042,0 -4.765978070365758,50.25604171690465,0 -4.784557040697345,50.24480841630606,0 -4.779826375382445,50.23692503653584,0 -4.781539806269402,50.23616407301331,0 -4.797155699253762,50.22958326334409,0 -4.797262889395769,50.22567879520923,0 -4.797449417532334,50.21888394877048,0 -4.804134827909563,50.2228818636582,0 -4.80836418334524,50.22541048836506,0 -4.817710951703504,50.23099716164215,0 -4.861465255390302,50.23544648796994,0 -4.878070929938619,50.22370381770568,0 -4.917711888384703,50.19563936838848,0 -4.932515965515051,50.20649861713558,0 -4.954769347915517,50.20238512368149,0 -4.972566801963869,50.18506468303209,0 -4.980881317943171,50.1512234110403,0 -5.008015684329529,50.13891254570159,0 -5.016847749148838,50.14810165151449,0 -5.016338978089427,50.14841278035031,0 -5.002901357684872,50.15012719139455,0 -4.994683940340943,50.16164975726578,0 -5.026159455823223,50.15776322941329,0 -5.014183340838561,50.18556635193131,0 -5.024200626683906,50.1816785692032,0 -5.02464132489985,50.18160867188918,0 -5.032741488598679,50.20441333765532,0 -5.025743842045862,50.20336825007405,0 -5.022384494267544,50.21089167820165,0 -5.024236167625066,50.21671473694191,0 -5.023486784699748,50.2200080263152,0 -5.023051227363899,50.22192196949588,0 -5.004940186577719,50.22702512533299,0 -5.01338502551179,50.22650826373985,0 -5.020500345840636,50.24411358783152,0 -5.015715186970612,50.22576669674506,0 -5.027943315491001,50.22300939862319,0 -5.027872200696081,50.22234312220655,0 -5.0281797294275,50.22225649466769,0 -5.02719056314453,50.21513053244544,0 -5.030789981427425,50.2092233131977,0 -5.035293942412204,50.21207485692761,0 -5.034982525887159,50.20905783311397,0 -5.059020704529385,50.19172931831265,0 -5.059514310773987,50.19140621336389,0 -5.04665196653672,50.17101643247666,0 -5.055149071268887,50.16071154709989,0 -5.06336215189417,50.16225432905375,0 -5.076463747002697,50.16622766572588,0 -5.074855972558218,50.16441222913053,0 -5.076474106362156,50.1647159173425,0 -5.065595329569623,50.15320525912618,0 -5.064995608135376,50.15327467871378,0 -5.063514111832872,50.15160075070949,0 -5.048146325765531,50.15516101228351,0 -5.040912658732352,50.14335360665642,0 -5.041220312465875,50.1434479304956,0 -5.052145467325299,50.1478629975948,0 -5.053672107119489,50.14726453162174,0 -5.075312278523623,50.13957738953258,0 -5.074868452092359,50.13882062309085,0 -5.075116033014463,50.13872205828925,0 -5.0789583311331,50.13533765575087,0 -5.090399276249655,50.12527014188733,0 -5.090492808582345,50.12522832019056,0 -5.09047367988167,50.12519997381371,0 -5.090567937874221,50.12510798909591,0 -5.080583824595132,50.10894372539853,0 -5.093546594970837,50.1017046281308,0 -5.132576898918265,50.09838882828427,0 -5.139590579755087,50.1055763161984,0 -5.140424259925562,50.10424220359134,0 -5.143550567372294,50.10657356747006,0 -5.145045043061008,50.09709836029493,0 -5.156603128144146,50.09607353795688,0 -5.159147491479993,50.09607341282707,0 -5.163544750024775,50.10091190701775,0 -5.166229815414458,50.09610917534744,0 -5.163247988810263,50.09456152710545,0 -5.157025163682346,50.09373770055397,0 -5.171277889788138,50.09039613559845,0 -5.12754086832602,50.09464870206406,0 -5.105375916534256,50.09355705537985,0 -5.092387379014817,50.08986722905281,0 -5.103072452252732,50.0861370936834,0 -5.0966734996566,50.08587945629097,0 -5.097618911768767,50.0849997438221,0 -5.085417916073474,50.08542541205116,0 -5.075731379434524,50.0850337805425,0 -5.07500248630716,50.08500427663284,0 -5.075558536251632,50.08233379304426,0 -5.078507988581577,50.06816429348121,0 -5.074627657217654,50.06779397194084,0 -5.066653686460432,50.06703254347851,0 -5.056782411331801,50.05217552984459,0 -5.065048719261054,50.03898004535348,0 -5.067890266090443,50.03444234573418,0 -5.072403315541622,50.03299709576871,0 -5.093329705116097,50.02629228312106,0 -5.094682900689504,50.02593091662897,0 -5.094667423367949,50.02589968344478,0 -5.095937094726087,50.02545648529965,0 -5.090102452128469,50.01510717266026,0 -5.100336231743994,50.00360286263899,0 -5.121405453039444,50.00864807357518,0 -5.165511452814773,50.00320269606962,0 -5.187733506039147,49.97327352225491,0 -5.18437337853676,49.96276528064538,0 -5.197751289014524,49.95833646492391,0 -5.208351443382875,49.95873982487399,0 -5.218009689851479,49.96933967970054,0 -5.218450681067493,49.9708131571646,0 -5.239042832780957,49.97442366476717,0 -5.245181104755864,49.97567396212595,0 -5.24284478555402,49.98337183121493,0 -5.244163467110542,49.98447665890586,0 -5.244068024351708,49.98479517123196,0 -5.257904348765814,49.9959851465855,0 -5.267389081152032,50.0039246842002,0 -5.266107415131608,50.00592754984288,0 -5.254900839593256,50.02099995497724,0 -5.255556893523813,50.02240828482886,0 -5.255440529457252,50.0225899882885,0 -5.255745979964626,50.02281417193375,0 -5.260595762670815,50.03322203707243,0 -5.261434153049993,50.03362245087851,0 -5.280373271292027,50.04266426095585,0 -5.280473204696958,50.04400564358804,0 -5.278652110078034,50.05607980656561,0 -5.315261239535656,50.08460055470449,0 -5.338001263049164,50.09136028577203,0 -5.342488456611287,50.09081887325068,0 -5.345286634001885,50.09156568522252,0 -5.355715709178552,50.08958338276313,0 -5.360930609854949,50.08859175461659,0 -5.362213720748128,50.08843668690284,0 -5.390697231036205,50.10290037211529,0 -5.428184958358726,50.09638088950571,0 -5.428570343103234,50.09718473224549,0 -5.428657680540189,50.10446287913479,0 -5.43320007095259,50.10683920148644,0 -5.433763290700851,50.10801340049299,0 -5.440266855622093,50.11053530270241,0 -5.462469608814845,50.12214124666191,0 -5.465687506360277,50.12038658377323,0 -5.48269839263847,50.12697336026818,0 -5.528645002369099,50.12354573297614,0 -5.530137428186209,50.11355520653751,0 -5.548173680330291,50.10595230002652,0 -5.547260289580493,50.10492060455064,0 -5.547831763675061,50.10466806330444,0 -5.536573625608406,50.09284580005007,0 -5.5322179468117,50.08792224187346,0 -5.541249059289068,50.06990680297827,0 -5.576126130054518,50.05117837139377,0 -5.586867994524975,50.05099684725185,0 -5.618173647365841,50.05063178947355,0 -5.631801867649291,50.04171834645145,0 -5.635338720979318,50.03940430635657,0 -5.647313595505754,50.04323828536103,0 -5.652335258522961,50.04138453615582,0 -5.673733652911032,50.03559865222001,0 -5.691634697119779,50.05345700355377,0 -5.693722681303256,50.05391794583552,0 -5.712205115677726,50.06175594106503,0 -5.713048211408546,50.06331773228431,0 -5.690439397381682,50.08764908465031,0 -5.687593945181499,50.08978906795085,0 -5.708115727154231,50.12478828552111,0 -5.709141541852786,50.12685004775952,0 -5.672068880394149,50.16572122961739,0 -5.641278468749303,50.166720177479,0 -5.628115962507083,50.16714471283408,0 -5.627377444427413,50.16780781957433,0 -5.627017430726085,50.16782321524406,0 -5.609228375038018,50.18409658641988,0 -5.599671522259921,50.19266839376701,0 -5.589856843909759,50.18813984190104,0 -5.558155918943148,50.20484854390759,0 -5.537686998681037,50.21562654518643,0 -5.534531722187994,50.21591491565327,0 -5.493994002813783,50.21791542716958,0 -5.484660434763637,50.21422572021762,0 -5.475993869729341,50.21779224102294,0 -5.471376657779423,50.20859554520496,0 -5.470997208755568,50.20748862104745,0 -5.468155720414746,50.19919765012732,0 -5.43574700784375,50.19280900171442,0 -5.433374771955826,50.1917239432538,0 -5.410952287583876,50.20926870415285,0 -5.395896587840745,50.22103978290257,0 -5.395571834489443,50.22606402355054,0 -5.394365368783221,50.22706546478661,0 -5.394815913227974,50.23775624829391,0 -5.394682092748729,50.23982575022735,0 -5.378225110168091,50.24329569637617,0 -5.37703502409574,50.24352454097846,0 -5.367297152437813,50.23558580553978,0 -5.365979057940653,50.23579474325554,0 -5.327443594954386,50.24189582637155,0 -5.325022800753833,50.24375065883916,0 -5.324613542175311,50.24382534618643,0 -5.316651733929422,50.2501631703888,0 -5.302064651615497,50.26133190691773,0 -5.288339349176195,50.26055449686865,0 -5.279787490655988,50.2703007875028,0 -5.250314431932863,50.28199570233127,0 -5.248563416899204,50.28399342268851,0 -5.241596708748347,50.28658646361649,0 -5.240001323655942,50.29375913175834,0 -5.234428229274068,50.30011324226336,0 -5.233080618077316,50.31786769320031,0 -5.199611150082576,50.32001023397331,0 -5.18042639369248,50.33983901223627,0 -5.179276631503328,50.34010708695757,0 -5.152826821280183,50.3455728750031,0 -5.145580954224669,50.37474788008814,0 -5.152113366278185,50.38316428692538,0 -5.150783372919157,50.38862058306297,0 -5.142483561500621,50.38822065317571,0 -5.144512231219359,50.39619591708172,0 -5.143846467416314,50.39658395719782,0 -5.143906253037225,50.39674641981546,0 -5.146323605845733,50.40331442527812,0 -5.14664098399143,50.40456144403397,0 -5.13469350924102,50.40063599796785,0 -5.134486426251488,50.40713489987251,0 -5.132912640961356,50.40743875128832,0 -5.12499235191797,50.40337314810706,0 -5.107829348424516,50.40828758239791,0 -5.118168560093593,50.41028417784851,0 -5.112516149567235,50.41137444060939,0 -5.100330529561203,50.41301769151104,0 -5.098812108561637,50.4250954286085,0 -5.097697048874434,50.42467106765852,0 -5.097610650138757,50.42463818501091,0 -5.082545570472056,50.41445243675941,0 -5.054136995464653,50.42743313286299,0 -5.041406285916811,50.4435909027861,0 -5.031987928376992,50.48787649012021,0 -5.04573476832307,50.49724159060008,0 -5.02014394672588,50.50871448830158,0 -5.02803860847732,50.51386388158372,0 -5.02516317512716,50.52644701627841,0 -5.025637179045871,50.52747555197141,0 -5.023163525761428,50.5381181980939,0 -5.035485165148704,50.5488334641127,0 -4.982740637779242,50.54167422885348,0 -4.971039063280737,50.55723856849369,0 -4.943990866927908,50.56867921885935,0 -4.948794965436888,50.55565337012204,0 -4.934366800298214,50.54865288084285,0 -4.929765444626203,50.52946288973748,0 -4.910275527671867,50.53506436758298,0 -4.92505113961211,50.54430475931274,0 -4.930074676259708,50.5639511686281,0 -4.914503189897256,50.57544169391632,0 -4.926982902828634,50.58233693742027,0 -4.934330026720517,50.58639474484465,0 -4.920350060772017,50.59268927655599,0 -4.914376710474264,50.59089969440891,0 -4.907292481352203,50.58399477687563,0 -4.897758660024858,50.58306860798792,0 -4.884125599143178,50.5817427891313,0 -4.879467670940635,50.5835222891638,0 -4.866462644643954,50.58848900703944,0 -4.868927618128352,50.59484539077365,0 -4.837125473676443,50.59387033842099,0 -4.831360762694862,50.59160345432289,0 -4.826050860623775,50.59248758988373,0 -4.794873681777763,50.59767327693373,0 -4.790456342384221,50.60185850389346,0 -4.789500163006559,50.6020976967609,0 -4.788498182608359,50.60371348470427,0 -4.7693391381369,50.62185375183091,0 -4.757630560075749,50.65229655803628,0 -4.759490165607592,50.65276755535709,0 -4.763366026613361,50.6688678237382,0 -4.763295812565485,50.66932545639022,0 -4.742201477570472,50.67584196417614,0 -4.739986409023873,50.67538793757151,0 -4.733933675810828,50.6709638476126,0 -4.731963429837573,50.67374302206429,0 -4.728694915779212,50.67307269906042,0 -4.724971545981758,50.68352569760823,0 -4.723503389266526,50.6839325713918,0 -4.679190076436159,50.6954826464392,0 -4.679958086058312,50.70361878827031,0 -4.679910512864105,50.70392887147827,0 -4.653513982992658,50.7156754048691,0 -4.652738081422941,50.73936053216946,0 -4.648307485416708,50.73960694812412,0 -4.639184000504525,50.73961069817559,0 -4.638569438355491,50.74014794831604,0 -4.633473009310866,50.74043075317395,0 -4.632713918679166,50.74526607319275,0 -4.623779278041609,50.75307289061313,0 -4.584715065621789,50.77035193081427,0 -4.561616085067614,50.78055714402826,0 -4.557554582776145,50.8282012873013,0 -4.55620955460492,50.82833451000658,0 -4.545598984936876,50.82938489850936,0 -4.555037203382976,50.83630187142619,0 -4.557231778000641,50.84703188359855,0 -4.558757905741157,50.85449043430936,0 -4.55819195598512,50.86456566618774,0 -4.558157154177048,50.86518512369372,0 -4.558239681115904,50.86543715851444,0 -4.565603513126611,50.88791428144954,0 -4.56873495990502,50.90318608115702,0 -4.56076089838258,50.9114180426205,0 -4.544843416578152,50.92784020811217,0 -4.545050058956059,50.92829152214897,0 -4.54653665026972,50.93153802160181,0 -4.542274456000892,50.949836672036,0 -4.5413269714655,50.95121188842794,0 -4.531915981860693,50.96486664595592,0 -4.533054640201085,50.98937363142426,0 -4.525941476574448,51.01983377394663,0 -4.524605630607512,51.02178581672269,0 -4.424343253916453,51.01317038109836,0 -4.423769639128429,51.01286801380495,0 -4.389560343172557,50.99407673283908,0 -4.341660343640902,50.98848989619291,0 -4.320327673126011,50.99359938657196,0 -4.306149822750879,50.99639067139218,0 -4.305299554495563,50.99719584799859,0 -4.29952726976915,50.99857658807021,0 -4.281277369852254,51.01516968587481,0 -4.257101972413103,51.03712805130721,0 -4.237020205383186,51.04093501744623,0 -4.216930543940794,51.06407245777824,0 -4.215314161161564,51.06302857698046,0 -4.208899493150073,51.05340894121196,0 -4.204250107258598,51.05533990753381,0 -4.209051820390147,51.0519225315468,0 -4.198004060504574,51.05793345333343,0 -4.19701249508918,51.05834512476409,0 -4.182237758675953,51.04875517908674,0 -4.179420431402484,51.06767024980515,0 -4.148407869126375,51.0837113560386,0 -4.179759313821996,51.07691508799157,0 -4.189022690031283,51.06445752673024,0 -4.213683613057162,51.07457138190059,0 -4.221409304494867,51.11730004593383,0 -4.235452492637269,51.11950123478806,0 -4.239126678157544,51.12056383642673,0 -4.238086330180677,51.13284193015619,0 -4.248241365423558,51.13711717627773,0 -4.258294213170237,51.14134773602537,0 -4.260219372329247,51.14241111096498,0 -4.222599584032811,51.14375993549462,0 -4.215987563027567,51.14987576331218,0 -4.210341609845437,51.17781868912009,0 -4.22794541662498,51.18808820547087,0 -4.21040463758175,51.18966226407812,0 -4.200479340153453,51.19980015456866,0 -4.180399956037033,51.19746687418343,0 -4.176445090135638,51.19692172488559,0 -4.176125820831137,51.19696972944973,0 -4.176056406890904,51.19696165508852,0 -4.175477872420368,51.19713881385915,0 -4.113085435515745,51.21112146189843,0 -4.096925367954565,51.21039516568733,0 -4.090498537244988,51.21617313005995,0 -4.086952602509407,51.21696570238693,0 -4.037502470555179,51.20620526221946,0 -4.027911298464314,51.21526952965092,0 -4.026820178294803,51.21588864296192,0 -4.004801655678084,51.21678841659838,0 -3.957055166213797,51.21872520773118,0 -3.95369965108261,51.22003948125187,0 -3.953151734213241,51.22006674114053,0 -3.947572252280008,51.22243899545484,0 -3.924646506155657,51.23141178465764,0 -3.919254735920632,51.23021340345286,0 -3.890795048048616,51.22331977111981,0 -3.852710896422765,51.23401882163784,0 -3.852123333781261,51.23416434460392,0 -3.81227184955707,51.23064494125971,0 -3.81022291868394,51.23181845139235,0 -3.809137786638225,51.23173835195318,0 -3.785529207244673,51.24569964419571,0 -3.768556841617647,51.23717692589798,0 -3.719579376510565,51.23260147547738,0 -3.719347751676925,51.23257714852419,0 -3.718967739683343,51.2325372347149,0 -3.632077327826618,51.22337678286722,0 -3.620635349497738,51.2165781640347,0 -3.619760604544543,51.21688877742251,0 -3.618631360045597,51.21623742206312,0 -3.577580508466257,51.23165205765424,0 -3.541519411003601,51.23185208757851,0 -3.494896964871076,51.2232825623805,0 -3.469092198936886,51.20762693401688,0 -3.446399454690614,51.2084195465664,0 -3.431441783965543,51.19973478844177,0 -3.400794004913167,51.18192364831638,0 -3.276002609668664,51.17905787511056,0 -3.151672956545788,51.20834160255788,0 -3.145370889641665,51.20889080282112,0 -3.124493224451956,51.21070769214143,0 -3.074797804849243,51.20085489551649,0 -3.053286356598938,51.20517033476607,0 -3.052535026983377,51.20544315283811,0 -3.017988479117987,51.21797887506838,0 -3.031277827330814,51.19407622388798,0 -3.049837336616323,51.18658341337185,0 -3.024364292878253,51.19341118790168,0 -2.996499539040527,51.22494025581514,0 -2.998929042338617,51.24156505931912,0 -3.020531868798515,51.26524483443282,0 -3.010121054877289,51.32024357522594,0 -3.034655267416538,51.32805933664596,0 -2.998595219195384,51.32149500115001,0 -2.992831145739451,51.32044450810317,0 -2.987298786416602,51.33442575980467,0 -2.981494508331968,51.34908491292488,0 -2.993463442568219,51.35587983510818,0 -2.96612261582036,51.36322735376829,0 -2.960929184931599,51.37426218846123,0 -2.961792899253633,51.3824270106929,0 -2.979517002849289,51.38793587157772,0 -2.969594996220855,51.39030018229062,0 -2.938371006787825,51.39593391810345,0 -2.937889860927373,51.39056244958758,0 -2.916053379376164,51.3954070056303,0 -2.885306831809918,51.41207246207226,0 -2.863309427093021,51.43775609292985,0 -2.852481303569901,51.45038671322316,0 -2.84934649915796,51.45404186951021,0 -2.838989655685562,51.45944325486453,0 -2.772497823269902,51.49406860130988,0 -2.772183181501338,51.49416951647778,0 -2.735023585408202,51.49221013166583,0 -2.731260829921407,51.49199311223216,0 -2.729212648202654,51.50179429838916,0 -2.727922322079891,51.50118272638509,0 -2.68329471305619,51.48001178847936,0 -2.71700327279446,51.50568873030543,0 -2.701906884549604,51.51633908183121,0 -2.693896646592514,51.52198742448272,0 -2.693711162888587,51.52220810415447,0 -2.693321283166487,51.52270813879111,0 -2.693101880231127,51.52284033449412,0 -2.692631724085,51.52327186041816,0 -2.691581689053315,51.52409100749204,0 -2.691422035343788,51.52420702165782,0 -2.689692652320538,51.525962704588,0 -2.686266731549364,51.52889458019504,0 -2.685735313055988,51.52893186207491,0 -2.68576620124202,51.52909051885739,0 -2.685724127949578,51.529245757753,0 -2.685706499741353,51.52955746090412,0 -2.685567667801782,51.52981817114901,0 -2.685313718656506,51.53019378586411,0 -2.68491919716034,51.5308988455555,0 -2.684796600519416,51.53103735485922,0 -2.684493365724111,51.53148400105905,0 -2.684293021253593,51.53161919008723,0 -2.683999804537126,51.53178850041971,0 -2.683588099992436,51.53222538016802,0 -2.683396621560476,51.53245957397755,0 -2.683179704453422,51.53265825363389,0 -2.682832448828398,51.53305409709436,0 -2.682668033602669,51.53317586044976,0 -2.682299387932582,51.53354623649686,0 -2.682114172851962,51.53372401980814,0 -2.681987501344835,51.53390054799094,0 -2.681746614199286,51.53418522377573,0 -2.681655101335274,51.53432066333622,0 -2.681433605265884,51.53445867253281,0 -2.681313958957486,51.53456540807544,0 -2.681278609066854,51.53470999398461,0 -2.680832613036749,51.53501740849575,0 -2.680715951300539,51.53515931322239,0 -2.680518401332935,51.53516985466181,0 -2.679745561240578,51.53501840485309,0 -2.679561543279633,51.53484830395238,0 -2.679331228831735,51.5346218651319,0 -2.679125433067526,51.53460255878592,0 -2.679271484103985,51.53477749788529,0 -2.679586631939912,51.5351024206856,0 -2.67999975465404,51.53558967480429,0 -2.679757174756614,51.53609599845892,0 -2.679717737678515,51.53627647448743,0 -2.679306120596196,51.5366781762605,0 -2.679208888558545,51.53681131426345,0 -2.678939128923149,51.53708541315492,0 -2.678822611652014,51.53726220185043,0 -2.678615386990969,51.53752458410548,0 -2.678462351885227,51.53770266813611,0 -2.678225681207167,51.53793126841461,0 -2.677893789489508,51.53825961924704,0 -2.677775873313934,51.53837357471771,0 -2.677630198787915,51.53846791208139,0 -2.677390108460013,51.53871392024612,0 -2.677266903330547,51.53886799918349,0 -2.677008209719356,51.53906329950218,0 -2.676869498319738,51.53929336132529,0 -2.676728987769495,51.53941261679095,0 -2.676508132096053,51.53973273606838,0 -2.676231312239984,51.53992337576394,0 -2.676157213727851,51.54009978591797,0 -2.675961073622791,51.54027250898423,0 -2.675791877960178,51.54039501840057,0 -2.67546340159943,51.54080682334244,0 -2.675245613471433,51.5410138038535,0 -2.675057385989481,51.54125542507595,0 -2.673839457642414,51.54261218281835,0 -2.673444125280583,51.54302432353833,0 -2.673324498613413,51.54317424823971,0 -2.673129419740476,51.54331748805934,0 -2.672985670883429,51.54345569766397,0 -2.672826535568889,51.54364053371569,0 -2.672485817063557,51.54394854309268,0 -2.662109128666932,51.57321119841865,0 -2.626477585557921,51.605171874387,0 -2.637505486203277,51.60897615326833,0 -2.638309621928016,51.60925348913786,0 -2.657463647321084,51.61585682292061,0 -2.655314404618171,51.62233842141654,0 -2.66718805690129,51.64517171250778,0 -2.679006953225237,51.64708857017401,0 -2.664596695545372,51.66386629494638,0 -2.685077699065132,51.66269833756031,0 -2.655536889677458,51.67404719560503,0 -2.670927809976137,51.6805445166582,0 -2.667843165862553,51.69269543119992,0 -2.68246696861994,51.70017395189088,0 -2.667114580842227,51.705335589222,0 -2.686215999342691,51.72997607004321,0 -2.670898769966827,51.73591313267531,0 -2.661364241723987,51.75344638202646,0 -2.679125360044012,51.76848264888664,0 -2.668481956102442,51.79382882743814,0 -2.677209862348031,51.80240155171821,0 -2.658208578556352,51.81023906471878,0 -2.659541085373079,51.82231171672031,0 -2.649069155742287,51.82568263220151,0 -2.664867414163561,51.83518275252683,0 -2.691968467506318,51.83340067864437,0 -2.695975215877284,51.84436993518453,0 -2.713803565795871,51.83980472459664,0 -2.718280608150222,51.84848099633873,0 -2.737526493893711,51.83617751698493,0 -2.777480031592703,51.86542351486572,0 -2.767107845419365,51.88010654426099,0 -2.834786554354029,51.90561418297937,0 -2.840594430341663,51.9172968146414,0 -2.860608228854107,51.91358855337133,0 -2.843621105377762,51.92159678550919,0 -2.876524427474362,51.93338687730066,0 -2.970546713373164,51.9045531636943,0 -2.975365157042458,51.92706393524018,0 -3.006826334066683,51.92670465379558,0 -3.024648307812826,51.95685984398484,0 -3.066075761659325,51.98272400913378,0 -3.097909217175241,52.02227210613673,0 -3.08499463799324,52.03978241129359,0 -3.089296288613204,52.05010248255394,0 -3.124607270297958,52.07790338740458,0 -3.121425489024256,52.10275258420238,0 -3.104174125839861,52.10498082947807,0 -3.103693497096508,52.11632330899155,0 -3.140632924535649,52.12746444308917,0 -3.134585107918485,52.13750659406406,0 -3.092397867287942,52.14390433027082,0 -3.07124383878641,52.15537242643568,0 -3.081250112039463,52.16264723995621,0 -3.097604563188039,52.15433333895896,0 -3.121141447973687,52.16302022437664,0 -3.093359668851893,52.1833446029475,0 -3.100791619119054,52.20232477330756,0 -3.070798343202611,52.21269226429524,0 -3.071743700143001,52.23548419905364,0 -3.042918103777927,52.23753440295113,0 -3.047021551743496,52.24984110437035,0 -3.034562538273819,52.25636560335209,0 -3.004473372891621,52.26386824257695,0 -2.975875271281185,52.25929397167124,0 -2.948324818346143,52.26907656070242,0 -3.011306308064135,52.27877928611054,0 -2.999562376114469,52.321379971741,0 -2.965492832009243,52.3290634372323,0 -2.953340442968789,52.34877083261433,0 -2.973194577348733,52.35431768615925,0 -3.038873893863716,52.34394331861754,0 -3.05936568234472,52.34785703700889,0 -3.109311458353801,52.37681387597448,0 -3.153155757291525,52.38733784185645,0 -3.177547590848015,52.40902253056771,0 -3.218259309759997,52.42087997303261,0 -3.234258680669815,52.44213303506741,0 -3.195951098423497,52.47562178611734,0 -3.178923752824117,52.4735664174239,0 -3.109718705087325,52.49856844405534,0 -3.027895476562304,52.50090080214959,0 -3.031071875408498,52.52336682419899,0 -3.00256381012376,52.51946767442696,0 -2.992851915657818,52.55254930848137,0 -3.012920009483406,52.57513790691121,0 -3.085973466703306,52.55097099038645,0 -3.084110234126983,52.53414017058544,0 -3.131767322896322,52.52710788298275,0 -3.135747862642423,52.53368291283853,0 -3.110195791676651,52.54100239135903,0 -3.138202511441853,52.58536402558211,0 -3.116113709416737,52.5854070824712,0 -3.088254450987582,52.59915147558474,0 -3.092319166496835,52.60898550862101,0 -3.071881440840913,52.62861122249656,0 -3.058492057732832,52.63036978056951,0 -3.082261792600609,52.64094271863232,0 -3.049804124490389,52.64701602122822,0 -3.037269140007252,52.67502677490528,0 -3.045737007483745,52.69092146312001,0 -3.021171636858664,52.70632507362975,0 -3.019041850863311,52.72476154839747,0 -2.999237240923531,52.71993377730944,0 -2.97627162831437,52.72625059317294,0 -2.976783221056026,52.71501490606526,0 -2.959757566632673,52.71612315814647,0 -2.963743670038358,52.73192749104746,0 -2.990000717107541,52.73347796692434,0 -2.990673406514917,52.74341720426477,0 -3.020493525294699,52.75160332201801,0 -3.009472383803837,52.75822688602291,0 -3.015881967505613,52.76732854105109,0 -3.03377909044107,52.76367286461318,0 -3.037661752052511,52.77006575504284,0 -3.051266335254522,52.76835449509465,0 -3.046475296471608,52.7723079741299,0 -3.078205664097417,52.77117955992141,0 -3.090372827086013,52.78633059658048,0 -3.085321572807298,52.79526175552974,0 -3.116980338627886,52.78325003549823,0 -3.159552716464484,52.79541466374807,0 -3.151885939361869,52.8060393308154,0 -3.166902614362936,52.80699945878593,0 -3.166584290129379,52.81893904229192,0 -3.149954155847943,52.84223960502833,0 -3.161709506270379,52.8471663759228,0 -3.126403418085173,52.86678036497879,0 -3.151108938132697,52.87842673136866,0 -3.134214673575825,52.88469314778775,0 -3.146195298978241,52.8898494999053,0 -3.112850561005318,52.89365863761598,0 -3.094638373440606,52.92996637656406,0 -3.07519613776709,52.92516300374312,0 -3.033757168651741,52.92916485406027,0 -3.008322887641669,52.95588521590324,0 -2.98069218366477,52.95888374875933,0 -2.973698550253243,52.9686709063521,0 -2.958480853191654,52.95085380613572,0 -2.927553099866201,52.93836124726611,0 -2.886090270515695,52.95221306346792,0 -2.882198141888467,52.94632170187366,0 -2.839668971624432,52.94230530238473,0 -2.79749998208205,52.89543480210008,0 -2.753971820026722,52.92430725812356,0 -2.727081779458209,52.92498095263667,0 -2.722817162774722,52.95680464702669,0 -2.73393371686424,52.96963066067755,0 -2.725479210064568,52.98295873158442,0 -2.758582731310184,52.98610559635553,0 -2.766918624240191,52.99454719612142,0 -2.801958612112461,52.98928047246756,0 -2.834646666827763,52.99683760077593,0 -2.842713139712239,53.0173581470705,0 -2.859697157095332,53.02253917840711,0 -2.854366685097538,53.03694794359826,0 -2.868770834078917,53.04505367582045,0 -2.857891568300855,53.05394952512044,0 -2.871207303507886,53.05831019778203,0 -2.860126100855196,53.06035520303314,0 -2.880296177385143,53.07408885930011,0 -2.874373793902257,53.08121968730014,0 -2.900728152863074,53.09173878074691,0 -2.879749667882976,53.12130675870307,0 -2.908886511962268,53.11234116254262,0 -2.962472843900231,53.13246297939769,0 -2.978159154566045,53.150329437412,0 -2.993751350402714,53.1539043095032,0 -2.92649217831322,53.17112092386107,0 -2.920951655383665,53.18900411144822,0 -2.997040027393889,53.2355763039007,0 -3.034689913477846,53.25152503566029,0 -3.077167944116981,53.25577050800074,0 -3.088598370579528,53.25924944242701,0 -3.093335612873781,53.26256862023557,0 -3.098366690307328,53.2702962131727,0 -3.081118169294347,53.27121888358678,0 -3.090395106925173,53.27810014338583,0 -3.075910922293163,53.27758852372852,0 -3.082551875361709,53.27917489702779,0 -3.08553500376816,53.28863067371908,0 -3.091951536106314,53.28414081273145,0 -3.102697940420547,53.28778098583471,0 -3.102405075931129,53.29972489780354,0 -3.107687468270878,53.29698387827052,0 -3.115307175606441,53.31144683979296,0 -3.121013513973374,53.32227120018937,0 -3.184956437932466,53.36418065290022,0 -3.199057293842552,53.3872381877068,0 -3.039897926246516,53.44267165904236,0 -3.001176995475161,53.37446543511396,0 -2.932817435589424,53.31301343347115,0 -2.927405289860395,53.30813885414775,0 -2.927221958969504,53.30797370827467,0 -2.900298445259208,53.29516329637359,0 -2.888116446450137,53.28936246336499,0 -2.899181566866561,53.29673325616437,0 -2.854210099440408,53.29174436462787,0 -2.855923340975057,53.28662936059946,0 -2.838240706646014,53.29845996410904,0 -2.845023570360113,53.30666855341153,0 -2.814592394944278,53.30588684003192,0 -2.787429409669998,53.29513109446605,0 -2.751417676459208,53.31429370100973,0 -2.751108414098653,53.31445814477686,0 -2.761686835815167,53.33064775471339,0 -2.751876569199113,53.34332642669448,0 -2.73882751964737,53.34479158248491,0 -2.736815852882448,53.34766341868401,0 -2.757760563312238,53.34933491388951,0 -2.776851117405272,53.33235240991097,0 -2.782919034598121,53.33615779224545,0 -2.77632167983967,53.32900625846477,0 -2.78726370782877,53.32226488874569,0 -2.825297842842977,53.33138348126862,0 -2.826589279689513,53.33118563261879,0 -2.853068090136361,53.32712558232643,0 -2.876801504156766,53.33392623651413,0 -2.901353932396057,53.34528575831926,0 -2.973304300624249,53.37851041303395,0 -3.000500650540554,53.41006258073897,0 -3.007287472354366,53.43762184965017,0 -3.00741083966584,53.43812246599318,0 -3.02518782687849,53.45289122627947,0 -3.024953089488698,53.45380401930578,0 -3.036863257948061,53.46258386185254,0 -3.040073007253389,53.46524752844086,0 -3.056039147354727,53.49178665472604,0 -3.063723238543857,53.50454650048288,0 -3.06114243732626,53.52932757458269,0 -3.070570961458979,53.52136749191597,0 -3.098698910628304,53.539483167202,0 -3.103116219769253,53.5585774575218,0 -3.041377314153229,53.63609490416901,0 -2.997620294223677,53.67208369285328,0 -2.965783469375448,53.69822013589274,0 -2.970130420378287,53.69193457084459,0 -2.95485929630359,53.69725985466073,0 -2.940167400216208,53.69631047726428,0 -2.953745721751522,53.70421104750448,0 -2.932285907835504,53.70401853236593,0 -2.946809658700044,53.71135964926778,0 -2.936920430597763,53.72471218480513,0 -2.914141271072784,53.71311371374846,0 -2.927984465630439,53.72393672055605,0 -2.909492076224488,53.7267265750617,0 -2.866696515599013,53.73317058685428,0 -2.846942403258507,53.7297873757916,0 -2.853537065410797,53.73503381440083,0 -2.824141522531633,53.74411117166301,0 -2.82627746078803,53.74366227519668,0 -2.854367340589131,53.73829465677705,0 -2.855452825722454,53.73798845284158,0 -2.902208710143768,53.73227799758288,0 -2.909613329269892,53.73234398407413,0 -2.951654191946994,53.7327099595197,0 -2.940298053714966,53.73606012647446,0 -2.975209366042967,53.73381596204525,0 -3.037491068813104,53.74702179500004,0 -3.055496730559209,53.77636590521363,0 -3.048765349808248,53.85143728335144,0 -3.046711907592763,53.87427580264579,0 -3.046599287952818,53.87552769373715,0 -3.048393679171252,53.91982036668753,0 -3.006610340570604,53.9284668595525,0 -3.005578406695942,53.90137470108204,0 -2.99796880380092,53.92837896904954,0 -2.922373556331711,53.9509339529161,0 -2.914245471058456,53.94552606343959,0 -2.903392204394155,53.9383019537051,0 -2.885274156673867,53.94147987317608,0 -2.892952639856175,53.94634435203474,0 -2.883827887549574,53.94826949217515,0 -2.869054375365836,53.95138456920444,0 -2.885403254750885,53.95819578573229,0 -2.870063387064909,53.9564734337114,0 -2.86055366805475,53.9644142902071,0 -2.843624827707137,53.96518514535614,0 -2.870459998803216,53.97006454668968,0 -2.877877623056239,53.97892051912493,0 -2.854706606882161,53.999390140995,0 -2.831358421417379,53.9983277840869,0 -2.830802877249847,54.00924288962329,0 -2.859152118234245,54.00366329741019,0 -2.870072022214719,54.00447000371461,0 -2.879663195722887,53.9892618725462,0 -2.882601530402182,53.99454387909108,0 -2.896558616484064,53.99091239332939,0 -2.902041971265684,54.02037611202439,0 -2.916051469682975,54.02790402842523,0 -2.922887143990785,54.03157554751996,0 -2.921357738562583,54.03223538471494,0 -2.921108048686309,54.03226786754342,0 -2.916161320399802,54.03291126554794,0 -2.91104285495183,54.03357676622421,0 -2.916176581445952,54.0336040585412,0 -2.918160740183898,54.03361454857,0 -2.916195487741902,54.03446225929125,0 -2.904700778734358,54.0394191570997,0 -2.881066121651946,54.07219134055785,0 -2.868788648863647,54.07604871613467,0 -2.845793635044984,54.07736264605155,0 -2.818196430332411,54.08861751248156,0 -2.812967028072464,54.09472526279354,0 -2.824219899743204,54.08741773753078,0 -2.825555873521965,54.09979971318846,0 -2.783589855752295,54.13482559108548,0 -2.818639736366221,54.12246553506852,0 -2.834919065842104,54.15050038615252,0 -2.86252505102994,54.15631212014564,0 -2.868096720162586,54.17650183618952,0 -2.856041114760195,54.17881867478533,0 -2.862727284186368,54.19187473615708,0 -2.841078547893924,54.20535360113823,0 -2.903617291690356,54.19456193738727,0 -2.919411279685411,54.18006976881438,0 -2.933854157846939,54.16680668785489,0 -2.930480500334888,54.15122273693706,0 -3.012251065395855,54.13140049259176,0 -2.998697132799069,54.15244170875729,0 -3.000803054860183,54.16630953896045,0 -3.037396011848879,54.19704198404645,0 -3.03104702174033,54.21115529198076,0 -3.062018321839961,54.18604795193012,0 -3.059489567132793,54.16183246911864,0 -3.104352326038263,54.11895083791197,0 -3.147760443821106,54.09335983593692,0 -3.171052735019932,54.0816105061684,0 -3.149363232249707,54.06460902597528,0 -3.170088556158627,54.07945439692598,0 -3.176655174626246,54.07472496142088,0 -3.172341522862715,54.083129710913,0 -3.192704728407194,54.10409009015517,0 -3.21887825754074,54.08953676583888,0 -3.223341619334312,54.09353799887018,0 -3.240781207337236,54.10916285269197,0 -3.235673290169844,54.15457748202228,0 -3.248071052736156,54.15453499865561,0 -3.255771144424747,54.16712064626108,0 -3.225738246267428,54.17477386570338,0 -3.215805082825677,54.17730284889785,0 -3.221642804579252,54.18763065105186,0 -3.21340945733364,54.18549893943608,0 -3.211708219487743,54.20703494308719,0 -3.204509740523275,54.20954577360161,0 -3.201296657132332,54.21066626184442,0 -3.20046550748203,54.21095608277324,0 -3.178382871367027,54.23884306279021,0 -3.196211571573798,54.22864291479343,0 -3.208998993255458,54.25382113133875,0 -3.227689426819908,54.2597537252628,0 -3.226454345398179,54.27752667574035,0 -3.228596105061148,54.27115315075773,0 -3.229128727080386,54.26956784848562,0 -3.232352666496143,54.25996948737878,0 -3.22816565234135,54.25666518154635,0 -3.221555637422188,54.25144730831604,0 -3.227963451770499,54.24985902227623,0 -3.242363731991977,54.24628798386674,0 -3.227957002069541,54.24964191219542,0 -3.224287628110687,54.23966647380973,0 -3.227595789581088,54.23748555537932,0 -3.264425585146719,54.21318378094009,0 -3.252666405155149,54.21017662416448,0 -3.250121117216698,54.21567561187052,0 -3.243847191830293,54.20914589846694,0 -3.23791425676008,54.2029688563194,0 -3.261659499550664,54.1901575560813,0 -3.286280416195527,54.19689337322882,0 -3.298028873276038,54.18825105660973,0 -3.321057383146001,54.1903756421999,0 -3.340954233788391,54.20810446333725,0 -3.39288604484272,54.25428970869556,0 -3.420076218392774,54.28425607307565,0 -3.41269293009536,54.35779454585455,0 -3.433957428382592,54.34324394461203,0 -3.478197655998776,54.38628312032402,0 -3.508295150978776,54.41550207374334,0 -3.542105622405216,54.44073812648713,0 -3.637552135176748,54.51175865003868,0 -3.606010564723471,54.53076219312025,0 -3.603506623537517,54.53733651918311,0 -3.596579451214505,54.55244752851134,0 -3.588462558743552,54.54969470020312,0 -3.583386956289055,54.56473185538736,0 -3.571268275225751,54.60059069773226,0 -3.564567013880898,54.61217093943933,0 -3.57872455976298,54.65214679467721,0 -3.5704212722047,54.65081383503904,0 -3.550649499175265,54.66654184295729,0 -3.518014423201262,54.69246892618193,0 -3.512108900419584,54.70810711350843,0 -3.506307749504695,54.71678909119055,0 -3.492851037918815,54.71232651622238,0 -3.505794703587563,54.71752990645918,0 -3.455551156268637,54.7461109683959,0 -3.437673155767364,54.75626622642018,0 -3.436348159003063,54.80192278859122,0 -3.398488793049368,54.86738953219239,0 -3.376378742067911,54.8840232524875,0 -3.3374828902455,54.9001628603741,0 -3.338394819543611,54.89619798464476,0 -3.300836103569987,54.88505703674666,0 -3.280485823609904,54.8749017919069,0 -3.287171072869803,54.89196707595644,0 -3.273997150747372,54.89180754502232,0 -3.265084934190907,54.89164089766589,0 -3.247721219685461,54.90171807994209,0 -3.247195929502814,54.90202282020063,0 -3.247757002718993,54.90287518367115,0 -3.252969240135495,54.91079156142131,0 -3.273536083290772,54.90299175116025,0 -3.306790992094922,54.91142096748924,0 -3.31190303360778,54.91912897879099,0 -3.301220479355032,54.92762940850214,0 -3.28380621230469,54.94147681743614,0 -3.26396229905744,54.94296735228222,0 -3.267564033845019,54.93700586120384,0 -3.249065568144851,54.9451388142775,0 -3.23082197749304,54.95315375831638,0 -3.203008563911582,54.95380872309352,0 -3.14471637525632,54.93437493657295,0 -3.13240058998277,54.93026302096869,0 -3.129651957636537,54.92934503879827,0 -3.117890962569276,54.92541594741574,0 -3.117477230009145,54.92527769262996,0 -3.101619725996355,54.92960291985994,0 -3.072219767401226,54.93761402014821,0 -3.128392942229156,54.93433457722377,0 -3.129726316240586,54.94754159567856,0 -3.107335406297183,54.94904633933263,0 -3.114874104597524,54.96059515917452,0 -3.102626284763421,54.97130798415816,0 -3.07428351003519,54.96753061698983,0 -3.05701442425672,54.98300073443879,0 -3.055195241913632,54.98276125982802,0 -3.052919896027062,54.98997600542212,0 -3.024465714719978,55.03640008377121,0 -3.052013521744224,55.04722712064041,0 -3.04952188414772,55.05274732295167,0 -2.957175225541487,55.04923654340212,0 -2.934985810367618,55.05952893897251,0 -2.939007787060344,55.06907245856566,0 -2.895451983116511,55.07789459739784,0 -2.884863399580351,55.09475692873898,0 -2.857106787327449,55.10829725299292,0 -2.826169814227943,55.12478709908919,0 -2.824063549125299,55.13826612252989,0 -2.783430076116415,55.14172733174424,0 -2.701946816652928,55.17316675131307,0 -2.688329890384801,55.18894137578805,0 -2.665349963782564,55.22154123451586,0 -2.629944491695999,55.22365866688367,0 -2.62875833684332,55.24475470582717,0 -2.609977587149745,55.24709764780469,0 -2.645302176114914,55.26000926186401,0 -2.625184275513234,55.26218629498035,0 -2.607763148826105,55.28321577976821,0 -2.571882845875251,55.29685332732583,0 -2.557525376670239,55.31782420455227,0 -2.518781308628101,55.32301852149217,0 -2.473897885757483,55.35471491322846,0 -2.413492917806383,55.35889646907422,0 -2.39799974844905,55.34819425198982,0 -2.377403759754567,55.3491420988604,0 -2.33601566287728,55.36716537387976,0 -2.344719800277239,55.3730364564737,0 -2.328504648398878,55.38121767602269,0 -2.34343218009071,55.39929207868795,0 -2.334112886835574,55.4081877179706,0 -2.311734394902747,55.40676846080142,0 -2.259084024980551,55.43291569886263,0 -2.229750914641713,55.42840994838027,0 -2.193321651296956,55.44457247254208,0 -2.186539823980937,55.46209963138162,0 -2.163979787476683,55.46836671737417,0 -2.1997989509536,55.4752537967518,0 -2.201111975605814,55.48952948810566,0 -2.227310889495683,55.50951011041825,0 -2.238771543453107,55.5556248012502,0 -2.287281212629977,55.58030885249676,0 -2.287701900829346,55.60377844256652,0 -2.314566542550275,55.6204658214461,0 -2.307097111681841,55.62888430501404,0 -2.322783850940039,55.62617415101645,0 -2.33447962662276,55.63249075908926,0 -2.304259695408005,55.64705445466664,0 -2.232828943901581,55.64105070798653,0 -2.246807695861224,55.65216006263222,0 -2.216909903193323,55.66427168133027,0 -2.217115826166489,55.67592018878058,0 -2.165678718466328,55.70605200658676,0 -2.174968266841775,55.71885613400919,0 -2.149020498650265,55.72317319106687,0 -2.142462331827253,55.73936956094969,0 -2.116076743848935,55.73879523893147,0 -2.106078547482435,55.75991085593677,0 -2.084072885826952,55.7620629927995,0 -2.084556032793625,55.79307174390761,0 -2.03295927352996,55.81122361368597,0 -2,55.77856918166153,0 -2,55.77856918166153,0 
							</coordinates>
						</LinearRing>
					</outerBoundaryIs>
				</Polygon>
			</MultiGeometry>
		</Placemark>
		<Placemark id="ID_00001">
			<name>N92000002</name>
			<snippet></snippet>
			<description><![CDATA[<html><body><table border="1"><tr><th>Field Name</th><th>Field Value</th></tr><tr><td>CTRY21CD</td><td>N92000002</td></tr><tr><td>CTRY21NM</td><td>Northern Ireland</td></tr><tr><td>CTRY21NMW</td><td>Gogledd Iwerddon</td></tr><tr><td>BNG_E</td><td>86544</td></tr><tr><td>BNG_N</td><td>535337</td></tr><tr><td>LONG</td><td>-6.8557</td></tr><tr><td>LAT</td><td>54.615009</td></tr><tr><td>GlobalID</td><td>{8F120662-6C39-45A0-9905-3D3959CB8B33}</td></tr><tr><td>Shape__Area</td><td>14331860006.300713</td></tr><tr><td>Shape__Length</td><td>829125.171865</td></tr></table></body></html>]]></description>
			<styleUrl>#PolyStyle00</styleUrl>
			<MultiGeometry>
				<Polygon>
					<outerBoundaryIs>
						<LinearRing>
							<coordinates>
								-5.521306813506342,54.67639806200121,0 -5.524515591525861,54.66896142905964,0 -5.545418621792154,54.67286681018123,0 -5.533993509164286,54.68173247325184,0 -5.521306813506342,54.67639806200121,0 -5.521306813506342,54.67639806200121,0 
							</coordinates>
						</LinearRing>
					</outerBoundaryIs>
				</Polygon>
				<Polygon>
					<outerBoundaryIs>
						<LinearRing>
							<coordinates>
								-6.454950741524451,55.2390595825532,0 -6.409306892813125,55.23227680502022,0 -6.404732574114679,55.23378437589272,0 -6.368139276891154,55.24583436064479,0 -6.332565402776832,55.23964489401336,0 -6.312665444470897,55.2298131588355,0 -6.289426746112646,55.23024657232936,0 -6.268442384066462,55.21938762639653,0 -6.23618491046875,55.20267610579802,0 -6.178058976207528,55.2138297266427,0 -6.15675367531996,55.22324995189494,0 -6.14595369484932,55.22802212657584,0 -6.139216524047067,55.22384747342955,0 -6.116134888197204,55.2095353751054,0 -6.086829610506509,55.20374708046981,0 -6.06222813386567,55.1988810582472,0 -6.051127404439241,55.17575808801494,0 -6.02689292504773,55.16122599928573,0 -6.025486228173661,55.14044739301224,0 -6.041192857080918,55.13101515383368,0 -6.035968246535329,55.10324698660355,0 -6.058730735701254,55.08123257962616,0 -6.052815378826822,55.06574571248668,0 -6.062249443583562,55.06008836762584,0 -6.042465659853298,55.05296603509304,0 -5.976928730948261,55.05629718003672,0 -5.969345395289175,55.04961038078162,0 -5.963190651395631,55.04418123570467,0 -5.990073011256347,54.98451464134595,0 -5.918987070014587,54.96175339858336,0 -5.878054595184325,54.90763967176139,0 -5.858282740573945,54.89874327525067,0 -5.844295693032794,54.90075367792698,0 -5.837199060144565,54.88067543271748,0 -5.828274832735953,54.87425192913929,0 -5.797603950071161,54.85215447210794,0 -5.78332982522922,54.8510840308677,0 -5.779806462275255,54.85868272411353,0 -5.765900912675521,54.85227845106302,0 -5.762618927643457,54.85934537403833,0 -5.739383688234131,54.85232342367642,0 -5.725149389838682,54.84801821053866,0 -5.689648739812682,54.80370591110405,0 -5.688047062753839,54.76695861377196,0 -5.710108967615643,54.74593023408935,0 -5.728627248148156,54.73576741951199,0 -5.754881639633899,54.72134565205386,0 -5.790240957020473,54.72092641598304,0 -5.857118208925187,54.6934507073538,0 -5.868253666053014,54.68886873152891,0 -5.895702563938348,54.67405974670529,0 -5.912862408255315,54.64798131594535,0 -5.855103327118356,54.6336755747071,0 -5.805398245082624,54.65904883938458,0 -5.741013994281309,54.67762290528545,0 -5.722402748934747,54.66793508182278,0 -5.720662937515165,54.6670290574575,0 -5.680015089094105,54.66884543946685,0 -5.672531084689417,54.66297249299812,0 -5.656012841807128,54.6709739819587,0 -5.63912148478252,54.66720545205675,0 -5.632571141084821,54.67963845625242,0 -5.583901602686351,54.67767558179943,0 -5.53018929572445,54.64497476751632,0 -5.534073135543501,54.62244506652184,0 -5.521614668638244,54.59761686034998,0 -5.477249327755274,54.56405370623849,0 -5.485765358641823,54.54662146645811,0 -5.475856885984307,54.52513377535566,0 -5.463564769654677,54.49844263595517,0 -5.432784270139326,54.48732713681335,0 -5.4420049101522,54.47561955932594,0 -5.435622998986839,54.45710981625742,0 -5.480046185741409,54.42843555628293,0 -5.464238453530124,54.41460636830568,0 -5.460185094686603,54.38635098475977,0 -5.489690527577918,54.3763940208612,0 -5.49302614653041,54.36530841248803,0 -5.481275766232692,54.35667701667243,0 -5.498172451376281,54.35148813189954,0 -5.49764220290205,54.34463573804392,0 -5.496764135931813,54.33328205109467,0 -5.515971844225359,54.32433886311682,0 -5.531630799123263,54.31580449557168,0 -5.525782962864489,54.31034933699218,0 -5.550541130275786,54.30635073120612,0 -5.560320387427762,54.28648276710371,0 -5.590576695745859,54.2637919946437,0 -5.607971628099218,54.26542115999003,0 -5.608762968047799,54.24871380603738,0 -5.618174017941099,54.24617344021749,0 -5.624023511622837,54.25578273027809,0 -5.634379279470716,54.25243102285763,0 -5.639805657115279,54.26298864327505,0 -5.636356121502655,54.24226979036017,0 -5.660180623756262,54.22561469680273,0 -5.677099217652842,54.24659348046369,0 -5.684514605333495,54.24882898443899,0 -5.692753917689057,54.25131204454279,0 -5.821571852579481,54.24285680661806,0 -5.833831950106911,54.25666245169727,0 -5.815861228684446,54.25914685353855,0 -5.814383488079519,54.28648004488211,0 -5.850090436651495,54.25331962921516,0 -5.833319452415499,54.25125085473397,0 -5.829727107833828,54.24194471737272,0 -5.892866268821853,54.20542562698405,0 -5.871776026507516,54.16760372119844,0 -5.877576741265002,54.15311270460867,0 -5.896926172768877,54.10470416199907,0 -5.95194553347635,54.07779358354574,0 -5.963045609313261,54.06272418954907,0 -5.973769702044225,54.06226243662221,0 -5.996155493781568,54.06129544924221,0 -5.988164166010283,54.05759782585946,0 -6.013700476489097,54.04189065205382,0 -6.062721537910289,54.02273610747025,0 -6.107570959114207,54.0401736451925,0 -6.098508540304102,54.04856514768291,0 -6.073075483375565,54.04590442613762,0 -6.094949403554908,54.06264226869562,0 -6.159387062463406,54.06495668344336,0 -6.183193518954194,54.07364902001314,0 -6.198098500429998,54.09817006099538,0 -6.254085511144968,54.09635363433951,0 -6.28452467384191,54.1098568587954,0 -6.290882187679216,54.11267501532964,0 -6.309022325807478,54.10670854069588,0 -6.318012320540947,54.0909620594041,0 -6.336354747196019,54.09472231303421,0 -6.33994727679151,54.1119075974803,0 -6.366390489461989,54.11364295337955,0 -6.363526182450276,54.07260569495822,0 -6.391269858654143,54.05883556435531,0 -6.411994944829349,54.06307493393621,0 -6.443526249323411,54.05646539560847,0 -6.456039341751659,54.07254385292955,0 -6.477757791665342,54.07711014819841,0 -6.471271433226828,54.06629471183751,0 -6.510528026444492,54.05267095385803,0 -6.53196711287595,54.05965238803523,0 -6.557941974705122,54.04928007851836,0 -6.584926006334179,54.05706595547528,0 -6.586614449026782,54.05755283048943,0 -6.594942949699303,54.0445960754789,0 -6.62383843800906,54.0364871479253,0 -6.668979028757097,54.07280727771796,0 -6.658165696299234,54.07620264041005,0 -6.658884096963218,54.09613298547215,0 -6.645073247242077,54.09594939606043,0 -6.661222749696507,54.12266526328714,0 -6.648547172350952,54.12161220685054,0 -6.646028333209514,54.12586193197102,0 -6.629750093802727,54.15330500256383,0 -6.644054862389579,54.17975428877939,0 -6.691859940920168,54.20022867465538,0 -6.710102284599926,54.198040023345,0 -6.721034478952827,54.18199209208226,0 -6.740804264837257,54.1819134497023,0 -6.755946489696647,54.19903626969203,0 -6.775582763669513,54.19890024052071,0 -6.801017613744206,54.21319496732217,0 -6.80040621165625,54.22110436807904,0 -6.816168466530693,54.22300755443523,0 -6.827742514817482,54.26144645060775,0 -6.878019186364796,54.27906166351594,0 -6.875015689082362,54.2873315855294,0 -6.861462167808616,54.28111323723839,0 -6.850952572928335,54.2919803793333,0 -6.852881869737086,54.29765389380748,0 -6.863923709402115,54.33009129843393,0 -6.876042223831141,54.34657220630045,0 -6.906370995837976,54.35042971796997,0 -6.911188468943175,54.37470054684152,0 -6.928889162801208,54.37727946362902,0 -6.932718434633628,54.3778369845053,0 -6.92919411846831,54.3798176105864,0 -6.923752165083974,54.38287536470366,0 -6.929749901428246,54.38444239222348,0 -6.959648825017022,54.39224774977653,0 -6.978794970019871,54.40858981997489,0 -6.995823337818059,54.40536952067669,0 -7.029072773619436,54.42132580483202,0 -7.057316466695085,54.41102447084811,0 -7.072399033605211,54.38835071148739,0 -7.109704732967949,54.36831601967815,0 -7.103500913770474,54.35590225821591,0 -7.152719517256264,54.33522588184243,0 -7.188830227614842,54.33764894530509,0 -7.179148777798298,54.30968999850643,0 -7.197867097319464,54.31106503493321,0 -7.212193478505175,54.29960191857433,0 -7.172907463366696,54.28606592570025,0 -7.173751768974634,54.28428367117702,0 -7.179295580523296,54.27257747491932,0 -7.160645534848868,54.27361639280937,0 -7.142243730464218,54.25562132829086,0 -7.15899118829546,54.24366688546225,0 -7.146040616133083,54.23975030551397,0 -7.144951746806159,54.22471547376364,0 -7.171109828673861,54.2175920830671,0 -7.188273522429611,54.22487272700052,0 -7.198786531255697,54.21561141260653,0 -7.216702942872465,54.21577402671835,0 -7.220846508777218,54.21581125313097,0 -7.231854926178451,54.20556944511062,0 -7.248061763560904,54.20441697108566,0 -7.24921327333456,54.19789929424446,0 -7.232977286683287,54.19779693918456,0 -7.259058742636366,54.19224209828749,0 -7.258248235515842,54.17737651930142,0 -7.240269958086367,54.1696848120158,0 -7.258143416134783,54.16448690662404,0 -7.252518307072006,54.155682903431,0 -7.279506220846626,54.12237999827787,0 -7.300706082431601,54.12148839112418,0 -7.308936425513307,54.13211260236256,0 -7.285441287030818,54.13635991006927,0 -7.301330622600975,54.14432654296931,0 -7.283800729286406,54.15385237101067,0 -7.279765150054018,54.16762681335507,0 -7.31021417692712,54.16730916131085,0 -7.339495045299693,54.14668950582233,0 -7.30532907405191,54.12335562746961,0 -7.318827914635987,54.11334651930893,0 -7.327065123896634,54.12459440009909,0 -7.346172839598345,54.11650262885175,0 -7.363520506264144,54.13143954950704,0 -7.391898215423987,54.12020169820276,0 -7.372783935913748,54.13952200624841,0 -7.420389403690719,54.13685376745772,0 -7.409553313289684,54.15621313205732,0 -7.442339975799573,54.15390280969363,0 -7.468502361252829,54.14078501951818,0 -7.479328876271211,54.12224847556747,0 -7.512604894554871,54.13146001213183,0 -7.52814113494661,54.13575614810043,0 -7.547387500464234,54.1221115250787,0 -7.565728471357035,54.12658659561905,0 -7.574569543337345,54.1414980051341,0 -7.610404362918899,54.14379697887869,0 -7.628502353619975,54.16924050699982,0 -7.656120316854768,54.18566347442205,0 -7.676534871441052,54.18197651572297,0 -7.685427577460167,54.20776181841671,0 -7.739192790419991,54.2035228300394,0 -7.767995276891921,54.20942383379354,0 -7.811471507953777,54.20088668972663,0 -7.829857076840963,54.20717375140315,0 -7.860242184732157,54.21755355071923,0 -7.860425408922011,54.25276872621653,0 -7.860464711202369,54.26026012655356,0 -7.872803324924334,54.26620873460974,0 -7.873207201503042,54.2795200842032,0 -7.861885554615474,54.29348686633735,0 -7.880937443249728,54.29189332084216,0 -7.901500205233012,54.30142869659394,0 -7.910887537813101,54.2959999072208,0 -7.961651318988186,54.31243488117084,0 -8.000288162030836,54.35809559471298,0 -8.031351688460628,54.35668243664314,0 -8.057394025136796,54.3657415563238,0 -8.084137258748742,54.39739737593818,0 -8.123234404586956,54.41975437420305,0 -8.161528739071102,54.44161526290196,0 -8.143055950820189,54.45092011914971,0 -8.17557244324224,54.46400750158219,0 -8.177484282415195,54.46477643987712,0 -8.175707089640495,54.46489819272477,0 -8.114749844646099,54.46905807439256,0 -8.11318277445765,54.47637970044248,0 -8.091113450600572,54.47634656148848,0 -8.098613913446959,54.48421295914726,0 -8.089038105438034,54.4870898931707,0 -8.042606030708907,54.48772331463005,0 -8.041755446394349,54.50649226940698,0 -8.005965711369535,54.54594183067666,0 -7.970316617933014,54.54728986690537,0 -7.949723564291788,54.53364506831421,0 -7.876380848192182,54.53317861891958,0 -7.850511874422654,54.53300344158466,0 -7.823908953356251,54.54440478186939,0 -7.833242021770379,54.55234211122279,0 -7.796591269937128,54.57162404725182,0 -7.794041638736466,54.58158829919743,0 -7.762293145992871,54.58586830268308,0 -7.751474978865989,54.59879902570579,0 -7.703481932442303,54.60845907290873,0 -7.693483619061124,54.61911135361643,0 -7.706396066348458,54.61958128402476,0 -7.706486044351438,54.62028074141873,0 -7.708367877206275,54.63490235396892,0 -7.740147547775313,54.61868474845006,0 -7.741594615926336,54.61794579401474,0 -7.742983869581692,54.61854981580645,0 -7.757880872742833,54.62502457422765,0 -7.772463598616827,54.62150205080533,0 -7.813259145460568,54.64388399569222,0 -7.828334173639891,54.63304075385233,0 -7.854527146410113,54.63192380128338,0 -7.856588996073214,54.65047534695399,0 -7.893281849471506,54.65652304370386,0 -7.894335416731066,54.65726398130069,0 -7.909862916189921,54.66817958369619,0 -7.913867072623789,54.67595156992919,0 -7.89872439737548,54.68744966845621,0 -7.898041203980997,54.68796823791632,0 -7.898840370284178,54.68824656370439,0 -7.921012925436908,54.69596489636719,0 -7.918113159742031,54.70271680134083,0 -7.900944401334479,54.7026969928083,0 -7.879471866787594,54.70266878525171,0 -7.836674105735494,54.73642935411056,0 -7.817697419120353,54.7338086109192,0 -7.80470883154511,54.7186520445911,0 -7.7886731129255,54.71961638277557,0 -7.749946758405766,54.70425375939925,0 -7.735302550871246,54.71691310620225,0 -7.711609627970564,54.72609655679027,0 -7.69703140024268,54.72377017781805,0 -7.636620677663144,54.75150084390699,0 -7.617597799206579,54.74336041999948,0 -7.595679637527178,54.74361335744954,0 -7.588550843448951,54.74369476872052,0 -7.579283241908962,54.75043961660455,0 -7.57840150556592,54.7417519566162,0 -7.543331319194089,54.74267379670746,0 -7.534208995550078,54.74708815211341,0 -7.547547875584542,54.75534777757438,0 -7.549305585976914,54.78935374645192,0 -7.528257048285914,54.80769335488269,0 -7.52539020728748,54.80873897360865,0 -7.484025690824727,54.82381247694335,0 -7.44309544336465,54.87134202594671,0 -7.447338617975363,54.93504168122569,0 -7.392084215207301,54.94543266088878,0 -7.407455932268136,54.9636559601653,0 -7.407045987818823,54.9829862083763,0 -7.39481183364804,54.99464921968563,0 -7.391458712243224,54.99784445243997,0 -7.405580908224837,55.00330987268224,0 -7.391443862402639,55.0223467555882,0 -7.34620532699639,55.05050368286009,0 -7.324389529671457,55.04626185197343,0 -7.318346154654212,55.04508592525243,0 -7.299432143548271,55.05612499955062,0 -7.289200532136952,55.04741159614359,0 -7.264865833946573,55.06663550097506,0 -7.254378105487906,55.06001137469099,0 -7.255547788429915,55.0654509621931,0 -7.245532865724393,55.06351228729046,0 -7.251769107900169,55.04416968445972,0 -7.232808661168435,55.04821211962396,0 -7.22486611323557,55.06106388945037,0 -7.156518927332595,55.0590313589819,0 -7.147038637852531,55.04672387377001,0 -7.110159052095852,55.0425167573167,0 -7.051407027861154,55.04953794249624,0 -7.050001491080296,55.05690185541484,0 -7.041711908732208,55.05303633912897,0 -7.045899878275914,55.05827353503769,0 -7.014700721628185,55.07655630741547,0 -7.013806371680502,55.07708004123575,0 -7.01560525754918,55.08376695398841,0 -7.020089176619424,55.1004238103583,0 -7.017783543501753,55.10112335063621,0 -6.989992862547699,55.10954989189889,0 -6.968822404310202,55.14788860782789,0 -6.966034383885058,55.19292886202935,0 -6.965921150684338,55.19475702361064,0 -6.961677442740025,55.19310665761856,0 -6.913683085577888,55.17442157708763,0 -6.874720615545824,55.16807037762752,0 -6.752623249078071,55.16854705587992,0 -6.724582847806055,55.17321844757515,0 -6.721882371544857,55.18990181170147,0 -6.71452157209727,55.19095235275035,0 -6.659495890107175,55.19878994461907,0 -6.661010909037205,55.20499337744937,0 -6.662888123086204,55.21267682886828,0 -6.650195029009342,55.20540701945386,0 -6.649591344464596,55.2050611643734,0 -6.606437592076163,55.20591953280081,0 -6.601365587591184,55.20726227302216,0 -6.552899626618604,55.22007791356522,0 -6.546126828021434,55.21602170726126,0 -6.528520472106796,55.22497908152095,0 -6.53058763893028,55.23371923765233,0 -6.475884658182542,55.25215880939291,0 -6.454950741524451,55.2390595825532,0 -6.454950741524451,55.2390595825532,0 
							</coordinates>
						</LinearRing>
					</outerBoundaryIs>
				</Polygon>
				<Polygon>
					<outerBoundaryIs>
						<LinearRing>
							<coordinates>
								-6.16976043857174,55.30157809345548,0 -6.189915948697234,55.25846495218138,0 -6.200821890749349,55.27539291703794,0 -6.193035861033907,55.29262743430294,0 -6.286094636495306,55.29344926992914,0 -6.270004539714832,55.30696334008071,0 -6.239962710671795,55.31207971931726,0 -6.16976043857174,55.30157809345548,0 -6.16976043857174,55.30157809345548,0 
							</coordinates>
						</LinearRing>
					</outerBoundaryIs>
				</Polygon>
			</MultiGeometry>
		</Placemark>
		<Placemark id="ID_00002">
			<name>S92000003</name>
			<snippet></snippet>
			<description><![CDATA[<html><body><table border="1"><tr><th>Field Name</th><th>Field Value</th></tr><tr><td>CTRY21CD</td><td>S92000003</td></tr><tr><td>CTRY21NM</td><td>Scotland</td></tr><tr><td>CTRY21NMW</td><td>Yr Alban</td></tr><tr><td>BNG_E</td><td>277744</td></tr><tr><td>BNG_N</td><td>700060</td></tr><tr><td>LONG</td><td>-3.97094</td></tr><tr><td>LAT</td><td>56.177429</td></tr><tr><td>GlobalID</td><td>{9EFC94D1-5CE7-47CE-BD1E-90386DEF28E5}</td></tr><tr><td>Shape__Area</td><td>78654826320.817123</td></tr><tr><td>Shape__Length</td><td>9816914.798331</td></tr></table></body></html>]]></description>
			<styleUrl>#PolyStyle00</styleUrl>
			<MultiGeometry>
				<Polygon>
					<outerBoundaryIs>
						<LinearRing>
							<coordinates>
								-5.10563383847337,55.25177075948307,0 -5.117023783957694,55.24756256183583,0 -5.118725580124958,55.248122867907,0 -5.120906099049944,55.2532895529746,0 -5.120283503787654,55.25419059142996,0 -5.119170561811206,55.25580116831657,0 -5.113631192634798,55.25624038814491,0 -5.110218565967102,55.25444745507208,0 -5.107765415567767,55.25315845193715,0 -5.10563383847337,55.25177075948307,0 -5.10563383847337,55.25177075948307,0 
							</coordinates>
						</LinearRing>
					</outerBoundaryIs>
				</Polygon>
				<Polygon>
					<outerBoundaryIs>
						<LinearRing>
							<coordinates>
								-5.571304551161804,55.28665324127001,0 -5.568372697157645,55.2779574449007,0 -5.596347017569749,55.27868703720293,0 -5.571304551161804,55.28665324127001,0 -5.571304551161804,55.28665324127001,0 
							</coordinates>
						</LinearRing>
					</outerBoundaryIs>
				</Polygon>
				<Polygon>
					<outerBoundaryIs>
						<LinearRing>
							<coordinates>
								-5.183550530573304,55.43238798493508,0 -5.185328205883516,55.4317791300616,0 -5.190764317736944,55.43219998456286,0 -5.183550530573304,55.43238798493508,0 -5.183550530573304,55.43238798493508,0 
							</coordinates>
						</LinearRing>
					</outerBoundaryIs>
				</Polygon>
				<Polygon>
					<outerBoundaryIs>
						<LinearRing>
							<coordinates>
								-5.540772042087389,55.42141509853486,0 -5.541175357164761,55.42131648137198,0 -5.544796278787935,55.42244449979705,0 -5.550195762249411,55.42412626886129,0 -5.544422275998549,55.42625231095823,0 -5.53765024914712,55.42734089165199,0 -5.54015896168371,55.42257898792167,0 -5.540772042087389,55.42141509853486,0 -5.540772042087389,55.42141509853486,0 
							</coordinates>
						</LinearRing>
					</outerBoundaryIs>
				</Polygon>
				<Polygon>
					<outerBoundaryIs>
						<LinearRing>
							<coordinates>
								-5.07064075981536,55.52334392942397,0 -5.062692010253951,55.51259412452473,0 -5.085595043297911,55.52585115246094,0 -5.082546374812432,55.53375866256157,0 -5.081149335133782,55.53711053741844,0 -5.07064075981536,55.52334392942397,0 -5.07064075981536,55.52334392942397,0 
							</coordinates>
						</LinearRing>
					</outerBoundaryIs>
				</Polygon>
				<Polygon>
					<outerBoundaryIs>
						<LinearRing>
							<coordinates>
								-6.13780942503842,55.62066686369112,0 -6.141287371580382,55.61341253192457,0 -6.152042146540268,55.61446365775378,0 -6.149362845202642,55.61575098111769,0 -6.13780942503842,55.62066686369112,0 -6.13780942503842,55.62066686369112,0 
							</coordinates>
						</LinearRing>
					</outerBoundaryIs>
				</Polygon>
				<Polygon>
					<outerBoundaryIs>
						<LinearRing>
							<coordinates>
								-5.265344658519965,55.72111890289369,0 -5.200324906158746,55.70243917556983,0 -5.182431955137401,55.6920092376844,0 -5.160005265212149,55.67892481566857,0 -5.128725488468814,55.61362812410101,0 -5.126933752392827,55.60988073839819,0 -5.143861757968647,55.59617854005889,0 -5.151992054392507,55.59023661643803,0 -5.151872795528336,55.58969000474865,0 -5.15918460591025,55.58376551670926,0 -5.150123298507732,55.58166945844757,0 -5.15006163996269,55.58138671773769,0 -5.132337720346011,55.57755268129501,0 -5.107657302864909,55.57183422314539,0 -5.081759617884235,55.55270371817526,0 -5.127724797658008,55.53106338407672,0 -5.078114926752884,55.50989436724754,0 -5.093636987326293,55.49170493771557,0 -5.082448959689954,55.45454360325,0 -5.111232043758606,55.43988442064362,0 -5.136771706307688,55.44392803250845,0 -5.153193708033711,55.44110628495892,0 -5.157162838091663,55.44142058379781,0 -5.162081387361374,55.43973768460177,0 -5.163019287210828,55.43941674172447,0 -5.19532300601196,55.43385545466263,0 -5.250313157052574,55.43944705207521,0 -5.260063397917877,55.44348756277107,0 -5.261953071064706,55.44609002635386,0 -5.292251603327679,55.4568148518966,0 -5.312102364563114,55.46502509236991,0 -5.326187919779285,55.49816021211682,0 -5.354264917230424,55.50671832055147,0 -5.353792146181345,55.51164036140584,0 -5.34788650948318,55.53730180536021,0 -5.336487636319878,55.54955898707838,0 -5.389792847350413,55.6066840387839,0 -5.394172660974809,55.61136907871559,0 -5.394075724485005,55.62705835385017,0 -5.363711221924045,55.67837154601031,0 -5.326857507185165,55.68916430628859,0 -5.315034845232001,55.705939177647,0 -5.285408798644563,55.70244892838765,0 -5.28783414230023,55.70574494637086,0 -5.286524850905647,55.70572611218486,0 -5.28892792110762,55.70723117873963,0 -5.293227943731208,55.713072842005,0 -5.292160155518334,55.71402931138643,0 -5.265674691804296,55.72107561405431,0 -5.265344658519965,55.72111890289369,0 -5.265344658519965,55.72111890289369,0 
							</coordinates>
						</LinearRing>
					</outerBoundaryIs>
				</Polygon>
				<Polygon>
					<outerBoundaryIs>
						<LinearRing>
							<coordinates>
								-4.937086483463906,55.73512892338283,0 -4.953478644539671,55.71076863713597,0 -4.96670733162575,55.72176062207856,0 -4.937086483463906,55.73512892338283,0 -4.937086483463906,55.73512892338283,0 
							</coordinates>
						</LinearRing>
					</outerBoundaryIs>
				</Polygon>
				<Polygon>
					<outerBoundaryIs>
						<LinearRing>
							<coordinates>
								-5.729802334092732,55.71089491523514,0 -5.720877240092587,55.69969294538529,0 -5.724181867452636,55.69546885846186,0 -5.73331939382912,55.68441547263337,0 -5.716947149870323,55.68527641241355,0 -5.735479260991973,55.67719110356001,0 -5.733737616909592,55.66295071070067,0 -5.733373573794156,55.65943070986948,0 -5.762677995231164,55.64588106884856,0 -5.758580508880106,55.66807186091049,0 -5.769455857679054,55.66781886508787,0 -5.773299452284157,55.67690978868529,0 -5.745081511051833,55.70926323889313,0 -5.737526677864794,55.70754814605418,0 -5.73754907157197,55.70773811435458,0 -5.73587748237655,55.70737353723564,0 -5.738755751819933,55.71797119828057,0 -5.739456140675053,55.72390780465657,0 -5.721951443335223,55.72993859361515,0 -5.710880099032166,55.72256628378938,0 -5.729802334092732,55.71089491523514,0 -5.729802334092732,55.71089491523514,0 
							</coordinates>
						</LinearRing>
					</outerBoundaryIs>
				</Polygon>
				<Polygon>
					<outerBoundaryIs>
						<LinearRing>
							<coordinates>
								-4.892471852708582,55.76584176346728,0 -4.900495963788491,55.75293756003229,0 -4.912678987715021,55.7448437094796,0 -4.912764229563667,55.75404513430492,0 -4.929084555086868,55.7524369351443,0 -4.945788322538633,55.74336930142978,0 -4.945963866780811,55.74381028624973,0 -4.928396408180969,55.78452118677244,0 -4.912893013343886,55.78984312815927,0 -4.903353258912622,55.79292393585284,0 -4.892471852708582,55.76584176346728,0 -4.892471852708582,55.76584176346728,0 
							</coordinates>
						</LinearRing>
					</outerBoundaryIs>
				</Polygon>
				<Polygon>
					<outerBoundaryIs>
						<LinearRing>
							<coordinates>
								-5.146318260598734,55.78478722987958,0 -5.156390102639869,55.77697549753282,0 -5.160921346929791,55.78226675691796,0 -5.166525699950766,55.79059958109029,0 -5.163843752488765,55.79718983237218,0 -5.160128386961064,55.80471686087965,0 -5.151908472159547,55.79285728515875,0 -5.146318260598734,55.78478722987958,0 -5.146318260598734,55.78478722987958,0 
							</coordinates>
						</LinearRing>
					</outerBoundaryIs>
				</Polygon>
				<Polygon>
					<outerBoundaryIs>
						<LinearRing>
							<coordinates>
								-5.060755244242087,55.85915808620297,0 -5.057732532444036,55.83927037700003,0 -5.05614069725255,55.83947257197693,0 -5.056037737252196,55.83895015687801,0 -5.0235166098417,55.84345081604617,0 -5.021155617975025,55.80940070701606,0 -5.014074472140491,55.79631588283669,0 -4.999906148811708,55.77008694367856,0 -5.030628144948514,55.75716168545657,0 -5.004523384756435,55.73245913278033,0 -5.002993942089587,55.73068402377162,0 -5.028014547778146,55.72178231587088,0 -5.042174143164427,55.72834489418734,0 -5.052604047032669,55.73330151983006,0 -5.059802968306838,55.75859328037942,0 -5.092406855709039,55.77807972167648,0 -5.096562248960506,55.77719794260979,0 -5.097246790026231,55.77755592343202,0 -5.117558694341337,55.77273973919079,0 -5.11924026059031,55.77238249129034,0 -5.122865465546789,55.79359884895266,0 -5.125592330774761,55.80954074039813,0 -5.136921507978686,55.80215994550067,0 -5.141889699426397,55.81279973134265,0 -5.128089630142108,55.84529711375038,0 -5.168087409463904,55.85180138679164,0 -5.197334814278133,55.87424452548486,0 -5.211185680991307,55.88486137178507,0 -5.220271471367032,55.90129861424938,0 -5.211518862117238,55.90678515085014,0 -5.200521208517845,55.91293572321708,0 -5.1795343186262,55.92466486682827,0 -5.173203323284015,55.9240532131006,0 -5.159797278820203,55.92230055545991,0 -5.112230730962716,55.89232347447943,0 -5.077212653445385,55.88148436376573,0 -5.083298348226863,55.86802645018773,0 -5.090943300207556,55.86300269133378,0 -5.085861266780478,55.8623560431926,0 -5.086129633788472,55.86176219192795,0 -5.074211061076811,55.86087276898179,0 -5.060755244242087,55.85915808620297,0 -5.060755244242087,55.85915808620297,0 
							</coordinates>
						</LinearRing>
					</outerBoundaryIs>
				</Polygon>
				<Polygon>
					<outerBoundaryIs>
						<LinearRing>
							<coordinates>
								-6.124052263749483,55.93315951902825,0 -6.119391739124,55.92172671667263,0 -6.131082750769855,55.88982200305863,0 -6.106740034261373,55.852993656103,0 -6.102916447711373,55.8170851323444,0 -6.103029281435138,55.8129681085512,0 -6.083035871638731,55.78270255863904,0 -6.05128900674617,55.76647624224478,0 -6.045904197374085,55.76372178928469,0 -6.051068574633465,55.74481488586844,0 -6.051786313738438,55.74263380994754,0 -6.051734161209739,55.74260088693364,0 -6.051827682067049,55.74203435015899,0 -6.030989907342812,55.72619591989969,0 -6.035757609741505,55.71399443638152,0 -6.039285493604279,55.70972197688548,0 -6.038573668399455,55.70678414607842,0 -6.0389784056578,55.70574763807642,0 -6.037235841850393,55.70126137608123,0 -6.034871421691584,55.69149640381841,0 -6.02679297770026,55.69469780637816,0 -6.024314917483861,55.69489088530062,0 -6.029817442391558,55.68370718075865,0 -6.028264005345696,55.6837826784695,0 -6.028774063255846,55.68285101099976,0 -6.021841479717516,55.68409460473603,0 -6.019152020454959,55.68422512352576,0 -6.020642483888989,55.68352477412078,0 -6.04882734526184,55.67163982922784,0 -6.050129192729368,55.66966061495183,0 -6.054277055562412,55.66770902252339,0 -6.053711942997328,55.66421265244951,0 -6.056780950371585,55.65954464918028,0 -6.072374036113938,55.66337624272942,0 -6.073125731876138,55.64419161067126,0 -6.073198322742685,55.64237448161754,0 -6.085319540166416,55.64904788429592,0 -6.13135696705428,55.63196077756341,0 -6.148406831802816,55.62562453604623,0 -6.164583606708604,55.6308727947339,0 -6.185051226721401,55.62340898277867,0 -6.185378696829686,55.62378867358254,0 -6.193021433412256,55.63303821403468,0 -6.21685294077802,55.63056403981571,0 -6.210529622896645,55.62032023961441,0 -6.239259024233759,55.5925119159762,0 -6.251968661469703,55.59025367150542,0 -6.257732975675721,55.58950273694829,0 -6.266747319383366,55.57926666153465,0 -6.266873705583723,55.57912310381372,0 -6.268219055571846,55.57921531688102,0 -6.311152721117969,55.5821500705278,0 -6.312912113152672,55.58801890517227,0 -6.312972210208976,55.58837616163245,0 -6.313195554074663,55.58896420319012,0 -6.338231907145189,55.59115141246107,0 -6.332298010943724,55.61999472690097,0 -6.313526948108666,55.63846612953266,0 -6.302827476248988,55.64873824524526,0 -6.272479180380286,55.64959533172927,0 -6.266276016562695,55.65307902721523,0 -6.265854413496197,55.65310949893721,0 -6.265803212191861,55.6533445172559,0 -6.258119087006908,55.65765856113408,0 -6.263143762753433,55.66554817067448,0 -6.262867743239725,55.66681437643266,0 -6.271689945225853,55.67895903605248,0 -6.286566666568008,55.70227956528156,0 -6.310465960696371,55.71946940838231,0 -6.340292945251238,55.71621696878763,0 -6.339699213926274,55.72369346289808,0 -6.339172964900516,55.72969252092371,0 -6.338997845528044,55.72996573543563,0 -6.330536828760975,55.74206423767174,0 -6.277406535735324,55.75880224345095,0 -6.260970918935841,55.76397259543306,0 -6.251824912237693,55.77905278731226,0 -6.258726682218168,55.78438864754816,0 -6.346334039099868,55.78424809198928,0 -6.34791673645544,55.78169099242528,0 -6.349261872400098,55.78163099257119,0 -6.364260007012074,55.75574335404756,0 -6.368630483088519,55.74819315243774,0 -6.370772664093201,55.74472552477375,0 -6.413811811161142,55.70611645692885,0 -6.455549247552059,55.68622269469763,0 -6.487273952896134,55.67107872301131,0 -6.508865641512301,55.67690643164985,0 -6.524763090340597,55.69301146173045,0 -6.519616434080135,55.69619769908685,0 -6.498548731688065,55.7060451386573,0 -6.497293956882525,55.71000895789868,0 -6.492182100994834,55.71316983462649,0 -6.495821289836556,55.71466013546328,0 -6.495381712151923,55.71604827250555,0 -6.506025135726265,55.71901684730489,0 -6.497980114963344,55.73351649641635,0 -6.496601969642575,55.73569436780854,0 -6.462915615573895,55.75075034176487,0 -6.460373615640846,55.75188564583708,0 -6.461459754928043,55.75224598062265,0 -6.463150967384069,55.75280702126241,0 -6.464924973996871,55.75339548388485,0 -6.469652526327083,55.7556678312235,0 -6.464588007044335,55.76536430812665,0 -6.455612252079619,55.78253747067957,0 -6.46699595519862,55.78638345201636,0 -6.486006165679207,55.79280258314387,0 -6.468804886885056,55.80214814592225,0 -6.457859905138466,55.80808578807991,0 -6.45562385376888,55.80928315239681,0 -6.454402440901306,55.82529023491743,0 -6.464007322191681,55.82779765126578,0 -6.453694076186802,55.85253350160519,0 -6.428548610546241,55.8603019548932,0 -6.418342060433814,55.85476997711035,0 -6.414077627169511,55.85187198850191,0 -6.391129470706271,55.85817291217205,0 -6.327690247815913,55.89115504273981,0 -6.326624768732678,55.89168910930994,0 -6.345126015732355,55.83460312737579,0 -6.333563525127832,55.82242695556275,0 -6.317819809652012,55.82195700642693,0 -6.327244262196031,55.83442940636935,0 -6.311725617008891,55.8565274985364,0 -6.310677070873039,55.85708197230396,0 -6.310789432183778,55.85785976538534,0 -6.304401309127243,55.86694804086827,0 -6.315331343628369,55.87356486038702,0 -6.278672536208793,55.87680771772833,0 -6.241132676206773,55.89960136911999,0 -6.213751123820644,55.91266049845569,0 -6.204776848409136,55.92164034520457,0 -6.195893979430553,55.92701981844222,0 -6.172702575703436,55.92589747309384,0 -6.162903896345334,55.92848880253757,0 -6.126322132167706,55.93815325024311,0 -6.124052263749483,55.93315951902825,0 -6.124052263749483,55.93315951902825,0 
							</coordinates>
						</LinearRing>
					</outerBoundaryIs>
				</Polygon>
				<Polygon>
					<outerBoundaryIs>
						<LinearRing>
							<coordinates>
								-5.671149496518797,55.9582893835755,0 -5.697423553376737,55.93286434319693,0 -5.698153982976854,55.93306211087135,0 -5.697938371215185,55.94719368107264,0 -5.689000701337925,55.95688494932831,0 -5.679227202088691,55.95200521435954,0 -5.671876018507149,55.95826773634345,0 -5.665966949179918,55.96329996212388,0 -5.671149496518797,55.9582893835755,0 -5.671149496518797,55.9582893835755,0 
							</coordinates>
						</LinearRing>
					</outerBoundaryIs>
				</Polygon>
				<Polygon>
					<outerBoundaryIs>
						<LinearRing>
							<coordinates>
								-6.132066112095857,56.12137086189168,0 -6.166259502558161,56.07869784054917,0 -6.170717562206815,56.07589922504719,0 -6.178345593232777,56.07162046911058,0 -6.195663735674438,56.06190109395391,0 -6.194376496367452,56.06103762928372,0 -6.194644718142215,56.06086905230461,0 -6.19271502829134,56.05992305732089,0 -6.181347266721659,56.05229478036285,0 -6.1853493268735,56.04281957111951,0 -6.219936371052269,56.02907261120495,0 -6.2080631432405,56.02192214720112,0 -6.20824289565942,56.01991874690042,0 -6.212212759683767,56.01977110956842,0 -6.21338483949224,56.02111551920278,0 -6.225949525021091,56.01925925619813,0 -6.230149980232744,56.01910243359573,0 -6.236419727093822,56.00738597415132,0 -6.254224490392657,56.00178085065698,0 -6.254145627966815,56.00719865789998,0 -6.251879321359723,56.01363256568658,0 -6.261151647280424,56.01877992217478,0 -6.260137256591394,56.01876851913872,0 -6.261490656184735,56.01896807611739,0 -6.26869147713829,56.02296396099922,0 -6.229078670418837,56.0284571726944,0 -6.232501330613122,56.03229332318526,0 -6.248680903129699,56.03435328213255,0 -6.245351396507028,56.04549594348344,0 -6.26794962419044,56.03886974362171,0 -6.274861292672819,56.03780510919034,0 -6.256557616225252,56.04929076528176,0 -6.255282521977054,56.0499341143679,0 -6.255247872049912,56.05011227754905,0 -6.246863976723836,56.05536977910845,0 -6.254031459815477,56.05636585206187,0 -6.253315702614272,56.0600447249709,0 -6.244616525203778,56.06347614448155,0 -6.257351854620691,56.06591877806168,0 -6.240322301689369,56.07269090216801,0 -6.252505310931721,56.07548140930913,0 -6.24656581666183,56.08350756439621,0 -6.234203060060674,56.09166464910285,0 -6.207791089408088,56.10616084988375,0 -6.196359478793033,56.10567401505749,0 -6.183214232550107,56.10175797765978,0 -6.182511718955563,56.10508284635912,0 -6.181973190161937,56.10505982501233,0 -6.180258949618165,56.10498652539807,0 -6.180281944864546,56.11563258969831,0 -6.17982336839409,56.11780161400548,0 -6.170124852647948,56.12228482660629,0 -6.146672297850462,56.1331185873369,0 -6.135159018492626,56.12404449299354,0 -6.134510127765932,56.1234836038137,0 -6.132066112095857,56.12137086189168,0 -6.132066112095857,56.12137086189168,0 
							</coordinates>
						</LinearRing>
					</outerBoundaryIs>
				</Polygon>
				<Polygon>
					<outerBoundaryIs>
						<LinearRing>
							<coordinates>
								-5.708217069683757,56.14966939903753,0 -5.695052760713885,56.13742862187087,0 -5.68632091872927,56.12930415284998,0 -5.686472488399463,56.11155266924649,0 -5.775574091379984,56.01690946562643,0 -5.782363472570846,56.01514418506197,0 -5.792003491026376,56.01331920309239,0 -5.819328171821782,55.97318345506578,0 -5.831635333620297,55.97143299887265,0 -5.834390713325692,55.97119083763932,0 -5.834438265979311,55.97103414241631,0 -5.835388165359697,55.97089895622624,0 -5.840413639788358,55.95312399043616,0 -5.843761048672664,55.94127584018837,0 -5.843998501844476,55.94043512199718,0 -5.875115058493108,55.90530164468625,0 -5.871825477712027,55.88990043285592,0 -5.885893539671485,55.87911397137008,0 -5.880628581476155,55.89159247211883,0 -5.896359122196598,55.8899797292509,0 -5.900415347964238,55.87032843361261,0 -5.9013358212883,55.86725955570391,0 -5.916113661883275,55.87265977242408,0 -5.935490155445167,55.8674900813627,0 -5.95010593303447,55.83470349626995,0 -5.949872712008284,55.83448290454898,0 -5.949887455840845,55.83444996614974,0 -5.944449592005301,55.83042231225771,0 -5.938620564592558,55.82600913882338,0 -5.962851137244082,55.7926654003646,0 -6.034947156932859,55.79554066753168,0 -6.063648470445979,55.80617365849177,0 -6.086360920159867,55.8313823997302,0 -6.085305330915998,55.86355912943325,0 -6.095565276610333,55.87197821906494,0 -6.093948174486987,55.87690809649133,0 -6.085758045084053,55.90034974798289,0 -6.025977348919291,55.94706251429174,0 -6.023887236740739,55.94726088251687,0 -5.915318697775898,55.95751357997091,0 -5.901452236008824,55.96262184408444,0 -5.857644523295415,55.97778942595011,0 -5.881417926369105,55.96997380942398,0 -5.886712691504644,55.97870529150455,0 -5.889642038605358,55.97825272838122,0 -5.892483847270302,55.98249808767798,0 -5.893385801521829,55.97767422942718,0 -5.913198713765267,55.97461050122206,0 -5.923041914376672,55.96298070815701,0 -5.937750761909155,55.96066775830761,0 -5.939339253139989,55.96047494399784,0 -5.993351632688397,55.97582267536369,0 -6.005316677639463,55.97313201117273,0 -5.999520390483564,55.989387131938,0 -5.948968413688136,56.03764762310807,0 -5.939229176111394,56.0426475809724,0 -5.880706228683754,56.07048661358682,0 -5.857373037150334,56.07791950172503,0 -5.820300050871142,56.08971445065341,0 -5.799387175844783,56.11189448554,0 -5.784123048479765,56.10855966240972,0 -5.744443855561792,56.12974374298712,0 -5.744771928001473,56.13592987563624,0 -5.744868136519817,56.13774344128905,0 -5.721139443117298,56.13802514494618,0 -5.72125769682561,56.13873631767143,0 -5.722885991200299,56.14641909476212,0 -5.713778812399114,56.1485722730549,0 -5.708217069683757,56.14966939903753,0 -5.708217069683757,56.14966939903753,0 
							</coordinates>
						</LinearRing>
					</outerBoundaryIs>
				</Polygon>
				<Polygon>
					<outerBoundaryIs>
						<LinearRing>
							<coordinates>
								-5.671255073169706,56.16834477456888,0 -5.699497436318524,56.15975459384889,0 -5.743182945620712,56.16157803841732,0 -5.742850208866304,56.17730478778591,0 -5.738993382928125,56.18066331068676,0 -5.692247079275941,56.19982433898814,0 -5.688892635622536,56.20083990880941,0 -5.674881381319263,56.1918513399127,0 -5.671255073169706,56.16834477456888,0 -5.671255073169706,56.16834477456888,0 
							</coordinates>
						</LinearRing>
					</outerBoundaryIs>
				</Polygon>
				<Polygon>
					<outerBoundaryIs>
						<LinearRing>
							<coordinates>
								-5.587619479985007,56.20752744400144,0 -5.610198710805207,56.19551693935374,0 -5.60848534113635,56.22881966309363,0 -5.607933018893688,56.22992770397818,0 -5.590196465324235,56.22317093520753,0 -5.587619479985007,56.20752744400144,0 -5.587619479985007,56.20752744400144,0 
							</coordinates>
						</LinearRing>
					</outerBoundaryIs>
				</Polygon>
				<Polygon>
					<outerBoundaryIs>
						<LinearRing>
							<coordinates>
								-5.800678716351497,56.22229101214737,0 -5.817717739129422,56.21652080346211,0 -5.798794912956306,56.22915470706305,0 -5.800678716351497,56.22229101214737,0 -5.800678716351497,56.22229101214737,0 
							</coordinates>
						</LinearRing>
					</outerBoundaryIs>
				</Polygon>
				<Polygon>
					<outerBoundaryIs>
						<LinearRing>
							<coordinates>
								-5.697345806487145,56.22389587093954,0 -5.684350679593829,56.20313355691852,0 -5.695925937514226,56.20212680304683,0 -5.701311533134659,56.21313888197478,0 -5.702327676592912,56.21304744795204,0 -5.702476399531735,56.2133378142342,0 -5.702986369911444,56.2129881732149,0 -5.714085502885289,56.21198882471544,0 -5.700237539382416,56.22606438810233,0 -5.689591976637288,56.23679781850329,0 -5.697345806487145,56.22389587093954,0 -5.697345806487145,56.22389587093954,0 
							</coordinates>
						</LinearRing>
					</outerBoundaryIs>
				</Polygon>
				<Polygon>
					<outerBoundaryIs>
						<LinearRing>
							<coordinates>
								-5.623758765156865,56.25288484730195,0 -5.622622133994905,56.25213358952447,0 -5.624383445996981,56.25236272616888,0 -5.623758765156865,56.25288484730195,0 -5.623758765156865,56.25288484730195,0 
							</coordinates>
						</LinearRing>
					</outerBoundaryIs>
				</Polygon>
				<Polygon>
					<outerBoundaryIs>
						<LinearRing>
							<coordinates>
								-5.752314943174426,56.24193732584826,0 -5.776558295524783,56.23721057628568,0 -5.752863956161511,56.24993326640809,0 -5.752314943174426,56.24193732584826,0 -5.752314943174426,56.24193732584826,0 
							</coordinates>
						</LinearRing>
					</outerBoundaryIs>
				</Polygon>
				<Polygon>
					<outerBoundaryIs>
						<LinearRing>
							<coordinates>
								-5.6175759650723,56.25165544516236,0 -5.61768386653876,56.2514910015466,0 -5.620289050231697,56.25183002750596,0 -5.622345838566907,56.25406573740818,0 -5.608365658253473,56.2657453350338,0 -5.6175759650723,56.25165544516236,0 -5.6175759650723,56.25165544516236,0 
							</coordinates>
						</LinearRing>
					</outerBoundaryIs>
				</Polygon>
				<Polygon>
					<outerBoundaryIs>
						<LinearRing>
							<coordinates>
								-5.631936357239577,56.19770549747563,0 -5.63410898992258,56.1908219639437,0 -5.663557284142922,56.21789997882262,0 -5.664571545926855,56.21908153184845,0 -5.646236389613936,56.25454733352286,0 -5.637953301985932,56.27008860732695,0 -5.63239176476764,56.25501687113582,0 -5.616648645539327,56.24787219521848,0 -5.633301614469416,56.21914586461542,0 -5.631936357239577,56.19770549747563,0 -5.631936357239577,56.19770549747563,0 
							</coordinates>
						</LinearRing>
					</outerBoundaryIs>
				</Polygon>
				<Polygon>
					<outerBoundaryIs>
						<LinearRing>
							<coordinates>
								-5.659928867863755,56.28969443920978,0 -5.662960614595197,56.28958625811987,0 -5.655607358347243,56.29483687215636,0 -5.653003379479895,56.29116087972172,0 -5.659928867863755,56.28969443920978,0 -5.659928867863755,56.28969443920978,0 
							</coordinates>
						</LinearRing>
					</outerBoundaryIs>
				</Polygon>
				<Polygon>
					<outerBoundaryIs>
						<LinearRing>
							<coordinates>
								-5.585125046638992,56.32051359127841,0 -5.587714617068715,56.30578696091618,0 -5.589125559820531,56.3018939647021,0 -5.610218213076603,56.29300559936075,0 -5.598060469937716,56.28010094147831,0 -5.624978513075017,56.26615776049122,0 -5.626132587135526,56.26711585944707,0 -5.632489873059221,56.29096421295721,0 -5.653099247814378,56.29779929519405,0 -5.621892562312627,56.3194426209753,0 -5.617996638669209,56.32214239459874,0 -5.617043062317303,56.32158931295094,0 -5.615127925570949,56.31964070791092,0 -5.610617823247347,56.31505086122148,0 -5.60753712702049,56.31607449216406,0 -5.60520408259897,56.31472062875403,0 -5.610403464519313,56.30961323413956,0 -5.59166972668362,56.32032391008204,0 -5.584430738894587,56.32446033626169,0 -5.585125046638992,56.32051359127841,0 -5.585125046638992,56.32051359127841,0 
							</coordinates>
						</LinearRing>
					</outerBoundaryIs>
				</Polygon>
				<Polygon>
					<outerBoundaryIs>
						<LinearRing>
							<coordinates>
								-6.355172372704518,56.29579556919986,0 -6.361282925650929,56.28461915394828,0 -6.370744913548003,56.29177359017962,0 -6.38443409474422,56.28811384901852,0 -6.384199442591106,56.28845963875454,0 -6.377840188073199,56.29499468316236,0 -6.372531479190193,56.3004482347182,0 -6.369288588035274,56.30068362523548,0 -6.353459289556833,56.29892768840043,0 -6.355172372704518,56.29579556919986,0 -6.355172372704518,56.29579556919986,0 
							</coordinates>
						</LinearRing>
					</outerBoundaryIs>
				</Polygon>
				<Polygon>
					<outerBoundaryIs>
						<LinearRing>
							<coordinates>
								-6.406079009505801,56.31463174506644,0 -6.420584052841853,56.30696186326939,0 -6.429452108229457,56.30823548513556,0 -6.439472396155062,56.30982616199708,0 -6.426882227114135,56.32257961954107,0 -6.420899531571205,56.32529503500234,0 -6.425408275264687,56.33749825362202,0 -6.391749606942062,56.34917032534081,0 -6.385554512981653,56.35105560434347,0 -6.385426554660699,56.34990997872181,0 -6.396456978306063,56.3239257035597,0 -6.406079009505801,56.31463174506644,0 -6.406079009505801,56.31463174506644,0 
							</coordinates>
						</LinearRing>
					</outerBoundaryIs>
				</Polygon>
				<Polygon>
					<outerBoundaryIs>
						<LinearRing>
							<coordinates>
								-5.487953846826291,56.42123602576766,0 -5.550475777431896,56.37290606191048,0 -5.558936833746878,56.37059060524685,0 -5.552723918377589,56.37877447280002,0 -5.563493262479704,56.38226233557988,0 -5.563937526184635,56.38223097997531,0 -5.587862964138709,56.38053988731208,0 -5.566003892772798,56.40431637860902,0 -5.562250007007342,56.40839624972507,0 -5.521741176693233,56.41135258046931,0 -5.512510617374207,56.41698245771372,0 -5.497069429536382,56.42518198565669,0 -5.487953846826291,56.42123602576766,0 -5.487953846826291,56.42123602576766,0 
							</coordinates>
						</LinearRing>
					</outerBoundaryIs>
				</Polygon>
				<Polygon>
					<outerBoundaryIs>
						<LinearRing>
							<coordinates>
								-5.674472626569401,56.43496162970697,0 -5.674427108845173,56.43269900733415,0 -5.676408340226532,56.43415786344232,0 -5.674472626569401,56.43496162970697,0 -5.674472626569401,56.43496162970697,0 
							</coordinates>
						</LinearRing>
					</outerBoundaryIs>
				</Polygon>
				<Polygon>
					<outerBoundaryIs>
						<LinearRing>
							<coordinates>
								-6.151803246081197,56.44748847406785,0 -6.16181471621396,56.43623029906134,0 -6.163459560609096,56.43887969671091,0 -6.164875840152065,56.44352489307739,0 -6.151803246081197,56.44748847406785,0 -6.151803246081197,56.44748847406785,0 
							</coordinates>
						</LinearRing>
					</outerBoundaryIs>
				</Polygon>
				<Polygon>
					<outerBoundaryIs>
						<LinearRing>
							<coordinates>
								-6.078413608630468,56.46404127477209,0 -6.079030123963367,56.4634101447229,0 -6.099247289188629,56.46437684205567,0 -6.090932055605771,56.46918058884751,0 -6.088605435710234,56.47031855557765,0 -6.087370249192367,56.47005578862902,0 -6.078413608630468,56.46404127477209,0 -6.078413608630468,56.46404127477209,0 
							</coordinates>
						</LinearRing>
					</outerBoundaryIs>
				</Polygon>
				<Polygon>
					<outerBoundaryIs>
						<LinearRing>
							<coordinates>
								-6.225370623064767,56.49961202908006,0 -6.177583364471475,56.4821949294472,0 -6.176810370999512,56.4831572071455,0 -6.176539418002605,56.48304853730865,0 -6.172328448567941,56.48854035863375,0 -6.164946754664471,56.48223767898762,0 -6.161029658597973,56.47889210688832,0 -6.153538929570715,56.48262021413723,0 -6.153131388332584,56.48282301250225,0 -6.152932197448631,56.48264053145054,0 -6.140750924584872,56.47147715169535,0 -6.159043614437852,56.46356586697145,0 -6.187493485895843,56.46674537000519,0 -6.188114538317609,56.46608487647817,0 -6.199286355525482,56.46156794219004,0 -6.203525338358611,56.46215347330865,0 -6.207151197349861,56.47229043726461,0 -6.207550999587213,56.47226042084069,0 -6.207524932231489,56.47280395105774,0 -6.211718435214073,56.47194745897195,0 -6.221035505017207,56.47124724942578,0 -6.222110311592251,56.47031887237153,0 -6.222860423991567,56.46967092115657,0 -6.241113750034243,56.46593865868246,0 -6.243536722406817,56.4670977256035,0 -6.24604989862322,56.47244823041202,0 -6.262039867619429,56.47594503753128,0 -6.267592035253428,56.4785984488669,0 -6.26742870330256,56.47875237609403,0 -6.25026318847102,56.4949216061787,0 -6.24468455820739,56.49606447380443,0 -6.23181543256737,56.49426128646807,0 -6.228653574546009,56.49934690202293,0 -6.2260857967297,56.49987242378165,0 -6.225370623064767,56.49961202908006,0 -6.225370623064767,56.49961202908006,0 
							</coordinates>
						</LinearRing>
					</outerBoundaryIs>
				</Polygon>
				<Polygon>
					<outerBoundaryIs>
						<LinearRing>
							<coordinates>
								-6.290199213667784,56.49770130104099,0 -6.271559269965676,56.4898042516766,0 -6.254639732343256,56.49402478169102,0 -6.252991123088253,56.49436263106157,0 -6.272113372788073,56.47859099521533,0 -6.277515896910814,56.47413226010562,0 -6.278981986039421,56.47835409258382,0 -6.280692437806739,56.48327830361107,0 -6.305988412536196,56.48124968325929,0 -6.306325966978818,56.49129558668809,0 -6.301837745848849,56.49307877577569,0 -6.300219236071048,56.49119272315987,0 -6.300078093118367,56.49377780461995,0 -6.290199213667784,56.49770130104099,0 -6.290199213667784,56.49770130104099,0 
							</coordinates>
						</LinearRing>
					</outerBoundaryIs>
				</Polygon>
				<Polygon>
					<outerBoundaryIs>
						<LinearRing>
							<coordinates>
								-5.407759461622414,56.52669643172906,0 -5.427115199095489,56.52537046575229,0 -5.424201106153458,56.52813158644154,0 -5.410872552583069,56.53555937596979,0 -5.407764144006062,56.53597782759981,0 -5.407759461622414,56.52669643172906,0 -5.407759461622414,56.52669643172906,0 
							</coordinates>
						</LinearRing>
					</outerBoundaryIs>
				</Polygon>
				<Polygon>
					<outerBoundaryIs>
						<LinearRing>
							<coordinates>
								-5.429769669826382,56.56005927667999,0 -5.500302139287674,56.50277548634149,0 -5.505876745744488,56.49823906210656,0 -5.572304748080794,56.47147378760269,0 -5.596807902663197,56.46158262470419,0 -5.58302046582148,56.4707040664508,0 -5.575246621188144,56.47571755867105,0 -5.573446678066074,56.48360867026537,0 -5.570184192046592,56.49790401966605,0 -5.558063810849796,56.50113208901891,0 -5.53190923733563,56.50809208881171,0 -5.527407037452001,56.51100289914638,0 -5.521241581419906,56.51268068247101,0 -5.466698261986896,56.54931429590261,0 -5.469100635817626,56.55850366236216,0 -5.454808912014376,56.54994506845257,0 -5.434688115967306,56.55878333927036,0 -5.429769669826382,56.56005927667999,0 -5.429769669826382,56.56005927667999,0 
							</coordinates>
						</LinearRing>
					</outerBoundaryIs>
				</Polygon>
				<Polygon>
					<outerBoundaryIs>
						<LinearRing>
							<coordinates>
								-5.383578910915693,56.59584752163236,0 -5.396009883100877,56.57877608679048,0 -5.396406209912806,56.57946001693077,0 -5.401394254920082,56.59013583442312,0 -5.399329612150211,56.59105496680596,0 -5.383578910915693,56.59584752163236,0 -5.383578910915693,56.59584752163236,0 
							</coordinates>
						</LinearRing>
					</outerBoundaryIs>
				</Polygon>
				<Polygon>
					<outerBoundaryIs>
						<LinearRing>
							<coordinates>
								-6.725570971045712,56.54077628044854,0 -6.724652099655938,56.52741023642599,0 -6.758342139653978,56.52446750015217,0 -6.756217996861931,56.52166646117691,0 -6.751590308085864,56.51556211496158,0 -6.761088459647692,56.51118534823402,0 -6.77408247758748,56.52525922859958,0 -6.80381446433884,56.52383682483742,0 -6.813398064465146,56.51273299009952,0 -6.795935764214906,56.50691191774428,0 -6.794252392866178,56.50597917177845,0 -6.810695246536996,56.4890432329756,0 -6.866536691082923,56.49090274822478,0 -6.873600467236443,56.48675028955939,0 -6.874348058197264,56.48674304445413,0 -6.875223152711204,56.48673455908915,0 -6.879852938682252,56.48307368843182,0 -6.894600979558168,56.47439749894165,0 -6.893452032351045,56.46366093013486,0 -6.893318272475527,56.45561512270978,0 -6.893146388973485,56.44526258181753,0 -6.931850142845222,56.44329393866613,0 -6.939541199766722,56.45378048769722,0 -6.941850462365407,56.45692783023992,0 -6.956196092817962,56.45937343811158,0 -6.97862474709475,56.4522155482023,0 -6.979205217691225,56.45203020644645,0 -6.979176699300577,56.45219333701338,0 -6.972821167232616,56.48851842220247,0 -6.985395445689739,56.50393122615906,0 -6.986785516085712,56.50390233510724,0 -6.986784020172625,56.50415884451409,0 -6.990430819971087,56.50382649631668,0 -6.998117529863306,56.50366622760531,0 -6.996777376287757,56.50449624460896,0 -6.983045339523152,56.5074045888532,0 -6.973790786154265,56.51780259442558,0 -6.931560919757032,56.53068317038414,0 -6.878680028342047,56.52041825704127,0 -6.871948702851522,56.51910957454578,0 -6.868720102921473,56.52217322114777,0 -6.821108385237943,56.54221044526729,0 -6.817038007462212,56.54336521009237,0 -6.813414914138143,56.54223281768205,0 -6.796716788960525,56.53527376892306,0 -6.795081656109219,56.53650008707271,0 -6.79471635115238,56.53638581234974,0 -6.794061005625663,56.53726550406042,0 -6.788841749727773,56.54117898636117,0 -6.779644699279888,56.53796945257008,0 -6.779094738824536,56.5374223575318,0 -6.778787388232592,56.53767020863382,0 -6.7776217549855,56.53726332960917,0 -6.753472829873604,56.55595844018962,0 -6.740594054200653,56.5441832083701,0 -6.730707861062146,56.54366321266226,0 -6.725570971045712,56.54077628044854,0 -6.725570971045712,56.54077628044854,0 
							</coordinates>
						</LinearRing>
					</outerBoundaryIs>
				</Polygon>
				<Polygon>
					<outerBoundaryIs>
						<LinearRing>
							<coordinates>
								-6.707229311296667,56.56443997838891,0 -6.731937321614365,56.56037193998271,0 -6.710341584974265,56.56862516911426,0 -6.708332911857124,56.56640775394979,0 -6.707229311296667,56.56443997838891,0 -6.707229311296667,56.56443997838891,0 
							</coordinates>
						</LinearRing>
					</outerBoundaryIs>
				</Polygon>
				<Polygon>
					<outerBoundaryIs>
						<LinearRing>
							<coordinates>
								-6.111585599964829,56.64409469887359,0 -6.065509278217915,56.63877956229549,0 -6.057762218447268,56.62904011639926,0 -6.057213641909202,56.62828250178114,0 -6.068816657531658,56.62134233018708,0 -6.065854957533443,56.62047802727484,0 -6.0663168220276,56.62007322674103,0 -6.050414193678831,56.6159701943189,0 -6.031452377895223,56.61043026646791,0 -6.011174036000412,56.58815754301127,0 -5.988312534547713,56.57987333602829,0 -5.982522627229115,56.5710461674932,0 -5.962325074564437,56.5372672771357,0 -5.974205611529862,56.53170526942073,0 -5.950428927149175,56.518221694361,0 -5.944662691221924,56.52181039511095,0 -5.931733384056416,56.52188448757732,0 -5.919186484169732,56.51663050768077,0 -5.902048658269559,56.51819478845469,0 -5.862670146795661,56.52177970063659,0 -5.843952924326385,56.51443502349237,0 -5.829947893049876,56.50861880336278,0 -5.829771108885205,56.50886622107632,0 -5.823513101249068,56.50640782548498,0 -5.822539350871669,56.51740189754193,0 -5.795785651218151,56.51526911367466,0 -5.773207884434539,56.49477586384428,0 -5.767350201440482,56.48945460263244,0 -5.74043786374016,56.48207421627683,0 -5.718996976931741,56.48530164586559,0 -5.715981094019615,56.48321490977561,0 -5.710859957485185,56.47419059841761,0 -5.692453813265161,56.46692541883471,0 -5.679064191484782,56.45764649942051,0 -5.682262501303796,56.4520029101006,0 -5.660459862967163,56.44834849687305,0 -5.651269921666289,56.45685364720329,0 -5.651176164718961,56.45473191154384,0 -5.651192182218521,56.42518684119991,0 -5.669267645443825,56.42889920888785,0 -5.663006953927372,56.43275260581482,0 -5.678359418714171,56.44114995498102,0 -5.692762951850828,56.42736440699988,0 -5.676946198261124,56.43393451822789,0 -5.674403956234871,56.43154786253707,0 -5.674167541293481,56.41978535318251,0 -5.666579289795933,56.4233732467236,0 -5.664635740237468,56.42237411235281,0 -5.663420108502981,56.42123208727975,0 -5.662582431858818,56.42131846020023,0 -5.651523626726838,56.41563126150055,0 -5.678395278758513,56.38386136855988,0 -5.716427519967088,56.3908101987037,0 -5.712719912037052,56.40440227241915,0 -5.709555814162758,56.41423026666737,0 -5.710053838356548,56.41417049523515,0 -5.709891741956369,56.41476425188158,0 -5.712085879327736,56.41392659907899,0 -5.733008096202523,56.41141328303847,0 -5.747108239981769,56.41365688990814,0 -5.730680927212037,56.39621786726871,0 -5.753114160699447,56.39456892699987,0 -5.75705794030829,56.38136955571101,0 -5.792905967475632,56.36659961963687,0 -5.785662773131229,56.36808220676863,0 -5.790206291768298,56.36600751009437,0 -5.721614246026063,56.38116884455449,0 -5.708128948660802,56.3839188869832,0 -5.692428891434973,56.38293727121626,0 -5.69019536644653,56.38273298779276,0 -5.694329350663907,56.37073474143127,0 -5.744720507078217,56.34190131745622,0 -5.826566079853876,56.31328196746612,0 -5.83302651147294,56.31101882884431,0 -5.838830221236068,56.31214882760968,0 -5.842124509412888,56.31279948077405,0 -5.881845411902494,56.32063603189055,0 -5.887898357764508,56.32182880453401,0 -5.882285026599706,56.32496301289009,0 -5.845100907638245,56.34570567909912,0 -5.851285905095733,56.3540549986478,0 -5.875610393804547,56.3563831055414,0 -5.882343327553285,56.35234317226763,0 -5.884986032742845,56.351512874838,0 -5.900757509534309,56.34655581244703,0 -5.923529227356757,56.32760438971257,0 -5.933370516019584,56.32168643792199,0 -5.985756534010519,56.3230064083785,0 -6.016093583365026,56.30727327275905,0 -6.043128962437782,56.29323547841556,0 -6.073923876614265,56.30134968599951,0 -6.077948465196494,56.30253325120332,0 -6.125580656712255,56.2968788617463,0 -6.141860582784962,56.28455199453364,0 -6.197584027174685,56.29220217790994,0 -6.201250648909837,56.29101927126757,0 -6.202196980594182,56.29112802371235,0 -6.202298447566177,56.2910919278413,0 -6.214707498133556,56.28667635499072,0 -6.224458530534308,56.28352789990183,0 -6.244387326939147,56.28872691591648,0 -6.246852066451885,56.28561418315886,0 -6.24894911583505,56.28586568079195,0 -6.26188243091755,56.26662060590519,0 -6.263548733726243,56.26451369924561,0 -6.263973477146867,56.26505640806464,0 -6.268459112228106,56.27414663277263,0 -6.319229589270887,56.26978019034646,0 -6.322541943189922,56.27075406348368,0 -6.322036004713432,56.28278646993214,0 -6.328489347075196,56.28283618289428,0 -6.328158225660017,56.28487049982347,0 -6.348629746911035,56.28498339177597,0 -6.347147948840684,56.29607799008751,0 -6.345802667493667,56.30614590064463,0 -6.375915244440965,56.30896079378053,0 -6.350249837923939,56.34686903035528,0 -6.295453218544893,56.34448274085188,0 -6.293609150608732,56.34437175356625,0 -6.288630257765303,56.33702507079822,0 -6.288301955484142,56.33702309201968,0 -6.285522893124176,56.33307605054075,0 -6.284763717003429,56.33700171910834,0 -6.271787157647367,56.3369224701086,0 -6.266375454843739,56.32445516855236,0 -6.296848236356782,56.32453453994369,0 -6.235433400947609,56.31586186336895,0 -6.247549533048273,56.34323667477335,0 -6.207209791552327,56.33571179182371,0 -6.189280578817601,56.33236209648189,0 -6.175529672324229,56.33448107956271,0 -6.183951503376375,56.33787511766044,0 -6.182812952064392,56.3387793462275,0 -6.176726888146831,56.34119106052354,0 -6.157808136114546,56.33921800377252,0 -6.144396409519626,56.33748425011358,0 -6.143951179264739,56.33777087390361,0 -6.140906618837247,56.33745269660496,0 -6.129303728671577,56.34690674217243,0 -6.102103101242083,56.34243477152967,0 -6.069822374297463,56.3566499993274,0 -6.017605324708151,56.36466518266828,0 -6.002248849544442,56.37857130122266,0 -6.012726038319174,56.38725694293313,0 -6.007367910594628,56.3878382810275,0 -5.978633462365376,56.38599402232089,0 -6.021683477965678,56.39481746638901,0 -6.023111398861237,56.39408583231213,0 -6.023587368634267,56.39418899241743,0 -6.045699590390698,56.38250632416131,0 -6.058379889594824,56.37600113524488,0 -6.071475292989364,56.38401560714697,0 -6.094249459557685,56.37082711615395,0 -6.104725322360403,56.36705981322694,0 -6.193835319863767,56.35900613768102,0 -6.208337493548917,56.37244650207884,0 -6.204975525935742,56.38538698933777,0 -6.150134132111598,56.41324551011061,0 -6.129577445818225,56.44615518988284,0 -6.124176545598139,56.44875133483961,0 -6.053717638281493,56.4515406869961,0 -5.995754458955802,56.48266560777792,0 -5.997405604335873,56.48775238811114,0 -5.999035932813724,56.49281092173926,0 -5.999039706159872,56.49285988981134,0 -6.006859708401993,56.49442631431989,0 -6.012217399939984,56.50009793111902,0 -6.031525178004309,56.48981166618663,0 -6.034942721008304,56.48830885652285,0 -6.046461466955583,56.48616109878726,0 -6.085502150461195,56.47887196792529,0 -6.122168655649089,56.47324805411392,0 -6.134867233232195,56.48213739911613,0 -6.145758822926423,56.48143321733085,0 -6.148270029574546,56.48151204586912,0 -6.146761076933531,56.48284701566255,0 -6.136864111950663,56.49160013599413,0 -6.147691855810977,56.50035499432582,0 -6.224330276434345,56.52903860515117,0 -6.228081307043534,56.52871039658216,0 -6.228637612736864,56.52891075108353,0 -6.228796411781726,56.52896794243728,0 -6.250097083370322,56.52678165981042,0 -6.28578030835342,56.52364687973837,0 -6.33946436490256,56.53739591093538,0 -6.332992305407264,56.55429346908269,0 -6.318932959668313,56.55692692010662,0 -6.304200835802929,56.55862903977215,0 -6.278700842921296,56.57753270618896,0 -6.283404363440811,56.57749913186543,0 -6.281967781422056,56.57862158545186,0 -6.298091351849317,56.57739315304145,0 -6.314190973483689,56.57727498356413,0 -6.322755078599904,56.60635463683739,0 -6.273548835964491,56.60293593508074,0 -6.271529587363351,56.60397063733159,0 -6.270289425309505,56.60390679758818,0 -6.268338397331637,56.60560568381496,0 -6.252909538019353,56.61350775287878,0 -6.252335736908694,56.61326209585134,0 -6.2372813977837,56.60617087683165,0 -6.18725666520804,56.58257434341698,0 -6.201720425619372,56.59156913825818,0 -6.188598991573024,56.58593793447201,0 -6.222562891057178,56.60487687408509,0 -6.21087864778745,56.60333074695139,0 -6.225950692139507,56.61437222217706,0 -6.225977330737006,56.63363311735468,0 -6.207951759858113,56.62823820239551,0 -6.196342346885324,56.62441532902718,0 -6.196841613416068,56.62491092528506,0 -6.193571896652494,56.62393140113696,0 -6.207129153573457,56.63570279233934,0 -6.201217867418536,56.63357873720123,0 -6.199216312843134,56.63272348162319,0 -6.199191933685715,56.63285065411466,0 -6.197498096016596,56.63224187299192,0 -6.197223194360922,56.64253622936084,0 -6.165138532903318,56.64195086099269,0 -6.15044448550162,56.6477179331748,0 -6.127508849623004,56.65607397730644,0 -6.111585599964829,56.64409469887359,0 -6.111585599964829,56.64409469887359,0 
							</coordinates>
						</LinearRing>
					</outerBoundaryIs>
				</Polygon>
				<Polygon>
					<outerBoundaryIs>
						<LinearRing>
							<coordinates>
								-5.869954755535259,56.66180257972353,0 -5.88846434784343,56.65124805037049,0 -5.891936038022362,56.65666520865626,0 -5.894919487454924,56.66144582100179,0 -5.881119433344979,56.6702407669231,0 -5.869954755535259,56.66180257972353,0 -5.869954755535259,56.66180257972353,0 
							</coordinates>
						</LinearRing>
					</outerBoundaryIs>
				</Polygon>
				<Polygon>
					<outerBoundaryIs>
						<LinearRing>
							<coordinates>
								-5.91723639035223,56.66507795134222,0 -5.904371522351544,56.65904949515448,0 -5.916565399957617,56.65861786317185,0 -5.930703850028352,56.6581158923146,0 -5.946932442369993,56.65850139472855,0 -5.939986749265681,56.66790868848737,0 -5.93950929897061,56.66728175059543,0 -5.939725880552158,56.6592967441843,0 -5.929525683747485,56.66776347455004,0 -5.927075094687132,56.66968611780606,0 -5.91723639035223,56.66507795134222,0 -5.91723639035223,56.66507795134222,0 
							</coordinates>
						</LinearRing>
					</outerBoundaryIs>
				</Polygon>
				<Polygon>
					<outerBoundaryIs>
						<LinearRing>
							<coordinates>
								-6.452454772440967,56.68802173238468,0 -6.451688218771633,56.67496962311144,0 -6.473288035495122,56.65140818495967,0 -6.504745875740712,56.61703572485774,0 -6.505033104723731,56.61684907410702,0 -6.533127884081662,56.63962288956558,0 -6.522318078799037,56.61338888318851,0 -6.528166645118386,56.60936017272837,0 -6.529980564771276,56.61035241561297,0 -6.553099272429279,56.59492445555303,0 -6.562125008233961,56.59487643201667,0 -6.564582177567885,56.5948632458668,0 -6.56573637193354,56.58669645025908,0 -6.579130624936004,56.59210001928988,0 -6.592544694154348,56.58589821837036,0 -6.599144051276273,56.58572405867854,0 -6.599971905443272,56.58930535424938,0 -6.609942059408858,56.57546789700505,0 -6.624001900930949,56.5926876351996,0 -6.634642189560125,56.5768312345474,0 -6.637266077233928,56.57351606649313,0 -6.647129986386731,56.5831044931873,0 -6.669683018713427,56.58348603338034,0 -6.671168429787499,56.5810803899886,0 -6.677195803665638,56.58063007775748,0 -6.680641005871663,56.56573213378936,0 -6.681007576762565,56.5651379301489,0 -6.693901154832691,56.56333273591847,0 -6.708801804674931,56.57934180561652,0 -6.708063999227649,56.58040376018018,0 -6.698446245921444,56.58521875297196,0 -6.695140955894081,56.58296640717104,0 -6.684352616934843,56.59227103181323,0 -6.67783372662486,56.59553159709861,0 -6.67472730236197,56.59530939752796,0 -6.673053665095758,56.59281469765521,0 -6.659056346491385,56.59418724073834,0 -6.654889576300895,56.59388852358604,0 -6.636162781372376,56.61815567100795,0 -6.624692562754534,56.62120703143717,0 -6.61821183026817,56.62247707910741,0 -6.61798835373188,56.62298980656041,0 -6.614922647148406,56.62380485998627,0 -6.611267463231935,56.63796596046173,0 -6.58380828780932,56.64738051778833,0 -6.580954572420131,56.64835832299863,0 -6.57059977313692,56.65137080165271,0 -6.570655827667988,56.65188616220549,0 -6.569086317510516,56.65242366634703,0 -6.546328047238325,56.66021372159702,0 -6.533329299873932,56.67376284361816,0 -6.52634161646862,56.67680052224392,0 -6.505610100946785,56.67890563853141,0 -6.502825494883135,56.6858928151115,0 -6.491628155611257,56.68205186712928,0 -6.49374827016283,56.69071010125641,0 -6.472466464487343,56.68702011882449,0 -6.469558022043613,56.69183027862707,0 -6.464580472490107,56.6908068846485,0 -6.452454772440967,56.68802173238468,0 -6.452454772440967,56.68802173238468,0 
							</coordinates>
						</LinearRing>
					</outerBoundaryIs>
				</Polygon>
				<Polygon>
					<outerBoundaryIs>
						<LinearRing>
							<coordinates>
								-5.807967980579756,56.79464853743151,0 -5.850219784443413,56.78614692651347,0 -5.886003425478236,56.7922436901591,0 -5.875603363411281,56.8108590674613,0 -5.832906189082924,56.79605564231305,0 -5.807967980579756,56.79464853743151,0 -5.807967980579756,56.79464853743151,0 
							</coordinates>
						</LinearRing>
					</outerBoundaryIs>
				</Polygon>
				<Polygon>
					<outerBoundaryIs>
						<LinearRing>
							<coordinates>
								-7.611127212368792,56.78423480448613,0 -7.636176745733833,56.77838951834099,0 -7.652601421935176,56.78335621676945,0 -7.659940142913114,56.78557424569064,0 -7.642231169449579,56.78979522656196,0 -7.615589024540403,56.78503302327499,0 -7.611127212368792,56.78423480448613,0 -7.611127212368792,56.78423480448613,0 
							</coordinates>
						</LinearRing>
					</outerBoundaryIs>
				</Polygon>
				<Polygon>
					<outerBoundaryIs>
						<LinearRing>
							<coordinates>
								-6.264636637131689,56.84815590599018,0 -6.253945638968988,56.84045777420231,0 -6.221976421240442,56.8455471791015,0 -6.220827252961127,56.84012624707272,0 -6.218874487010348,56.83091048700174,0 -6.227655906661072,56.83515956145725,0 -6.234768798730037,56.82318488755855,0 -6.246785903033198,56.83303862724568,0 -6.262533087014994,56.82967854217387,0 -6.269291591501414,56.82823564601774,0 -6.275288457883874,56.83422971610382,0 -6.276412014034273,56.83555910861294,0 -6.266736241201267,56.83856322861544,0 -6.263652659957227,56.83952035824682,0 -6.26139405364873,56.84022134018258,0 -6.264600734626697,56.84784074654038,0 -6.264695280467359,56.8481981205782,0 -6.264636637131689,56.84815590599018,0 -6.264636637131689,56.84815590599018,0 
							</coordinates>
						</LinearRing>
					</outerBoundaryIs>
				</Polygon>
				<Polygon>
					<outerBoundaryIs>
						<LinearRing>
							<coordinates>
								-7.621214807544221,56.80282752142862,0 -7.640947221038124,56.79662757847581,0 -7.665532175870433,56.79993933109916,0 -7.647393165356837,56.81288102313783,0 -7.658310969017071,56.82234597948252,0 -7.623233532234056,56.82966038587471,0 -7.621214807544221,56.80282752142862,0 -7.621214807544221,56.80282752142862,0 
							</coordinates>
						</LinearRing>
					</outerBoundaryIs>
				</Polygon>
				<Polygon>
					<outerBoundaryIs>
						<LinearRing>
							<coordinates>
								-7.560430992890397,56.85425238527979,0 -7.567736427786864,56.84769772295979,0 -7.578343756295189,56.84837685870288,0 -7.597276856428967,56.84958674032059,0 -7.592668813860423,56.85985336584735,0 -7.592361939772507,56.85989691504623,0 -7.580231296807742,56.86101885632237,0 -7.576259116922751,56.86138596621242,0 -7.560430992890397,56.85425238527979,0 -7.560430992890397,56.85425238527979,0 
							</coordinates>
						</LinearRing>
					</outerBoundaryIs>
				</Polygon>
				<Polygon>
					<outerBoundaryIs>
						<LinearRing>
							<coordinates>
								-5.887224861604403,56.92636071891526,0 -5.885059251485981,56.92016912314203,0 -5.899155732955991,56.91997696562785,0 -5.887224861604403,56.92636071891526,0 -5.887224861604403,56.92636071891526,0 
							</coordinates>
						</LinearRing>
					</outerBoundaryIs>
				</Polygon>
				<Polygon>
					<outerBoundaryIs>
						<LinearRing>
							<coordinates>
								-6.110657826675456,56.92473883471752,0 -6.115289736978864,56.88889264817519,0 -6.116061042282075,56.88825550998478,0 -6.125719416359135,56.88957958264095,0 -6.138033477787845,56.87221065680442,0 -6.14774102159363,56.87190986547631,0 -6.161806121612104,56.87222749916523,0 -6.169104647096585,56.87443284218147,0 -6.206483236157699,56.88795667256836,0 -6.208030262046618,56.89717386655184,0 -6.207028964497665,56.90516760997572,0 -6.200873185638143,56.90954013950611,0 -6.185324228412274,56.91535306525844,0 -6.17681968079032,56.91554076648585,0 -6.157600982939471,56.91523789186032,0 -6.161225058095871,56.93654081593142,0 -6.137535809738677,56.94443028771623,0 -6.126001468307148,56.93629920271505,0 -6.110657826675456,56.92473883471752,0 -6.110657826675456,56.92473883471752,0 
							</coordinates>
						</LinearRing>
					</outerBoundaryIs>
				</Polygon>
				<Polygon>
					<outerBoundaryIs>
						<LinearRing>
							<coordinates>
								-7.498157298285175,56.88426158422681,0 -7.505953479595992,56.88287164489299,0 -7.525796321823206,56.88747609340781,0 -7.536925378766018,56.89631070033162,0 -7.538415010523662,56.89858571478563,0 -7.526001775317314,56.90250780941676,0 -7.523772110930771,56.90221663983102,0 -7.497630159148388,56.89786084275267,0 -7.496670962022923,56.89666886724358,0 -7.498157298285175,56.88426158422681,0 -7.498157298285175,56.88426158422681,0 
							</coordinates>
						</LinearRing>
					</outerBoundaryIs>
				</Polygon>
				<Polygon>
					<outerBoundaryIs>
						<LinearRing>
							<coordinates>
								-7.440907607449351,56.91926458043329,0 -7.444623376235826,56.9121524283476,0 -7.450339887308812,56.92032706735232,0 -7.442343519295927,56.92204054571631,0 -7.439712472377868,56.92246314427746,0 -7.440907607449351,56.91926458043329,0 -7.440907607449351,56.91926458043329,0 
							</coordinates>
						</LinearRing>
					</outerBoundaryIs>
				</Polygon>
				<Polygon>
					<outerBoundaryIs>
						<LinearRing>
							<coordinates>
								-7.405987139495197,56.98846095785813,0 -7.405942949191954,56.98815697954169,0 -7.417403542126856,56.99121345423432,0 -7.405987139495197,56.98846095785813,0 -7.405987139495197,56.98846095785813,0 
							</coordinates>
						</LinearRing>
					</outerBoundaryIs>
				</Polygon>
				<Polygon>
					<outerBoundaryIs>
						<LinearRing>
							<coordinates>
								-7.345946930523922,56.99510623176612,0 -7.356830267424594,56.99431758774502,0 -7.349761471046678,56.99972080728218,0 -7.349360182548558,56.9995287474767,0 -7.345946930523922,56.99510623176612,0 -7.345946930523922,56.99510623176612,0 
							</coordinates>
						</LinearRing>
					</outerBoundaryIs>
				</Polygon>
				<Polygon>
					<outerBoundaryIs>
						<LinearRing>
							<coordinates>
								-7.364867508164824,57.0006499484495,0 -7.360920404315758,56.99214835793293,0 -7.376232305747261,57.00048569694944,0 -7.367098153851553,57.00074410618091,0 -7.364867508164824,57.0006499484495,0 -7.364867508164824,57.0006499484495,0 
							</coordinates>
						</LinearRing>
					</outerBoundaryIs>
				</Polygon>
				<Polygon>
					<outerBoundaryIs>
						<LinearRing>
							<coordinates>
								-7.349280878751237,57.0190099196392,0 -7.335378709516247,57.0107618100522,0 -7.330421141940888,57.0141432616871,0 -7.329179918840239,57.01378063114259,0 -7.329032974193888,57.00642924293489,0 -7.361315402993777,57.01248592061489,0 -7.359482633817927,57.01366774774294,0 -7.349280878751237,57.0190099196392,0 -7.349280878751237,57.0190099196392,0 
							</coordinates>
						</LinearRing>
					</outerBoundaryIs>
				</Polygon>
				<Polygon>
					<outerBoundaryIs>
						<LinearRing>
							<coordinates>
								-6.328931610770054,57.0606274336347,0 -6.28738989834233,57.04657399087893,0 -6.259163534920289,57.03701095248114,0 -6.246487975836616,57.02036188234057,0 -6.251875266778864,57.01895998147057,0 -6.278598162674289,57.0120011102871,0 -6.240292569505123,57.00555468550252,0 -6.237271676983185,57.00499775014761,0 -6.238313677318851,57.0020059438037,0 -6.255883872381103,56.96730552232679,0 -6.276837561805014,56.95487195229261,0 -6.310110053652759,56.93510474285378,0 -6.368533366421556,56.95246624826478,0 -6.370253946648633,56.95678992467095,0 -6.374808840675243,56.97342402649404,0 -6.459039029477703,57.00764280692017,0 -6.448791728757293,57.01210543865797,0 -6.408610849870349,57.02958578823009,0 -6.396764270524747,57.04295143442557,0 -6.36273762602544,57.0521183624553,0 -6.350211809220004,57.04921218727364,0 -6.328931610770054,57.0606274336347,0 -6.328931610770054,57.0606274336347,0 
							</coordinates>
						</LinearRing>
					</outerBoundaryIs>
				</Polygon>
				<Polygon>
					<outerBoundaryIs>
						<LinearRing>
							<coordinates>
								-6.496238669908916,57.05570339318417,0 -6.464384004379053,57.0445445227834,0 -6.488708771791557,57.0493137068268,0 -6.510187900738492,57.04437554857205,0 -6.512088753777795,57.0524738585511,0 -6.496238669908916,57.05570339318417,0 -6.496238669908916,57.05570339318417,0 
							</coordinates>
						</LinearRing>
					</outerBoundaryIs>
				</Polygon>
				<Polygon>
					<outerBoundaryIs>
						<LinearRing>
							<coordinates>
								-7.323716096864404,57.02617761997881,0 -7.323302601656564,57.01590670868843,0 -7.333591980656816,57.01777212487904,0 -7.343237317934175,57.02095603105482,0 -7.334639822183565,57.02337424887197,0 -7.323716096864404,57.02617761997881,0 -7.323716096864404,57.02617761997881,0 
							</coordinates>
						</LinearRing>
					</outerBoundaryIs>
				</Polygon>
				<Polygon>
					<outerBoundaryIs>
						<LinearRing>
							<coordinates>
								-6.487355197689581,57.06740894335352,0 -6.487093491407609,57.05816595075822,0 -6.487533976946425,57.05625916853327,0 -6.496903485426875,57.05616349682627,0 -6.548687313105604,57.05837710374555,0 -6.556651843008606,57.05365131830775,0 -6.583540762411854,57.04519679434914,0 -6.604174710582694,57.04634699955643,0 -6.606927355242685,57.04789520491707,0 -6.596547732511651,57.05858970142684,0 -6.591408709337261,57.06089027327468,0 -6.572938555464115,57.06326524644834,0 -6.559087949669767,57.0629415649892,0 -6.558005427682215,57.06518321019026,0 -6.523642458659022,57.06958920330154,0 -6.492947090151762,57.06857576961713,0 -6.487355197689581,57.06740894335352,0 -6.487355197689581,57.06740894335352,0 
							</coordinates>
						</LinearRing>
					</outerBoundaryIs>
				</Polygon>
				<Polygon>
					<outerBoundaryIs>
						<LinearRing>
							<coordinates>
								-7.445278962055072,57.02011167905219,0 -7.406739640144975,57.00695774449251,0 -7.423849728294651,57.0113972711482,0 -7.428277678212427,57.01271170615917,0 -7.427686691609464,57.01242146806484,0 -7.427511949436401,57.01234705307176,0 -7.427717424010466,57.01240033823445,0 -7.422759667361279,57.01032300702627,0 -7.405879948155978,57.00301243273118,0 -7.430317877868524,57.00223065559027,0 -7.40975389745372,56.99524532882499,0 -7.400361176091316,57.00021001318427,0 -7.378122359348248,56.99035073593624,0 -7.377584351341049,56.98058712715924,0 -7.404479594748007,56.98776659840119,0 -7.409342194844541,56.99413806068286,0 -7.421124208126182,56.99211019019869,0 -7.420192549609604,56.99188566135029,0 -7.404970638810015,56.98146709947258,0 -7.404719820269881,56.97974089185146,0 -7.421525680999538,56.97615772672018,0 -7.421906300959217,56.97608179893321,0 -7.421976539122576,56.97606155964939,0 -7.422019833924336,56.97559152283629,0 -7.422606230479488,56.97361032251494,0 -7.426195671338221,56.96147888421009,0 -7.43264940681891,56.96154224682557,0 -7.439725914998272,56.96271430745983,0 -7.439348577722344,56.96160766812733,0 -7.441599883095694,56.96162957121976,0 -7.435150030483402,56.94889290602823,0 -7.481282810107283,56.94644677336733,0 -7.48115193446109,56.95216714832927,0 -7.480927930587669,56.95436654866968,0 -7.500366270882438,56.95089405595521,0 -7.501187779775302,56.95243843565972,0 -7.50382465422126,56.95799184073568,0 -7.50374642308719,56.95724760257978,0 -7.504305579777608,56.95829839849161,0 -7.5031424870096,56.94673354190446,0 -7.514288648597412,56.94711702564491,0 -7.530250712993541,56.94773337491116,0 -7.541564045066238,56.93968069885744,0 -7.497765266946037,56.93264817156609,0 -7.514422772436834,56.93378596137633,0 -7.516856118257476,56.93404337215701,0 -7.529464404422535,56.92469979379283,0 -7.532839675608147,56.92231376625497,0 -7.532761648405342,56.92231348784708,0 -7.533307082129008,56.92185095955896,0 -7.50240298899018,56.92186518139987,0 -7.502886927756641,56.91795957886483,0 -7.503046990534649,56.91724589608454,0 -7.548473847898798,56.90948008740064,0 -7.560841154856107,56.92218516984756,0 -7.559413249434355,56.92215785013938,0 -7.544257101259271,56.9210709454142,0 -7.54075893093673,56.92723587440084,0 -7.545704899383783,56.92828476347025,0 -7.545716948508481,56.9287265829299,0 -7.554678408042629,56.93018711439871,0 -7.572205967936677,56.93390043899166,0 -7.560387291128761,56.9427501825142,0 -7.564575443061803,56.9451296517793,0 -7.567027808089281,56.94799379886008,0 -7.531946530547575,56.94679673602234,0 -7.535455391018691,56.94779201747343,0 -7.531045422433194,56.94753907342927,0 -7.560835490829055,56.95625885314083,0 -7.557450900859255,56.96358379215822,0 -7.554423636681387,56.96781080229892,0 -7.553822093250762,56.96865062624484,0 -7.518511767056734,56.97418452925412,0 -7.513390274147785,56.97984409957551,0 -7.513058568044054,56.97991365598157,0 -7.513235326645333,56.98001529742006,0 -7.512196136326923,56.98116342929376,0 -7.523612506821735,56.98598097283052,0 -7.525117807156087,56.98684610969241,0 -7.507399513391753,56.98679046904962,0 -7.513891228288061,56.99897862756598,0 -7.500519634617209,57.00380392067628,0 -7.527927578266512,57.01330633793136,0 -7.484791536425227,57.01372125350657,0 -7.462088888632819,57.02162692618847,0 -7.461422539379739,57.0217107669227,0 -7.461366740094689,57.02187827603851,0 -7.456599652011713,57.02353731831572,0 -7.453504307641118,57.04546737109692,0 -7.449371463625554,57.0578557624653,0 -7.419054686249376,57.04224056533992,0 -7.445278962055072,57.02011167905219,0 -7.445278962055072,57.02011167905219,0 
							</coordinates>
						</LinearRing>
					</outerBoundaryIs>
				</Polygon>
				<Polygon>
					<outerBoundaryIs>
						<LinearRing>
							<coordinates>
								-7.370462382144835,57.05231556580411,0 -7.394417795790242,57.04316995697288,0 -7.397543422200512,57.04523113670204,0 -7.400029741571499,57.05024400004339,0 -7.389018407200757,57.06220031027694,0 -7.388547410621277,57.06245473437335,0 -7.370462382144835,57.05231556580411,0 -7.370462382144835,57.05231556580411,0 
							</coordinates>
						</LinearRing>
					</outerBoundaryIs>
				</Polygon>
				<Polygon>
					<outerBoundaryIs>
						<LinearRing>
							<coordinates>
								-7.434452619756001,57.06549991952199,0 -7.449635760484543,57.06379649489651,0 -7.446518059439836,57.06602834253398,0 -7.44174175771127,57.06877491697649,0 -7.435322767101632,57.06596891932583,0 -7.434452619756001,57.06549991952199,0 -7.434452619756001,57.06549991952199,0 
							</coordinates>
						</LinearRing>
					</outerBoundaryIs>
				</Polygon>
				<Polygon>
					<outerBoundaryIs>
						<LinearRing>
							<coordinates>
								-5.780475218080252,57.14620304907087,0 -5.792476245145322,57.1438053953724,0 -5.790408238338936,57.14722751648576,0 -5.786232174747514,57.1495741936352,0 -5.780475218080252,57.14620304907087,0 -5.780475218080252,57.14620304907087,0 
							</coordinates>
						</LinearRing>
					</outerBoundaryIs>
				</Polygon>
				<Polygon>
					<outerBoundaryIs>
						<LinearRing>
							<coordinates>
								-7.301217785523417,57.08745264781733,0 -7.299033519826773,57.08618439754877,0 -7.283820714281577,57.08864780493278,0 -7.268929686303767,57.09105701451677,0 -7.267769671859081,57.09119654225511,0 -7.276890228433901,57.06807919708248,0 -7.280871761453338,57.06795665395918,0 -7.298480330984076,57.06741317035226,0 -7.298169836663123,57.06731106878944,0 -7.298049064709044,57.06728337083608,0 -7.298189545535094,57.06728599979178,0 -7.290647104315222,57.0655854617501,0 -7.280186329599296,57.06314361438911,0 -7.276887837541264,57.06237340055825,0 -7.279802029834543,57.06044436715184,0 -7.291188497533598,57.05290464634283,0 -7.291404946040915,57.0527664648374,0 -7.30900890542691,57.06149877598281,0 -7.315800208253687,57.09332209612423,0 -7.316332094040566,57.09622445242501,0 -7.306548661377419,57.09054737950626,0 -7.309196664392591,57.0897569847212,0 -7.301217785523417,57.08745264781733,0 -7.301217785523417,57.08745264781733,0 
							</coordinates>
						</LinearRing>
					</outerBoundaryIs>
				</Polygon>
				<Polygon>
					<outerBoundaryIs>
						<LinearRing>
							<coordinates>
								-6.18235605936344,57.16304174573617,0 -6.181303273159901,57.15285076636778,0 -6.209182297062068,57.15104912379192,0 -6.207889044147882,57.14814840943772,0 -6.202957743231397,57.13629289287778,0 -6.213907040420428,57.13345983203248,0 -6.23136149575681,57.13176720536328,0 -6.254904585803104,57.14981009060169,0 -6.226124652976061,57.15826309250209,0 -6.213602603166501,57.15309960323417,0 -6.220321333048535,57.15889945911393,0 -6.20462288138235,57.16626281180745,0 -6.18235605936344,57.16304174573617,0 -6.18235605936344,57.16304174573617,0 
							</coordinates>
						</LinearRing>
					</outerBoundaryIs>
				</Polygon>
				<Polygon>
					<outerBoundaryIs>
						<LinearRing>
							<coordinates>
								-7.298895710966342,57.1433554428826,0 -7.316476918556947,57.14248354866171,0 -7.325040293901758,57.15005207738137,0 -7.298895710966342,57.1433554428826,0 -7.298895710966342,57.1433554428826,0 
							</coordinates>
						</LinearRing>
					</outerBoundaryIs>
				</Polygon>
				<Polygon>
					<outerBoundaryIs>
						<LinearRing>
							<coordinates>
								-5.846593516758205,57.27447909763563,0 -5.863366767364074,57.26875048616034,0 -5.868850166248786,57.27797421710496,0 -5.858138852832511,57.28162058136451,0 -5.846593516758205,57.27447909763563,0 -5.846593516758205,57.27447909763563,0 
							</coordinates>
						</LinearRing>
					</outerBoundaryIs>
				</Polygon>
				<Polygon>
					<outerBoundaryIs>
						<LinearRing>
							<coordinates>
								-5.497953571944215,57.29301284283441,0 -5.49832799386107,57.29293794414108,0 -5.496974121301554,57.2943383813007,0 -5.497953571944215,57.29301284283441,0 -5.497953571944215,57.29301284283441,0 
							</coordinates>
						</LinearRing>
					</outerBoundaryIs>
				</Polygon>
				<Polygon>
					<outerBoundaryIs>
						<LinearRing>
							<coordinates>
								-5.882238679387147,57.31000575126407,0 -5.889892442493256,57.30588201384506,0 -5.891752520625005,57.3154838041509,0 -5.882238679387147,57.31000575126407,0 -5.882238679387147,57.31000575126407,0 
							</coordinates>
						</LinearRing>
					</outerBoundaryIs>
				</Polygon>
				<Polygon>
					<outerBoundaryIs>
						<LinearRing>
							<coordinates>
								-5.927879665943856,57.28122209209802,0 -5.979259156182158,57.27411385881599,0 -5.981941543773942,57.27558586995814,0 -6.006209978425477,57.2888955429971,0 -6.015691675858915,57.29867119331909,0 -6.021324964864076,57.30608811396538,0 -6.015138306200487,57.32064814929911,0 -6.010026952512334,57.32223026863168,0 -5.997277088827589,57.32519588546621,0 -5.98735745480497,57.3242804526411,0 -5.987210340748785,57.32424157086911,0 -5.925006190928126,57.30777813474973,0 -5.927879665943856,57.28122209209802,0 -5.927879665943856,57.28122209209802,0 
							</coordinates>
						</LinearRing>
					</outerBoundaryIs>
				</Polygon>
				<Polygon>
					<outerBoundaryIs>
						<LinearRing>
							<coordinates>
								-5.853644710974507,57.35761931241509,0 -5.840117934727216,57.33852907205663,0 -5.834173146620665,57.35160092841647,0 -5.820494338553937,57.33476594598022,0 -5.844379272177339,57.33530992862012,0 -5.853644710974507,57.35761931241509,0 -5.853644710974507,57.35761931241509,0 
							</coordinates>
						</LinearRing>
					</outerBoundaryIs>
				</Polygon>
				<Polygon>
					<outerBoundaryIs>
						<LinearRing>
							<coordinates>
								-6.491180919766953,57.33108316241347,0 -6.491435335686876,57.33070154740266,0 -6.512157943783342,57.33157348599082,0 -6.491795810700459,57.34520390090262,0 -6.491215124347272,57.34495645678989,0 -6.491180919766953,57.33108316241347,0 -6.491180919766953,57.33108316241347,0 
							</coordinates>
						</LinearRing>
					</outerBoundaryIs>
				</Polygon>
				<Polygon>
					<outerBoundaryIs>
						<LinearRing>
							<coordinates>
								-7.328017070016815,57.39544703402666,0 -7.316846905917655,57.38816137316707,0 -7.295663418083577,57.38680914032423,0 -7.278583132951137,57.38205010230239,0 -7.278240811406,57.38195422914713,0 -7.266371306596815,57.37431076722435,0 -7.299538768529559,57.37225554876876,0 -7.242833780316672,57.35439983981485,0 -7.240111457016196,57.35295700327676,0 -7.240949025167469,57.35021156923683,0 -7.269520352491641,57.3500851354021,0 -7.272742556504615,57.3503576587335,0 -7.269155185731546,57.34499503838556,0 -7.263674381136428,57.3445491321611,0 -7.260099637168278,57.34210526377076,0 -7.253282518906336,57.34370298144769,0 -7.232929323113535,57.34204311705982,0 -7.219825439367853,57.34932482400798,0 -7.219940064286037,57.34909584993294,0 -7.22523979961851,57.34201221300271,0 -7.226623376549688,57.34016245370697,0 -7.235348679160654,57.34132576583595,0 -7.229916265679939,57.33596802170387,0 -7.264082871607096,57.3332409411319,0 -7.262999255058687,57.32940472632558,0 -7.26282000889468,57.3283934704495,0 -7.293171284884726,57.33744700330927,0 -7.270930170835075,57.32333998530203,0 -7.235649756173402,57.32414587637128,0 -7.227120086768128,57.32418415792295,0 -7.219638116892856,57.30107752529647,0 -7.197765279833369,57.30665194528524,0 -7.191158100073208,57.29890504269434,0 -7.200642799690716,57.28377888313281,0 -7.202340425481273,57.28121362762289,0 -7.208569127759788,57.28153129797108,0 -7.226208631812774,57.28250795566333,0 -7.252228215946281,57.26065861934537,0 -7.252096170552282,57.26050351330353,0 -7.249935434982043,57.25814305305218,0 -7.24174626830043,57.24915489770983,0 -7.266001409873476,57.22510637480732,0 -7.266682081241859,57.22443591171429,0 -7.27632735250552,57.224744848284,0 -7.301886058412925,57.22592596505926,0 -7.300420855726118,57.23346955092142,0 -7.300039263777274,57.23424890041649,0 -7.298017599449924,57.23354881813757,0 -7.286579042240607,57.22819195953531,0 -7.291017610368908,57.23112433340689,0 -7.282319343807723,57.22811063269987,0 -7.305044141777623,57.23986289900127,0 -7.305372954327452,57.23902910211621,0 -7.306214879403373,57.23689400679267,0 -7.333175213680957,57.23100865606851,0 -7.334522845881262,57.23087299074492,0 -7.343604946438429,57.24317982598988,0 -7.344574121224904,57.24014021936231,0 -7.347723328647148,57.24318866304847,0 -7.347129986432693,57.23754398604334,0 -7.3620885537822,57.24610738071698,0 -7.358026466241602,57.23990575165861,0 -7.362666319032028,57.24400835190686,0 -7.354691535772302,57.23481254069841,0 -7.348711166039774,57.22567519341358,0 -7.317581677396996,57.22356782888311,0 -7.319211476400705,57.22460146098819,0 -7.308277560087661,57.22993597925691,0 -7.307669519757994,57.23003173830413,0 -7.302813059269383,57.22124900831437,0 -7.299841727522778,57.21587318452099,0 -7.299033500012688,57.21587498804931,0 -7.298896288731056,57.21564314613705,0 -7.2667063853322,57.21113388630665,0 -7.260928305657425,57.20761389858873,0 -7.262529700430907,57.20237125844311,0 -7.266075947176612,57.19362786341424,0 -7.263900436189289,57.19233477146302,0 -7.243870552555424,57.16455086177807,0 -7.243711354284333,57.16394699605405,0 -7.248648952436578,57.16104321968768,0 -7.263718868810165,57.15217673761109,0 -7.272595524575553,57.15120014505806,0 -7.293540307593791,57.15665333324645,0 -7.301799225201289,57.15880220335503,0 -7.307690917878417,57.16033465731929,0 -7.30768411645847,57.15952081605487,0 -7.320310592323146,57.16438167215406,0 -7.309547048932314,57.15847345881351,0 -7.307666741869149,57.15744104576352,0 -7.307615448123047,57.15129472183749,0 -7.292327424636788,57.14818329806305,0 -7.28992158051181,57.14769343949071,0 -7.289750154072943,57.14759923451647,0 -7.292290601902192,57.14792618032556,0 -7.320691606329905,57.1515773625977,0 -7.325359392454947,57.15634267828468,0 -7.327707746648258,57.15877854995787,0 -7.32763708583443,57.15866367347436,0 -7.327077461598415,57.15772911296127,0 -7.325546372884575,57.15535520544763,0 -7.322889897284015,57.15114671133659,0 -7.326408240734723,57.15144444623269,0 -7.355052654137076,57.15397898600892,0 -7.354702874181071,57.15387996904865,0 -7.355078851122266,57.15392398174755,0 -7.333718635559609,57.13707336042022,0 -7.33394148757756,57.13683865287984,0 -7.333500086529494,57.13690162459162,0 -7.332576605462898,57.13617593070871,0 -7.29141996935058,57.14184568229443,0 -7.283993183598342,57.14286718382083,0 -7.254751859406946,57.1379513685382,0 -7.245396144592578,57.13606114002576,0 -7.243084683985869,57.11911268698485,0 -7.240287927293863,57.12098062412687,0 -7.239952985071084,57.11983792565945,0 -7.23344134264402,57.12555238185598,0 -7.231746805246132,57.12668366966529,0 -7.210942364190959,57.11772463921775,0 -7.214583461131935,57.11088393244925,0 -7.219370710561557,57.11123953406886,0 -7.229112017434266,57.11196254045925,0 -7.217678158825917,57.11085954727217,0 -7.233089720677423,57.10435349539883,0 -7.228465564125434,57.09619980159784,0 -7.23211196755145,57.09696253923003,0 -7.278800456744205,57.10841246067893,0 -7.282542034169037,57.10749699949137,0 -7.2866315038872,57.10835009135813,0 -7.300673199374776,57.11127795846318,0 -7.316584481012898,57.09916061058587,0 -7.322465569693215,57.10575857901453,0 -7.372599158979153,57.10418858689464,0 -7.390873765409079,57.11382273669548,0 -7.404411606134172,57.13749956520612,0 -7.40379652751033,57.13791134707452,0 -7.405245687932645,57.13895722488063,0 -7.411527035493404,57.14993055074467,0 -7.412225639469828,57.15407482470525,0 -7.412488497397034,57.15563386875496,0 -7.408068770993304,57.16068914630614,0 -7.415311248425191,57.17236615054512,0 -7.423006298177239,57.217888528294,0 -7.434604447185727,57.23679865628275,0 -7.457327441607609,57.24118898961461,0 -7.429224016637884,57.24650258172612,0 -7.428638668031289,57.24889686621633,0 -7.4285895784844,57.24890914939958,0 -7.428608646208568,57.24923596062497,0 -7.421845616317913,57.27925297313107,0 -7.420006910945167,57.28016387428671,0 -7.421519440978407,57.28069959160965,0 -7.419663487650192,57.28892901507744,0 -7.395801973773288,57.30176234117596,0 -7.38744895037858,57.29809549389604,0 -7.39879222695195,57.30791064654728,0 -7.400888582622062,57.33457637480479,0 -7.401217367245108,57.33875366505336,0 -7.401527934759667,57.34707223026942,0 -7.401914886868475,57.34761148183274,0 -7.402860069994501,57.35960492445652,0 -7.428633008388353,57.38835863103184,0 -7.427864174685955,57.38856910132097,0 -7.411505965124075,57.38747283378742,0 -7.402823497996757,57.39542019854854,0 -7.391092835340975,57.39862712991125,0 -7.377107811477694,57.39561239758533,0 -7.384043409803732,57.39266826049435,0 -7.339506684229826,57.4029368931765,0 -7.328017070016815,57.39544703402666,0 -7.328017070016815,57.39544703402666,0 
							</coordinates>
						</LinearRing>
					</outerBoundaryIs>
				</Polygon>
				<Polygon>
					<outerBoundaryIs>
						<LinearRing>
							<coordinates>
								-7.188907702560064,57.41035834368373,0 -7.196089588790121,57.40193404303781,0 -7.18876672650163,57.40372107111168,0 -7.188599594864389,57.39584505713064,0 -7.20205211354991,57.39284403252358,0 -7.217978528292497,57.39052001285773,0 -7.215428118729033,57.38985818135428,0 -7.218409058523731,57.38919250516485,0 -7.218870497251207,57.38927032103503,0 -7.232765867573982,57.39181900256066,0 -7.232192770161764,57.392573531133,0 -7.216730603947988,57.40545550935007,0 -7.18892128190796,57.41099733800581,0 -7.188907702560064,57.41035834368373,0 -7.188907702560064,57.41035834368373,0 
							</coordinates>
						</LinearRing>
					</outerBoundaryIs>
				</Polygon>
				<Polygon>
					<outerBoundaryIs>
						<LinearRing>
							<coordinates>
								-5.977279350862406,57.49488776928997,0 -5.981918896250739,57.47976372379151,0 -6.001944141753585,57.45947428529033,0 -6.031246526158232,57.4297400336861,0 -6.017553902305546,57.38912487670597,0 -6.01388935294462,57.38655261981041,0 -5.992335104116613,57.37141338268479,0 -5.991965370185303,57.37115354683381,0 -5.99187154035523,57.36715235262292,0 -5.991668165017185,57.35847397239802,0 -6.020039588780797,57.33362218214261,0 -6.049176653622236,57.32866567210092,0 -6.065910470389856,57.33395739247481,0 -6.064911771823193,57.34632035092287,0 -6.075172341945053,57.34858393509697,0 -6.07628861770458,57.35056184330271,0 -6.081591022430752,57.34999938700897,0 -6.08694544935814,57.35117981246606,0 -6.073141423579164,57.38060522670525,0 -6.074179200706787,57.38461420008692,0 -6.083769481356773,57.42161624666392,0 -6.055537182326192,57.46005954526795,0 -6.016726862331415,57.4549080551929,0 -6.010210246889889,57.46539469334842,0 -6.02834198059446,57.46973578010463,0 -6.018097860347011,57.47323261685951,0 -6.029315172376687,57.49239247326859,0 -6.01888358374134,57.48022648453465,0 -5.99223667629602,57.49328706478335,0 -5.990960860207373,57.49391550498341,0 -5.988901051573746,57.50489851903221,0 -5.977279350862406,57.49488776928997,0 -5.977279350862406,57.49488776928997,0 
							</coordinates>
						</LinearRing>
					</outerBoundaryIs>
				</Polygon>
				<Polygon>
					<outerBoundaryIs>
						<LinearRing>
							<coordinates>
								-5.994389952454306,57.50960681349728,0 -5.991478944384214,57.50675432256484,0 -6.007754354514661,57.51247892877839,0 -6.009362679086412,57.51304441532996,0 -6.011913637755484,57.51409091740665,0 -6.008015469478551,57.51485520678963,0 -6.001911964906149,57.51605157585695,0 -5.994389952454306,57.50960681349728,0 -5.994389952454306,57.50960681349728,0 
							</coordinates>
						</LinearRing>
					</outerBoundaryIs>
				</Polygon>
				<Polygon>
					<outerBoundaryIs>
						<LinearRing>
							<coordinates>
								-7.143045097195696,57.50088550123893,0 -7.150963435623467,57.49655180517496,0 -7.154183497208201,57.49718097619535,0 -7.157286320861529,57.50367800186189,0 -7.156647340661531,57.50357821687289,0 -7.142666059402274,57.50120512552858,0 -7.143045097195696,57.50088550123893,0 -7.143045097195696,57.50088550123893,0 
							</coordinates>
						</LinearRing>
					</outerBoundaryIs>
				</Polygon>
				<Polygon>
					<outerBoundaryIs>
						<LinearRing>
							<coordinates>
								-7.159293806951513,57.49461772675772,0 -7.16489780095433,57.49204776229075,0 -7.169640173985868,57.49226931994369,0 -7.167479287556012,57.49086370289066,0 -7.174318835313279,57.48772596598538,0 -7.157102288249558,57.48402776091246,0 -7.173299791625708,57.4816574240787,0 -7.169336725721112,57.47573129428149,0 -7.178431076928065,57.46963061170309,0 -7.179624087451267,57.46917037671814,0 -7.190792227150587,57.47832545651344,0 -7.188031330225284,57.48444351064249,0 -7.204572185756819,57.48961366256495,0 -7.206281311876082,57.4910131272222,0 -7.203389048359959,57.49805208277274,0 -7.203133233470316,57.49848563953436,0 -7.179166620146798,57.492250578563,0 -7.176338234601569,57.49141801787098,0 -7.177189188264236,57.4917131144731,0 -7.176048795197504,57.49143895848101,0 -7.191112380654863,57.50122567994184,0 -7.185946857258559,57.50267736612962,0 -7.168199153783634,57.50244803815783,0 -7.159656525943717,57.49499805208675,0 -7.159293806951513,57.49461772675772,0 -7.159293806951513,57.49461772675772,0 
							</coordinates>
						</LinearRing>
					</outerBoundaryIs>
				</Polygon>
				<Polygon>
					<outerBoundaryIs>
						<LinearRing>
							<coordinates>
								-7.265177225033434,57.46677229041176,0 -7.258909802893437,57.4670166286463,0 -7.253399537204652,57.47193230949322,0 -7.245910391675492,57.47521424442115,0 -7.240190497760661,57.4692677442908,0 -7.23869518325996,57.46511896857136,0 -7.237697328974654,57.46667509297119,0 -7.235942722606224,57.46485021494817,0 -7.233630765703123,57.47301539347156,0 -7.219043298861826,57.46772691745782,0 -7.205886886997814,57.45757522783587,0 -7.234575148417127,57.46171770703211,0 -7.240184490272594,57.45128760604159,0 -7.217458394700914,57.44647612746957,0 -7.241518580964354,57.44717749473614,0 -7.24905717577314,57.45428577527019,0 -7.249100782361703,57.45431756398872,0 -7.249335382311239,57.43997145788393,0 -7.264002302383231,57.45124669649439,0 -7.26233598019645,57.44025584265487,0 -7.274471187005844,57.43922529353731,0 -7.274190889798711,57.43916497819845,0 -7.282648038990748,57.43838606184688,0 -7.246970480649954,57.42965758915228,0 -7.231897138247397,57.43005454375659,0 -7.231799267323805,57.43003348176232,0 -7.232119778141404,57.43017610518699,0 -7.243919598286569,57.43822649823426,0 -7.215064647507296,57.43658749458272,0 -7.203823407818373,57.42977285676486,0 -7.201002535980492,57.42460249160559,0 -7.223275648566855,57.4268961717143,0 -7.205196837410782,57.41622435888365,0 -7.204834144720084,57.41597468463894,0 -7.233699168063919,57.41400776999447,0 -7.234222395995033,57.4139719526116,0 -7.196333935637876,57.41369539856746,0 -7.24065451940296,57.41096066518286,0 -7.236800879128347,57.40748240582413,0 -7.227789659695792,57.39933554093248,0 -7.312829927828941,57.41819966036297,0 -7.267154725210336,57.40793673406331,0 -7.263232462510706,57.40251426293075,0 -7.259534704391492,57.39740031818931,0 -7.260318884677117,57.3975632310118,0 -7.281772700189872,57.4020289230061,0 -7.28429171464893,57.40254050565414,0 -7.305034781131042,57.39675556886703,0 -7.330644915578133,57.4134906950536,0 -7.343349114184548,57.42178638391477,0 -7.351593511292678,57.41942463150823,0 -7.391642438039899,57.4244228401317,0 -7.394621581243122,57.43239267878793,0 -7.393002329484137,57.43376903192885,0 -7.39610292225873,57.43635415079812,0 -7.403969433585572,57.45737526018385,0 -7.401400625856414,57.46001302285904,0 -7.405301044110848,57.46093098491005,0 -7.408939884065347,57.47064366994172,0 -7.378117454156899,57.4750373614413,0 -7.366704273188746,57.4920764803248,0 -7.342686528266423,57.4959218621039,0 -7.336233868422386,57.49695405907647,0 -7.33587452296632,57.49681154545086,0 -7.333593388893495,57.49539166417935,0 -7.332169304126236,57.49308274617707,0 -7.327850656701004,57.49181643938754,0 -7.308239439244015,57.47959974379428,0 -7.257307696759353,57.47996109907642,0 -7.261422437920553,57.47306772764945,0 -7.265177225033434,57.46677229041176,0 -7.265177225033434,57.46677229041176,0 
							</coordinates>
						</LinearRing>
					</outerBoundaryIs>
				</Polygon>
				<Polygon>
					<outerBoundaryIs>
						<LinearRing>
							<coordinates>
								-6.646221133337619,57.52511268544581,0 -6.637468753405965,57.51191414128436,0 -6.639440967504981,57.51194940743343,0 -6.648805587282824,57.51452098190056,0 -6.646221133337619,57.52511268544581,0 -6.646221133337619,57.52511268544581,0 
							</coordinates>
						</LinearRing>
					</outerBoundaryIs>
				</Polygon>
				<Polygon>
					<outerBoundaryIs>
						<LinearRing>
							<coordinates>
								-7.619775583555072,57.51239646072756,0 -7.623055879047016,57.5108141121576,0 -7.622992455186462,57.51151827074437,0 -7.619775583555072,57.51239646072756,0 -7.619775583555072,57.51239646072756,0 
							</coordinates>
						</LinearRing>
					</outerBoundaryIs>
				</Polygon>
				<Polygon>
					<outerBoundaryIs>
						<LinearRing>
							<coordinates>
								-5.966152103842442,57.58063218105919,0 -5.952729583119119,57.56879734393834,0 -5.952938891479695,57.56833628051416,0 -5.977209505474808,57.51479538399008,0 -5.996779201919147,57.52784537313418,0 -5.979329881338652,57.54074894780187,0 -5.992800957934709,57.53609642794297,0 -6.000000898304888,57.54304449897114,0 -5.994903706847469,57.54447611941653,0 -5.978788549625762,57.54702137878963,0 -5.979540231691558,57.54878926779181,0 -5.975237691047644,57.54999664998055,0 -5.987317349534274,57.56706944750158,0 -5.98739512029109,57.56725214681824,0 -5.98836949656951,57.56954100541427,0 -5.981973833487984,57.57504327453038,0 -5.980866227405551,57.57566297311927,0 -5.973930250385856,57.57144493606948,0 -5.977670637763185,57.57745071109337,0 -5.965114516940353,57.5721810349062,0 -5.965666219747318,57.57351954417122,0 -5.964343305058586,57.57301455973831,0 -5.966152103842442,57.58063218105919,0 -5.966152103842442,57.58063218105919,0 
							</coordinates>
						</LinearRing>
					</outerBoundaryIs>
				</Polygon>
				<Polygon>
					<outerBoundaryIs>
						<LinearRing>
							<coordinates>
								-7.605850108242285,57.51911139178665,0 -7.619590723151669,57.51248562649611,0 -7.622232859523352,57.51995011159439,0 -7.621592624588702,57.52705497496289,0 -7.62112444797623,57.52725712284884,0 -7.605588840251119,57.53349460743046,0 -7.604862072653924,57.53327537286699,0 -7.601659697661699,57.5234307837794,0 -7.605850108242285,57.51911139178665,0 -7.605850108242285,57.51911139178665,0 
							</coordinates>
						</LinearRing>
					</outerBoundaryIs>
				</Polygon>
				<Polygon>
					<outerBoundaryIs>
						<LinearRing>
							<coordinates>
								-7.639198587780356,57.52508904647409,0 -7.677029160598414,57.52071423319036,0 -7.645075110412554,57.53553721383813,0 -7.644625802227452,57.53520490156548,0 -7.639198587780356,57.52508904647409,0 -7.639198587780356,57.52508904647409,0 
							</coordinates>
						</LinearRing>
					</outerBoundaryIs>
				</Polygon>
				<Polygon>
					<outerBoundaryIs>
						<LinearRing>
							<coordinates>
								-7.049480431704796,57.65808363960151,0 -7.046294127101601,57.65056667022753,0 -7.04681548577615,57.65067954612589,0 -7.058021276015771,57.65440331549735,0 -7.052337328167344,57.66157009840816,0 -7.049480431704796,57.65808363960151,0 -7.049480431704796,57.65808363960151,0 
							</coordinates>
						</LinearRing>
					</outerBoundaryIs>
				</Polygon>
				<Polygon>
					<outerBoundaryIs>
						<LinearRing>
							<coordinates>
								-7.291516081181758,57.65363138452967,0 -7.290615443744922,57.65223372496975,0 -7.294248440063908,57.65392595343251,0 -7.291516081181758,57.65363138452967,0 -7.291516081181758,57.65363138452967,0 
							</coordinates>
						</LinearRing>
					</outerBoundaryIs>
				</Polygon>
				<Polygon>
					<outerBoundaryIs>
						<LinearRing>
							<coordinates>
								-7.114948891988773,57.66264147624767,0 -7.099425603068971,57.65177295708136,0 -7.119656835409806,57.65999114467958,0 -7.114948891988773,57.66264147624767,0 -7.114948891988773,57.66264147624767,0 
							</coordinates>
						</LinearRing>
					</outerBoundaryIs>
				</Polygon>
				<Polygon>
					<outerBoundaryIs>
						<LinearRing>
							<coordinates>
								-7.093695601329239,57.66617655682462,0 -7.090236072632221,57.66023518214816,0 -7.10149040925261,57.66386755044734,0 -7.097690946408832,57.66631422639605,0 -7.095127849176929,57.66778063233702,0 -7.093695601329239,57.66617655682462,0 -7.093695601329239,57.66617655682462,0 
							</coordinates>
						</LinearRing>
					</outerBoundaryIs>
				</Polygon>
				<Polygon>
					<outerBoundaryIs>
						<LinearRing>
							<coordinates>
								-7.384725756648536,57.66006606464697,0 -7.387195065028328,57.65812428913775,0 -7.389509531846356,57.65904149538909,0 -7.384725756648536,57.66006606464697,0 -7.384725756648536,57.66006606464697,0 
							</coordinates>
						</LinearRing>
					</outerBoundaryIs>
				</Polygon>
				<Polygon>
					<outerBoundaryIs>
						<LinearRing>
							<coordinates>
								-7.095647360827543,57.67030470019508,0 -7.10703851080159,57.66951992962366,0 -7.102291423712474,57.67395884145367,0 -7.096343316138944,57.6708018353291,0 -7.095647360827543,57.67030470019508,0 -7.095647360827543,57.67030470019508,0 
							</coordinates>
						</LinearRing>
					</outerBoundaryIs>
				</Polygon>
				<Polygon>
					<outerBoundaryIs>
						<LinearRing>
							<coordinates>
								-7.286932017775389,57.66823312638726,0 -7.282743675499417,57.65521848515223,0 -7.30890813547747,57.66129971707088,0 -7.30542219241252,57.66313955031612,0 -7.286932017775389,57.66823312638726,0 -7.286932017775389,57.66823312638726,0 
							</coordinates>
						</LinearRing>
					</outerBoundaryIs>
				</Polygon>
				<Polygon>
					<outerBoundaryIs>
						<LinearRing>
							<coordinates>
								-6.351588784659191,57.70844868040783,0 -6.329658572572808,57.69993770179306,0 -6.295827936714318,57.7079053023722,0 -6.295626611734201,57.70756618946852,0 -6.3005515431636,57.69290293125128,0 -6.302132612147206,57.69192225397706,0 -6.249986560620771,57.67380311828646,0 -6.234269064925915,57.6376853600111,0 -6.190219552553113,57.63357440480054,0 -6.149501137632461,57.58683562611356,0 -6.136142178706372,57.58805229621975,0 -6.147710193960764,57.56593699412621,0 -6.145719765477256,57.56214687033182,0 -6.137675785327068,57.54682096327003,0 -6.147392743628676,57.50027490011291,0 -6.136055734403965,57.47469469740158,0 -6.141726640723089,57.44370118092522,0 -6.144648340530492,57.43038177714249,0 -6.145381950420727,57.42992496702438,0 -6.18001835788467,57.41291345589286,0 -6.196657669223608,57.4124338416644,0 -6.201062762534473,57.39077977354714,0 -6.182929268605572,57.40649783104698,0 -6.17962026619083,57.4065135417495,0 -6.174617541077813,57.40257170697653,0 -6.138661044529509,57.40577645588291,0 -6.137059653448878,57.40474426896416,0 -6.125196086490884,57.3905271415242,0 -6.127457270387565,57.38475053927846,0 -6.13003663409971,57.38279163579914,0 -6.145131265687702,57.37132282515301,0 -6.115861266106482,57.34203041494559,0 -6.1031808511962,57.33870478177127,0 -6.103128241748549,57.34173935343797,0 -6.096475186205479,57.34141550704873,0 -6.095024106267575,57.34040680387709,0 -6.097578887629945,57.33848077958707,0 -6.106031334620207,57.3355178818754,0 -6.105475942012112,57.33252569216079,0 -6.105767228757684,57.33230598946479,0 -6.105381353967532,57.33201604478186,0 -6.103053328529569,57.31946737271352,0 -6.130834415991232,57.31653687600828,0 -6.167349389640729,57.29566836280758,0 -6.116355959117448,57.3139634113065,0 -6.055940759062951,57.31394588130501,0 -6.040552852514383,57.29354613271694,0 -6.045033657038092,57.29078213795844,0 -6.076722073640688,57.27643180577838,0 -6.074476221139343,57.27260635068917,0 -6.081961992931245,57.26798125833872,0 -6.073376545935592,57.27073290921093,0 -6.072722627136663,57.26961877214335,0 -6.03502546334274,57.2830124473888,0 -6.019552797565715,57.28796103007167,0 -6.007089942487568,57.27992791154558,0 -5.996768273773231,57.27301897814498,0 -5.996185390199058,57.27289525320852,0 -5.992774287888684,57.27069457396621,0 -5.981160215849304,57.26835706760155,0 -5.935529701543723,57.25915985382338,0 -5.920935684561872,57.26302216744067,0 -5.903581322332909,57.25315506220387,0 -5.913129074693,57.24159623886636,0 -5.884683100378779,57.23824108793222,0 -5.85061497969512,57.25433639927555,0 -5.862548807356115,57.24188204904124,0 -5.811878428786257,57.25711405693603,0 -5.810297083239496,57.25714503782465,0 -5.752328908491448,57.27497343512778,0 -5.710193369498839,57.27151047540323,0 -5.712723242707606,57.27006149273375,0 -5.730872704867825,57.26103706717711,0 -5.728177477599998,57.26120655571162,0 -5.728482670020335,57.26103162601466,0 -5.707497007739755,57.26250506079914,0 -5.665947742204785,57.2651033520457,0 -5.647996788644114,57.25618417626433,0 -5.646435036144452,57.25540786833021,0 -5.647785930154962,57.25405238599694,0 -5.66609085346372,57.23567426714263,0 -5.667248511760181,57.21896985427657,0 -5.667415310430886,57.21730137655598,0 -5.668229728074857,57.20915307236709,0 -5.672099599119707,57.20697540572581,0 -5.736504629596741,57.18068938940498,0 -5.779939735905273,57.16712138727752,0 -5.786259641818114,57.16926714432687,0 -5.799400170182892,57.1746151798984,0 -5.799418291937202,57.17373296997145,0 -5.807356180449927,57.17642575376978,0 -5.799564411773868,57.16661939572831,0 -5.799846192686515,57.15290180217638,0 -5.804678141277817,57.1460009050291,0 -5.79009124019817,57.14022795584739,0 -5.796757362214946,57.13789353475784,0 -5.80481033529039,57.137290622865,0 -5.80318183380199,57.12133567671292,0 -5.826786620299947,57.10786093210235,0 -5.85216494295028,57.11181365350679,0 -5.85890861867035,57.10207930475451,0 -5.878169244386029,57.08423330350668,0 -5.887425780917316,57.0815319772758,0 -5.889423897017919,57.07379613969287,0 -5.89528921450438,57.06835418245169,0 -5.892204964426342,57.06302408311925,0 -5.892620299146466,57.06141484628019,0 -5.901040227020883,57.0638216288037,0 -5.898490474390357,57.05816644744122,0 -5.938432188426569,57.03828207547586,0 -5.95593311069988,57.03310690786698,0 -5.965830860256753,57.03017835782654,0 -5.97159837159592,57.03228075063044,0 -5.982512119498226,57.02783092141414,0 -6.000740977672086,57.02039407874076,0 -6.008314156832383,57.02503702669987,0 -6.00864973895372,57.02478351695612,0 -6.009677117328946,57.02536651660655,0 -6.0130980093773,57.02142273023319,0 -6.016467076219028,57.0188768101658,0 -6.017151964871823,57.02013669424588,0 -6.016818783018503,57.02673383225203,0 -6.016576501209499,57.03153027592368,0 -6.028195435870562,57.04043878836686,0 -6.03490274868006,57.05275757148745,0 -6.022878497139783,57.07072970214659,0 -5.998389608549302,57.07417243516404,0 -6.007085583444097,57.09035808958515,0 -5.998912886244736,57.10426659764073,0 -5.983898343975361,57.10764105574653,0 -6.003958258989542,57.11502300494524,0 -5.996667750159427,57.12436780142723,0 -5.97422891344544,57.13059728831078,0 -5.96815377839759,57.13996882913371,0 -5.967388468965963,57.14037914007942,0 -5.964681008220798,57.14183059912803,0 -5.938925980455489,57.14675845721081,0 -5.918974464374622,57.16211270638291,0 -5.872729531994588,57.17075468647215,0 -5.86530859730737,57.17163063374356,0 -5.836911472208069,57.19001847966713,0 -5.876870755152042,57.17635430551654,0 -5.896485136341286,57.17993120490625,0 -5.900229814112599,57.17227498648271,0 -5.917646354824516,57.17391722171653,0 -5.93429941409316,57.17627340687314,0 -5.970721394474758,57.17145317919341,0 -5.99058578076918,57.16881928373713,0 -6.001842241806636,57.19987773690897,0 -6.010174915211609,57.20681008385989,0 -6.035796279750419,57.22810548737302,0 -6.032133743814804,57.20610584471452,0 -6.028596148687704,57.18482820596162,0 -6.035487071027119,57.18273658469507,0 -6.048865158359489,57.18085082498808,0 -6.048667565463457,57.17602627349653,0 -6.072785842627564,57.13868774096225,0 -6.082701753351192,57.12700906231213,0 -6.107647987401174,57.13581674689905,0 -6.111595371538831,57.13747205809765,0 -6.100874521910884,57.17037583621175,0 -6.109649341378422,57.18043893570692,0 -6.109250106607136,57.18659569099645,0 -6.117960787584331,57.18996484275573,0 -6.122315373724293,57.19495346892825,0 -6.129628401408923,57.18463984505929,0 -6.15779747177507,57.19531325638776,0 -6.163894307271566,57.19894402103039,0 -6.164228913739225,57.19774838903918,0 -6.167061816054177,57.19882079906505,0 -6.17299315048108,57.17481046207071,0 -6.184550597690417,57.17558857947107,0 -6.20861592585417,57.17807285989701,0 -6.300948730173389,57.16360041209675,0 -6.321269314037862,57.16040473290697,0 -6.302211499258625,57.17445267422654,0 -6.28555858841149,57.18671702227406,0 -6.284321255147284,57.19711419548208,0 -6.283661795069226,57.1977640338791,0 -6.283406478657202,57.19801561904929,0 -6.284201064254795,57.19812389827214,0 -6.283783970346527,57.20162747662705,0 -6.292702371076194,57.20542833511725,0 -6.305081962618158,57.19909565852775,0 -6.309409738095925,57.1968810340069,0 -6.317147615686817,57.19292035902222,0 -6.334273397932576,57.1869298835691,0 -6.342412349993741,57.18636723774853,0 -6.3502194910203,57.18880830445411,0 -6.35826170537872,57.19519213906083,0 -6.370442234713659,57.20485561749805,0 -6.38283288282215,57.22300709412307,0 -6.380923106072649,57.22581146619282,0 -6.351918106055418,57.22867071397143,0 -6.351394465221093,57.22995800574504,0 -6.348169946394568,57.23021744691367,0 -6.342114815227657,57.25323590652816,0 -6.353179486721811,57.24039082879042,0 -6.359102044264016,57.23648110502122,0 -6.403972846357302,57.23251564278189,0 -6.450461729215404,57.26270833972162,0 -6.457537307716624,57.28654911018086,0 -6.472785816537934,57.28998178092969,0 -6.480857617739876,57.29259387636159,0 -6.481754773103833,57.31126672725154,0 -6.477198404336219,57.31288274688595,0 -6.432406918902507,57.32530172959842,0 -6.425817614780445,57.32335327270479,0 -6.429586999736895,57.33964017812676,0 -6.429616631986845,57.34027499362202,0 -6.429246568824015,57.34016194747916,0 -6.366556337924147,57.31384078144201,0 -6.346727224119746,57.30020557171609,0 -6.333702435487533,57.30001870107553,0 -6.32976010603805,57.29835881386256,0 -6.331713690493945,57.29999004930379,0 -6.316857861470846,57.29977502000486,0 -6.305154980655175,57.2996043875658,0 -6.317089167100859,57.30174645463079,0 -6.338394408390489,57.30556706574254,0 -6.344416825373925,57.31059273845442,0 -6.354255769205629,57.32400549897568,0 -6.401594734428112,57.34017053870269,0 -6.401942264876531,57.34175259328553,0 -6.401888035476411,57.35532965607148,0 -6.38255341726155,57.36426690141856,0 -6.430831570525093,57.34815634705678,0 -6.445355153493693,57.34759320828545,0 -6.448277481392168,57.34232665020217,0 -6.456767633871025,57.33948806866349,0 -6.453487792431488,57.36017905899325,0 -6.471978392532193,57.36441998715228,0 -6.478828360821511,57.36692646444365,0 -6.474495939495778,57.37100277956455,0 -6.466772228872214,57.37826735980277,0 -6.484865897919731,57.38081096645806,0 -6.485189418867519,57.38347909382179,0 -6.481595749581055,57.39592727133301,0 -6.487336268633877,57.40117260378818,0 -6.487677971486049,57.40398687467778,0 -6.489015669782714,57.40270679319502,0 -6.491033344395511,57.4045498023002,0 -6.49304108849819,57.39885414457105,0 -6.523154928211374,57.37000373366644,0 -6.523608074079657,57.36972474132678,0 -6.515525722129472,57.39350685795056,0 -6.53737784359302,57.41376697807564,0 -6.534148116157437,57.39867097733715,0 -6.54093604793209,57.39351068426948,0 -6.541163670475556,57.39755430295597,0 -6.551132434002454,57.38575588180816,0 -6.57195826624529,57.38878998754294,0 -6.567959156972291,57.36763955144713,0 -6.562535612335156,57.33891096964636,0 -6.581108622645965,57.33329615396853,0 -6.62363259035436,57.35111971879482,0 -6.649507226278746,57.35681937940412,0 -6.65523678923977,57.35820194962899,0 -6.655532418395378,57.35814557766566,0 -6.656642360880182,57.35838984295597,0 -6.679958134569955,57.36351791365486,0 -6.690634144302611,57.36586405324195,0 -6.700798082557271,57.37138990214919,0 -6.713016915617191,57.3707788911646,0 -6.718476203805005,57.37197683434652,0 -6.733682717794808,57.38568492001329,0 -6.737925563352665,57.38962609688512,0 -6.728134263525368,57.39560869473888,0 -6.742121346221315,57.41792432286578,0 -6.766230207931654,57.42923937221572,0 -6.788657364938859,57.42134728627929,0 -6.77917792911557,57.45808806750952,0 -6.737454236984831,57.45259655742687,0 -6.718970876278184,57.45004481081779,0 -6.741948842628779,57.46491140164412,0 -6.748531972415379,57.48396098848761,0 -6.747120600101974,57.50040617862165,0 -6.715664573220933,57.51407187937433,0 -6.714440139010019,57.51295665945052,0 -6.671263449000108,57.47315986347202,0 -6.638661122940269,57.44304032150972,0 -6.618941257598383,57.43229602088611,0 -6.613061269115843,57.44151730938748,0 -6.602732239994877,57.44627973884938,0 -6.600763131257674,57.44588225786335,0 -6.595881278909298,57.44198505113216,0 -6.583915223853392,57.42175595932571,0 -6.580846608985519,57.43223721471162,0 -6.572840150413934,57.43047118426967,0 -6.594164501499488,57.45211613270315,0 -6.595419781814951,57.45451011528521,0 -6.596742328195049,57.45473067554347,0 -6.602891818795294,57.46096597862304,0 -6.609562529400987,57.45686782756257,0 -6.620461253267293,57.45868343242685,0 -6.622500154525093,57.45950658384938,0 -6.618769905377011,57.46284751743136,0 -6.612364991790062,57.46771237760927,0 -6.636452779748682,57.50282121439282,0 -6.627351005627236,57.50264184069067,0 -6.617526586063966,57.50187874147365,0 -6.597455513424221,57.51022808494785,0 -6.566894650224944,57.49363468153549,0 -6.559552727586163,57.50833963184105,0 -6.627716165540869,57.5453734373159,0 -6.64063217835991,57.55237795229942,0 -6.641293343313581,57.55163379396848,0 -6.65279244016183,57.5454860314603,0 -6.653428270847122,57.54584884411191,0 -6.65126460576374,57.54995288289409,0 -6.63969249284568,57.56155252535144,0 -6.637991129551313,57.5751099975471,0 -6.633722762638289,57.58319249357226,0 -6.634350777635932,57.60409137670771,0 -6.633751719453213,57.60885702593355,0 -6.581655628282161,57.58867994660974,0 -6.564483806768543,57.54854520580487,0 -6.546430864628555,57.54833277710388,0 -6.539851331338369,57.54825471209881,0 -6.503282210489039,57.53436460631315,0 -6.462326230376202,57.50117738885283,0 -6.46463085278076,57.4983787103777,0 -6.461133872328025,57.50021007303769,0 -6.460710835571823,57.49986686284635,0 -6.426052454013943,57.51856686471719,0 -6.451588755385457,57.48096716844748,0 -6.440723362821774,57.48148771319668,0 -6.437687553608029,57.4792077902423,0 -6.431374115311271,57.4707865559472,0 -6.43368471291072,57.48435571157029,0 -6.425477771468813,57.49640097234424,0 -6.398763228654652,57.50915164216445,0 -6.398559191825887,57.5290147527435,0 -6.373777645054538,57.50055931854433,0 -6.371246692812939,57.50278931180453,0 -6.350383577012884,57.49763746610115,0 -6.349458876274251,57.49725511261737,0 -6.348426273352814,57.49556485260978,0 -6.343936746829794,57.48104217379824,0 -6.338836583550052,57.48591274803351,0 -6.334219986691949,57.49032025745507,0 -6.325192038483484,57.45926340743086,0 -6.310729410496123,57.4554700896683,0 -6.324058202080104,57.48421079107796,0 -6.322782570103418,57.48525735722182,0 -6.303541354434245,57.48263886328885,0 -6.340833854918182,57.502718720737,0 -6.34354772107636,57.5041786648563,0 -6.364104840922256,57.51547641610862,0 -6.375129095564085,57.53045109217713,0 -6.36600370514986,57.53174802370714,0 -6.388772227650521,57.54959070155273,0 -6.391744982274281,57.55381687249778,0 -6.394150597071239,57.55723597874066,0 -6.393538150151894,57.56964765035723,0 -6.393453531016587,57.5697880995644,0 -6.381529099529883,57.56342542899361,0 -6.358366954647412,57.58926631059661,0 -6.388823539131552,57.58578213962204,0 -6.393552945161054,57.58549284299994,0 -6.393180134334355,57.61304682760706,0 -6.426649558527418,57.64247758675749,0 -6.405209839624158,57.65084797863144,0 -6.408086285849172,57.6606302005845,0 -6.38173312464497,57.65999387964323,0 -6.360637803699828,57.6683252253054,0 -6.352504633847968,57.67153538753131,0 -6.34128036253294,57.68535478250279,0 -6.351588784659191,57.70844868040783,0 -6.351588784659191,57.70844868040783,0 
							</coordinates>
						</LinearRing>
					</outerBoundaryIs>
				</Polygon>
				<Polygon>
					<outerBoundaryIs>
						<LinearRing>
							<coordinates>
								-7.375206121014883,57.66817597508258,0 -7.391119482728056,57.65923497658687,0 -7.387473243562336,57.65790552269934,0 -7.392326492210056,57.65408831991405,0 -7.397403731504067,57.66021021332395,0 -7.412714246069691,57.65587205758127,0 -7.436299849300014,57.6605870527286,0 -7.438420883410537,57.66153812887345,0 -7.423079521158505,57.66472153859852,0 -7.381848379702876,57.66887513856443,0 -7.375206121014883,57.66817597508258,0 -7.375206121014883,57.66817597508258,0 
							</coordinates>
						</LinearRing>
					</outerBoundaryIs>
				</Polygon>
				<Polygon>
					<outerBoundaryIs>
						<LinearRing>
							<coordinates>
								-5.788602260074404,57.73708624072612,0 -5.800024283362852,57.72684538606693,0 -5.821268791512778,57.73089907703894,0 -5.819119650956203,57.7370559259479,0 -5.788602260074404,57.73708624072612,0 -5.788602260074404,57.73708624072612,0 
							</coordinates>
						</LinearRing>
					</outerBoundaryIs>
				</Polygon>
				<Polygon>
					<outerBoundaryIs>
						<LinearRing>
							<coordinates>
								-6.294718848220029,57.72600093589157,0 -6.292253720248508,57.72255514579882,0 -6.294057120516106,57.72296689724475,0 -6.304701779355786,57.72572669320438,0 -6.297403337141445,57.72926184213297,0 -6.294718848220029,57.72600093589157,0 -6.294718848220029,57.72600093589157,0 
							</coordinates>
						</LinearRing>
					</outerBoundaryIs>
				</Polygon>
				<Polygon>
					<outerBoundaryIs>
						<LinearRing>
							<coordinates>
								-7.290229256034175,57.65163438204095,0 -7.283219183617756,57.64075126370697,0 -7.285966866471663,57.65285606732979,0 -7.267624806136959,57.64785714859541,0 -7.252860487956383,57.65296905346462,0 -7.262807036807247,57.65632081652229,0 -7.245500302843658,57.65368564964938,0 -7.277337839257076,57.66463076307774,0 -7.260809683852158,57.66825921666114,0 -7.259899795093395,57.668046167286,0 -7.259146593249807,57.6686241597957,0 -7.242311991910729,57.67231665713334,0 -7.222712566528481,57.68916707127638,0 -7.219897967450462,57.68914571482525,0 -7.207102317139204,57.6833198605777,0 -7.192194635354788,57.69715995103991,0 -7.192576175014396,57.69168601555603,0 -7.193202659625046,57.69104144408745,0 -7.192635256457597,57.69083829075848,0 -7.192691666734699,57.6900288602188,0 -7.155037524171284,57.67698427058509,0 -7.160103143419764,57.66484460181923,0 -7.172504935093775,57.66984881162018,0 -7.165890747908857,57.66189176212051,0 -7.166542391708228,57.66171853734505,0 -7.164069579877848,57.65970014492173,0 -7.163484838378722,57.65899639485082,0 -7.1916104590434,57.65784229995387,0 -7.184146591306846,57.65232152949256,0 -7.183531965868502,57.65230500277495,0 -7.133725063178791,57.65093194720782,0 -7.136873294110226,57.63968119970082,0 -7.099040798838759,57.64910160651079,0 -7.103554793815118,57.65096855319047,0 -7.098709885781808,57.65121605996848,0 -7.098646959149968,57.65122756817649,0 -7.092651416104597,57.64709652373966,0 -7.079767773901762,57.64857688284569,0 -7.06344723949712,57.64157162791297,0 -7.062151579109818,57.64064102288417,0 -7.093897142872508,57.61289609398352,0 -7.099388754124209,57.60824509249318,0 -7.131517505478294,57.62589878969235,0 -7.115837240217603,57.63163739220563,0 -7.115649956213979,57.63170142032025,0 -7.113576268204237,57.63246724533645,0 -7.142943290695167,57.62795400144718,0 -7.156021907061379,57.63148929564977,0 -7.165364681790736,57.63336127219519,0 -7.154466308879872,57.62626600726476,0 -7.158450613895455,57.62032012567948,0 -7.193483974925869,57.63624519628478,0 -7.196337283396158,57.63754212610272,0 -7.195882226060898,57.6374940856355,0 -7.167994612239418,57.63454639894863,0 -7.169003293281208,57.63539029847973,0 -7.17438040238185,57.63998268217689,0 -7.166296295912102,57.63781374806193,0 -7.16463918756838,57.63734363352304,0 -7.163924000803343,57.64439909041189,0 -7.216525993626782,57.64133037418533,0 -7.211825287268228,57.63974637445708,0 -7.218172913551272,57.6392463416648,0 -7.217846353327879,57.6391460065018,0 -7.217905991987231,57.63914042017687,0 -7.187905884791109,57.6313768326936,0 -7.197719138283753,57.62165846315466,0 -7.199173622234383,57.62040797104569,0 -7.19893594400366,57.62045301903155,0 -7.200297019909003,57.619104547947,0 -7.181123064363227,57.61684257755658,0 -7.182454725813542,57.61649420320882,0 -7.151810694519075,57.61337085334355,0 -7.154590347314368,57.60998581612405,0 -7.155159549583441,57.60939562901273,0 -7.181385610758264,57.61183150784193,0 -7.155199387309667,57.60935432265141,0 -7.162077848393142,57.60222058577583,0 -7.154089257331252,57.59732265661648,0 -7.181325123474684,57.59332721567986,0 -7.180730151156976,57.59336427929402,0 -7.181279450093959,57.59329221827628,0 -7.177450900283673,57.59359993759707,0 -7.156504153438326,57.59496964262604,0 -7.162156083781579,57.58785849221812,0 -7.150519837554038,57.58656631057054,0 -7.100925942973489,57.59380674144514,0 -7.109463347782372,57.57848426774968,0 -7.116707702976198,57.5665129536468,0 -7.151861351178055,57.5590561490194,0 -7.168396463021129,57.56239261028406,0 -7.172918635940586,57.56569337009189,0 -7.18648694642922,57.56648093280558,0 -7.18014104477203,57.56000801513068,0 -7.179545568076497,57.55914440277232,0 -7.201927162101036,57.56208323941542,0 -7.2581728589984,57.5540079947921,0 -7.267619615451804,57.56065990310281,0 -7.248351965365813,57.55950369481164,0 -7.247527137614916,57.55943272839263,0 -7.2553595860318,57.57431727354401,0 -7.253160864905806,57.56446530378697,0 -7.284854801932302,57.56332064250823,0 -7.288148497193816,57.56320765993232,0 -7.288107970899307,57.56318953286375,0 -7.270064037688731,57.55506836780049,0 -7.27939917272173,57.55459902444073,0 -7.298461727687486,57.5536386677198,0 -7.298862793822226,57.55361819421032,0 -7.274434719182401,57.55258356130658,0 -7.164519756420111,57.5476978864909,0 -7.164776136153688,57.55487312645749,0 -7.134180322356552,57.55439154632113,0 -7.142924816065156,57.52539143964648,0 -7.145537819195937,57.51671748213884,0 -7.168555690305354,57.51357424317025,0 -7.167745181416248,57.51354649628292,0 -7.15468616494865,57.51145842286444,0 -7.175870958794712,57.50867956483902,0 -7.223288299778966,57.51882031237576,0 -7.195662482900391,57.5071444959062,0 -7.23049548156763,57.51352782623676,0 -7.235214564956298,57.51439672671763,0 -7.233923510554171,57.51382460239473,0 -7.220785673460728,57.50793459916261,0 -7.24859026773817,57.50649151662655,0 -7.270008542958479,57.51544495496312,0 -7.275368404012261,57.51805703930617,0 -7.271380500361296,57.51601819109458,0 -7.276650673402207,57.51821988699174,0 -7.258409160737801,57.50528463015798,0 -7.261945495982407,57.50268045919086,0 -7.261891039408772,57.50267688641477,0 -7.246629638039237,57.50375447608473,0 -7.222478823464127,57.50211051694384,0 -7.21947380352047,57.49926305885587,0 -7.205294489784625,57.47634460198874,0 -7.229332736305529,57.47974276528497,0 -7.229325237700368,57.4845086029874,0 -7.230989716366948,57.48375810403245,0 -7.231787210905364,57.48579486847846,0 -7.244620155745703,57.4791503042931,0 -7.245206393851796,57.47928089044031,0 -7.268536361813806,57.49320611406411,0 -7.26855424546472,57.49312179027816,0 -7.268616893775225,57.49320943863457,0 -7.271333371349068,57.48643752498221,0 -7.276697927576818,57.48765213078825,0 -7.291130976344505,57.49093329191558,0 -7.303041641926918,57.50442828771174,0 -7.282218260491677,57.50498705676455,0 -7.275935659087969,57.50515476035237,0 -7.277924499008031,57.50519777494049,0 -7.304230681867192,57.50578408683601,0 -7.29037754009295,57.51189299533788,0 -7.290426942125861,57.51188770669793,0 -7.29051632770758,57.51187798246216,0 -7.324975433667469,57.50932506577846,0 -7.326625270675954,57.51775255406667,0 -7.328048431471053,57.52501853382392,0 -7.321341726488599,57.52524093256415,0 -7.317838816349224,57.52534871600037,0 -7.345171020942458,57.5420150769883,0 -7.328870180924648,57.52733788823101,0 -7.328463199870924,57.52690634016392,0 -7.339949587118826,57.51718800728218,0 -7.345157569672907,57.51277967024257,0 -7.357308917419394,57.50248922723284,0 -7.371806888142387,57.51583203123271,0 -7.396664725043514,57.5386817932074,0 -7.39631223106075,57.55125131921735,0 -7.388493671568853,57.55441919506463,0 -7.396258557290327,57.55316530684325,0 -7.396078183741565,57.55959744118017,0 -7.398897849302508,57.55771297571528,0 -7.399082857754077,57.55937495997517,0 -7.410143369828673,57.55100037438028,0 -7.436222543968692,57.56931998357605,0 -7.415389962874581,57.57280300913746,0 -7.397203894345832,57.5636087140922,0 -7.384855624942717,57.55735234038509,0 -7.384729507618507,57.55734287758165,0 -7.35134221724288,57.55488960366809,0 -7.328649522958191,57.55321704336259,0 -7.351378310070666,57.55513515298387,0 -7.358553059656873,57.55573974033824,0 -7.351402713393379,57.55530116817609,0 -7.339035998694113,57.55454165778846,0 -7.351427235285374,57.5554679991503,0 -7.384064468467982,57.55790180450399,0 -7.415582229058995,57.57367110769746,0 -7.417589120713745,57.58322127312285,0 -7.440921759981848,57.58811937555915,0 -7.428834791525181,57.57874266462235,0 -7.442448098106734,57.57062196654741,0 -7.444237603226217,57.5703560224752,0 -7.482310003973763,57.56846714918765,0 -7.492984321077988,57.58277289331345,0 -7.481821504490195,57.59096934530022,0 -7.496609033223117,57.59480503046174,0 -7.48996512991676,57.58582805179816,0 -7.503315650139866,57.58356864262625,0 -7.547162711399123,57.60538412239246,0 -7.544623657102779,57.60651074613571,0 -7.53307126150464,57.60894651910703,0 -7.530023450699877,57.60287804803879,0 -7.519624877202652,57.60494696983686,0 -7.516464175943947,57.61244565356847,0 -7.515694565549045,57.61260774295904,0 -7.516207960547934,57.61305339038961,0 -7.513428685820149,57.61964450996022,0 -7.525444539861601,57.62266019064907,0 -7.523763032954699,57.62317447453584,0 -7.499206961023854,57.62762959213645,0 -7.500067157661173,57.63041791007089,0 -7.498154286933654,57.6310023269528,0 -7.502549166594257,57.63846064318232,0 -7.502678582912465,57.63887989494935,0 -7.484776140849996,57.650984099313,0 -7.493761078469171,57.65956264466919,0 -7.491454104934864,57.66034445427337,0 -7.475170303012692,57.66160328711504,0 -7.460005739054321,57.65831359144627,0 -7.448583982569041,57.66350048818516,0 -7.408337784346215,57.64355621588083,0 -7.411987451753936,57.63775628331437,0 -7.38172882862317,57.63119842204155,0 -7.374979937129888,57.65913262368395,0 -7.367055066394372,57.66135834780135,0 -7.338736832179238,57.66930539154239,0 -7.343979967102429,57.6811076292406,0 -7.340528083106577,57.68263774838172,0 -7.322977132876341,57.68721972321803,0 -7.320391934954433,57.69155914271157,0 -7.313910527440369,57.69442916566517,0 -7.308972682104408,57.68786747969757,0 -7.309383521195683,57.68668934517741,0 -7.322587166730377,57.67953754385214,0 -7.320047177551726,57.67454165728694,0 -7.336260772460547,57.6584471032227,0 -7.297663426666234,57.65429402474432,0 -7.290229256034175,57.65163438204095,0 -7.290229256034175,57.65163438204095,0 
							</coordinates>
						</LinearRing>
					</outerBoundaryIs>
				</Polygon>
				<Polygon>
					<outerBoundaryIs>
						<LinearRing>
							<coordinates>
								-7.032317603122202,57.70721574369582,0 -7.023836474951439,57.70018024977603,0 -7.024068540573069,57.70024265575042,0 -7.037171812112176,57.70410643275337,0 -7.039888664967142,57.70490727825261,0 -7.037389457852385,57.70566938390805,0 -7.032317603122202,57.70721574369582,0 -7.032317603122202,57.70721574369582,0 
							</coordinates>
						</LinearRing>
					</outerBoundaryIs>
				</Polygon>
				<Polygon>
					<outerBoundaryIs>
						<LinearRing>
							<coordinates>
								-7.274257306806878,57.7157959762431,0 -7.278805214232307,57.70034693377864,0 -7.298412483932905,57.70750845408254,0 -7.292181916863679,57.71965618864518,0 -7.291375302092212,57.71989935918942,0 -7.274257306806878,57.7157959762431,0 -7.274257306806878,57.7157959762431,0 
							</coordinates>
						</LinearRing>
					</outerBoundaryIs>
				</Polygon>
				<Polygon>
					<outerBoundaryIs>
						<LinearRing>
							<coordinates>
								-7.144856891863824,57.72701079107674,0 -7.151899342628705,57.71770934231677,0 -7.171696356410108,57.71966210103611,0 -7.165252428108252,57.71185995682929,0 -7.170031065556309,57.70942101746267,0 -7.174659345872756,57.71010943639328,0 -7.180557618383377,57.70404666999757,0 -7.181016370606965,57.70381239749041,0 -7.181920747634225,57.70335054564503,0 -7.182554211521071,57.70374924873644,0 -7.192832702670473,57.7102168542819,0 -7.196936436598264,57.70449206592929,0 -7.22723513780577,57.70757998839201,0 -7.198683686478836,57.73487608500367,0 -7.164030775358231,57.73904647270325,0 -7.143247629517979,57.72974908743809,0 -7.144856891863824,57.72701079107674,0 -7.144856891863824,57.72701079107674,0 
							</coordinates>
						</LinearRing>
					</outerBoundaryIs>
				</Polygon>
				<Polygon>
					<outerBoundaryIs>
						<LinearRing>
							<coordinates>
								-7.078892166155529,57.74456146573149,0 -7.061299120908974,57.73329131298777,0 -7.092362551786957,57.73986285875143,0 -7.092313581439678,57.74001569421176,0 -7.086918258701449,57.7492400650593,0 -7.078892166155529,57.74456146573149,0 -7.078892166155529,57.74456146573149,0 
							</coordinates>
						</LinearRing>
					</outerBoundaryIs>
				</Polygon>
				<Polygon>
					<outerBoundaryIs>
						<LinearRing>
							<coordinates>
								-3.942036392107081,57.85300367566145,0 -3.925200435804618,57.84208250858269,0 -3.963066619990138,57.85214630420059,0 -3.942036392107081,57.85300367566145,0 -3.942036392107081,57.85300367566145,0 
							</coordinates>
						</LinearRing>
					</outerBoundaryIs>
				</Polygon>
				<Polygon>
					<outerBoundaryIs>
						<LinearRing>
							<coordinates>
								-7.074843217567288,57.75267137532054,0 -7.074658849992448,57.75173881123541,0 -7.09724758559943,57.76881690662238,0 -7.0942459435898,57.7700316564567,0 -7.08128825973231,57.77402022447298,0 -7.074843217567288,57.75267137532054,0 -7.074843217567288,57.75267137532054,0 
							</coordinates>
						</LinearRing>
					</outerBoundaryIs>
				</Polygon>
				<Polygon>
					<outerBoundaryIs>
						<LinearRing>
							<coordinates>
								-7.199304603563596,57.77292625129166,0 -7.221806684389226,57.76052457718554,0 -7.240309457868166,57.76010522971862,0 -7.264925025546264,57.77391413908063,0 -7.264471932415185,57.7743601918951,0 -7.228598990099499,57.78579758082165,0 -7.213643638262102,57.78514622611843,0 -7.199304603563596,57.77292625129166,0 -7.199304603563596,57.77292625129166,0 
							</coordinates>
						</LinearRing>
					</outerBoundaryIs>
				</Polygon>
				<Polygon>
					<outerBoundaryIs>
						<LinearRing>
							<coordinates>
								-5.600684228812224,57.83050504413328,0 -5.602086913541251,57.82168471350025,0 -5.638270737245535,57.8335366882547,0 -5.632597879508126,57.84820007855243,0 -5.600684228812224,57.83050504413328,0 -5.600684228812224,57.83050504413328,0 
							</coordinates>
						</LinearRing>
					</outerBoundaryIs>
				</Polygon>
				<Polygon>
					<outerBoundaryIs>
						<LinearRing>
							<coordinates>
								-7.247623957826958,57.80063961830006,0 -7.255787373470671,57.79783217737581,0 -7.257236579757837,57.80511109129723,0 -7.24432043676096,57.80210549833136,0 -7.247623957826958,57.80063961830006,0 -7.247623957826958,57.80063961830006,0 
							</coordinates>
						</LinearRing>
					</outerBoundaryIs>
				</Polygon>
				<Polygon>
					<outerBoundaryIs>
						<LinearRing>
							<coordinates>
								-5.458281263476918,57.87932558909882,0 -5.457968878939064,57.87878844638045,0 -5.477027459961398,57.88480000684925,0 -5.476197678648692,57.88835913361581,0 -5.471389636354291,57.89663399390275,0 -5.458281263476918,57.87932558909882,0 -5.458281263476918,57.87932558909882,0 
							</coordinates>
						</LinearRing>
					</outerBoundaryIs>
				</Polygon>
				<Polygon>
					<outerBoundaryIs>
						<LinearRing>
							<coordinates>
								-6.702247247891419,57.87969725892793,0 -6.650348519187629,57.87116828002758,0 -6.640313899491927,57.85685485956913,0 -6.669953444236174,57.85012501831293,0 -6.670333696776245,57.86020908056778,0 -6.67936204570167,57.8598620027438,0 -6.680818909427541,57.8598355702385,0 -6.682035932855142,57.85975908596675,0 -6.676754979718403,57.85364340745846,0 -6.687157109822306,57.85667741912218,0 -6.682943229953294,57.86262050195283,0 -6.682642679935676,57.86276118825814,0 -6.682715804175878,57.86279963344825,0 -6.682538343303326,57.86319142852988,0 -6.698460972418343,57.87159267568384,0 -6.698590787483576,57.87114305495564,0 -6.702998264119666,57.86362806195649,0 -6.712977030426518,57.87539168989702,0 -6.700239766254426,57.87357601600729,0 -6.7006102311898,57.87459512878917,0 -6.691416822057891,57.87388234385196,0 -6.702247247891419,57.87969725892793,0 -6.702247247891419,57.87969725892793,0 
							</coordinates>
						</LinearRing>
					</outerBoundaryIs>
				</Polygon>
				<Polygon>
					<outerBoundaryIs>
						<LinearRing>
							<coordinates>
								-6.743939110354418,57.87189364579657,0 -6.745495716717798,57.87143146162708,0 -6.746735337911208,57.87956355072527,0 -6.738879094783302,57.87453991511035,0 -6.743939110354418,57.87189364579657,0 -6.743939110354418,57.87189364579657,0 
							</coordinates>
						</LinearRing>
					</outerBoundaryIs>
				</Polygon>
				<Polygon>
					<outerBoundaryIs>
						<LinearRing>
							<coordinates>
								-6.359907562280833,57.90463621447179,0 -6.351531616155178,57.88042324709604,0 -6.35749617617233,57.89522993934931,0 -6.378399056915915,57.90229988734504,0 -6.380215550831863,57.90297842664242,0 -6.361034776084026,57.90482174798689,0 -6.359907562280833,57.90463621447179,0 -6.359907562280833,57.90463621447179,0 
							</coordinates>
						</LinearRing>
					</outerBoundaryIs>
				</Polygon>
				<Polygon>
					<outerBoundaryIs>
						<LinearRing>
							<coordinates>
								-6.33450001534208,57.90834029299,0 -6.323779447134871,57.89869909993877,0 -6.341804680964864,57.90229813011761,0 -6.33450001534208,57.90834029299,0 -6.33450001534208,57.90834029299,0 
							</coordinates>
						</LinearRing>
					</outerBoundaryIs>
				</Polygon>
				<Polygon>
					<outerBoundaryIs>
						<LinearRing>
							<coordinates>
								-5.209220125045801,57.94750949424066,0 -5.21133756468357,57.93878954446387,0 -5.231957793686205,57.94246978277663,0 -5.23333538516084,57.94281940815311,0 -5.238133124702772,57.9481329053467,0 -5.236768765943692,57.9483140762942,0 -5.226839201321328,57.9496321126498,0 -5.215156482984018,57.94886345090096,0 -5.209310130818357,57.9484783747593,0 -5.209220125045801,57.94750949424066,0 -5.209220125045801,57.94750949424066,0 
							</coordinates>
						</LinearRing>
					</outerBoundaryIs>
				</Polygon>
				<Polygon>
					<outerBoundaryIs>
						<LinearRing>
							<coordinates>
								-8.614488577273285,57.8283392195675,0 -8.597722204151315,57.82020013301667,0 -8.592615453773133,57.82734073095132,0 -8.564397246070099,57.82577394829048,0 -8.557562340588222,57.81991735170437,0 -8.549245243021344,57.81278753624954,0 -8.567326818764085,57.81113767999395,0 -8.569686334601862,57.81095438808472,0 -8.57534665152583,57.80073267781108,0 -8.578795227262486,57.80164288637716,0 -8.584177647899796,57.80703755438123,0 -8.609474792550898,57.80973411619119,0 -8.611461259605381,57.81710812179529,0 -8.614488577273285,57.8283392195675,0 -8.614488577273285,57.8283392195675,0 
							</coordinates>
						</LinearRing>
					</outerBoundaryIs>
				</Polygon>
				<Polygon>
					<outerBoundaryIs>
						<LinearRing>
							<coordinates>
								-8.624055274362556,57.83405203708168,0 -8.630565325965946,57.82498039517313,0 -8.649239808083825,57.82834579725834,0 -8.624055274362556,57.83405203708168,0 -8.624055274362556,57.83405203708168,0 
							</coordinates>
						</LinearRing>
					</outerBoundaryIs>
				</Polygon>
				<Polygon>
					<outerBoundaryIs>
						<LinearRing>
							<coordinates>
								-5.439553994136118,57.96401584852731,0 -5.45182809083163,57.96280185027069,0 -5.445471950223362,57.96737054671155,0 -5.439553994136118,57.96401584852731,0 -5.439553994136118,57.96401584852731,0 
							</coordinates>
						</LinearRing>
					</outerBoundaryIs>
				</Polygon>
				<Polygon>
					<outerBoundaryIs>
						<LinearRing>
							<coordinates>
								-5.509264492582298,57.95615185313152,0 -5.518290709193176,57.95496370864996,0 -5.524540256755482,57.96142533619981,0 -5.508167836355273,57.9683606009664,0 -5.496425654036695,57.95794380417206,0 -5.509264492582298,57.95615185313152,0 -5.509264492582298,57.95615185313152,0 
							</coordinates>
						</LinearRing>
					</outerBoundaryIs>
				</Polygon>
				<Polygon>
					<outerBoundaryIs>
						<LinearRing>
							<coordinates>
								-6.988251901755874,57.90767265558558,0 -6.993805903778518,57.89351602333247,0 -6.995595655346939,57.89351679976509,0 -7.005136999349162,57.88480794615979,0 -7.012892073528933,57.88134019946072,0 -7.014473151559794,57.8819572205597,0 -7.033841750711601,57.88972862652538,0 -7.047254892523135,57.89510671460184,0 -7.050092774966593,57.88908179758081,0 -7.053253588871145,57.88236898005236,0 -7.061782816996913,57.87989384015383,0 -7.076621372570496,57.87558561127283,0 -7.082153423485262,57.88779975763131,0 -7.085007075065499,57.89409674487997,0 -7.076566172772814,57.89492788324863,0 -7.064061374920326,57.89606976251945,0 -7.047843104751356,57.89754880393119,0 -7.040411689285036,57.91275467971919,0 -7.007496001254944,57.92204068431867,0 -6.988932803862474,57.90973286778502,0 -6.988251901755874,57.90767265558558,0 -6.988251901755874,57.90767265558558,0 
							</coordinates>
						</LinearRing>
					</outerBoundaryIs>
				</Polygon>
				<Polygon>
					<outerBoundaryIs>
						<LinearRing>
							<coordinates>
								-5.337652887019877,57.98553582694904,0 -5.344820018621318,57.98017092690942,0 -5.347116176120936,57.99239123223834,0 -5.337652887019877,57.98553582694904,0 -5.337652887019877,57.98553582694904,0 
							</coordinates>
						</LinearRing>
					</outerBoundaryIs>
				</Polygon>
				<Polygon>
					<outerBoundaryIs>
						<LinearRing>
							<coordinates>
								-8.489869344904543,57.87701590991185,0 -8.486635463281178,57.86410112784562,0 -8.498929505957413,57.86731842527202,0 -8.489869344904543,57.87701590991185,0 -8.489869344904543,57.87701590991185,0 
							</coordinates>
						</LinearRing>
					</outerBoundaryIs>
				</Polygon>
				<Polygon>
					<outerBoundaryIs>
						<LinearRing>
							<coordinates>
								-5.433549388681756,58.00951804733128,0 -5.446353475770314,58.00423719962776,0 -5.457027613272795,58.01247605408814,0 -5.453287710874193,58.01366868429481,0 -5.444775148685215,58.01626362840021,0 -5.438814139942056,58.01293035201104,0 -5.433549388681756,58.00951804733128,0 -5.433549388681756,58.00951804733128,0 
							</coordinates>
						</LinearRing>
					</outerBoundaryIs>
				</Polygon>
				<Polygon>
					<outerBoundaryIs>
						<LinearRing>
							<coordinates>
								-5.385379375868543,58.00655597877628,0 -5.395990008679563,58.00052746856863,0 -5.420503739487756,58.00575804424236,0 -5.40802379609528,58.02419421309727,0 -5.407754991030991,58.02408006903877,0 -5.396242561364415,58.01760372025773,0 -5.400143773503458,58.01191152546907,0 -5.402264015924038,58.01021199099197,0 -5.385494439394925,58.00777262147407,0 -5.383697786924715,58.00751112133311,0 -5.385379375868543,58.00655597877628,0 -5.385379375868543,58.00655597877628,0 
							</coordinates>
						</LinearRing>
					</outerBoundaryIs>
				</Polygon>
				<Polygon>
					<outerBoundaryIs>
						<LinearRing>
							<coordinates>
								-6.41905213383385,58.00578869400384,0 -6.411167013505687,57.99824648747575,0 -6.443071626968055,57.99812144601004,0 -6.442870736258833,57.99891621791651,0 -6.440653850161087,58.00535906615233,0 -6.41905213383385,58.00578869400384,0 -6.41905213383385,58.00578869400384,0 
							</coordinates>
						</LinearRing>
					</outerBoundaryIs>
				</Polygon>
				<Polygon>
					<outerBoundaryIs>
						<LinearRing>
							<coordinates>
								-6.711831889352387,57.9946247346335,0 -6.722741621296519,57.98589683459533,0 -6.73970435011843,58.00165377943399,0 -6.737833443833699,58.00252638161597,0 -6.724748418902288,58.008240970442,0 -6.711831889352387,57.9946247346335,0 -6.711831889352387,57.9946247346335,0 
							</coordinates>
						</LinearRing>
					</outerBoundaryIs>
				</Polygon>
				<Polygon>
					<outerBoundaryIs>
						<LinearRing>
							<coordinates>
								-5.427718569529132,58.04168017186163,0 -5.431051849884699,58.03863606539588,0 -5.43604510404345,58.03909074660505,0 -5.446787255386683,58.04209407469652,0 -5.443576655228627,58.04835610187283,0 -5.440793858133085,58.05058852021694,0 -5.422480291491917,58.04779275849904,0 -5.427718569529132,58.04168017186163,0 -5.427718569529132,58.04168017186163,0 
							</coordinates>
						</LinearRing>
					</outerBoundaryIs>
				</Polygon>
				<Polygon>
					<outerBoundaryIs>
						<LinearRing>
							<coordinates>
								-7.104393921388386,58.01721752749393,0 -7.102653157754573,58.00493133267345,0 -7.131922965730626,58.01203659490348,0 -7.152449733542235,58.00922980563051,0 -7.15736675673033,58.01375736593221,0 -7.164932395942664,58.02081245123011,0 -7.168898728280891,58.02716173561384,0 -7.131795718387363,58.03837442353754,0 -7.106514256674787,58.02911920087312,0 -7.104393921388386,58.01721752749393,0 -7.104393921388386,58.01721752749393,0 
							</coordinates>
						</LinearRing>
					</outerBoundaryIs>
				</Polygon>
				<Polygon>
					<outerBoundaryIs>
						<LinearRing>
							<coordinates>
								-6.608028515242765,58.08573847855912,0 -6.608367349086581,58.08569627534202,0 -6.608080752581085,58.08583765850829,0 -6.608028515242765,58.08573847855912,0 -6.608028515242765,58.08573847855912,0 
							</coordinates>
						</LinearRing>
					</outerBoundaryIs>
				</Polygon>
				<Polygon>
					<outerBoundaryIs>
						<LinearRing>
							<coordinates>
								-6.593693230075079,58.08752310565614,0 -6.603240434457954,58.08633475359907,0 -6.603231485293613,58.08638020205962,0 -6.601673507658135,58.08702022109373,0 -6.593693230075079,58.08752310565614,0 -6.593693230075079,58.08752310565614,0 
							</coordinates>
						</LinearRing>
					</outerBoundaryIs>
				</Polygon>
				<Polygon>
					<outerBoundaryIs>
						<LinearRing>
							<coordinates>
								-6.43594403086748,58.1027534125445,0 -6.446440995644933,58.09991962762509,0 -6.447333436522068,58.10015826558636,0 -6.441534158706396,58.10446014018711,0 -6.431486967973755,58.10743500662022,0 -6.430411959702594,58.10611905581496,0 -6.43594403086748,58.1027534125445,0 -6.43594403086748,58.1027534125445,0 
							</coordinates>
						</LinearRing>
					</outerBoundaryIs>
				</Polygon>
				<Polygon>
					<outerBoundaryIs>
						<LinearRing>
							<coordinates>
								-7.126455452484119,58.08609946759696,0 -7.117897638299689,58.07364958930847,0 -7.134940474400891,58.07558964327783,0 -7.12751024552393,58.08634856471333,0 -7.126455452484119,58.08609946759696,0 -7.126455452484119,58.08609946759696,0 
							</coordinates>
						</LinearRing>
					</outerBoundaryIs>
				</Polygon>
				<Polygon>
					<outerBoundaryIs>
						<LinearRing>
							<coordinates>
								-6.921876913795951,58.19543691396941,0 -6.920672084981306,58.18987050328409,0 -6.932778174544827,58.19312713987181,0 -6.929420991800948,58.19387793198258,0 -6.921876913795951,58.19543691396941,0 -6.921876913795951,58.19543691396941,0 
							</coordinates>
						</LinearRing>
					</outerBoundaryIs>
				</Polygon>
				<Polygon>
					<outerBoundaryIs>
						<LinearRing>
							<coordinates>
								-6.876568789285087,58.20868634213592,0 -6.886259110816963,58.2045021950138,0 -6.893485271574102,58.21920971113039,0 -6.87611039591416,58.20888830128909,0 -6.876568789285087,58.20868634213592,0 -6.876568789285087,58.20868634213592,0 
							</coordinates>
						</LinearRing>
					</outerBoundaryIs>
				</Polygon>
				<Polygon>
					<outerBoundaryIs>
						<LinearRing>
							<coordinates>
								-6.934675383596062,58.2303297393118,0 -6.934673117073721,58.22852951095975,0 -6.950147838656519,58.23930795771259,0 -6.940090544097103,58.2406780334384,0 -6.935185867365575,58.24132226294083,0 -6.934675383596062,58.2303297393118,0 -6.934675383596062,58.2303297393118,0 
							</coordinates>
						</LinearRing>
					</outerBoundaryIs>
				</Polygon>
				<Polygon>
					<outerBoundaryIs>
						<LinearRing>
							<coordinates>
								-6.848312570457818,58.25684299138249,0 -6.838580585643583,58.23826254959021,0 -6.835854805648964,58.23253522770634,0 -6.832901479204267,58.23966389454932,0 -6.817552922785403,58.22903487191361,0 -6.81779694563398,58.23033114592292,0 -6.816865979519076,58.22975356035754,0 -6.816496754431769,58.23609561156552,0 -6.797174632332547,58.21987389483763,0 -6.794330794933071,58.2203168067296,0 -6.784299633268015,58.21927913752398,0 -6.782536906953744,58.20144312258176,0 -6.803293630567966,58.20771562566789,0 -6.86620975695504,58.20786888109133,0 -6.874524864882007,58.22057969831002,0 -6.857906647713119,58.21577561663936,0 -6.852699370413491,58.22631875459114,0 -6.870511541044861,58.24253249196362,0 -6.870535840089842,58.24255459877239,0 -6.870858175680352,58.24284094882061,0 -6.86952574879128,58.24060900384772,0 -6.861085570183414,58.22442048692165,0 -6.870273238311793,58.2278954255715,0 -6.875923319911617,58.23028672092132,0 -6.876090379166996,58.23065268356956,0 -6.886141902616265,58.25539898509692,0 -6.888205607919716,58.26047504829874,0 -6.848513743809185,58.25722685061224,0 -6.848312570457818,58.25684299138249,0 -6.848312570457818,58.25684299138249,0 
							</coordinates>
						</LinearRing>
					</outerBoundaryIs>
				</Polygon>
				<Polygon>
					<outerBoundaryIs>
						<LinearRing>
							<coordinates>
								-6.85802326889511,58.26094951918198,0 -6.87354964974262,58.26035010029468,0 -6.878349305675322,58.26081422888871,0 -6.882155882887563,58.27037904539601,0 -6.85802326889511,58.26094951918198,0 -6.85802326889511,58.26094951918198,0 
							</coordinates>
						</LinearRing>
					</outerBoundaryIs>
				</Polygon>
				<Polygon>
					<outerBoundaryIs>
						<LinearRing>
							<coordinates>
								-5.165429918419719,58.38292805718488,0 -5.170541667325326,58.37448259326167,0 -5.20189823778304,58.37670494463342,0 -5.205465541065756,58.38018816549829,0 -5.201992321930986,58.38438853990507,0 -5.179446882827108,58.39019248246841,0 -5.165429918419719,58.38292805718488,0 -5.165429918419719,58.38292805718488,0 
							</coordinates>
						</LinearRing>
					</outerBoundaryIs>
				</Polygon>
				<Polygon>
					<outerBoundaryIs>
						<LinearRing>
							<coordinates>
								-4.294200176116347,58.54960595409329,0 -4.294976735926212,58.54490497280327,0 -4.295620257877878,58.54514593843388,0 -4.302618792819958,58.54901949503788,0 -4.297974513277736,58.55031943218182,0 -4.294266375681827,58.55080225743968,0 -4.294200176116347,58.54960595409329,0 -4.294200176116347,58.54960595409329,0 
							</coordinates>
						</LinearRing>
					</outerBoundaryIs>
				</Polygon>
				<Polygon>
					<outerBoundaryIs>
						<LinearRing>
							<coordinates>
								-4.334432849922986,58.55168381512166,0 -4.335177326923709,58.5506761352358,0 -4.345140202655528,58.5506141963414,0 -4.348951786739488,58.55136529802412,0 -4.347635119201379,58.55446155411322,0 -4.344628954168716,58.55632964161819,0 -4.34637877121332,58.55741545290254,0 -4.344810474216188,58.56110210689745,0 -4.331796988465272,58.56219266033266,0 -4.334432849922986,58.55168381512166,0 -4.334432849922986,58.55168381512166,0 
							</coordinates>
						</LinearRing>
					</outerBoundaryIs>
				</Polygon>
				<Polygon>
					<outerBoundaryIs>
						<LinearRing>
							<coordinates>
								-6.225647087282576,58.48971174944062,0 -6.179851592094247,58.46729964187224,0 -6.185302649307697,58.46017893523781,0 -6.195242459475286,58.44718678927907,0 -6.165957807848018,58.43035943507549,0 -6.167052663526357,58.41773356055155,0 -6.188509620243257,58.4090650098204,0 -6.217384176619543,58.36861332092356,0 -6.16109273694282,58.3430146002731,0 -6.193302487437879,58.33987626862807,0 -6.19481307824401,58.33900828379511,0 -6.197320338557102,58.33871462791384,0 -6.212683249854468,58.32873557002704,0 -6.231965959600966,58.31764149821645,0 -6.232760899696171,58.31568293788946,0 -6.245623470761366,58.30731427184458,0 -6.241227774037288,58.29607391214131,0 -6.242857361413903,58.29586856844156,0 -6.275478562133429,58.29445102453643,0 -6.280737047599088,58.2876087183573,0 -6.279983294444104,58.27717618839899,0 -6.279565835064458,58.2713947170819,0 -6.279898242782028,58.27033387693147,0 -6.317525166122788,58.27040009856181,0 -6.327283823573304,58.26202714355795,0 -6.318001106881489,58.24479355223303,0 -6.34775378282887,58.22966031822492,0 -6.345122110018987,58.2356690509035,0 -6.362632887176625,58.23827762045633,0 -6.360702041318032,58.22739958632388,0 -6.377882525692021,58.22541944637609,0 -6.357846216783362,58.21733380952337,0 -6.333579553266978,58.22284687870774,0 -6.336662266470077,58.22815288517988,0 -6.314194715807548,58.21925720917974,0 -6.302546687730544,58.2114089487282,0 -6.289732858032795,58.20956220547524,0 -6.283625433336405,58.20714005972362,0 -6.223348743721026,58.22772543365278,0 -6.202178696885482,58.24782701294194,0 -6.171190270293541,58.25178829852841,0 -6.162808030477636,58.25895791700779,0 -6.156263622776579,58.2641764408316,0 -6.134532850042188,58.25939166125305,0 -6.164053978578131,58.22897743383466,0 -6.152533449439271,58.22131468209422,0 -6.155670366623606,58.21918438266115,0 -6.177780722650168,58.20425295304002,0 -6.178300561945925,58.20414889701609,0 -6.206638043083324,58.19931639519763,0 -6.20610037440162,58.1935462190199,0 -6.206264467168494,58.18939366670846,0 -6.225811467607784,58.18499875996076,0 -6.247360630130043,58.18049960348809,0 -6.289109446118455,58.20629999506696,0 -6.292297146536918,58.20542776293464,0 -6.320354328611502,58.20166484625338,0 -6.320588796755468,58.19768116469597,0 -6.327673444473536,58.1957398050229,0 -6.328409434243147,58.196371987044,0 -6.32965931345301,58.19519552280853,0 -6.351820602946874,58.18911840938224,0 -6.352567141109887,58.19055473260223,0 -6.358876645841118,58.2040007142745,0 -6.385861283147767,58.20675316186436,0 -6.390603527182348,58.20730097568948,0 -6.387005658505045,58.21400472605752,0 -6.386449542400609,58.21502355278399,0 -6.395776509732055,58.20648855625991,0 -6.393178589772059,58.20300262537046,0 -6.395164167530058,58.19944903933344,0 -6.383244379849424,58.18924905484365,0 -6.37046253067372,58.19129850085463,0 -6.382955271377664,58.18222605081232,0 -6.386599052280824,58.17984872129716,0 -6.366397503018036,58.15316126061614,0 -6.376088031355044,58.15054922552321,0 -6.407664334603528,58.14213909418491,0 -6.419078066117462,58.14662638746947,0 -6.422810851503266,58.14805456138039,0 -6.423000040227425,58.14812940286844,0 -6.422971214402358,58.1480827582546,0 -6.422388589304256,58.13795693473307,0 -6.418086787373586,58.13863585330654,0 -6.417219518076696,58.13877270811642,0 -6.416404058343137,58.13745232239851,0 -6.36950886560661,58.14310304731624,0 -6.368263203859704,58.14291558708061,0 -6.369448339406106,58.13178786095433,0 -6.370135182898781,58.1316807820911,0 -6.398776343819454,58.13481733327535,0 -6.399859717186125,58.13530527804319,0 -6.403717492646643,58.13417078730924,0 -6.417054279807459,58.13031284171547,0 -6.420987632747084,58.1291746157526,0 -6.491870027347318,58.14337581934781,0 -6.484915464517893,58.14113807356863,0 -6.493705641947985,58.14280984003454,0 -6.466033003454274,58.1350010909822,0 -6.467119659150119,58.12741749207633,0 -6.467188453930914,58.12701913517022,0 -6.467203854506443,58.12682979006491,0 -6.457121890673117,58.13111398238899,0 -6.443298834261631,58.12403724952735,0 -6.44690786471972,58.12954705907356,0 -6.427681601392368,58.12610251158734,0 -6.45691311717951,58.1057329381749,0 -6.458549091967149,58.1053988852175,0 -6.497092963830221,58.10095603328232,0 -6.509171983294836,58.10336598744274,0 -6.516300728285738,58.09873725705,0 -6.52970969878885,58.09718645358822,0 -6.540105876624986,58.09996658538235,0 -6.531679992686714,58.09695845210395,0 -6.633754644538031,58.08510086846068,0 -6.633458623899192,58.08491577613512,0 -6.623073831460135,58.07842084450303,0 -6.608704593632645,58.08552972851506,0 -6.607965143673715,58.08561664631277,0 -6.604645974599778,58.07919567574763,0 -6.603304248588422,58.08601068078371,0 -6.603273264106213,58.08616803308926,0 -6.589471131940346,58.08778895767782,0 -6.576984975532303,58.08856251622618,0 -6.57466540047537,58.08739166391533,0 -6.574302340645668,58.08705719066427,0 -6.566048710414704,58.07945142491234,0 -6.564983699066926,58.08250331839719,0 -6.564343005318691,58.08217975564038,0 -6.562289627941566,58.08748879037807,0 -6.562068394147879,58.08806069991143,0 -6.5561955861234,58.08770735528684,0 -6.525928299118828,58.08588186368615,0 -6.525172929111385,58.08582579716385,0 -6.522816054876471,58.08701357226285,0 -6.518747100856174,58.08904297026051,0 -6.508116119242313,58.09434351241451,0 -6.478711240116724,58.09045922714459,0 -6.471717757676383,58.08953427889999,0 -6.470271627984103,58.09075638869743,0 -6.46449259925049,58.09563921689193,0 -6.431021413265652,58.09010945111116,0 -6.42864404200485,58.09221250547665,0 -6.422659154141258,58.09773159188227,0 -6.434174334178173,58.10087595140031,0 -6.414145427168698,58.1068410308801,0 -6.398697685794878,58.11143825263255,0 -6.396914582415291,58.10815852362231,0 -6.395942230116197,58.10397811983682,0 -6.395255505467849,58.10510632738314,0 -6.392708120886849,58.10041880763169,0 -6.393774608685982,58.09994831324687,0 -6.40206856830729,58.09937703401559,0 -6.397931682316585,58.09811416943411,0 -6.399008568247318,58.09763898369808,0 -6.383943996917446,58.09376098647283,0 -6.382376348857313,58.09335728306783,0 -6.382993183412839,58.09331534194835,0 -6.397646935386017,58.09265816328698,0 -6.397562533688421,58.09232382882927,0 -6.399576113762522,58.09218665877457,0 -6.395930940910411,58.08479789709354,0 -6.381972740496769,58.09096159333277,0 -6.377692845616095,58.09278430894486,0 -6.380140488504515,58.0794774158999,0 -6.373062209824036,58.07795299558963,0 -6.367813786906379,58.07677117406501,0 -6.380157752997824,58.06825992986741,0 -6.366374928579299,58.06509310901883,0 -6.372649150460161,58.04903842692381,0 -6.407012922813833,58.04912262660067,0 -6.438893600348001,58.04919243754824,0 -6.406562914201767,58.04547316735666,0 -6.362287558612278,58.04036512519968,0 -6.35721895273908,58.03976734015271,0 -6.387377843801686,58.00036928778198,0 -6.401589688679975,58.00508962101857,0 -6.410416833741757,58.00802003001392,0 -6.437356568760626,58.0174408560642,0 -6.448517108398565,58.00625318119234,0 -6.458609594360735,58.02018131931086,0 -6.462661556753893,58.01627918142879,0 -6.466407132487928,58.01864543282991,0 -6.468771709821382,58.0103931444925,0 -6.469394761142131,58.00979282486586,0 -6.498798937929122,58.01696781490464,0 -6.498879512722113,58.01698767376917,0 -6.498509877619196,58.01676252346184,0 -6.489611548254361,58.00931373439659,0 -6.503230847851573,58.00837056270955,0 -6.522678977932578,58.01442668549407,0 -6.527135449824207,58.01670710396156,0 -6.524951637764625,58.00674471019827,0 -6.524854283768961,58.00591737431747,0 -6.531378413127693,58.00565913893733,0 -6.569789515973821,58.0048701402262,0 -6.559765085129308,58.00453161352982,0 -6.579051730366402,58.00376189195205,0 -6.474695363729032,58.00162664204886,0 -6.473724858093616,58.00159316985943,0 -6.471416968797196,58.00042117830866,0 -6.450053811625704,57.98905741018896,0 -6.447821143038942,57.96600783891418,0 -6.467295051368287,57.96167210678317,0 -6.470822685303466,57.93787730480081,0 -6.485305235852791,57.939216763712,0 -6.500743684831705,57.94075957562761,0 -6.518213267962096,57.92730246208722,0 -6.548056471262329,57.95845714681823,0 -6.539293165244168,57.91683481670887,0 -6.5649815544062,57.92011797943315,0 -6.563036779729321,57.91485821680756,0 -6.571956609869734,57.92497619062436,0 -6.576020825084,57.91083256964176,0 -6.581275411717044,57.91540953639286,0 -6.608503936541879,57.94739662613578,0 -6.608058919844302,57.95020045889726,0 -6.645047241888841,57.96447024131648,0 -6.605293841716768,57.91762139882441,0 -6.622820379541408,57.91719954113481,0 -6.632725422688886,57.92839316471163,0 -6.63228082039881,57.92672237200151,0 -6.63309551178607,57.92754216072601,0 -6.631221962139831,57.92274255224122,0 -6.631083892772229,57.92222353432552,0 -6.643495334473601,57.92498117281397,0 -6.643867588388537,57.92464005704867,0 -6.645873665262657,57.92243066529105,0 -6.649960726296398,57.91804680227337,0 -6.701068569243811,57.9607923613443,0 -6.711404138561651,58.01163237272932,0 -6.679719329242618,58.03269688257693,0 -6.663212109430757,58.04290100484061,0 -6.663964800879839,58.05348208151953,0 -6.631780582499535,58.05509737146687,0 -6.620646238809476,58.04727609937513,0 -6.591598300692239,58.05254654034517,0 -6.586903425760342,58.05338089581196,0 -6.585591354613737,58.05363542314943,0 -6.694069779087243,58.0585550860032,0 -6.676664084303955,58.05551618337898,0 -6.670334992846107,58.05413707975017,0 -6.671041466630441,58.04487069306323,0 -6.694301608750131,58.03071659032946,0 -6.723000468913106,58.01373167028918,0 -6.74099926857364,58.00884587457737,0 -6.759539488221992,58.00380909030196,0 -6.75585355987581,57.99304617655388,0 -6.738612900264112,57.99082546719748,0 -6.737407049895909,57.99067004695296,0 -6.728106479455051,57.97539821850118,0 -6.720517172708695,57.96237806379667,0 -6.721782796270429,57.95722290268949,0 -6.722864973748401,57.95346390255743,0 -6.70531342023195,57.95342130131863,0 -6.703351611253706,57.95155874546329,0 -6.672760683475187,57.91762408871504,0 -6.712755969254216,57.91611062967917,0 -6.711289736894296,57.91557973076297,0 -6.711610745964734,57.9155639360265,0 -6.696122623755551,57.91008600685493,0 -6.677617367960091,57.90337836040779,0 -6.669099511510791,57.90028909699203,0 -6.66863547001378,57.89864237382201,0 -6.664475171885486,57.88265412901116,0 -6.696334766132495,57.88098884606973,0 -6.724561297878003,57.88428132541942,0 -6.743524140131268,57.88648935382984,0 -6.772301788743045,57.89984390434903,0 -6.801953292298103,57.89794025702095,0 -6.789388337394434,57.88446173511537,0 -6.788824125392177,57.8812114929712,0 -6.791979547325797,57.88137957792717,0 -6.800527780999931,57.8858765604914,0 -6.810887632582345,57.88238509736703,0 -6.811866179320411,57.8824370561286,0 -6.802900292147857,57.86756361194976,0 -6.773049993507237,57.86785973686627,0 -6.754571143957404,57.84299541531641,0 -6.749613103758965,57.84271377892311,0 -6.735704308421749,57.82766224453153,0 -6.735573359799052,57.82720788881353,0 -6.74965513852542,57.82241594985803,0 -6.754145845608313,57.83033077086484,0 -6.756029562903841,57.82729919603739,0 -6.758434289767971,57.82915465662911,0 -6.759464806626044,57.82181789458974,0 -6.764348746197242,57.83417827274955,0 -6.76603904750912,57.83187062787325,0 -6.771973356311977,57.82615149510653,0 -6.796855697108697,57.8347771296479,0 -6.796787345648673,57.83439440114699,0 -6.790588592990735,57.80516707614837,0 -6.805849800962875,57.81594118493579,0 -6.810951189427902,57.80986604557634,0 -6.815287494499194,57.81106865558997,0 -6.822613787821645,57.81316242159586,0 -6.822818589987889,57.81335955572299,0 -6.843771856945285,57.8348504388706,0 -6.846321227457768,57.82747931460206,0 -6.847366382864466,57.82789617379562,0 -6.861748214523823,57.8339993944881,0 -6.860268155771896,57.83304050668745,0 -6.861820365716278,57.83365923050528,0 -6.832573498920977,57.81503424998642,0 -6.845242249271966,57.80313710396202,0 -6.847862074026005,57.80731282557699,0 -6.852063775398589,57.81401717829043,0 -6.852084806559134,57.81404116169703,0 -6.852999092968851,57.81272431862646,0 -6.8567053577075,57.8077037731965,0 -6.860830929665998,57.81190763772773,0 -6.862117238703934,57.81325301894592,0 -6.855024766475827,57.79900123103636,0 -6.869834289842745,57.79824852261876,0 -6.868430375301018,57.79807895155847,0 -6.870305881945581,57.79797215462975,0 -6.861085578789814,57.79515958487788,0 -6.861341564608122,57.79509371568597,0 -6.882654955164377,57.80088813609927,0 -6.880482144063863,57.79552915217986,0 -6.882035685700384,57.79595532301713,0 -6.871847710641505,57.77421614897503,0 -6.921491797113843,57.78281609995766,0 -6.919753450819622,57.78146163494695,0 -6.921903191716008,57.7817862873199,0 -6.919404112164189,57.78118942540615,0 -6.913310554247643,57.77644040220559,0 -6.919830426417311,57.77533634820769,0 -6.898257219652235,57.76470177324165,0 -6.898058368680023,57.76454664420041,0 -6.928487822600631,57.75984027140665,0 -6.929605623497714,57.76278728845984,0 -6.931637557743833,57.75935263312526,0 -6.936071117012497,57.7586660806557,0 -6.943612627297963,57.73909749360328,0 -6.97778914792649,57.74398784246566,0 -6.964755433614799,57.73078397827184,0 -6.964313143422966,57.73024303872361,0 -6.973713938659915,57.72939091838606,0 -7.001629128390953,57.75316705306862,0 -7.008111248294717,57.75412022735045,0 -7.022078021777425,57.76414874387653,0 -7.023350618306412,57.7676508165795,0 -7.014159748971706,57.76993987714509,0 -7.013172911304185,57.76976237943195,0 -7.013866451776237,57.77001291044858,0 -7.013040476500471,57.77021857668935,0 -7.030442150369221,57.77600253345684,0 -7.029803872614599,57.77284514450295,0 -7.030296625400386,57.76902454304717,0 -7.047185629663348,57.77587877815338,0 -7.053444009433294,57.77841742508376,0 -7.082821945569099,57.80736323344208,0 -7.119373148272583,57.81711435331209,0 -7.132627099459251,57.83770653945335,0 -7.10436627461665,57.84163901860044,0 -7.100983268185792,57.84035092299941,0 -7.080735557813168,57.8304928554796,0 -7.074977390318376,57.80962296324128,0 -7.053335695150118,57.81978953622243,0 -6.997321005433277,57.8460604074996,0 -6.991865602687998,57.86886314879668,0 -6.982685709077209,57.86360455764196,0 -6.956731482192163,57.86790540271599,0 -6.950335858367418,57.86501354778146,0 -6.938145110116113,57.87238524367739,0 -6.919383462007649,57.8656293736268,0 -6.904529725583839,57.86913503331283,0 -6.959056521997493,57.8871775025614,0 -6.955581219913513,57.89281335068006,0 -6.948029782724354,57.9050532747353,0 -6.945771857618452,57.90550791527688,0 -6.939998306089525,57.90318917325892,0 -6.918137167392761,57.91106810465014,0 -6.917426434781859,57.9112110038085,0 -6.87398188875713,57.90081476675169,0 -6.872056847763171,57.90112249716918,0 -6.870799444571548,57.90083811421936,0 -6.857935259279903,57.90337887696812,0 -6.843964418466686,57.90560935937664,0 -6.812549120634832,57.90125052709453,0 -6.81740032111505,57.90291415859609,0 -6.863217467760113,57.92290401795776,0 -6.864736956322084,57.92458972866524,0 -6.841661418448144,57.92795330212314,0 -6.841983047346099,57.92820575845172,0 -6.838584114650242,57.92858540099764,0 -6.848437668447419,57.93492169625004,0 -6.850486844798384,57.93359470977213,0 -6.91230198175414,57.93659300465642,0 -6.912991823164571,57.93667926150196,0 -6.903352080684972,57.94816077762589,0 -6.900671077159586,57.95125037361023,0 -6.900758332292843,57.95121044964105,0 -6.90079336424591,57.95119185534698,0 -6.920873401058854,57.9406744255521,0 -6.942870740154969,57.95106592877161,0 -6.968822606674687,57.95038478497695,0 -6.998840163007894,57.96593681309226,0 -7.007034271014103,57.9642711808062,0 -6.994479909064458,57.95469923540637,0 -7.02174856603743,57.95264619665821,0 -7.055232089468227,57.96209585326061,0 -7.057498500459042,57.97089579178332,0 -7.074257684641992,57.96821968380033,0 -7.077817936363151,57.96765084789089,0 -7.078963229753787,57.96750050077051,0 -7.089238073376162,57.99529013654855,0 -7.090681010641832,57.9943393763065,0 -7.113149168771351,57.98906361228774,0 -7.112712265747337,57.98932346670765,0 -7.091434162544441,57.9998857698131,0 -7.090692824471787,58.00143307495753,0 -7.089989057681864,58.00181991742951,0 -7.089149908500834,58.00465299539596,0 -7.081648144017729,58.02030044747709,0 -7.081353783521977,58.02091416621841,0 -7.055070227045002,58.00917676628713,0 -7.05362594648979,58.01118354987908,0 -7.051437977132979,58.0104087910246,0 -7.030284446378024,58.02984768476085,0 -7.018661081486308,58.03345125823241,0 -6.939311756074509,58.04637136203716,0 -6.905635756353665,58.04950309445961,0 -6.921507275297222,58.0492623640697,0 -6.908323384076659,58.05140120579514,0 -6.978363812149526,58.04838372030135,0 -6.980460277448335,58.04835083470473,0 -7.037954223415388,58.03412969176647,0 -7.06065619866289,58.04133905016526,0 -7.060692368308813,58.04175904823695,0 -7.020354138991799,58.05432570645013,0 -7.019796560989863,58.05443290558745,0 -7.050422669743345,58.05547497396151,0 -7.058142223488589,58.05576886710011,0 -7.02268495974499,58.0701325985695,0 -7.019506573218115,58.07141913118269,0 -7.023801941870037,58.07470156653235,0 -7.027952752953913,58.08112710210301,0 -7.030861920289039,58.08009498995004,0 -7.032664234724552,58.08147152260483,0 -7.065136003320514,58.06844801339185,0 -7.06855908122605,58.067074089963,0 -7.066316733318098,58.06174008645316,0 -7.071630679139052,58.06246607833311,0 -7.082283919215302,58.06630997173716,0 -7.077062692791216,58.06797234978228,0 -7.076628026855001,58.06811072718525,0 -7.088635817843982,58.06937615345581,0 -7.091672005526998,58.06969592275625,0 -7.100473390880588,58.0728690422082,0 -7.103765121881482,58.08433030856479,0 -7.108832859122924,58.11026054091464,0 -7.111628886709322,58.1116775391323,0 -7.112405565765656,58.1143760101304,0 -7.127453033048298,58.11969370844207,0 -7.13446435678186,58.12324367591729,0 -7.128509531389686,58.13828226465432,0 -7.125881023577949,58.13904306812024,0 -7.116438265632262,58.13763899188764,0 -7.109019793342033,58.14392139644612,0 -7.107647604805528,58.14431824602281,0 -7.115183019458176,58.15098039230972,0 -7.100451208759289,58.15199012311567,0 -7.093196674642657,58.15941779679333,0 -7.091780912184715,58.1599095753467,0 -7.092096029841944,58.16054463166003,0 -7.088358817607199,58.16437018269296,0 -7.103553554242137,58.18374297003207,0 -7.083115710330256,58.18969046222201,0 -7.058265574654688,58.18113658482596,0 -7.058226607265288,58.18129291861847,0 -7.05594656816225,58.18052233521085,0 -7.052085948070624,58.18584867732627,0 -7.041875044523431,58.17139294927701,0 -7.036408607908557,58.18416797369753,0 -7.017172463602876,58.1844474947389,0 -7.030380643605181,58.20112459649849,0 -7.041223128427827,58.18852600949065,0 -7.058247107663736,58.1940234405671,0 -7.063754498467157,58.19686318387514,0 -7.047818629116819,58.23288118777078,0 -7.023692105223397,58.24445476671001,0 -7.023187547388972,58.24469377028854,0 -7.025679443374938,58.2326943910567,0 -6.993577366430753,58.23354238071295,0 -6.991679237469044,58.23247731612509,0 -6.975200873932081,58.22062955613848,0 -6.973529579428511,58.22228856121644,0 -6.969000979756912,58.21974497904591,0 -6.957549993877108,58.23498086982687,0 -6.954375036720811,58.23273120062725,0 -6.941065193625302,58.21929993777339,0 -6.93363187129584,58.21802409544196,0 -6.933460042324515,58.21790220015548,0 -6.92975994290186,58.2173593146963,0 -6.907535955067937,58.21354084282653,0 -6.908581987405733,58.20924487449915,0 -6.910166130452135,58.20378943890919,0 -6.911523294341717,58.20381585279083,0 -6.942939367952012,58.20468727806229,0 -6.944180546425038,58.19912090285634,0 -6.9609828008451,58.2035805286142,0 -6.961727969693532,58.20382008024593,0 -6.9615810635798,58.20374543461664,0 -6.961663187271201,58.20376806986464,0 -6.932310231806205,58.1865681202175,0 -6.89217146356724,58.18748230461864,0 -6.891297218369468,58.15917152039646,0 -6.888834235116914,58.15550262549764,0 -6.888327066135311,58.15061158137723,0 -6.867834860379406,58.12418753843915,0 -6.862603671603056,58.11637707501395,0 -6.86335279509132,58.11840217096562,0 -6.857871624858894,58.11132430440452,0 -6.867221762704284,58.12885710588797,0 -6.882438803411555,58.1699123339736,0 -6.881019657794043,58.17320856705545,0 -6.871515196108716,58.17311546905395,0 -6.869667040752656,58.17219473933302,0 -6.870160244292088,58.17310214051156,0 -6.868111241256384,58.17308195409816,0 -6.874692221185501,58.18701188154057,0 -6.860681131787624,58.18276379237683,0 -6.85810241228411,58.18158403381979,0 -6.859684573734202,58.18811664047676,0 -6.859606086592431,58.18809448498502,0 -6.854220771553043,58.19652250619542,0 -6.846667220992901,58.19890025086224,0 -6.840820551243016,58.19719497753545,0 -6.827546246632219,58.20480439447657,0 -6.825193846487297,58.20462084595705,0 -6.789137909746548,58.19670925973077,0 -6.781703282716038,58.19007182774015,0 -6.780951690502992,58.19013955400091,0 -6.781048055661857,58.18823361294481,0 -6.779963993036916,58.19022854952815,0 -6.770446189145972,58.19108572886425,0 -6.765082621297447,58.18947472776544,0 -6.757787001247962,58.18728280868758,0 -6.748743610755512,58.19256019586702,0 -6.733099601230367,58.16672396727744,0 -6.731626841405439,58.17586944132312,0 -6.71442700090179,58.16976465280116,0 -6.723741781534466,58.18262505576711,0 -6.713067939547432,58.1840753469503,0 -6.70577820672841,58.18450622790456,0 -6.706667222525169,58.18494571522673,0 -6.734054547766346,58.19833910998634,0 -6.736559189313151,58.19151593073802,0 -6.738109730437887,58.19204246816195,0 -6.73862103239975,58.19626936546993,0 -6.748204818099432,58.19546973585927,0 -6.758948305240252,58.19911550554104,0 -6.75959017154762,58.19993780244445,0 -6.757680119418009,58.20494971005313,0 -6.749826196381641,58.20828554070041,0 -6.735665361050619,58.20524333460273,0 -6.738838212496271,58.21371679694515,0 -6.745690007309821,58.21483371133583,0 -6.771298832858933,58.23574659411894,0 -6.772586467181478,58.23679730489503,0 -6.773177547430241,58.23674415325988,0 -6.774799459869288,58.23871348228099,0 -6.775959378730963,58.23649396144872,0 -6.785114362936481,58.23567013460908,0 -6.787948607719811,58.23647493592232,0 -6.800163565874646,58.24662002514295,0 -6.788068338980759,58.24891991752884,0 -6.791865755021091,58.24960646538258,0 -6.790622598417893,58.2500537987976,0 -6.808122823056859,58.25372891635757,0 -6.810231223675257,58.25828501947379,0 -6.816693998277201,58.2722426643568,0 -6.785396179138107,58.2793204682973,0 -6.77733700798181,58.28055408924022,0 -6.775732926997131,58.28079955521328,0 -6.777371342533464,58.28080850802813,0 -6.778776347691321,58.28081616984878,0 -6.777413911330672,58.28112394303566,0 -6.771226424690838,58.28252144860846,0 -6.777584146966134,58.28238532287391,0 -6.824218218464556,58.28137713123852,0 -6.809865495704567,58.28908385997634,0 -6.794313492428099,58.29710309911357,0 -6.801161525381215,58.302885516223,0 -6.803248030473622,58.30478434299084,0 -6.780751939819567,58.30583393409309,0 -6.756644963354582,58.30695422601504,0 -6.754393546883255,58.30651244026414,0 -6.745778049607934,58.31282998808096,0 -6.709283649339329,58.33451936376552,0 -6.70521660255718,58.33611156704889,0 -6.694060998983946,58.33427113207517,0 -6.687906389802299,58.33155407269484,0 -6.685658309252132,58.33288409362715,0 -6.685564115969739,58.33286854210338,0 -6.685135192409349,58.33328526738511,0 -6.652378217011057,58.35373179402512,0 -6.649219868571095,58.35427600919284,0 -6.638455018569733,58.34395260890301,0 -6.638181653007331,58.34366467390167,0 -6.624950941401588,58.34827524645966,0 -6.61871940019516,58.34658330367849,0 -6.581253543928721,58.36389178538018,0 -6.546050391554468,58.36549442409738,0 -6.518133442028254,58.39751785354169,0 -6.495978689022111,58.3986639445849,0 -6.453799513456228,58.42368866343048,0 -6.434756895831114,58.43497064578628,0 -6.371734784316248,58.45394924763049,0 -6.353463696359043,58.45944191729134,0 -6.332145808028927,58.47898916415417,0 -6.306763681114576,58.47718574512455,0 -6.270381022601788,58.49923022807355,0 -6.280842078614213,58.51128959049186,0 -6.260672777714785,58.51630820509773,0 -6.222874407662815,58.50201009411823,0 -6.222142589987864,58.50170396738999,0 -6.225647087282576,58.48971174944062,0 -6.225647087282576,58.48971174944062,0 
							</coordinates>
						</LinearRing>
					</outerBoundaryIs>
				</Polygon>
				<Polygon>
					<outerBoundaryIs>
						<LinearRing>
							<coordinates>
								-3.342874293856112,58.64711220262298,0 -3.308718220120848,58.64326813064808,0 -3.275840889711672,58.65362420399953,0 -3.225597025187388,58.65025157279625,0 -3.188372690401027,58.66057430074676,0 -3.17438398344197,58.6505893770493,0 -3.159710682144942,58.63838033674762,0 -3.157735080257153,58.63869615494053,0 -3.156233676589249,58.63762311144809,0 -3.098776031835305,58.64712727093442,0 -3.042777024859546,58.64518315443943,0 -3.033841858200436,58.64470847381628,0 -3.023068536692755,58.64413529878494,0 -3.033082370951616,58.61900628961962,0 -3.041256927512396,58.59846577186074,0 -3.071282256717085,58.59230760843358,0 -3.058595362140603,58.58173756485844,0 -3.066558145775529,58.564454549014,0 -3.124339694548209,58.52775462579645,0 -3.125828843926627,58.52353762400072,0 -3.126609286777926,58.52132714766108,0 -3.127800810809592,58.52049303379216,0 -3.127426243669246,58.51901294942784,0 -3.133601824218286,58.50150948769675,0 -3.118988694133015,58.48563808821008,0 -3.117697197918035,58.48052376588069,0 -3.112307226786508,58.47837593355581,0 -3.110282720454992,58.47617481124573,0 -3.10701559754247,58.47626681199606,0 -3.102550280594864,58.47448667222036,0 -3.0782019070885,58.47707458270062,0 -3.048719115032345,58.47789437726688,0 -3.047576408307421,58.47609005787413,0 -3.058919554256989,58.44219367645341,0 -3.08023773863659,58.44130439171365,0 -3.068887203160219,58.43255118787349,0 -3.08386726637977,58.41917202197839,0 -3.085690607584413,58.41530243784091,0 -3.089834504875805,58.41185147370517,0 -3.10636341685965,58.37154116222611,0 -3.154319659963731,58.34362287873927,0 -3.219188034761971,58.3057604077732,0 -3.289530377916439,58.29814354345795,0 -3.294494788625538,58.29116629995944,0 -3.295882087399674,58.28963050947124,0 -3.364062838790166,58.27429660254667,0 -3.379859335546273,58.27073689055808,0 -3.383848000707631,58.26776498414082,0 -3.422574924114024,58.24658473509475,0 -3.426610989230806,58.24695134518905,0 -3.504724733159286,58.17413522692148,0 -3.506947553001377,58.17213420006383,0 -3.508259732267598,58.1715745268794,0 -3.538604791394425,58.15990140991308,0 -3.611158253995497,58.13193146967998,0 -3.620962675150639,58.1233885086838,0 -3.636473206935571,58.11673905780766,0 -3.641906085164321,58.11572771122492,0 -3.657278596614678,58.1204315666067,0 -3.649697640246367,58.1145265581021,0 -3.650527589703538,58.11412219911444,0 -3.656883717963251,58.11293808490191,0 -3.714628451805491,58.08284778027033,0 -3.743909603086476,58.06853284192041,0 -3.802825971229723,58.05738904478877,0 -3.831866019074904,58.03922598393528,0 -3.846155704850616,58.00690846573205,0 -3.870207302155173,57.99672664530799,0 -3.960400154054088,57.97441384450516,0 -3.964680639794305,57.97335262338045,0 -3.981860353940019,57.96988818893999,0 -4.002397743431807,57.9350285683063,0 -4.026838434853873,57.93477565284218,0 -4.028501475736694,57.93475827314767,0 -4.026918134726563,57.93618945525876,0 -4.007255580367872,57.95395140850481,0 -4.027632961025984,57.94886677288602,0 -4.045437928353639,57.94442017653824,0 -4.053112452357729,57.95496754016273,0 -4.080502677809681,57.95164948218535,0 -4.067585223678543,57.93711956364916,0 -4.031869400548924,57.92724659147876,0 -4.02643115512762,57.92754929476387,0 -4.003253811943819,57.92883673271345,0 -4.008062665075919,57.93271081370945,0 -3.999960016732512,57.9267096594235,0 -3.990799065134642,57.90339731067748,0 -4.011694006009722,57.89106351203386,0 -4.00997842184398,57.85965959473339,0 -4.022846498746953,57.86381656658062,0 -4.035357521039457,57.86785600953435,0 -4.07145495139095,57.86748670097843,0 -4.11029949792044,57.8488115377192,0 -4.119699242045433,57.85601774360544,0 -4.139736966243532,57.85570930894299,0 -4.142807112982662,57.85646699645306,0 -4.133064051474113,57.85950489336574,0 -4.133890768638516,57.87047968641662,0 -4.159742661319799,57.86064463742655,0 -4.165204039690279,57.86199115192677,0 -4.173683028245638,57.86858500345943,0 -4.209262031899597,57.87284139752015,0 -4.211027552817919,57.87327573928229,0 -4.211750387634369,57.87313867305653,0 -4.231120775645889,57.87545094652296,0 -4.270262675859359,57.87006158697357,0 -4.269762529542486,57.86212148605776,0 -4.271874569081315,57.86171975979424,0 -4.288066322737912,57.86227191327033,0 -4.335562157777322,57.88026682466378,0 -4.298802132804,57.86213336345543,0 -4.295587540893283,57.85221594823496,0 -4.265695872925535,57.8553608840737,0 -4.260720681010302,57.85478932779525,0 -4.192405328682423,57.86295832930344,0 -4.162464158004215,57.83398791725191,0 -4.117960774358496,57.8295172701095,0 -4.137304648543042,57.84431040573457,0 -4.111392958011749,57.83446827468804,0 -4.109240247320394,57.83998647757574,0 -4.108448157988518,57.83981935148701,0 -4.107551146400917,57.83517736065546,0 -4.097624258500174,57.83753492380097,0 -4.042778448998827,57.81399406721408,0 -4.020537834378208,57.82261578553589,0 -3.959443223273154,57.84625848679487,0 -3.928441289990294,57.83389798399264,0 -3.917468945233533,57.83822897242938,0 -3.892142203737114,57.82544589423127,0 -3.910974688864839,57.82758060836201,0 -3.945982251965528,57.81383086872719,0 -3.907733078856124,57.82297055586926,0 -3.857812342412268,57.82482132159802,0 -3.826954493084942,57.83567248030258,0 -3.811523066358583,57.86052803154926,0 -3.783054996955979,57.86518545513271,0 -3.770615528922191,57.86716840252335,0 -3.791884381473535,57.83675762931561,0 -3.851231648160123,57.79634947482855,0 -3.914911807877598,57.7528603271041,0 -3.973583720463699,57.69495244985759,0 -3.981345499677909,57.69477306007965,0 -4.013439963814722,57.69525128283212,0 -4.034479873513824,57.69556036173203,0 -4.034912517151726,57.69709827051083,0 -4.014825970514957,57.72020424499301,0 -4.006408978773642,57.72987690220654,0 -4.008066120188103,57.74262631930721,0 -4.015933828796291,57.74011892000757,0 -4.048571648180136,57.72970852672277,0 -4.071696983508158,57.73258422607757,0 -4.166414660804272,57.68542096641263,0 -4.206058578654967,57.69294656284157,0 -4.23798835064279,57.68828812411363,0 -4.236756101981153,57.68073248803916,0 -4.23805424511005,57.68028513940732,0 -4.28758302839107,57.68151508581841,0 -4.299713565077694,57.6679206433063,0 -4.282482667006525,57.6655128010543,0 -4.282832507594155,57.66503399843093,0 -4.297640898641717,57.66537831186488,0 -4.303632198450462,57.65675375838339,0 -4.336508661256773,57.65036318095207,0 -4.345792795301701,57.64428105318751,0 -4.379565673536826,57.62213336904072,0 -4.391152708615756,57.60758040967044,0 -4.392954273322655,57.60531657735393,0 -4.398453558394934,57.59840366221315,0 -4.402080496647056,57.5938423673899,0 -4.39187964606993,57.59855840445658,0 -4.391131371801659,57.59445540768537,0 -4.387912013740538,57.60039201562541,0 -4.371550929674374,57.60794992192272,0 -4.359162324638891,57.61366929574383,0 -4.358461640522059,57.61265930560841,0 -4.344153966345468,57.61886254261667,0 -4.23046466059133,57.66802202049024,0 -4.16431733336943,57.67616171820408,0 -4.163931938093355,57.6572265341219,0 -4.126437856070937,57.65940454807804,0 -4.084309741529281,57.66507686409533,0 -4.034951992869239,57.68411447399436,0 -4.012604979661642,57.68019807880103,0 -3.993119290459617,57.6767792146269,0 -4.011745116437466,57.66467988618935,0 -4.04368628077788,57.6439059311731,0 -4.092577570246495,57.61287740375544,0 -4.10065724019353,57.60774282498494,0 -4.111568447236317,57.59037700183976,0 -4.089953328669322,57.57441117080639,0 -4.131568920806631,57.57859907537908,0 -4.134985017458522,57.57744933296842,0 -4.139168303435356,57.57773823778194,0 -4.173081142445976,57.56648633436639,0 -4.186569212471331,57.54636373724767,0 -4.19654315290113,57.53652583678495,0 -4.233054333507824,57.50104953264027,0 -4.337079626368059,57.50865180884415,0 -4.381636443797982,57.51188081348065,0 -4.370053319154595,57.50331698936904,0 -4.370127584000755,57.50331117412602,0 -4.371995809383834,57.49775450618397,0 -4.386557199016718,57.5044347189095,0 -4.394379004286399,57.49961696531702,0 -4.358828736791977,57.49509497349343,0 -4.35858946850632,57.49491877435052,0 -4.371132779283972,57.49309577415165,0 -4.357124290179153,57.49383975134403,0 -4.350801181485618,57.48918219947429,0 -4.371502150801125,57.48589943430078,0 -4.350467821116244,57.48893660659012,0 -4.347960730355418,57.48708966548341,0 -4.331639041203093,57.48646464298549,0 -4.28731732266532,57.48142633590285,0 -4.241519230226031,57.49429520458497,0 -4.235181805340024,57.49586968098038,0 -4.221032574966752,57.49663917172131,0 -4.190773970291721,57.48397820482767,0 -4.176959927895721,57.48554473294188,0 -4.14695498101745,57.50195896690649,0 -4.14601612738644,57.51870324354361,0 -4.111400126998289,57.51633355056759,0 -4.101002434610759,57.53534378436942,0 -4.039330031837075,57.56042677867396,0 -4.045980973321905,57.57705278747043,0 -4.074905713899716,57.58289536108536,0 -4.056895894464949,57.59113704907465,0 -4.015498136121705,57.59288803140169,0 -4.008136040353521,57.59937566069777,0 -4.006857408832924,57.60050214056263,0 -3.969155045613383,57.59387052901847,0 -3.92958243386382,57.58615134539896,0 -3.868048922475402,57.58992016870246,0 -3.847929890523686,57.59942387691154,0 -3.84625614164783,57.60021414727484,0 -3.80497303269094,57.617312001364,0 -3.782383329654107,57.62665533406075,0 -3.761540621656333,57.63083384856747,0 -3.760926802497014,57.63095684059688,0 -3.729106686268444,57.64725584938953,0 -3.710438211863282,57.64727147463952,0 -3.715514036538179,57.64946679112725,0 -3.70980809749777,57.65035608273838,0 -3.715731129463292,57.64956067476758,0 -3.720500612123978,57.65162304698472,0 -3.688116322055905,57.65809733354332,0 -3.67617027220712,57.65950325842933,0 -3.642588364785445,57.66344888635717,0 -3.618198384520698,57.65555104412046,0 -3.619809832260918,57.6386406098988,0 -3.606287938154979,57.65605486911058,0 -3.622846425440376,57.66305857250674,0 -3.587504829512317,57.66367009764073,0 -3.580502178760872,57.66274852627734,0 -3.543656185846934,57.66441507472609,0 -3.527030860722917,57.66469355548049,0 -3.495197724265162,57.67938807316165,0 -3.496138961564323,57.70446740313078,0 -3.458800240823245,57.70393285741776,0 -3.343316509723299,57.72466369396805,0 -3.340487006315441,57.72517001166978,0 -3.278015775395096,57.7249802732662,0 -3.281646198728267,57.7179943085995,0 -3.257488257280191,57.70585354757142,0 -3.277938482190295,57.71950067722413,0 -3.22909232639738,57.70185598086805,0 -3.197232755624893,57.69554218408187,0 -3.174236354545013,57.68901053779959,0 -3.119576242915685,57.68010958800627,0 -3.104398624101122,57.67708623315693,0 -3.103848567739689,57.66880782149148,0 -3.090975344687537,57.67131992639914,0 -3.09868505952245,57.67597792634547,0 -3.025726482043056,57.66388342608425,0 -3.005937088586841,57.66941494158064,0 -2.993081837624723,57.67300567588363,0 -2.931988704603379,57.68747878535506,0 -2.927710846565561,57.69123400608014,0 -2.878826574133244,57.70483115766625,0 -2.867608078663706,57.70586471450133,0 -2.846413977025026,57.70640763559292,0 -2.83513367877588,57.69889836823162,0 -2.828631115138874,57.69403370536558,0 -2.827914675067594,57.69409052275469,0 -2.826107340499867,57.69288657450273,0 -2.799950678271314,57.69541826227623,0 -2.796628316261243,57.69739849675291,0 -2.789062743392845,57.69991926744311,0 -2.776324737129324,57.69269136019113,0 -2.766520660378504,57.69368364804107,0 -2.741637472441001,57.68406963155829,0 -2.738866193818949,57.68215676589504,0 -2.71271356748447,57.69293836726898,0 -2.709958785925719,57.69209913293844,0 -2.682010733587746,57.68307601403336,0 -2.670967819640758,57.68842512478211,0 -2.665936555224528,57.6908613943413,0 -2.636636958845876,57.68047806386226,0 -2.582273242109652,57.67778062917788,0 -2.580023627912444,57.67892860089861,0 -2.579927196914801,57.67892450072831,0 -2.579143715391609,57.67945506251101,0 -2.572585103784963,57.68296344879136,0 -2.567824945556629,57.68017686769583,0 -2.559960114746175,57.67385240144804,0 -2.556906338094047,57.67378284936657,0 -2.552049630867399,57.67093769584032,0 -2.509734951374449,57.66644626521322,0 -2.509659393338858,57.66641445447298,0 -2.495607620620008,57.67337973561724,0 -2.394889170763114,57.66855577436055,0 -2.360492223361544,57.6763096115265,0 -2.347076569750949,57.67159543679962,0 -2.345226428729603,57.67074976277259,0 -2.344943601688243,57.6708456808552,0 -2.343015045965981,57.6701677197894,0 -2.335340200826902,57.67315376642608,0 -2.32331309138327,57.67783122067564,0 -2.324037263412144,57.68069278400353,0 -2.323848611808111,57.68716406969865,0 -2.295919885374328,57.6964722739759,0 -2.28428290753265,57.69072918756496,0 -2.269190159170565,57.68205468114651,0 -2.266552183889394,57.68197314518275,0 -2.261693673522166,57.67957267043456,0 -2.210050160897919,57.67980905212864,0 -2.190263550058126,57.67157390226681,0 -2.116434916213601,57.70138194830744,0 -2.040645799588878,57.69198121876627,0 -2.002629247004257,57.69914471734062,0 -2,57.69429819570822,0 -1.992795340411444,57.68101082746826,0 -1.985314326430502,57.68042163284591,0 -1.984729208423141,57.67976593108167,0 -1.955531224668687,57.67731189177349,0 -1.954239942248986,57.67796931286884,0 -1.927180160587634,57.67582733130277,0 -1.906616019523601,57.65886008755264,0 -1.889088547608741,57.63454631594854,0 -1.88500015606195,57.63875500218442,0 -1.879760520113148,57.63667294325196,0 -1.876612014712931,57.63406960069342,0 -1.864531049294396,57.63012443891185,0 -1.857573033446512,57.627851314416,0 -1.824732818213143,57.61477919704258,0 -1.824582567106942,57.56811973262737,0 -1.802449015961008,57.55663486784827,0 -1.800618379689913,57.54624838768363,0 -1.803032272677155,57.52945203410447,0 -1.796961776192865,57.52548418299026,0 -1.795598680187788,57.5177377278863,0 -1.772979171319119,57.50979715971327,0 -1.766251565685854,57.50539339023243,0 -1.770199652942039,57.49747549984504,0 -1.78053780768502,57.50375586753371,0 -1.786646575503404,57.50181453230429,0 -1.788992062567917,57.50243954464197,0 -1.790504094205743,57.49499412488277,0 -1.780570200031216,57.49208778024903,0 -1.781019782620411,57.49178649252477,0 -1.794406007453139,57.48489539278518,0 -1.792595474436705,57.4840267527257,0 -1.792872393892873,57.48384106782064,0 -1.774510323635605,57.47299278427306,0 -1.777589880061324,57.46552434147524,0 -1.795936398555859,57.4552198870291,0 -1.799388290452246,57.45390622551022,0 -1.802230844427106,57.45037147761066,0 -1.83025679196902,57.41548076117299,0 -1.838028243775302,57.41298663369707,0 -1.847341952982669,57.41648626171489,0 -1.858905645256003,57.4072977351826,0 -1.856936593291252,57.39238798449959,0 -1.857135076626891,57.38990391723492,0 -1.908504962495235,57.3660991422583,0 -1.919685773712777,57.35801457343634,0 -1.967095139783465,57.32594066319916,0 -1.967793994882833,57.32506289926179,0 -1.972745869401072,57.32167442431943,0 -1.976444865607071,57.31690305155301,0 -1.98513152184028,57.31060077085971,0 -1.988209163415119,57.30632923871487,0 -2,57.29074966270993,0 -2.015044452657471,57.27085018886994,0 -2.059133832293444,57.21239804355557,0 -2.059345033708815,57.21211755531386,0 -2.07520508479298,57.17778202829679,0 -2.074673397878044,57.14954454329321,0 -2.076582565712835,57.14149790785187,0 -2.06009112019881,57.14344853604573,0 -2.045150416945886,57.14026008350686,0 -2.070939095214675,57.10388168755696,0 -2.071434912224007,57.10388195051178,0 -2.080127722903061,57.09114457932076,0 -2.083606929873938,57.08604395449914,0 -2.084809749815932,57.08283324669112,0 -2.090468823316837,57.06818723429477,0 -2.159689382369602,57.0182312814365,0 -2.175741703357462,56.97970749392599,0 -2.207547210428352,56.96782008414836,0 -2.189638283740897,56.9510947350814,0 -2.189665913182205,56.95086731452868,0 -2.19897863190123,56.94830557600609,0 -2.195115858744725,56.91133202934061,0 -2.194870590036583,56.90898186317256,0 -2.195014009789306,56.90880238718883,0 -2.214226885363952,56.89488050728297,0 -2.222164554264849,56.87479204450857,0 -2.228105552188509,56.86734096574968,0 -2.267169464781747,56.84522028333742,0 -2.27298195683296,56.84570509224439,0 -2.275670145606877,56.82978121819596,0 -2.278550155270084,56.8277963331929,0 -2.286327548035687,56.82761458893233,0 -2.304494995545183,56.80990282173814,0 -2.323956181041281,56.79646616905448,0 -2.327462555162088,56.7948868464031,0 -2.33549039276292,56.79127011575449,0 -2.355269034743573,56.78673269873821,0 -2.369919452952213,56.77574524430334,0 -2.374340039573107,56.77375027959472,0 -2.399608332080304,56.77395134243778,0 -2.422534994399434,56.75509733548124,0 -2.42336136104825,56.75362200540426,0 -2.436006781870783,56.73103080006015,0 -2.450678313344172,56.70478437187825,0 -2.463959473826479,56.7023583893918,0 -2.440792034605436,56.70132531513134,0 -2.438645751325565,56.69260785624618,0 -2.443079284687122,56.6844261378158,0 -2.45837156693226,56.67720440246934,0 -2.482020448920544,56.67179470042932,0 -2.509756386490182,56.65174850613074,0 -2.500785040198804,56.63056250770392,0 -2.493345662429213,56.62991630377172,0 -2.478692428664286,56.62149207994571,0 -2.480749879223197,56.61946432123101,0 -2.520918713255389,56.58085837296569,0 -2.535979263197538,56.57611491114254,0 -2.535962920043823,56.56702033080182,0 -2.604036088828927,56.55062958980583,0 -2.604660566803549,56.55047898846718,0 -2.635212619493074,56.5269372827442,0 -2.650198240677949,56.52100264288949,0 -2.714521317132669,56.49548766810129,0 -2.731645512490958,56.46623193277003,0 -2.748293036201691,56.46853266787632,0 -2.793457818055692,56.48061666347314,0 -2.837159575057773,56.47419539501013,0 -2.838196243328134,56.4738130336183,0 -2.868678168864933,56.46256288718045,0 -2.86946223632262,56.46265129252264,0 -2.888555953313442,56.4685125755059,0 -2.908320215453859,56.46702589349882,0 -2.913771854585169,56.46763857956304,0 -2.920826460039725,56.46608347851709,0 -2.937819029069666,56.46480090354115,0 -2.973673102043207,56.45725412355903,0 -3.001644914589871,56.4513571877582,0 -3.037829729880528,56.45112914656325,0 -3.050554902236061,56.45847330582826,0 -3.050601129197703,56.45845642682504,0 -3.12510696688063,56.43121020116217,0 -3.227379367907922,56.36835439814048,0 -3.252623958105002,56.36902206815917,0 -3.261993748016666,56.36597278553753,0 -3.294782919996648,56.35529256287699,0 -3.299796715388076,56.3536581615442,0 -3.294731170800941,56.35376825406618,0 -3.26137515860724,56.35448800949835,0 -3.26454433802899,56.35361070852433,0 -3.274915509273411,56.35115093479138,0 -3.271771484384212,56.35160961894358,0 -3.274102994014556,56.35096392262664,0 -3.275680004605045,56.35052714438478,0 -3.273196765533469,56.35075533258687,0 -3.224878016216636,56.35518500531799,0 -3.189550165999663,56.36668891782833,0 -3.038180396713547,56.41578824096365,0 -2.988513094532173,56.42083950012767,0 -2.972921406541869,56.42784709851703,0 -2.919788611766917,56.45169336500327,0 -2.91663046356005,56.45176420881724,0 -2.876697902931548,56.45006802493377,0 -2.853585159881843,56.4388147234703,0 -2.814341366583724,56.44502860398241,0 -2.80155781843928,56.43848955084112,0 -2.813256878786631,56.38891680958203,0 -2.836027871842831,56.37389878833851,0 -2.848156884917852,56.36949436016751,0 -2.8625896033333,56.36425051795867,0 -2.837297404776708,56.35307421124362,0 -2.819270059125115,56.36718611388373,0 -2.80467188240569,56.34460756069144,0 -2.788988322920511,56.34162365919103,0 -2.776977900583547,56.33530725365852,0 -2.776400176580917,56.3329835146675,0 -2.658867110258604,56.31842654358335,0 -2.646575157545187,56.30799938491581,0 -2.62887561871047,56.29297280639955,0 -2.587384776879177,56.28027929619698,0 -2.594255223115205,56.26996275955224,0 -2.601335091059162,56.26361368313825,0 -2.627993546855991,56.2575984589099,0 -2.645554951218791,56.24747501397471,0 -2.690934745209058,56.22127910264135,0 -2.695889841067507,56.22013802752383,0 -2.702614220443068,56.22275084925838,0 -2.705097497849204,56.21801695107884,0 -2.768943144231942,56.20328418157244,0 -2.769239393845685,56.20312740429505,0 -2.780113066164999,56.20097408195483,0 -2.799512690322907,56.19010444749978,0 -2.810771851665229,56.18379171444317,0 -2.81207258360831,56.18386831932598,0 -2.817451203934539,56.18974867889683,0 -2.832232415038892,56.18505383097121,0 -2.867691177535656,56.18713084830755,0 -2.866357802973873,56.18965382914228,0 -2.864550027526311,56.19307391380116,0 -2.874901499288615,56.19295246482108,0 -2.87702572862692,56.19472949784128,0 -2.871099126875676,56.19794773611614,0 -2.88847416660346,56.20600035745181,0 -2.911557576433136,56.20928262870394,0 -2.912643768738749,56.20956493218925,0 -2.913353453241117,56.20953778273801,0 -2.941877545057099,56.21358646741088,0 -2.956181047911127,56.20789173590475,0 -2.96019086928036,56.20773685585577,0 -2.967235202330047,56.20354757230012,0 -2.967536543421014,56.20336833432275,0 -2.994844783576018,56.19248162340423,0 -3.012907266247783,56.19427960257423,0 -2.995190838670597,56.19059896941526,0 -2.997128754550773,56.18866879971791,0 -3.004401957327064,56.18142266954134,0 -3.005914862942098,56.1805212808492,0 -3.003434474995963,56.18567365205431,0 -3.044745046898268,56.16768918777726,0 -3.052933222919092,56.16283276811128,0 -3.052993427390487,56.16279257718735,0 -3.105871070903285,56.13132664242616,0 -3.144577447786217,56.11844790586764,0 -3.148021451998054,56.11797795378063,0 -3.148381075838339,56.11718121153576,0 -3.149577533927354,56.11678272148519,0 -3.150006692305615,56.11357925847437,0 -3.172946837895654,56.06267650965475,0 -3.215326107199913,56.06392806800185,0 -3.23281359054271,56.05473990474738,0 -3.242153569921224,56.05518555074811,0 -3.264763439202,56.05948182205096,0 -3.282853913183488,56.05624867969476,0 -3.282502926948676,56.05319063598004,0 -3.28460654189929,56.05210777419207,0 -3.286122496412767,56.05132735763648,0 -3.293546889123015,56.05303491447985,0 -3.320846463020656,56.03365283125714,0 -3.33309295547877,56.0396463903909,0 -3.348725817651515,56.03031117079485,0 -3.372737841673329,56.02752294923081,0 -3.394019735268771,56.02923055956106,0 -3.401374903992923,56.02421800449324,0 -3.386656795033148,56.02257529554299,0 -3.390016777428614,56.00617898761209,0 -3.411432007313583,56.01666142116405,0 -3.416974661536722,56.0161819112941,0 -3.437066768715545,56.02385496470227,0 -3.44747236265122,56.02168251867466,0 -3.441410200187513,56.01798265698201,0 -3.454548786611673,56.02044446681875,0 -3.46190956264537,56.03030943446504,0 -3.520300838928522,56.04181049583575,0 -3.539305224716593,56.04031817900518,0 -3.548537778089571,56.04186950900291,0 -3.574150369837653,56.05894549027564,0 -3.589061311708492,56.05954258948784,0 -3.592477903208056,56.0459038835917,0 -3.605542446921989,56.04622126648253,0 -3.606712175286113,56.04624961557877,0 -3.616142563604913,56.05604363309,0 -3.684987727400387,56.04813249764658,0 -3.738559399982636,56.07664938059941,0 -3.743724901320102,56.07250407904731,0 -3.731429314139907,56.06163036936046,0 -3.727826258993924,56.04770052411034,0 -3.722041481329331,56.0253137224708,0 -3.680699148859425,56.03573845578961,0 -3.679086383389678,56.03035468510685,0 -3.670108373973943,56.01579962943959,0 -3.673679646735299,56.01178787589296,0 -3.604456144586988,56.02005784683243,0 -3.59617049470432,56.02104487995343,0 -3.522279441093163,56.00358206076411,0 -3.514947734787622,56.00184605317022,0 -3.507610301087122,56.00120744901785,0 -3.424571057436611,55.99394826698251,0 -3.42395439524784,55.99389414000991,0 -3.419202907874869,55.99533786568508,0 -3.412656671520081,55.99471631413698,0 -3.41334322761258,55.99276979124527,0 -3.388292822987652,55.98985960915589,0 -3.382065968579143,55.99180690264571,0 -3.380875579645657,55.99169352584959,0 -3.370604293531066,55.99538993370034,0 -3.350561515463062,56.00165135338646,0 -3.302369717230281,55.9753311913046,0 -3.296590218455967,55.98250776400518,0 -3.282254157818343,55.98117250675546,0 -3.261373425308497,55.97922452656144,0 -3.224433886689008,55.98719962594031,0 -3.221152646750168,55.98774837240283,0 -3.220494949874275,55.98085460047835,0 -3.219296056445303,55.9879370552875,0 -3.21682325382869,55.98061770392756,0 -3.197918485746907,55.98039309432717,0 -3.1809080302678,55.99146317233861,0 -3.114827206675578,55.95690819847739,0 -3.098949177417782,55.95277300906382,0 -3.097643146715991,55.95198601111121,0 -3.094897964452561,55.95171746185322,0 -3.076237730957384,55.94685305134929,0 -3.07554800781603,55.94690947373349,0 -3.048122297106778,55.94914971932911,0 -3.051251190376595,55.94298354135888,0 -3.041501642182761,55.95374843152695,0 -3.012547006584456,55.95301033010967,0 -3.010618397135224,55.9527537707115,0 -3.010107362868504,55.95294782737169,0 -3.008639599866112,55.95291020139271,0 -3.000168422357689,55.95672117328924,0 -2.962562494415206,55.97098449912728,0 -2.961427412036548,55.97108519959086,0 -2.913825153037203,55.97529844110151,0 -2.884583230459957,55.99519590803409,0 -2.889124811527672,56.0097721056739,0 -2.889286336312855,56.01029030939565,0 -2.840817369267473,56.01510707214397,0 -2.862632306362398,56.02319040301525,0 -2.864307702275981,56.03647328595176,0 -2.853083851362682,56.03916245747001,0 -2.836879136816405,56.04130038158876,0 -2.814398643106319,56.06242954011006,0 -2.784993964665739,56.06574626462033,0 -2.755634167503787,56.05896539456417,0 -2.65914128897272,56.05938573187318,0 -2.642342679007081,56.05537319696116,0 -2.63605428112142,56.05387033910163,0 -2.6189252653758,56.04804226300989,0 -2.612412405851885,56.0331024901322,0 -2.582149912967576,56.02108733147603,0 -2.588179012021788,56.01157442746267,0 -2.596967284561208,55.99769913390644,0 -2.510602972869872,56.00650853213727,0 -2.506331601204601,55.99936436380726,0 -2.471426437085478,55.99301554601105,0 -2.461552595316037,55.98926384277763,0 -2.453493378068281,55.98974908512233,0 -2.443727035294773,55.98796883987763,0 -2.417943852258701,55.97062361530502,0 -2.406568740593988,55.97144344750013,0 -2.398188211913997,55.96681645102268,0 -2.391937862490571,55.9565293288271,0 -2.365207889562253,55.94600536758247,0 -2.363839888209143,55.94541399879881,0 -2.328896089566965,55.93029697640497,0 -2.320127809872622,55.92950574208026,0 -2.25760730948699,55.92384496514601,0 -2.222146904222066,55.93304813914006,0 -2.173600109231696,55.91626410119279,0 -2.136371915438983,55.91704782952231,0 -2.135704388103839,55.91591470151834,0 -2.131138181005727,55.89357840507559,0 -2.132973120610012,55.89175710531396,0 -2.130504148222616,55.89047488292789,0 -2.130387771567009,55.88990517328433,0 -2.12809445958058,55.88922331699191,0 -2.102055966044709,55.87569104315945,0 -2.090094375054409,55.87791527408298,0 -2.089496756844771,55.87773728891104,0 -2.087465633308156,55.87005551735913,0 -2.075334001959734,55.87266404447086,0 -2.068210703119516,55.84271534015147,0 -2.057603676408962,55.83324602569206,0 -2.03295927352996,55.81122361368597,0 -2.084556032793625,55.79307174390761,0 -2.084072885826952,55.7620629927995,0 -2.106078547482435,55.75991085593677,0 -2.116076743848935,55.73879523893147,0 -2.142462331827253,55.73936956094969,0 -2.149020498650265,55.72317319106687,0 -2.174968266841775,55.71885613400919,0 -2.165678718466328,55.70605200658676,0 -2.217115826166489,55.67592018878058,0 -2.216909903193323,55.66427168133027,0 -2.246807695861224,55.65216006263222,0 -2.232828943901581,55.64105070798653,0 -2.304259695408005,55.64705445466664,0 -2.33447962662276,55.63249075908926,0 -2.322783850940039,55.62617415101645,0 -2.307097111681841,55.62888430501404,0 -2.314566542550275,55.6204658214461,0 -2.287701900829346,55.60377844256652,0 -2.287281212629977,55.58030885249676,0 -2.238771543453107,55.5556248012502,0 -2.227310889495683,55.50951011041825,0 -2.201111975605814,55.48952948810566,0 -2.1997989509536,55.4752537967518,0 -2.163979787476683,55.46836671737417,0 -2.186539823980937,55.46209963138162,0 -2.193321651296956,55.44457247254208,0 -2.229750914641713,55.42840994838027,0 -2.259084024980551,55.43291569886263,0 -2.311734394902747,55.40676846080142,0 -2.334112886835574,55.4081877179706,0 -2.34343218009071,55.39929207868795,0 -2.328504648398878,55.38121767602269,0 -2.344719800277239,55.3730364564737,0 -2.33601566287728,55.36716537387976,0 -2.377403759754567,55.3491420988604,0 -2.39799974844905,55.34819425198982,0 -2.413492917806383,55.35889646907422,0 -2.473897885757483,55.35471491322846,0 -2.518781308628101,55.32301852149217,0 -2.557525376670239,55.31782420455227,0 -2.571882845875251,55.29685332732583,0 -2.607763148826105,55.28321577976821,0 -2.625184275513234,55.26218629498035,0 -2.645302176114914,55.26000926186401,0 -2.609977587149745,55.24709764780469,0 -2.62875833684332,55.24475470582717,0 -2.629944491695999,55.22365866688367,0 -2.665349963782564,55.22154123451586,0 -2.688329890384801,55.18894137578805,0 -2.701946816652928,55.17316675131307,0 -2.783430076116415,55.14172733174424,0 -2.824063549125299,55.13826612252989,0 -2.826169814227943,55.12478709908919,0 -2.857106787327449,55.10829725299292,0 -2.884863399580351,55.09475692873898,0 -2.895451983116511,55.07789459739784,0 -2.939007787060344,55.06907245856566,0 -2.934985810367618,55.05952893897251,0 -2.957175225541487,55.04923654340212,0 -3.04952188414772,55.05274732295167,0 -3.052013521744224,55.04722712064041,0 -3.024465714719978,55.03640008377121,0 -3.052919896027062,54.98997600542212,0 -3.05204777517469,54.99274067139488,0 -3.090216368071045,54.97541041193531,0 -3.112880756006188,54.97714206067035,0 -3.147941369631723,54.96365884538062,0 -3.203400100100182,54.97824845602235,0 -3.239655493056232,54.9679804513052,0 -3.249894099022443,54.9718232561623,0 -3.252347013837788,54.97274365696633,0 -3.267739272560267,54.96544483379341,0 -3.329407726672101,54.97939823111596,0 -3.369302010023381,54.97058138143964,0 -3.407182809771972,54.97436794254108,0 -3.435936809457273,54.9889711743042,0 -3.474723754909451,54.96672132912552,0 -3.521154823985432,54.96537992764348,0 -3.558978932551587,54.97852818341553,0 -3.562921696708641,54.98547558781842,0 -3.575514581649637,55.00764779157646,0 -3.589648610748008,54.99830026896407,0 -3.57488276175622,54.97915197546357,0 -3.585730983059915,54.9763946807527,0 -3.576530177086669,54.96204636395756,0 -3.588386903439013,54.92609184786104,0 -3.576397360900276,54.92437189513341,0 -3.571246041504308,54.92363250727222,0 -3.561633560735955,54.90714300680816,0 -3.593604632305059,54.88388441371259,0 -3.593594692966347,54.87268924949353,0 -3.687089933585646,54.87942997912985,0 -3.684705990026767,54.8908185008068,0 -3.726166497367244,54.8805069185111,0 -3.758605216234944,54.85793560663591,0 -3.763753542732922,54.85633354850599,0 -3.787088592616667,54.85312025056432,0 -3.810927988772578,54.87131656927728,0 -3.818677553092521,54.88664196668947,0 -3.824913482405178,54.8613991664105,0 -3.805929749095442,54.84524941467653,0 -3.821682808459999,54.84691160870832,0 -3.841197140776015,54.86671568691767,0 -3.854367443794954,54.86523706781421,0 -3.833990743034262,54.84591640085057,0 -3.851657565601808,54.8507926311946,0 -3.862453730529021,54.84585162238087,0 -3.826378267255343,54.82541377036998,0 -3.830149564018794,54.8211687229389,0 -3.867327031210607,54.80838771321078,0 -3.983148739095621,54.76844577565004,0 -4.004717190379202,54.77448893121679,0 -4.044073416638783,54.76986044756803,0 -4.050475430337752,54.77350858627445,0 -4.062602856858804,54.78369085118366,0 -4.044384240298129,54.8153489840106,0 -4.053904634062856,54.82547210838818,0 -4.066866872185414,54.81358911777194,0 -4.070795125006704,54.81759441224649,0 -4.062706321658317,54.83335802111442,0 -4.090069148409887,54.81428838322789,0 -4.088634314814361,54.7818061353599,0 -4.104956296891105,54.77833797969754,0 -4.088725883875913,54.77376318494309,0 -4.088800502768477,54.77348597446647,0 -4.093099088096539,54.76573874291839,0 -4.105219989867824,54.76780632434771,0 -4.110338409643355,54.77743181645526,0 -4.11935659907864,54.7776172963969,0 -4.122805766547901,54.78059545227833,0 -4.121100844524193,54.78781220936084,0 -4.137656519082705,54.77585043011288,0 -4.158452280081683,54.78022674038208,0 -4.159375417638592,54.78078150568362,0 -4.178105926358185,54.79930849754606,0 -4.178625398500589,54.79982203868399,0 -4.179261183336932,54.80853988056016,0 -4.207949632375353,54.81349142781233,0 -4.211907643056109,54.818010038026,0 -4.211773667229444,54.81849963953559,0 -4.212260810647425,54.81841317007461,0 -4.218299555749455,54.82530482668277,0 -4.211279036252296,54.83687241234932,0 -4.223458073758233,54.83960750376195,0 -4.221990607027388,54.8489279764924,0 -4.201831490110127,54.86761626334643,0 -4.226564439081846,54.86413473150716,0 -4.25618553267589,54.83721546530921,0 -4.270811069033678,54.83899622376548,0 -4.305858560609707,54.84465113659703,0 -4.361467035883343,54.86311566997696,0 -4.382176275544658,54.87765612136756,0 -4.390497056905421,54.89821100503274,0 -4.392668957274559,54.8989817867691,0 -4.395119283535868,54.91099123459462,0 -4.396590826412814,54.91819978361046,0 -4.399311231273258,54.91090860101998,0 -4.404038566030096,54.89823229615616,0 -4.395045817828982,54.89371806755502,0 -4.419390702237775,54.88669519802837,0 -4.429492985034969,54.86747133029965,0 -4.421052333146132,54.86388387739981,0 -4.411024924470258,54.82790983172087,0 -4.353271927076288,54.81328768469974,0 -4.340007612472007,54.7990433480436,0 -4.345446835574125,54.79051281729692,0 -4.368187632020487,54.79285605785059,0 -4.358962876104547,54.77757738319425,0 -4.369874819323156,54.77196783763235,0 -4.359284648124916,54.76877628876569,0 -4.363771196562394,54.74095414199301,0 -4.363448133894364,54.7318104462271,0 -4.363424673348145,54.73114623125761,0 -4.365725898668038,54.72277656414549,0 -4.348466037706957,54.70855180834003,0 -4.391689362770905,54.67731740914051,0 -4.48279765802639,54.69973120558464,0 -4.483232124216824,54.69990835180649,0 -4.511441683557481,54.71140360276365,0 -4.526710368132071,54.72033089078895,0 -4.532105902825879,54.71981578145447,0 -4.540061078636528,54.72305235935476,0 -4.541995180293046,54.72819704485216,0 -4.543842950186454,54.73311078350221,0 -4.570399709428155,54.73802211812285,0 -4.5996272209592,54.7768829916261,0 -4.671140809601925,54.80023404841432,0 -4.707866478750942,54.82401593342073,0 -4.776095537909355,54.83188499393721,0 -4.783783879561361,54.83562043734475,0 -4.80445103803831,54.85531145872491,0 -4.816682187803047,54.86695399425162,0 -4.854926781233934,54.87028092407709,0 -4.851146272861,54.85845108582938,0 -4.934956339610903,54.83256734263648,0 -4.959976594578446,54.80395085230654,0 -4.916363661531691,54.74314365107227,0 -4.909902932158483,54.7199191330084,0 -4.904675244564624,54.70110598460981,0 -4.865776426370425,54.6819197488779,0 -4.882591229222645,54.65345462941246,0 -4.876128665233302,54.63909524185235,0 -4.851872007837154,54.63714381801239,0 -4.851568624329096,54.63711215434806,0 -4.873721023408347,54.63316042286091,0 -4.92134097455971,54.64334065169815,0 -4.963738897940566,54.66398972289054,0 -4.971466081913224,54.68962544404422,0 -4.946716700540945,54.69998162001588,0 -4.965775197224541,54.71751588729853,0 -4.964848381493487,54.71858663287271,0 -4.956260582336923,54.7285051198376,0 -4.991400358063186,54.73488176014741,0 -4.985615979302311,54.74986162779067,0 -4.999697075095868,54.75400899774361,0 -5.003243536214764,54.75514853388577,0 -5.00959269420965,54.78334711070413,0 -5.04122164405933,54.7921097100571,0 -5.052503169623516,54.80980892706412,0 -5.115002139379399,54.8403580438011,0 -5.120134194331239,54.84286302968363,0 -5.137157718489445,54.85127868967079,0 -5.167928101335099,54.89328800119018,0 -5.183943293389529,54.9151139364913,0 -5.176627552413341,54.96689896892067,0 -5.17938569221511,54.96931381558538,0 -5.177485582771676,54.98669162560917,0 -5.171884927847122,54.99538167399109,0 -5.155928773687183,55.00858528708215,0 -5.136749960341673,55.00697757530233,0 -5.128115470971134,55.00956225510442,0 -5.098924196841438,55.01829353807315,0 -5.059699889388096,54.96764990944484,0 -5.073977535355843,54.96348245671732,0 -5.071542031448846,54.95645001816002,0 -5.069397762863824,54.93598270423394,0 -5.062762136997728,54.93107631279454,0 -5.060462545658279,54.92442483638887,0 -5.02933986756283,54.9063396713729,0 -5.029129437130551,54.90620039459664,0 -4.996238266864525,54.91227020106278,0 -4.99566116026324,54.92223814772297,0 -4.990996813899719,54.92613185811109,0 -4.995082959869955,54.93222156848074,0 -4.994849349525428,54.93625422365071,0 -5.038596165395992,54.99771340757454,0 -5.059143317953982,55.02550870696601,0 -5.05135050232716,55.05121799757914,0 -5.023580125879924,55.07680003427907,0 -5.005121313007339,55.09378308314309,0 -4.990677477561384,55.14342545841046,0 -4.940385600470552,55.16400517352192,0 -4.909679374659446,55.19834346861762,0 -4.859152827855426,55.22685773204031,0 -4.8638060487898,55.24534871960238,0 -4.854290478254298,55.2441736730981,0 -4.845995664438427,55.26089833244045,0 -4.834948825010806,55.28314990641201,0 -4.84423595307411,55.32490626039911,0 -4.837781055965559,55.32832580219927,0 -4.82242825895163,55.33645538925104,0 -4.773422850384653,55.36005119821006,0 -4.768441535921439,55.40066582691183,0 -4.752321484520018,55.41625950281483,0 -4.711702122638182,55.43292610039752,0 -4.646740329269369,55.4371408446647,0 -4.64620093168351,55.4451972378176,0 -4.645462522471374,55.45622196331653,0 -4.643836688102871,55.45758164682729,0 -4.644819246019717,55.46582249158426,0 -4.644566594979997,55.46959218601856,0 -4.627135805003239,55.47752642710741,0 -4.619089449939179,55.4982182783412,0 -4.629535156716042,55.51828172296934,0 -4.621329194489255,55.5150208903411,0 -4.662266537916008,55.54166549830848,0 -4.684744480157469,55.54670000344515,0 -4.658020168794427,55.54804530461492,0 -4.657830468048869,55.55234886676896,0 -4.657342754940145,55.55244038613041,0 -4.657753348422887,55.55409822403499,0 -4.657122875411542,55.56839606330645,0 -4.657042178791103,55.57022561822084,0 -4.667682376685875,55.57988626867174,0 -4.673898376559223,55.58973375155682,0 -4.687160979466971,55.59755668454163,0 -4.694461211470842,55.60417425519659,0 -4.69702402749297,55.60585919086645,0 -4.713344952278925,55.61298772773558,0 -4.714558512829089,55.61370248118758,0 -4.715965128917263,55.61413170173486,0 -4.736324928379551,55.6230165953972,0 -4.75514699407814,55.63122377009235,0 -4.76970612852309,55.63051114178448,0 -4.777227461769221,55.63280053356722,0 -4.784298028315756,55.62979515355148,0 -4.788019643805495,55.62961226022463,0 -4.797391033942574,55.63884921470208,0 -4.820493451074193,55.63745151462422,0 -4.820350210222436,55.63770823610044,0 -4.815342240690618,55.64169370513897,0 -4.817160398636181,55.64342423041591,0 -4.814550197992858,55.64810032531141,0 -4.861298348185271,55.6841556286566,0 -4.863570440158351,55.68495436398013,0 -4.904047669132265,55.69917116799891,0 -4.901881678563735,55.72225666747924,0 -4.883594738324242,55.72911745425817,0 -4.888784613860821,55.73290110801355,0 -4.885820335167323,55.73341111519392,0 -4.89177639393196,55.73508181203591,0 -4.893578332667255,55.73639508533152,0 -4.893019448378843,55.73654223548667,0 -4.872203258840253,55.73039149188191,0 -4.867810067715017,55.74282124997915,0 -4.867610589450755,55.74338545380293,0 -4.867863728773474,55.74355189721771,0 -4.876260578084568,55.74907184682214,0 -4.874810954401271,55.74964349260901,0 -4.874746421443603,55.74909103070095,0 -4.868214904444523,55.74833411191847,0 -4.856207653827471,55.7469416384688,0 -4.85448390415541,55.7582086963754,0 -4.855204015149446,55.7660017148549,0 -4.854000470582054,55.77427554194438,0 -4.856246305418023,55.77727479170216,0 -4.856409992554493,55.77904448410217,0 -4.871945709917676,55.79906310130711,0 -4.872446850086037,55.79970846340427,0 -4.887201832511397,55.81869897596257,0 -4.887755825632559,55.87476628064878,0 -4.891573258757139,55.8818633032844,0 -4.895230028634345,55.89365436323983,0 -4.87968280474818,55.90376148006881,0 -4.870009318561897,55.91004652942278,0 -4.880507362591854,55.91487178944008,0 -4.881199794324742,55.91518998045431,0 -4.880770381329897,55.91841618259071,0 -4.878074087624246,55.9386628082293,0 -4.877325876688452,55.94267604900656,0 -4.816293819555578,55.96298985458832,0 -4.815738441705428,55.9627449093889,0 -4.807768801974803,55.95720737045954,0 -4.805176771462998,55.95808567326715,0 -4.805090964099806,55.95804781169036,0 -4.80495247333566,55.95823688902313,0 -4.790524634035774,55.96350918082219,0 -4.763899202970109,55.95774753073228,0 -4.744124555413084,55.94434742648013,0 -4.724809834093061,55.94694188562264,0 -4.702671339166034,55.94144863094092,0 -4.703145225817633,55.9406728595791,0 -4.698044921718569,55.94029996697692,0 -4.669247484007644,55.93314455231802,0 -4.612004858574608,55.93335010435514,0 -4.58113080628072,55.93462927787638,0 -4.562208557993142,55.93540940248252,0 -4.608391651937474,55.94664358871923,0 -4.608662348824849,55.94669989829472,0 -4.665220824978033,55.95844805976616,0 -4.682406921087408,55.97096678681984,0 -4.700462826699292,55.96735136843495,0 -4.699477874384011,55.97534574837042,0 -4.683860455834053,55.97568156743188,0 -4.691543390936593,55.98359588587203,0 -4.700232695924405,55.99254231486688,0 -4.71942657889279,55.99759394767213,0 -4.720090464179691,55.99870120712577,0 -4.73712801088609,56.00224893354983,0 -4.786361824869127,56.01517665733855,0 -4.788251110524828,56.01801672633697,0 -4.786449378790803,56.02446599782026,0 -4.801583035120566,56.03804490947839,0 -4.829541627767076,56.07997226143512,0 -4.835928485583278,56.04985091170614,0 -4.791640365403953,56.00092446909719,0 -4.769143512192861,56.00072453679627,0 -4.766461667477323,55.98814168522923,0 -4.823202927199822,55.98485830507978,0 -4.839694810755937,55.98706915140802,0 -4.859202757988395,56.00641124535308,0 -4.870128521240612,56.02896941837491,0 -4.877415416885386,56.05356073405172,0 -4.837859545662965,56.11363444047841,0 -4.79325953195778,56.16112472782012,0 -4.768655368031713,56.18726734572856,0 -4.748464278774078,56.19558004888595,0 -4.751319539357282,56.20390470788821,0 -4.788448211836953,56.18211176386469,0 -4.803816422383579,56.16088543112808,0 -4.830744435062138,56.1236330316861,0 -4.860435623474437,56.09992146268997,0 -4.885770108297738,56.10921728210597,0 -4.881784157288071,56.14205152054879,0 -4.8934208697431,56.1588189479794,0 -4.899398768945872,56.16742627011331,0 -4.900589860162239,56.16914076164655,0 -4.91548214354845,56.16465614836985,0 -4.909623307868575,56.15843843256449,0 -4.898569666841311,56.14670133522239,0 -4.907489059823336,56.11219771307968,0 -4.89451573271801,56.10253973189164,0 -4.872862458045895,56.08640590034339,0 -4.873002219709148,56.086272373531,0 -4.892058481730885,56.06978580112387,0 -4.913259456568237,56.05134220255193,0 -4.896522422463176,55.98421393655966,0 -4.901948018757272,55.98557066265676,0 -4.959732492909237,56.00539773350395,0 -4.959683124144131,55.98958693668765,0 -4.930801468073553,55.97813579125918,0 -4.922640374817702,55.9748975548012,0 -4.907445855646556,55.96715545471537,0 -4.909479159929557,55.96341086965702,0 -4.93004227205971,55.94355784901024,0 -4.932469538817194,55.9431226661416,0 -4.977666430062352,55.86184715637764,0 -5.034572669722444,55.86963613005776,0 -5.043781131715054,55.87099704272206,0 -5.067317799830765,55.9522593208737,0 -5.103720129310189,55.97140709711348,0 -5.105216284930472,55.97386286134086,0 -5.105639566352383,55.97455756686179,0 -5.12269937465034,56.0097342436117,0 -5.121213211440165,56.00009863993331,0 -5.124868171241864,56.00608750174223,0 -5.118003277266321,55.97926843350785,0 -5.11712463869012,55.97356228592269,0 -5.116948083612021,55.97241545860496,0 -5.081241576482922,55.93853355064638,0 -5.076033556266774,55.8982101984931,0 -5.110582594660286,55.90161218379686,0 -5.177509025596944,55.93297994119817,0 -5.188050489584391,55.97174646129712,0 -5.192070701652331,55.98650876281156,0 -5.192819779259375,55.97162279435105,0 -5.193513376711729,55.95783290419947,0 -5.198670640239617,55.95602881341257,0 -5.195915990365918,55.94586739793772,0 -5.202391925358003,55.9259883946607,0 -5.222873222323638,55.90932088478146,0 -5.235215104072482,55.90435919555905,0 -5.238983023750633,55.89619860273208,0 -5.241055982016614,55.89450928516366,0 -5.207536838285338,55.85639232377804,0 -5.203229612286053,55.82834818273074,0 -5.206241911981383,55.82796231221173,0 -5.221016367837145,55.83237298079209,0 -5.224881778013069,55.83730876705831,0 -5.25223178731476,55.84664271347057,0 -5.256256919435201,55.85214002102164,0 -5.283937898008885,55.84840508370264,0 -5.288970806625676,55.85517616126057,0 -5.28918885890232,55.8562581061293,0 -5.289715273537621,55.85617751213119,0 -5.290845284886846,55.85769733500159,0 -5.310011640574714,55.85306818391172,0 -5.310842710976109,55.85294078539157,0 -5.30328981089882,55.85552043481801,0 -5.311570643449318,55.85672713419473,0 -5.310444817523151,55.87465914237637,0 -5.310044291134933,55.87588701113511,0 -5.312732623560573,55.87357276969686,0 -5.315773474213787,55.87106245915363,0 -5.312463157257026,55.87784493069469,0 -5.34656242402522,55.88773598886065,0 -5.351102160124046,55.8983528592149,0 -5.335671751787678,55.91983493217464,0 -5.342641988243471,55.92251451149136,0 -5.332547978011247,55.94911187080194,0 -5.32591602991035,55.95592557039149,0 -5.334598629830787,55.96172565481144,0 -5.341198041678279,55.96768639646417,0 -5.345231035584599,55.97132798913749,0 -5.342944058934203,55.9833291417081,0 -5.337794060674345,55.99736216761107,0 -5.317164799906979,56.011912278999,0 -5.3141039611114,56.01203124085965,0 -5.311229232042704,56.01609609447301,0 -5.300377352975532,56.02374224458833,0 -5.283327970688728,56.05531686342156,0 -5.216084659093903,56.10055466426676,0 -5.209091798363005,56.10525102190356,0 -5.202024719829968,56.12868533271416,0 -5.112219670373928,56.15349885285742,0 -5.099748504857621,56.15693705619214,0 -5.081962510374981,56.16729464973599,0 -5.059610630768143,56.20796461554132,0 -4.924976408532422,56.26513217360212,0 -4.930297376688737,56.26944336436345,0 -4.995676560835073,56.24247963528208,0 -5.038588915420113,56.23420887267596,0 -5.053314046226166,56.24589440525309,0 -5.103014572690535,56.20191965278564,0 -5.116247608767083,56.17080753170328,0 -5.14484358442166,56.15675443886735,0 -5.176360512300472,56.15186536649486,0 -5.191413920973339,56.14952694174827,0 -5.219062644950522,56.13620241077481,0 -5.2349765937635,56.12852621242165,0 -5.255572596182271,56.09734848740337,0 -5.281045744266993,56.08923794111598,0 -5.293728022332241,56.06963354911855,0 -5.304541454756957,56.06145258321789,0 -5.317629341972081,56.05926764887155,0 -5.319690928924786,56.06003552588968,0 -5.32021571119828,56.06873890965944,0 -5.332907005928019,56.06822746809536,0 -5.329365880222973,56.06363826589078,0 -5.334693852580412,56.06562166784119,0 -5.325764140415134,56.05896925138628,0 -5.325108075350269,56.05811864187663,0 -5.33999920509686,56.05073700146709,0 -5.344338217642373,56.02236374646809,0 -5.357128975113914,56.02553967916945,0 -5.35987293947603,56.02316109617292,0 -5.361201369565456,56.02323747578556,0 -5.387936853529416,56.00492690853078,0 -5.393161797569872,56.00745612933834,0 -5.398697058609414,56.00409900558352,0 -5.40562119991236,56.00123438786817,0 -5.412414276905753,56.00457813663613,0 -5.427185572763551,56.01732595227623,0 -5.429402955787477,56.03496461990052,0 -5.439488350440209,56.03805819136054,0 -5.442224402828914,56.02091397137947,0 -5.444942558943079,56.02081071775851,0 -5.447224323800867,55.98954968717776,0 -5.450016711065895,55.97201370041221,0 -5.44362537718561,55.96486412819397,0 -5.427614768711031,55.94694068692282,0 -5.427223344982099,55.94504724442132,0 -5.418407516713855,55.89654582020675,0 -5.417079180455976,55.89590494159044,0 -5.416659704985445,55.89386986526097,0 -5.402428169843902,55.88883392814358,0 -5.401456661619046,55.88835249271997,0 -5.411945487490504,55.88997241942921,0 -5.394920971450287,55.87060995906589,0 -5.411789567603453,55.86442354268367,0 -5.413667635927461,55.8637374629073,0 -5.413899681631952,55.86364937837779,0 -5.393443782036631,55.86293231104483,0 -5.384087827098274,55.86255739177735,0 -5.338795723458453,55.82741105792824,0 -5.31650367475238,55.78852342976436,0 -5.313462007534581,55.78321077977166,0 -5.326486615890759,55.76464611378179,0 -5.349621695157778,55.76620575753463,0 -5.393165044905398,55.7521301731072,0 -5.449939925243725,55.70716526364372,0 -5.447686023337639,55.6877381779158,0 -5.482518846988667,55.64263791209882,0 -5.467982034308469,55.60449558819284,0 -5.457324304837163,55.57648030330074,0 -5.465735590331856,55.57122051892529,0 -5.469121715314345,55.58241881079967,0 -5.486752492297438,55.57901710766024,0 -5.487438093237545,55.58484716557113,0 -5.487742575195508,55.57343927228754,0 -5.491640002993782,55.57056531607799,0 -5.488861257055793,55.53151327617316,0 -5.488902527260672,55.52996617129028,0 -5.503147915643441,55.52720767864795,0 -5.509262741194533,55.4876639197812,0 -5.542433682943233,55.46783169604236,0 -5.542528498202701,55.46734553520086,0 -5.544487814597789,55.46615492062671,0 -5.549462500396451,55.43429150661509,0 -5.579490303403854,55.42415398374592,0 -5.602680791809908,55.42717395995299,0 -5.600225143113214,55.42549407180241,0 -5.602571047913419,55.42566750048019,0 -5.595602733223367,55.4223313871537,0 -5.593681064212618,55.42101636310226,0 -5.583132051217558,55.41379539114613,0 -5.578874213291958,55.41431854172276,0 -5.577977566170805,55.41388889433517,0 -5.57578195690458,55.41469837823935,0 -5.551328405888994,55.41769912326372,0 -5.540505519462496,55.4075834250196,0 -5.525446920459239,55.39201968394788,0 -5.51926722377289,55.36125403862328,0 -5.56078843270569,55.32367407000811,0 -5.602604542556699,55.30751116643312,0 -5.684551051118437,55.30911167249945,0 -5.718958763559858,55.2932482465602,0 -5.753848795761532,55.28958744964401,0 -5.781167025894911,55.29720929859491,0 -5.797757964636203,55.30183374409723,0 -5.801061006457594,55.30298458228803,0 -5.795291079057264,55.39116613341107,0 -5.790407126209458,55.39394539983644,0 -5.75461268364996,55.41429703538664,0 -5.753897200882517,55.41619867328733,0 -5.751294520364936,55.42311469518331,0 -5.749049052868827,55.42472942414746,0 -5.721235320047676,55.42671832330962,0 -5.714030653369439,55.4465060133114,0 -5.712633023217877,55.52072944348966,0 -5.703276409487594,55.5320506655322,0 -5.702744845195685,55.53260937684684,0 -5.703039306120847,55.53352976922728,0 -5.715127002474314,55.57352485890222,0 -5.691678042327888,55.5874198857748,0 -5.686890920382541,55.59810211623978,0 -5.671271844252689,55.63291565322814,0 -5.662012478094893,55.6678965136024,0 -5.675491856433322,55.68250235042989,0 -5.618929203843733,55.70978619867793,0 -5.568748966708756,55.7669973213077,0 -5.552362678485423,55.76712183669576,0 -5.548254478710931,55.76967835620928,0 -5.523007731407806,55.78277355279644,0 -5.509582581941936,55.78973140515475,0 -5.480659665811942,55.80470804442714,0 -5.439530961534591,55.85560119149692,0 -5.510743581778645,55.80262721336121,0 -5.51905302464401,55.79643405896383,0 -5.575312433519853,55.77621781140385,0 -5.579760886517551,55.77231808098259,0 -5.613700829442473,55.76199694749727,0 -5.606402179474297,55.77383888611514,0 -5.599273596565405,55.77756727294512,0 -5.611160977559603,55.78021282309702,0 -5.619907427699804,55.78215838464706,0 -5.613585754314265,55.78850524462828,0 -5.606910534835764,55.79513659482328,0 -5.638784532796335,55.78688222645771,0 -5.663292372306735,55.7993519960501,0 -5.663723610144496,55.83158287522203,0 -5.656274445406705,55.85042584655133,0 -5.633298302964589,55.88075951997103,0 -5.5971431965486,55.91493744927801,0 -5.570024662852189,55.9335808943496,0 -5.576668872535238,55.94039750496691,0 -5.608022562893114,55.92926685233496,0 -5.627779450233211,55.91699941462038,0 -5.676700366947806,55.88701278020686,0 -5.678547121625835,55.89114756073423,0 -5.680376142339229,55.90790178717469,0 -5.686651142248757,55.90928071620571,0 -5.687408119670751,55.91097355135571,0 -5.667320185623311,55.9444937314083,0 -5.664028051114088,55.94947690260037,0 -5.653305904195374,55.95882073153183,0 -5.594996670713422,56.00954115965513,0 -5.591988238060607,56.01051181889994,0 -5.576484147760937,56.01329925231505,0 -5.574497766738851,56.01615265077668,0 -5.571444993058058,56.0171367797592,0 -5.564513436418545,56.03012988562948,0 -5.597086639372579,56.01603617830064,0 -5.565666187570254,56.04108515906043,0 -5.565735713676157,56.04105734250814,0 -5.565470362121385,56.04126894989804,0 -5.587566717280087,56.03231907300891,0 -5.585730730648753,56.03917112952711,0 -5.591497433085549,56.03072614138872,0 -5.60797937539407,56.02404403077274,0 -5.579233134966085,56.05277652554709,0 -5.58724626830982,56.0455807046603,0 -5.578463031663473,56.05469625469777,0 -5.61095689379068,56.02437499208023,0 -5.611427702366056,56.02437418090862,0 -5.623536149189972,56.02472558255447,0 -5.622986168778056,56.02435369227478,0 -5.624158794470927,56.02435155424855,0 -5.621556968456979,56.02338724007414,0 -5.612173979411991,56.0170406376608,0 -5.620736683784094,56.00762413603724,0 -5.639200721680409,55.989987041106,0 -5.657191820056934,55.98380546632998,0 -5.634633825449679,56.01302266794742,0 -5.635427626584996,56.0124255225634,0 -5.635113687121043,56.01283312146555,0 -5.636904545914256,56.01131443105719,0 -5.650903193109765,56.00077922421928,0 -5.671729165496677,55.9785866972537,0 -5.669317995677069,55.97328545195376,0 -5.653671322554175,55.97740088515339,0 -5.667191990887075,55.96404588393069,0 -5.681973642428415,55.95796644142947,0 -5.686771103659741,55.95599254425053,0 -5.685202437689793,55.95786991680268,0 -5.675650746351786,55.96929709919998,0 -5.697660353303376,55.95749594903163,0 -5.713058511544383,55.94923321110954,0 -5.713823443250932,55.94889007776002,0 -5.707305312609594,55.95720562068639,0 -5.655620444894222,56.02300836874187,0 -5.634742651875444,56.02920234446798,0 -5.631566963708615,56.05264856893329,0 -5.583608084174768,56.09184227156034,0 -5.566870698455809,56.08810107705138,0 -5.549487714371629,56.09239134521734,0 -5.542729945788326,56.09239827373951,0 -5.543408487817051,56.09389095398572,0 -5.541125241074228,56.09445407246906,0 -5.544926031636894,56.09722884497549,0 -5.549840214008593,56.10803346498273,0 -5.55713653449166,56.1061395678331,0 -5.566477415575108,56.11295249009189,0 -5.541520166387,56.14058038188833,0 -5.540267930078302,56.14196546818927,0 -5.500222359829614,56.18620163475789,0 -5.506959459416962,56.1913435752729,0 -5.516431311397795,56.18682571495516,0 -5.524659212420125,56.18777879937484,0 -5.532304057705274,56.17925080926722,0 -5.534531784477359,56.17818728042969,0 -5.532045730672077,56.1813120591525,0 -5.544625674881053,56.17427699564517,0 -5.555751303017946,56.16805205645478,0 -5.578321135761464,56.15726212275706,0 -5.591296831108261,56.14049146573521,0 -5.597179133259612,56.13288365982462,0 -5.613533610771878,56.13168363604339,0 -5.603605465563035,56.14013282244631,0 -5.591853678509228,56.15012827556638,0 -5.590008374470578,56.15169472687347,0 -5.599431327012278,56.14993090909066,0 -5.596377842427806,56.15954208432638,0 -5.601345108754678,56.15919939599587,0 -5.600674326184047,56.16231687693303,0 -5.556235121461954,56.20398562614791,0 -5.561558638802365,56.207885144009,0 -5.565443600723079,56.21094682241125,0 -5.548442428594877,56.21560127753568,0 -5.539845976528526,56.21795344069257,0 -5.546086224511328,56.22259891147781,0 -5.54757941284506,56.23067191815456,0 -5.54991985290821,56.23156433127581,0 -5.56469951653145,56.23719783058633,0 -5.550746115367587,56.24048152081457,0 -5.480227516113014,56.25704441969867,0 -5.504091779561374,56.27024738533071,0 -5.516163773015971,56.25974604036773,0 -5.531910845061912,56.26005408363071,0 -5.552614609296959,56.2606432572746,0 -5.560740294181567,56.26087353925868,0 -5.58058139812263,56.2482861190618,0 -5.581958849296648,56.24837727442699,0 -5.594918895481182,56.25027218905397,0 -5.578089017724396,56.28402543226834,0 -5.589701582738531,56.28280691221094,0 -5.590789356399277,56.28298898854216,0 -5.580195140323572,56.32065624200317,0 -5.57662730766614,56.33332583074047,0 -5.560228229081067,56.34249998267452,0 -5.551662972513059,56.34728907378111,0 -5.541603732727871,56.34480429913921,0 -5.538005327533774,56.34961185428363,0 -5.535823860475737,56.34964344228862,0 -5.519687153608645,56.34086306568477,0 -5.51932795555941,56.3405861821977,0 -5.519198912957689,56.34065944925295,0 -5.497798417483875,56.35227294074742,0 -5.47931317272115,56.35286932730026,0 -5.475587402461718,56.35259182852182,0 -5.448067312597831,56.36173374320444,0 -5.453029961027977,56.36737566933247,0 -5.475488291072061,56.35674170543269,0 -5.480182924155688,56.35588630422642,0 -5.495944169923637,56.36178745173325,0 -5.51860636265164,56.34570717344014,0 -5.519036872031275,56.34548380812016,0 -5.537086327655188,56.35983299505732,0 -5.512916136261865,56.39581003465656,0 -5.471609075439113,56.41309537365112,0 -5.482747890046275,56.43605492104819,0 -5.47897588150964,56.43810228706981,0 -5.460291900888344,56.44801839584389,0 -5.445695650067782,56.45361404459621,0 -5.439872003476747,56.45576648162563,0 -5.434890137589599,56.44749292782323,0 -5.413775724177389,56.45540125440117,0 -5.413200156473142,56.44989463205959,0 -5.349310806232266,56.45979765546593,0 -5.341510636192313,56.45647739975919,0 -5.329296909937407,56.45070666276311,0 -5.328682322266145,56.45101448480531,0 -5.328169921321718,56.4507962185541,0 -5.321617419502862,56.45455244177838,0 -5.314924368930595,56.45790321373914,0 -5.284954766955998,56.44882422726103,0 -5.268054104207818,56.45070477232453,0 -5.265797429100669,56.4580782810355,0 -5.247446235625849,56.43757580132733,0 -5.2445006814683,56.43742104902397,0 -5.233891252583552,56.43686306235017,0 -5.231678067182881,56.44013915016367,0 -5.226445791496424,56.44568959842009,0 -5.222549665824865,56.44016762869515,0 -5.189238253558738,56.44862562231688,0 -5.155944739692377,56.47211966223324,0 -5.134396795723546,56.47712964229416,0 -5.143303608001295,56.48248280056038,0 -5.130110094989081,56.49283150287001,0 -5.117920037677103,56.48916253400118,0 -5.128021288081389,56.493221306481,0 -5.109365974826424,56.513185567472,0 -5.09486672132834,56.52868604502796,0 -5.063481838331959,56.5630744794485,0 -5.077471553702138,56.56005144111938,0 -5.096343505216028,56.53589989708357,0 -5.12262626615114,56.512852647201,0 -5.133160656978779,56.50360580517174,0 -5.154739953413386,56.50143194439104,0 -5.182389295592309,56.46148807819695,0 -5.22906647870602,56.44679208378112,0 -5.246263514025274,56.45807911373618,0 -5.255587809747821,56.46419511831757,0 -5.287045880325128,56.46060251204293,0 -5.345334072176789,56.4719434349605,0 -5.360811871118377,56.47028875799619,0 -5.363860105456099,56.46295156079594,0 -5.36559508160696,56.45914248450061,0 -5.398305181394902,56.45907058691316,0 -5.40588970371766,56.45910032338848,0 -5.405440828461415,56.46591539567756,0 -5.399847121031711,56.47085773673565,0 -5.404754678087875,56.47632958980051,0 -5.404217488133822,56.48448006801818,0 -5.419028530339767,56.49223440202256,0 -5.421068901305095,56.49450665432499,0 -5.422202896963868,56.49389569256522,0 -5.425909214782815,56.49583508495139,0 -5.420101385352057,56.50501182339687,0 -5.418388332388616,56.50771768118096,0 -5.421689107717598,56.50496797589765,0 -5.457774414822484,56.47487596804607,0 -5.450500357995146,56.48814302590053,0 -5.472728675191799,56.48206498662868,0 -5.472334799848054,56.48246542327501,0 -5.449442910442578,56.50419950155442,0 -5.43091807618647,56.52176652006021,0 -5.400750773757149,56.5258780470676,0 -5.39721543163058,56.5213536884837,0 -5.399486050211496,56.51739624404703,0 -5.392204084356777,56.51493832737697,0 -5.388634372281556,56.51036701056567,0 -5.384251049167495,56.51225304059545,0 -5.380490218491077,56.51098290817799,0 -5.3325418751624,56.52116715243648,0 -5.295273897871537,56.5466197407146,0 -5.254003278277627,56.54846862338077,0 -5.248538779549814,56.54871238764805,0 -5.244733916362165,56.55320646378217,0 -5.25446630166859,56.55386295045634,0 -5.259955081477832,56.55423284199482,0 -5.254649298424755,56.55599299136123,0 -5.230311958271247,56.56406174673928,0 -5.254699166442909,56.55657327252949,0 -5.280936776107617,56.54850801743847,0 -5.318811354510415,56.54795830213833,0 -5.360327011754954,56.52641404392359,0 -5.381653598100398,56.5243263589179,0 -5.392077675535216,56.54390972740076,0 -5.415581345419632,56.53919241685819,0 -5.407131436589841,56.56085325755951,0 -5.389920661739981,56.56895315448802,0 -5.389211417905621,56.55972066662698,0 -5.368248538711772,56.56608294958143,0 -5.386634831089911,56.57546065054136,0 -5.382609794949805,56.58233244977777,0 -5.323876180760585,56.62085226995109,0 -5.294759302021942,56.63913107001054,0 -5.297196324961007,56.64317327246401,0 -5.296558504421242,56.64369674394086,0 -5.297581916970005,56.64381275282162,0 -5.299768459824163,56.64743855544382,0 -5.325259588983847,56.64730279144512,0 -5.316232574820544,56.65359460159656,0 -5.271451146111692,56.66980737496758,0 -5.264380438811123,56.66883264243101,0 -5.254561966260452,56.66747836107365,0 -5.251322343049067,56.66572917047811,0 -5.222592864930395,56.68632372301465,0 -5.184980600092829,56.68896760066215,0 -5.145664387985661,56.67729393043135,0 -5.115135315116953,56.68107158648021,0 -5.105155969968137,56.69205691308994,0 -5.100246478740427,56.69321496192878,0 -5.049900988886431,56.70507525041153,0 -4.968244680507296,56.71474528827004,0 -5.011677289779824,56.7142087940605,0 -5.122514290059605,56.6926579031848,0 -5.161447729067343,56.68505865323171,0 -5.165921163882674,56.69156183492486,0 -5.166771992095795,56.69279843151043,0 -5.187449649632532,56.69202185626408,0 -5.184502809645708,56.6998129901128,0 -5.184858404444094,56.69982301934284,0 -5.184099625980084,56.70009243048585,0 -5.246227464466767,56.70320139316738,0 -5.227921319621182,56.72961652370113,0 -5.210286705750874,56.74335586803265,0 -5.110520020256788,56.81969324379747,0 -5.110736287663598,56.8206857827591,0 -5.107674694048496,56.82305779425189,0 -5.100972022454323,56.82683940258211,0 -5.109960619735757,56.83933090030902,0 -5.124522518738278,56.84303728349941,0 -5.143450943097553,56.83964089994292,0 -5.152384671769558,56.84146209417558,0 -5.16695962678369,56.85010904592977,0 -5.190865558963955,56.85489995130473,0 -5.280759179195618,56.85692378412148,0 -5.327935108054455,56.85795987011157,0 -5.320149311367448,56.85075905676688,0 -5.279820861208404,56.84620828184361,0 -5.252448936905593,56.84311146706963,0 -5.178630420236447,56.84680768740208,0 -5.147031385546724,56.83643510847291,0 -5.128966823945046,56.83468610231525,0 -5.118942468477346,56.83464047931393,0 -5.123326613976835,56.8249639045393,0 -5.125777999869888,56.82232760647763,0 -5.148385365955136,56.8082515248937,0 -5.21831395705426,56.76587217076072,0 -5.239065175291167,56.76701488532445,0 -5.232409910433342,56.75620100834934,0 -5.252181633423955,56.73452360688605,0 -5.255350290658097,56.73218494551502,0 -5.241489730445319,56.7204480777454,0 -5.26827445554554,56.71375879534323,0 -5.272802629787075,56.71262711915521,0 -5.283109715784429,56.7008109238345,0 -5.286522888605814,56.70994158358262,0 -5.297286405195488,56.71237844937095,0 -5.303586037893496,56.70819343216664,0 -5.306951215833425,56.70803763988333,0 -5.326141375603799,56.69507835146792,0 -5.348888321398729,56.68677286129041,0 -5.359675601829363,56.68283144370931,0 -5.354457161309765,56.67593505145314,0 -5.38395750956138,56.65596375193097,0 -5.397635794584029,56.64707733729908,0 -5.433026267380227,56.64294496349815,0 -5.469136149640787,56.61546325977587,0 -5.483163911802192,56.61735928900733,0 -5.486944955063435,56.6103523578272,0 -5.490036638071127,56.6108198610259,0 -5.517795417822975,56.61675713401375,0 -5.513214659526956,56.61432184031331,0 -5.527298586168169,56.61644734632053,0 -5.506406832018815,56.61070165093061,0 -5.493727320341555,56.60395619734471,0 -5.525737056857994,56.57362583080715,0 -5.550975937725505,56.55137881345821,0 -5.572295779954536,56.53956251092261,0 -5.578498951240288,56.53721216592071,0 -5.68296723364881,56.49754024043383,0 -5.694053285944077,56.51204472228546,0 -5.744600887315419,56.5252673769772,0 -5.753625706626421,56.51899632633744,0 -5.763543625911796,56.5269225699283,0 -5.77031529136887,56.53271794765255,0 -5.739343584685748,56.56243530917914,0 -5.747077208736639,56.56504376786179,0 -5.782762243688985,56.5329432396128,0 -5.883406554041345,56.54819569739156,0 -5.903432294065522,56.55130564768154,0 -5.905585955040969,56.55252996194783,0 -5.958557777272819,56.58260607057938,0 -5.977290016703604,56.61056616563199,0 -5.999911258294395,56.62000227373574,0 -6.000685380666342,56.62562141783457,0 -6.002957121581058,56.64954711816781,0 -5.949066999390704,56.65626198171326,0 -5.927311886665914,56.65134381916779,0 -5.923099688228259,56.65259771451434,0 -5.922502883337872,56.65251186980346,0 -5.917945496430724,56.65413172166557,0 -5.916154780540491,56.65466460239742,0 -5.905003896728444,56.65798196539325,0 -5.890398214393996,56.63954101320524,0 -5.87815581528141,56.63930350962054,0 -5.831679810824704,56.62364903306003,0 -5.84011083623706,56.63476921549734,0 -5.867863448753853,56.64274067045488,0 -5.875539411432179,56.65034464287179,0 -5.875495245131697,56.65394553406225,0 -5.849443751411131,56.65992993749878,0 -5.838692507008398,56.6607752283878,0 -5.831192170028955,56.6641182435108,0 -5.818058718449876,56.66712984568445,0 -5.804440336463784,56.67367596135584,0 -5.745659403857795,56.70188833862623,0 -5.746652020795695,56.70172781599792,0 -5.745717402966437,56.70214287162664,0 -5.719960554791735,56.69698512489907,0 -5.703087756043947,56.68238151274952,0 -5.686224223091215,56.68489485901242,0 -5.662472881374525,56.67793694288045,0 -5.65845870087835,56.67676028610659,0 -5.639580255501614,56.67860904114261,0 -5.592351003404167,56.68322088266009,0 -5.543467889349922,56.68797423174976,0 -5.592890972516019,56.68888372529948,0 -5.614898279658226,56.68928237449953,0 -5.662848665424614,56.68028618957894,0 -5.716935679693234,56.71005583266764,0 -5.769876093074234,56.70832849897716,0 -5.775925126576851,56.71525276260368,0 -5.777916965628258,56.70601637599627,0 -5.831538076299591,56.67616783572201,0 -5.834366109795496,56.67507679809347,0 -5.859690798435164,56.68110107612802,0 -5.892305235668045,56.67400059490156,0 -5.894584523600468,56.67410703030649,0 -5.903033029013994,56.68019368675994,0 -5.918497218676501,56.67720921677575,0 -5.925155494616803,56.67592348983408,0 -5.933528964479303,56.68621051136431,0 -5.937139778871693,56.6838933825973,0 -5.944548616006186,56.68885025495625,0 -5.971289511157716,56.68204130046306,0 -5.973127644816131,56.67261871453167,0 -5.986386808081018,56.68507742794876,0 -6.029145269764815,56.68050690478106,0 -6.050465071517634,56.69324192163596,0 -6.095286921329457,56.68808227123931,0 -6.100771582663898,56.68925374394173,0 -6.110407204001193,56.69320172826959,0 -6.108856716877538,56.69766923491695,0 -6.114585688295549,56.69491327335069,0 -6.116258296934392,56.69559830608873,0 -6.141183403487307,56.68337164717435,0 -6.187080102153365,56.68821867419957,0 -6.217286405004711,56.70335491950162,0 -6.217705070793146,56.7043886357134,0 -6.225631232085858,56.72622497914409,0 -6.210180218375505,56.725938174818,0 -6.200591144560716,56.73838796209954,0 -6.198921160807186,56.7382712156192,0 -6.184061559984753,56.73569753923535,0 -6.184135032262709,56.73723651551312,0 -6.182930574762917,56.73715214976577,0 -6.18042980324429,56.74438811226052,0 -6.184538902173752,56.74569279147561,0 -6.184979606307472,56.75491378779461,0 -6.178683002306566,56.7541182259753,0 -6.166754915753723,56.75170764221711,0 -6.116918969238966,56.76581330294457,0 -6.063896288211311,56.75883563825862,0 -6.048661313829625,56.76681914484344,0 -6.016361977127647,56.76410488006203,0 -6.012702399585993,56.77246175515735,0 -6.010832137153925,56.77246750720043,0 -5.981322716810062,56.76924646716014,0 -5.977618888432517,56.77256498066194,0 -5.970260477607758,56.77258537730827,0 -5.965509618246538,56.78340975110536,0 -5.964254822411216,56.78453309962654,0 -5.927306981383934,56.76170509118608,0 -5.908380411265768,56.74999612574125,0 -5.885144710511282,56.76352922776213,0 -5.868609251879777,56.75568512204995,0 -5.875959360220906,56.7456813017392,0 -5.851351745114217,56.75278481707128,0 -5.848283135049312,56.76043178433761,0 -5.888517875617526,56.76669285624384,0 -5.885917912034683,56.78548373081681,0 -5.885158517310281,56.78528762603676,0 -5.861238457976807,56.77834642440942,0 -5.859889287145088,56.77875832523743,0 -5.856918291073056,56.7779901604946,0 -5.835825835235806,56.77828622994056,0 -5.822616469951191,56.78594426278265,0 -5.81276872393691,56.7855250755977,0 -5.802705985827354,56.78420256494821,0 -5.800642211196455,56.78684450043265,0 -5.791747056287859,56.79280966922082,0 -5.796412687647685,56.79225768175452,0 -5.794141825361034,56.7951633740936,0 -5.863915383466468,56.81087572361139,0 -5.861701727312692,56.82087102200897,0 -5.856852837778844,56.83035878079092,0 -5.827998234152616,56.83500071349652,0 -5.81554544686401,56.82822433653299,0 -5.812687649990588,56.83175966013533,0 -5.794106556034679,56.83723916655731,0 -5.784830620231849,56.83689404192024,0 -5.756121946429912,56.84842724295191,0 -5.755575788625886,56.84858797674514,0 -5.718068895646294,56.84384377242232,0 -5.704883672074013,56.85652377272392,0 -5.697444453470839,56.86367363097317,0 -5.674882642866655,56.87089070968984,0 -5.675378937283126,56.87300660324965,0 -5.665054029006405,56.87559526411062,0 -5.676447262066975,56.87756039029096,0 -5.677009023046378,56.87995443010626,0 -5.687567299593536,56.87976424549134,0 -5.68786121222951,56.87952783013422,0 -5.689234339111597,56.8797644329884,0 -5.719046346633382,56.85610203672926,0 -5.725155458713273,56.85124861817663,0 -5.752248457422282,56.85510799339875,0 -5.787671080211137,56.8601437831182,0 -5.786515792223395,56.8609238588818,0 -5.754603016889026,56.87941338276577,0 -5.730336263363216,56.88443897447923,0 -5.722419551075517,56.88513177162201,0 -5.724754868415883,56.88559401872112,0 -5.724483438361199,56.88565018139688,0 -5.731805062000608,56.88698917688964,0 -5.739336930116086,56.88847909526945,0 -5.728763868570236,56.8925811757593,0 -5.736610013524094,56.89637049802225,0 -5.787596191637388,56.89156684900117,0 -5.803863589583844,56.89021575440326,0 -5.804298523027548,56.88998846367587,0 -5.82619536818195,56.88791561807948,0 -5.826482465385894,56.88856651081824,0 -5.829173652664715,56.88763336879601,0 -5.86262067199659,56.88445846182383,0 -5.886192399184623,56.87440549254872,0 -5.917264032981334,56.88305924202276,0 -5.921724101571144,56.88814175413523,0 -5.9223452552539,56.89042411673228,0 -5.909316627946463,56.89393038009595,0 -5.898708469675101,56.89529661108353,0 -5.892920027469689,56.90448360113917,0 -5.860643706074836,56.89935766363601,0 -5.86059041886821,56.89390971344227,0 -5.852008100813502,56.90021069008157,0 -5.850036074217621,56.89991913287921,0 -5.850241291214371,56.90150751691385,0 -5.842535982938204,56.90716184639986,0 -5.84947386613327,56.91349287107614,0 -5.871438532944622,56.90996289391637,0 -5.882311110635018,56.92022764353252,0 -5.874911951224489,56.92566354297058,0 -5.873679164102515,56.92548092690217,0 -5.870620736436308,56.92866642421464,0 -5.854865460136914,56.92711937065925,0 -5.865672876328643,56.93381857817378,0 -5.864341211348897,56.93520495584492,0 -5.851708978225564,56.94107629482261,0 -5.85833627200179,56.9464302943195,0 -5.858379297732229,56.94775613422042,0 -5.845327356670094,56.96494087427165,0 -5.842123948375232,56.96670267524355,0 -5.816211572204732,56.95972833479743,0 -5.824276336885713,56.975029654127,0 -5.846086125987481,56.97280954622295,0 -5.834441720480209,56.99749922926189,0 -5.823368382207956,57.0087960858346,0 -5.726321509450284,57.01854336712227,0 -5.723158333665348,57.01412788268929,0 -5.707458834692366,56.99122430753905,0 -5.633640108891613,56.97009812263858,0 -5.623304240091834,56.97531790683293,0 -5.620577921571158,56.97654065885213,0 -5.602381591918833,56.98469817250929,0 -5.588156231689863,56.98055315964525,0 -5.522875360609879,56.99462942657168,0 -5.534144773115602,57.00122995304333,0 -5.550684524530711,56.9991294104452,0 -5.611608330297892,56.98399883959805,0 -5.621509063570143,56.98611512518432,0 -5.657914660402997,56.99388795361246,0 -5.660073649677841,56.99460270428258,0 -5.669969214335932,57.00340533557189,0 -5.67790355495034,57.01130559848625,0 -5.6816000078213,57.02368350922406,0 -5.679341601560452,57.02607921761922,0 -5.662997908027472,57.02993812154867,0 -5.680132601238223,57.03447166323735,0 -5.682449967359098,57.03702637113245,0 -5.682887044791673,57.03750816606669,0 -5.700201111052662,57.03977700794347,0 -5.706426778737878,57.04142186481153,0 -5.726267773837906,57.03572816141117,0 -5.742596420352741,57.03103874858741,0 -5.74733580411045,57.03509958428199,0 -5.755003168300216,57.04166688698108,0 -5.760873649021087,57.05163851958785,0 -5.780494836651386,57.04452325102345,0 -5.795661085620601,57.06613773011058,0 -5.793738591031505,57.06714674602531,0 -5.724371435236503,57.10146690529783,0 -5.720926677714553,57.11842919953456,0 -5.652804206641195,57.12736253262269,0 -5.635085817322659,57.12513775160917,0 -5.591103053640024,57.11960307420377,0 -5.590826018057522,57.11956074021151,0 -5.566062389107847,57.09625233656892,0 -5.518825456712303,57.08167257923026,0 -5.50854739999416,57.09785461388081,0 -5.500942118715562,57.09699749746612,0 -5.485091963596687,57.09945360810837,0 -5.481261506473348,57.10141228887025,0 -5.390639301617891,57.10917602064404,0 -5.425528256778919,57.11543277627965,0 -5.47897047103205,57.10543197249986,0 -5.486164515744994,57.10144603414751,0 -5.489768710645584,57.10561706044131,0 -5.52561312724344,57.10212254549505,0 -5.526291247247751,57.10213494291862,0 -5.551658074923884,57.11272906037382,0 -5.560353179362971,57.13384809013025,0 -5.609949204842839,57.14601671645349,0 -5.636959080310685,57.14422363833661,0 -5.659380260731548,57.14273065176126,0 -5.681303216167873,57.15329638065392,0 -5.68794959307857,57.16337598701948,0 -5.686928811698174,57.16788666644237,0 -5.69064579524839,57.16746320869014,0 -5.691911130157747,57.16938100738248,0 -5.687927420143325,57.17299791762764,0 -5.66136717641383,57.18957913542393,0 -5.642096749434362,57.196439220561,0 -5.630507622490087,57.20056221476706,0 -5.623110104686138,57.21858926170448,0 -5.622407461507241,57.22030064461872,0 -5.64498957937482,57.22576409163333,0 -5.653256871939154,57.22776282110208,0 -5.655271525294189,57.22826422324685,0 -5.646240343602763,57.23842281333165,0 -5.635737745454787,57.2502288367909,0 -5.61446730685655,57.25514978436243,0 -5.594814510710925,57.25897708575689,0 -5.583097037581886,57.25591543292614,0 -5.530171206223756,57.27153843584103,0 -5.475574844853868,57.23350690257055,0 -5.450900141291995,57.22344368691841,0 -5.426204668188407,57.21336151331366,0 -5.42421371136674,57.21480799295263,0 -5.421914221531598,57.21394881815875,0 -5.423747511109323,57.21514667844063,0 -5.410813465649712,57.22453990649861,0 -5.394213200211791,57.23658687214176,0 -5.414189691257642,57.23026410115425,0 -5.450020277050371,57.23747381680903,0 -5.512498013739865,57.27827341787885,0 -5.503683865640779,57.28739669003772,0 -5.485442709161161,57.29706355792725,0 -5.484833767686442,57.30518143315845,0 -5.484380424019448,57.30651691450242,0 -5.459251486631618,57.31092424207518,0 -5.483132484333198,57.31019268070962,0 -5.486804098680003,57.30809605780753,0 -5.496772590308574,57.29461111129874,0 -5.509686095983011,57.2906652015372,0 -5.513876563813997,57.2898263659273,0 -5.51574804859915,57.28487172675647,0 -5.52055377331852,57.27796798009511,0 -5.525002943845642,57.27947967239307,0 -5.525300789726182,57.28086719004903,0 -5.527928667069177,57.28047358854762,0 -5.5337047550514,57.28243545670434,0 -5.554125898406067,57.27700315119447,0 -5.557086550740421,57.28387208054383,0 -5.591373560130949,57.27106829985682,0 -5.5990988786256,57.28115291505392,0 -5.617020173174705,57.2746030386024,0 -5.646798781991454,57.28740872953578,0 -5.650977388926536,57.28627879472904,0 -5.654286467246008,57.28538384056214,0 -5.724085372254057,57.28315436576217,0 -5.726278142336277,57.28326186680636,0 -5.717087570684274,57.28380027405802,0 -5.728315375018913,57.29690492953771,0 -5.715558251981459,57.31544181739044,0 -5.696200008972436,57.32695563729717,0 -5.691469269386964,57.32706956255608,0 -5.679407302263637,57.32624357174993,0 -5.679843439728385,57.32734877414334,0 -5.669803990231485,57.32758902119373,0 -5.68032760899242,57.32857560756053,0 -5.683879897499482,57.33757402048396,0 -5.684739604468607,57.34168884493319,0 -5.66255857165492,57.34067976841287,0 -5.656693631921103,57.34382418020908,0 -5.654588899707891,57.34495241119929,0 -5.644997403817933,57.34594173021071,0 -5.644815433811139,57.34481540014905,0 -5.656104779836253,57.33790633491766,0 -5.660551106525542,57.33518421192286,0 -5.655813714896689,57.33498024018015,0 -5.649274749802609,57.33469840020328,0 -5.581429011083761,57.34370439796221,0 -5.576074709701989,57.35408241580988,0 -5.533371223504503,57.35315891454815,0 -5.506539313574079,57.36651521925761,0 -5.471392969075432,57.38307104804504,0 -5.470182804678625,57.38458832673297,0 -5.45617970125049,57.39154192144385,0 -5.453309687149567,57.40319115924001,0 -5.452014472227648,57.40844611383912,0 -5.457587689798011,57.40447552178328,0 -5.472963733714293,57.40892105876181,0 -5.473029427154604,57.40888384251086,0 -5.487347976904209,57.40225192110908,0 -5.504484704077755,57.39429738086417,0 -5.501198116696213,57.39147527091848,0 -5.554909682565139,57.35822482965857,0 -5.600480031208129,57.35552759084781,0 -5.603050312340547,57.35640160249308,0 -5.606389241022969,57.36193777593731,0 -5.598431656800359,57.36542076991504,0 -5.615679350873134,57.36613242634314,0 -5.634236105101686,57.36933733471561,0 -5.632789509303842,57.38034308837094,0 -5.62430254937314,57.38266751635372,0 -5.601572788258976,57.38826114771604,0 -5.602034988868148,57.38876212390468,0 -5.59289387110372,57.39126232603444,0 -5.606949471260629,57.39888042128069,0 -5.615809083707026,57.40368150799117,0 -5.631789495847298,57.3981660012581,0 -5.66109519681003,57.38798523908407,0 -5.687616764747047,57.37876102651938,0 -5.715640147361479,57.36279008400464,0 -5.737296115259737,57.35389727419575,0 -5.787309180847439,57.34666419480208,0 -5.807008391071158,57.37653248728596,0 -5.812253749551584,57.36255900938599,0 -5.820858362866321,57.36377254565839,0 -5.83012664949096,57.39135282349792,0 -5.828998107638903,57.39111295639195,0 -5.821403461207809,57.38716468827096,0 -5.821130719555712,57.38944040745706,0 -5.81802633672478,57.3887802589643,0 -5.818425631735169,57.39263894191556,0 -5.819381488025055,57.40187210586429,0 -5.806814280476975,57.39299084614771,0 -5.804866825920234,57.39161407195231,0 -5.805846005165201,57.39302014615802,0 -5.811040868227115,57.40047783001215,0 -5.806348099442703,57.39919731805985,0 -5.813511041036436,57.4040228000841,0 -5.822284988527036,57.41660824839727,0 -5.819775526147778,57.42406892273372,0 -5.805005738067337,57.43930903261462,0 -5.827445493669762,57.44090793032611,0 -5.828532714855572,57.44171235274958,0 -5.853267536266393,57.44359426089613,0 -5.871753131387593,57.47443974502502,0 -5.837721191659639,57.57189447345473,0 -5.835117752629581,57.57932926440449,0 -5.827988286203929,57.57854239674279,0 -5.822815962857475,57.57703644530849,0 -5.821694368371243,57.57784738219744,0 -5.819113257456292,57.57756226032375,0 -5.813332097774981,57.58389205555881,0 -5.81059928273801,57.58586692877184,0 -5.78975176904249,57.5733451156277,0 -5.767129332598175,57.55974332533646,0 -5.742207104822069,57.55428843510406,0 -5.741575537507493,57.54427847892659,0 -5.740624840774848,57.54450301905436,0 -5.740466836430594,57.54349586291217,0 -5.725986088014426,57.54792307539067,0 -5.705455240524332,57.54000851819487,0 -5.708605092165597,57.55612859409257,0 -5.707000703537972,57.55500593722568,0 -5.697943496179861,57.53271216718156,0 -5.674566178027655,57.52235751033313,0 -5.648885961228956,57.51097087465961,0 -5.649504307548927,57.51471300874565,0 -5.646140332390392,57.51235192869576,0 -5.650366954333521,57.51993216940837,0 -5.65466483087192,57.54590995000857,0 -5.620445461887059,57.5214429864871,0 -5.621977870979885,57.53258846211854,0 -5.579495931235396,57.53500185682301,0 -5.572855553148558,57.52967423000268,0 -5.576169039531743,57.53662021661329,0 -5.561368058092851,57.53228289783016,0 -5.560865072577394,57.53894586733607,0 -5.533747069407029,57.53152557630685,0 -5.5226026572245,57.54415974637094,0 -5.532596881652021,57.55253023015963,0 -5.588891517781779,57.55680042404003,0 -5.633155659771535,57.55583305612279,0 -5.66523421656169,57.54656871624952,0 -5.669088080015412,57.55346649326449,0 -5.678213391105974,57.55852786652955,0 -5.700362784129001,57.57080434207163,0 -5.700297712837116,57.57098816744386,0 -5.680293561655127,57.56786343031861,0 -5.684166483058609,57.57647171129899,0 -5.684502893603583,57.57721923750352,0 -5.726666865411003,57.58582040991605,0 -5.732176325835547,57.60705751092615,0 -5.754470828537836,57.62391215145565,0 -5.762015139033394,57.62678745547421,0 -5.782899330060379,57.63610620529629,0 -5.787615917163902,57.63653764565102,0 -5.799251026843305,57.64096545000761,0 -5.817734089829875,57.6392953983375,0 -5.817649855431434,57.63946369343101,0 -5.786275577673689,57.68373597312818,0 -5.788059900574289,57.697729396314,0 -5.736976412686491,57.70874019264723,0 -5.727560049984063,57.70036016932632,0 -5.729711041196087,57.69885280157065,0 -5.705983416244817,57.6997614057082,0 -5.693239633968487,57.69406662200664,0 -5.691894311552461,57.69346267407994,0 -5.682694676729721,57.68933179580711,0 -5.68668097794839,57.69944373385744,0 -5.670533860622084,57.70175870211878,0 -5.676744906028837,57.71290739409292,0 -5.692652233723727,57.71199950931798,0 -5.693241271856106,57.71612360565081,0 -5.695248214146708,57.73045579010226,0 -5.695667622813224,57.73046753560133,0 -5.75871973185482,57.73173283870245,0 -5.811827888980057,57.75021833547989,0 -5.811189100657174,57.75253612444386,0 -5.799754965349526,57.7937474968268,0 -5.813113129621572,57.85850456934975,0 -5.77822465297655,57.85919859820025,0 -5.759848797006506,57.87062013594136,0 -5.738802702899649,57.86636015770687,0 -5.724756956934044,57.86836876135656,0 -5.70971223138925,57.86740046433543,0 -5.682813150594813,57.86566461818789,0 -5.6823406754488,57.86541103407174,0 -5.691384824219043,57.84410277791375,0 -5.690511453814681,57.84402972260168,0 -5.681642709115814,57.83808849060165,0 -5.683692035504086,57.83484272584008,0 -5.67514786460232,57.83373588455964,0 -5.660914344208844,57.82419217200632,0 -5.660197299770739,57.82305919409801,0 -5.667669136468544,57.8004022443742,0 -5.622306054075803,57.76864805212507,0 -5.621632779097248,57.7685450149874,0 -5.62123246262931,57.76826069041072,0 -5.619824552916198,57.76826826810598,0 -5.601969915549372,57.76553401623751,0 -5.595112495880923,57.77353656781713,0 -5.621083967304386,57.79012192156036,0 -5.607359929688964,57.79674466672309,0 -5.603563191210924,57.78730406077615,0 -5.583555965744386,57.79006454029147,0 -5.578188124030917,57.79074422720648,0 -5.578228000336847,57.79076908103616,0 -5.577910003723884,57.79084289080688,0 -5.579303778323159,57.79918107987793,0 -5.596504088057043,57.80220924120216,0 -5.580721519452677,57.83642372348148,0 -5.603816280990168,57.85089620770122,0 -5.641487510367536,57.85637125963824,0 -5.654883302134938,57.87877051892335,0 -5.654594275326779,57.87898394629605,0 -5.642206619809911,57.88357970857647,0 -5.645988352339787,57.88533745251907,0 -5.645697900088524,57.88555183725556,0 -5.651119987104339,57.88772216712773,0 -5.654696237128407,57.88938376903803,0 -5.651025686094775,57.89440567254375,0 -5.619426443324854,57.92296340318426,0 -5.617214010220159,57.92468620870196,0 -5.580149986279316,57.91988414617236,0 -5.576516311248157,57.91065612076584,0 -5.560253426761021,57.91812970300537,0 -5.539317418493868,57.86988071956365,0 -5.535388902531804,57.86895638826248,0 -5.535046422652314,57.86827638689649,0 -5.506292178499709,57.86210497924147,0 -5.46693553302984,57.8528227634419,0 -5.45089096721647,57.85336384470935,0 -5.455591225687027,57.86553436546468,0 -5.440499299268809,57.87015658784131,0 -5.422155324178241,57.90742807616406,0 -5.421024130009619,57.90955168247594,0 -5.374854012293704,57.89477954517614,0 -5.346150634310685,57.88558115357553,0 -5.324220311615539,57.86616747066547,0 -5.23031725658445,57.84740801679698,0 -5.246225351023281,57.86742997438493,0 -5.309825284982179,57.87911767514378,0 -5.338861984269236,57.90680270289097,0 -5.376373646522318,57.91096923422138,0 -5.392456044498041,57.91275184826723,0 -5.392789197533639,57.91295115691321,0 -5.403172190658082,57.93168382066261,0 -5.3782025837195,57.93043362880803,0 -5.371147840254339,57.93007950584889,0 -5.370626660747061,57.93049479234267,0 -5.370035585947254,57.93047311950988,0 -5.369250329262719,57.93159142293481,0 -5.361101657001859,57.93808246167962,0 -5.338884734015745,57.92259292654744,0 -5.329181904815213,57.91468469961036,0 -5.307924907898787,57.91214196499865,0 -5.297465699654501,57.91081290392675,0 -5.297149110455257,57.9108514744688,0 -5.296046842095524,57.91071941119137,0 -5.238418002530872,57.91799177996379,0 -5.149975139434596,57.8759423464687,0 -5.12586588378413,57.87523621171545,0 -5.084840697833661,57.83026605903427,0 -5.070025851865411,57.82750433284302,0 -5.099244166766424,57.8704350042094,0 -5.13157604706687,57.88030803195093,0 -5.151091170048231,57.89628896539212,0 -5.1643116349114,57.89302869075439,0 -5.186291083060481,57.90516395709211,0 -5.165364563254356,57.90198512322146,0 -5.22232652571484,57.92517567092712,0 -5.178207955019202,57.94135241352036,0 -5.175296454802713,57.94986588420139,0 -5.172998585869328,57.95658229406666,0 -5.183604325724049,57.94965793589685,0 -5.191311329380273,57.94462392333411,0 -5.191191857114189,57.94946756798142,0 -5.190986283850294,57.95780102863616,0 -5.224360792585072,57.95836953301816,0 -5.244903380908996,57.97121793995643,0 -5.309498952703008,57.97962388306189,0 -5.308589198675542,57.98275444746451,0 -5.306307463558162,57.98874642358182,0 -5.329620065439612,58.00716228263305,0 -5.35097879581366,58.00677773133992,0 -5.353754357644169,58.00675707637357,0 -5.353892395730812,58.00810129815106,0 -5.346915431866619,58.0149291169089,0 -5.355425475139729,58.0230224497972,0 -5.355807569367076,58.02673901584503,0 -5.359771472826107,58.0271539715753,0 -5.361179374574538,58.02849215209964,0 -5.38765930920562,58.0306592313265,0 -5.41363798357879,58.03277965972302,0 -5.418925478191123,58.03333054299847,0 -5.417853777129589,58.03632662188068,0 -5.411348558452323,58.05320694189438,0 -5.44277015676112,58.06243639778965,0 -5.456634715642878,58.077371331589,0 -5.445263449344145,58.08038026589774,0 -5.444917483114319,58.09808179338111,0 -5.435213320214201,58.10246446796647,0 -5.425507101217149,58.10627478608869,0 -5.39362045906262,58.09350005323385,0 -5.379344268985554,58.08777496870588,0 -5.35579824278133,58.05793672725042,0 -5.351443621958073,58.07529795110428,0 -5.339283005062519,58.08048352089869,0 -5.338092624801658,58.0806379927389,0 -5.322668000276703,58.06833951160932,0 -5.299339701877338,58.0645461998356,0 -5.298335245751944,58.06579183461313,0 -5.280998646862151,58.07414296243794,0 -5.277951882254524,58.0740881188209,0 -5.285022609585239,58.08131720405287,0 -5.286217814595674,58.08344751132996,0 -5.273862670844072,58.08471260123604,0 -5.27394233608152,58.0848435039393,0 -5.275972700535427,58.0973619052024,0 -5.265452316330334,58.10216804276866,0 -5.273229735518959,58.11124520403354,0 -5.284572125253053,58.10816652258883,0 -5.282877712868531,58.1098305463565,0 -5.277714854867402,58.11458621241488,0 -5.277973788583481,58.11464553213673,0 -5.277624400904578,58.11498852762173,0 -5.301310655226314,58.11998892765744,0 -5.30167110805461,58.12007141343673,0 -5.260933664096651,58.12147119250434,0 -5.273463568373757,58.12715916134599,0 -5.295947890349266,58.1373582186111,0 -5.267976677258742,58.13787890580539,0 -5.256766654244598,58.13778962959208,0 -5.250786620811358,58.14782954783603,0 -5.243284252704696,58.14798799089456,0 -5.238364824317167,58.14711192786643,0 -5.236400210559698,58.15584071563364,0 -5.268262523527091,58.14795419152019,0 -5.308420782573212,58.15536333717255,0 -5.27786542857757,58.16721191730785,0 -5.277552031222236,58.1673344403001,0 -5.281220219818831,58.16672397956172,0 -5.308729962230882,58.16271758621339,0 -5.316830498647352,58.17024690293373,0 -5.302888990265191,58.17611922578926,0 -5.304567005411817,58.17641093022593,0 -5.304265617926172,58.17655999031046,0 -5.31477219005922,58.17818440860405,0 -5.330996559897701,58.18100185521678,0 -5.360382001141941,58.21827241763571,0 -5.402956893167015,58.23596089736336,0 -5.402475861609951,58.23723771837544,0 -5.374796717354117,58.26460311283969,0 -5.366493493462896,58.25162132129589,0 -5.336165840384409,58.25213532863511,0 -5.336362740912356,58.2516900913434,0 -5.34224988017885,58.24319793927685,0 -5.318530847962854,58.24018867791407,0 -5.309009801119917,58.22458160704713,0 -5.241505521315568,58.25013500756097,0 -5.278805726874737,58.25818158011625,0 -5.260994996706094,58.26894015985753,0 -5.256706959793703,58.26037480073627,0 -5.238842277383318,58.26197056683857,0 -5.240085180938837,58.2523927526934,0 -5.240428264559565,58.24974748521809,0 -5.238813717140906,58.25526003609865,0 -5.238382168562532,58.25517741015441,0 -5.226108507396382,58.25033336931035,0 -5.226042398218597,58.25281399851384,0 -5.223232906766031,58.25227569173996,0 -5.225973474883438,58.25540014640789,0 -5.225915177026971,58.25758743611459,0 -5.206211273238585,58.24885267468256,0 -5.20238294980699,58.24684078231044,0 -5.179840591968567,58.25143235096853,0 -5.178786660253756,58.25062101978823,0 -5.171968415591811,58.24213262610849,0 -5.172051282085707,58.24195312081702,0 -5.157213318365426,58.23400333199437,0 -5.170838331561245,58.24450078993954,0 -5.1706581782796,58.24489073867498,0 -5.164257645863951,58.25873955447459,0 -5.152809598336885,58.25312171313455,0 -5.151080247755456,58.25397058747429,0 -5.150456782459488,58.25370112397366,0 -5.130619198791542,58.25822968216774,0 -5.124414777262473,58.25584552088824,0 -5.123925675529408,58.25517984013401,0 -5.128615966324472,58.25179326741615,0 -5.117792373757852,58.2480491653458,0 -5.120957761424605,58.25980963408142,0 -5.12807364890546,58.2608244784801,0 -5.130109074940734,58.26359359845957,0 -5.1078313054951,58.2704799037606,0 -5.091194066831253,58.26316109350996,0 -5.067799576121862,58.25270519360792,0 -5.054986930126079,58.24697424510308,0 -5.054552837904319,58.24702390495462,0 -5.052669497009155,58.24619377157565,0 -5.051879308979922,58.24732971740104,0 -5.025620713972316,58.25033007362019,0 -5.02242903629924,58.25011302510043,0 -5.024232095888571,58.25064181842207,0 -5.019652605442578,58.25795783995811,0 -5.006175196620798,58.2552738022696,0 -4.996953559165109,58.23936157749866,0 -4.937654316021574,58.2173749593541,0 -4.948961305644271,58.23241255392823,0 -4.993714651393206,58.25127925252192,0 -4.919311254260761,58.25624193823931,0 -5.007782558610584,58.2642779137657,0 -5.030523413483104,58.26254492663836,0 -5.020621362290897,58.25912135635485,0 -5.029408682295418,58.25558311536684,0 -5.045851603012657,58.25697906776167,0 -5.068748889247336,58.26368435577487,0 -5.107687906155682,58.27507196487011,0 -5.107136128623813,58.28103833540659,0 -5.106815239763572,58.28367736929063,0 -5.11537613685987,58.28186213737314,0 -5.132980718442369,58.27825712301021,0 -5.132514528359777,58.28607644744805,0 -5.124814558077406,58.28488201143059,0 -5.120837110334293,58.28356296351642,0 -5.11903343420675,58.28398487301691,0 -5.118765096962317,58.28394322345805,0 -5.118767999991681,58.28399475064007,0 -5.118381174288283,58.28413743753615,0 -5.119308517265952,58.29358238070871,0 -5.119354219239292,58.29419084057769,0 -5.138330987662222,58.29145485229921,0 -5.133017518070597,58.29854232964423,0 -5.14342802028765,58.30179448080872,0 -5.14579002582065,58.30262500496539,0 -5.127080710613319,58.31060622442902,0 -5.126029247817761,58.31105458314782,0 -5.139876271918661,58.31185528832478,0 -5.145469085265216,58.31232998132246,0 -5.12626754037797,58.32032749277903,0 -5.141841451158325,58.32785731707718,0 -5.143247417719514,58.32673180204922,0 -5.145082692877511,58.32750800329282,0 -5.157780937576143,58.32091619037719,0 -5.168100301711203,58.32228955090163,0 -5.168327921023434,58.32242053352407,0 -5.157098482358242,58.33568349838232,0 -5.173802451149909,58.34644583634698,0 -5.173395386544686,58.35094362406204,0 -5.181022966793736,58.3510952574584,0 -5.181600335648792,58.35146696423832,0 -5.153315044064104,58.35326670643161,0 -5.174652106546351,58.36234502013806,0 -5.143178415771178,58.38567865826463,0 -5.152065510261834,58.4011538789818,0 -5.140941400780027,58.41259680458644,0 -5.138356086695521,58.41104463831594,0 -5.115068495753354,58.39627098209801,0 -5.088513764858098,58.39439772606075,0 -5.088140944190893,58.39439922996853,0 -5.090166899069207,58.39040302109782,0 -5.079946076179709,58.39254311622879,0 -5.074249201814624,58.39373549649859,0 -5.070141506661095,58.39279293847395,0 -5.0645502272472,58.38290262224702,0 -5.018297404410725,58.3772091991998,0 -5.043563495220135,58.38662803260048,0 -5.043221488471766,58.38661129120474,0 -5.030946908871231,58.39325254935035,0 -5.058921425297659,58.40028965960347,0 -5.053523842858351,58.40440497053312,0 -5.06905851509046,58.40283747103659,0 -5.06962719391995,58.40298036480765,0 -5.051051090302749,58.41184759696817,0 -5.031181713072604,58.41023426779441,0 -5.065315502529383,58.41507685869237,0 -5.067540926302379,58.40825836004468,0 -5.081269013803381,58.40768919964887,0 -5.087366480018987,58.40743592487591,0 -5.103253915831247,58.41142329235092,0 -5.108848107860585,58.41387067686817,0 -5.081928894621318,58.41523832814281,0 -5.071133456897206,58.41578517484635,0 -5.082258900498553,58.41901323433721,0 -5.114415240984994,58.42833458978883,0 -5.101477340854692,58.43903889751181,0 -5.083917560108163,58.43797638280596,0 -5.082229656041141,58.43790804928117,0 -5.082365627861726,58.43793278299129,0 -5.082147220838677,58.43791901355871,0 -5.098965966856494,58.44095116924615,0 -5.0859523580715,58.44642999017077,0 -5.08465812249556,58.44642715694344,0 -5.063848860820001,58.446379796988,0 -5.076127436165868,58.45130307279682,0 -5.075753848754254,58.45146249505272,0 -5.044937352478347,58.45017949960511,0 -5.030621779886919,58.44907004512601,0 -4.992627008803621,58.42379775487748,0 -4.999930792972233,58.43645971693009,0 -4.989699902548045,58.44071372164122,0 -5.014405767847522,58.44548530315689,0 -5.015288181199958,58.45270786190058,0 -5.07577476122417,58.45736858816657,0 -5.054449174511637,58.46431237015108,0 -5.085081124052432,58.46965287513606,0 -5.085778988810241,58.47026080092494,0 -5.086892688590928,58.47191736594813,0 -5.091125747278872,58.47821225286086,0 -5.095035594716734,58.47832204695903,0 -5.100556101481512,58.48312754447141,0 -5.113620024794774,58.47895766864728,0 -5.124523856484159,58.48946482623731,0 -5.124153064752399,58.4904443655806,0 -5.112133421767939,58.52216853646011,0 -5.092486437290566,58.5355322657954,0 -5.089916004928331,58.5372796905752,0 -5.084810853392854,58.537770633093,0 -5.07087551714593,58.53694127334975,0 -5.064301803541897,58.53974073114078,0 -5.049277098595064,58.54118178936494,0 -5.042652976611961,58.55145182750141,0 -5.015772433974963,58.57670236271624,0 -5.012627279778848,58.57821392201515,0 -5.013961397056152,58.57969129817935,0 -5.012084325236577,58.59043445559427,0 -5.009347307913144,58.59161508096386,0 -5.005732594545264,58.62610898914661,0 -5.000930103767078,58.6247667348707,0 -4.954872048275598,58.61090398446583,0 -4.953354403110748,58.61145436572268,0 -4.944804338867935,58.60905896855598,0 -4.934966263011093,58.61733227485139,0 -4.87505379675262,58.61537452888457,0 -4.84757474416879,58.59987241824965,0 -4.823342470076851,58.5973335520214,0 -4.820237998828431,58.57253639623534,0 -4.820860903769281,58.57237313944049,0 -4.819838472252477,58.56934227680129,0 -4.819048041722733,58.56302104843695,0 -4.817927414411279,58.5636757033533,0 -4.817589200051449,58.5626726436733,0 -4.80926248275632,58.5546618902397,0 -4.797148159874573,58.5514259495053,0 -4.792028526813855,58.54640134068066,0 -4.829852896261316,58.52291538872163,0 -4.800913953695885,58.53463164068256,0 -4.811478559078207,58.51118800740154,0 -4.776813352397371,58.5515244519996,0 -4.788172186743752,58.55340985785906,0 -4.80439723288619,58.56420894125669,0 -4.795374254038875,58.57684374199984,0 -4.766635659203072,58.57679014011454,0 -4.764273031603866,58.58391095947192,0 -4.790565423822016,58.60065038679688,0 -4.790457667200047,58.60118350707716,0 -4.766723222248752,58.60558904207105,0 -4.765387718586629,58.59106290904212,0 -4.762831317410079,58.59037168771489,0 -4.762787041587718,58.5901707502396,0 -4.755911724536118,58.58850031812555,0 -4.752839570138497,58.58766928540326,0 -4.74116224521191,58.58450946974933,0 -4.738961917105209,58.57970506631637,0 -4.734623156158583,58.56897507658501,0 -4.734074976433583,58.56902943597181,0 -4.73303871943091,58.56676481850513,0 -4.716387607578602,58.57068490577946,0 -4.70428748773509,58.55782241711158,0 -4.674524938899412,58.54962187764527,0 -4.654146808557647,58.55180855484898,0 -4.653020559105578,58.55166413454904,0 -4.704904311685278,58.49997257106541,0 -4.710332385735688,58.49659532215002,0 -4.743043113668498,58.46248335379476,0 -4.75572574327648,58.44923767475817,0 -4.74204749885004,58.44970597742487,0 -4.734994308875148,58.4499468836989,0 -4.72330571341523,58.46584183480396,0 -4.663084075075016,58.48313452981895,0 -4.668332696961859,58.49803304659476,0 -4.665017316290567,58.50080690898615,0 -4.643034385904218,58.51918618245955,0 -4.634861386117477,58.52172053807978,0 -4.616548921481803,58.52419877184698,0 -4.619118557690287,58.50993435634294,0 -4.593447109540105,58.53454911020055,0 -4.591897301019477,58.53502874346964,0 -4.593200060120838,58.5373757933468,0 -4.597345685577744,58.56399128293792,0 -4.590459749490224,58.57461225506642,0 -4.583582065493054,58.57824820747495,0 -4.539279844748897,58.57890132118964,0 -4.507961918579497,58.57780110347442,0 -4.495664509852018,58.574122658419,0 -4.490944652138086,58.56850064521023,0 -4.455531928069284,58.56205456267531,0 -4.454744921355381,58.55477518921088,0 -4.454323127356129,58.54786411204487,0 -4.435327177843851,58.55670739072667,0 -4.422640170810577,58.55003390568322,0 -4.42925933564738,58.52998110861688,0 -4.419181729619441,58.52649073807066,0 -4.419008972231619,58.52529926153368,0 -4.417696134102123,58.52597607659172,0 -4.407677733793686,58.52250450731641,0 -4.437981495993167,58.5053225991664,0 -4.453597763595142,58.4964590556213,0 -4.448942993282527,58.49739216891945,0 -4.454252129837452,58.49420190329968,0 -4.458604666546438,58.47351425509462,0 -4.450387863199519,58.48430211155515,0 -4.442756652672992,58.47535295809612,0 -4.477325362522522,58.45320200712903,0 -4.458077436397499,58.46190358402939,0 -4.482455292217629,58.44728353273134,0 -4.47174392121931,58.44880098259349,0 -4.47468994731242,58.44036610215912,0 -4.444895721528469,58.47307118047128,0 -4.433579899189079,58.47874341903069,0 -4.421754414292353,58.47462367977089,0 -4.428229862747503,58.48149241871986,0 -4.441548271831792,58.47622950332466,0 -4.449103478393321,58.4926064608883,0 -4.441628957590922,58.48630157933744,0 -4.43856815245534,58.49177828707889,0 -4.425418790166119,58.48916162503526,0 -4.448591999760774,58.49561302069196,0 -4.434119979032355,58.49421257028365,0 -4.434865916563132,58.49472804125826,0 -4.432843005080053,58.49459748852088,0 -4.433179021742214,58.49450448943597,0 -4.432249833736702,58.49455919918189,0 -4.419674972802154,58.49374684984774,0 -4.409356008811854,58.50109455235053,0 -4.409158997314609,58.50114902325893,0 -4.409272883181588,58.50115372828188,0 -4.40299916642456,58.50545701501775,0 -4.402212600050494,58.50599644412869,0 -4.400665812845491,58.50705717299416,0 -4.381868275486598,58.51081408400503,0 -4.350865331248649,58.53776852522654,0 -4.321131688765125,58.54195198996337,0 -4.304094208150987,58.54368932288809,0 -4.270183694257027,58.53868108892165,0 -4.261159779197222,58.52610820548335,0 -4.236556316797302,58.52657965061013,0 -4.239340809261314,58.5369131338768,0 -4.238962576771013,58.53776070562348,0 -4.211975139296563,58.53046395041936,0 -4.212527175835281,58.54183495019641,0 -4.208246639700733,58.54222044402039,0 -4.210538325526502,58.55194542907378,0 -4.206924980200473,58.55243482030406,0 -4.183979198205363,58.54579155603712,0 -4.174597341300028,58.54145869716002,0 -4.155218871104017,58.54842080626094,0 -4.151426890833588,58.56380826588936,0 -4.131403870154193,58.56242142481135,0 -4.131097850768202,58.56275699202638,0 -4.130511212501156,58.56272264379688,0 -4.127251129321675,58.5669745235495,0 -4.124671936651023,58.56980171565816,0 -4.092528031136061,58.55713059512242,0 -4.088973713735614,58.55977646499029,0 -4.079752174171395,58.55714638452105,0 -4.072098188562549,58.55092818109186,0 -4.07145256661956,58.55477834081022,0 -4.070583157682851,58.5545302323561,0 -4.069816203872632,58.56446554163195,0 -4.063231361414197,58.56662395016681,0 -4.04598614825936,58.57227381540708,0 -4.042065962061167,58.59148963785939,0 -4.024196294266916,58.59125484955918,0 -4.01756128945347,58.60201107295305,0 -4.016578604164258,58.59969477617992,0 -4.00315336909005,58.56401359638166,0 -3.956179246580966,58.5746176854834,0 -3.955625319299232,58.57465964076133,0 -3.943775653099588,58.56870241202764,0 -3.943130959152271,58.56817036810181,0 -3.942942602992765,58.56828349142024,0 -3.941448720219275,58.56753221518057,0 -3.931842092483731,58.57343913129544,0 -3.903307190255173,58.55252940957491,0 -3.905533782668658,58.56289706479099,0 -3.904342524478467,58.56345511196618,0 -3.891940373489707,58.56908209396695,0 -3.877549804441695,58.56663612624831,0 -3.862111919052242,58.56369186736628,0 -3.861165932414133,58.56384896960331,0 -3.857614824916602,58.56324453502615,0 -3.799338837510397,58.57401715129586,0 -3.799085456362775,58.57392685759793,0 -3.777877830967491,58.56428283820549,0 -3.776389643684176,58.567633484822,0 -3.735685745857584,58.58974999293742,0 -3.720760565383483,58.59622127128307,0 -3.717477718029877,58.59764410053548,0 -3.672276077545003,58.60683978538861,0 -3.672209511730193,58.60682567694835,0 -3.672164474626957,58.6068630771945,0 -3.670917776200303,58.60713001059197,0 -3.66774185145335,58.61053534389117,0 -3.656397274373553,58.61995097635035,0 -3.629660119090214,58.61511780341583,0 -3.534384100044367,58.62332446917433,0 -3.536354416968617,58.62125246900771,0 -3.550544020679399,58.60883281467257,0 -3.523696946682121,58.59728922936795,0 -3.5114511245515,58.59973621620843,0 -3.525477306651331,58.5880600351252,0 -3.50099302604143,58.60376994709399,0 -3.471180780699653,58.61039355429918,0 -3.4583905694529,58.61276402487992,0 -3.383843151185267,58.59778075093944,0 -3.370303479561956,58.59493052223808,0 -3.370256147678866,58.59498241331285,0 -3.369095323258455,58.59480992270463,0 -3.347778540033995,58.61950970361897,0 -3.377892168527806,58.62972158053822,0 -3.411929155492742,58.64124818140264,0 -3.402546395825643,58.66150856895949,0 -3.386128823769909,58.66850972921504,0 -3.37951909848625,58.67098770446711,0 -3.375267303920753,58.67258133101408,0 -3.353274770339628,58.66435789628512,0 -3.352978235105273,58.66392263440061,0 -3.342874293856112,58.64711220262298,0 -3.342874293856112,58.64711220262298,0 
							</coordinates>
						</LinearRing>
					</outerBoundaryIs>
				</Polygon>
				<Polygon>
					<outerBoundaryIs>
						<LinearRing>
							<coordinates>
								-2.917234077916346,58.69189483452548,0 -2.917949341523064,58.68661255439952,0 -2.926782362513894,58.68787720595228,0 -2.931174130700711,58.68872003064691,0 -2.917234077916346,58.69189483452548,0 -2.917234077916346,58.69189483452548,0 
							</coordinates>
						</LinearRing>
					</outerBoundaryIs>
				</Polygon>
				<Polygon>
					<outerBoundaryIs>
						<LinearRing>
							<coordinates>
								-3.103994110576242,58.67184793255277,0 -3.13716170078792,58.66739571707068,0 -3.114141194491643,58.69682760600494,0 -3.09902857152238,58.6850374717851,0 -3.103994110576242,58.67184793255277,0 -3.103994110576242,58.67184793255277,0 
							</coordinates>
						</LinearRing>
					</outerBoundaryIs>
				</Polygon>
				<Polygon>
					<outerBoundaryIs>
						<LinearRing>
							<coordinates>
								-3.051565758437459,58.74011507022487,0 -3.069084076474281,58.73665638438516,0 -3.048722099138399,58.75241282629153,0 -3.051565758437459,58.74011507022487,0 -3.051565758437459,58.74011507022487,0 
							</coordinates>
						</LinearRing>
					</outerBoundaryIs>
				</Polygon>
				<Polygon>
					<outerBoundaryIs>
						<LinearRing>
							<coordinates>
								-3.106918935448677,58.83373470274832,0 -3.10030206948079,58.8290764273118,0 -3.075480883775621,58.83196675270864,0 -3.078438156087553,58.81450720802608,0 -3.099400620342088,58.82073935990636,0 -3.100011976457891,58.82014830698832,0 -3.100588580663368,58.82029900181194,0 -3.102034638904676,58.81819264608247,0 -3.105528176073862,58.81481424699513,0 -3.137279833437351,58.81716765976467,0 -3.141117503590874,58.83382782318889,0 -3.068314742321319,58.84984196889007,0 -3.066125729994421,58.84403941802251,0 -3.111977761406881,58.8372950382555,0 -3.10758151093922,58.83420106864895,0 -3.109374114923924,58.83379272880467,0 -3.106918935448677,58.83373470274832,0 -3.106918935448677,58.83373470274832,0 
							</coordinates>
						</LinearRing>
					</outerBoundaryIs>
				</Polygon>
				<Polygon>
					<outerBoundaryIs>
						<LinearRing>
							<coordinates>
								-3.153896096165625,58.83702978576989,0 -3.160795603042285,58.83482475101211,0 -3.175917354081656,58.84323223968359,0 -3.179345428878706,58.84641296111566,0 -3.177120250818442,58.84843850777165,0 -3.163450544652116,58.85479264190013,0 -3.15750513998378,58.85061605398685,0 -3.149537783983773,58.84080825832496,0 -3.153896096165625,58.83702978576989,0 -3.153896096165625,58.83702978576989,0 
							</coordinates>
						</LinearRing>
					</outerBoundaryIs>
				</Polygon>
				<Polygon>
					<outerBoundaryIs>
						<LinearRing>
							<coordinates>
								-2.95902382644933,58.85951336328388,0 -2.97666146155589,58.85093373571527,0 -2.986903590531487,58.85304781282942,0 -2.958428541640643,58.8601875216638,0 -2.95902382644933,58.85951336328388,0 -2.95902382644933,58.85951336328388,0 
							</coordinates>
						</LinearRing>
					</outerBoundaryIs>
				</Polygon>
				<Polygon>
					<outerBoundaryIs>
						<LinearRing>
							<coordinates>
								-3.162557340993287,58.87407236445792,0 -3.166521744984919,58.87267548157812,0 -3.169187280795299,58.87674487984032,0 -3.171282048636714,58.88244071714692,0 -3.171768779171623,58.88376389752399,0 -3.168682881519205,58.88246421868247,0 -3.15698684551503,58.8775366681536,0 -3.162557340993287,58.87407236445792,0 -3.162557340993287,58.87407236445792,0 
							</coordinates>
						</LinearRing>
					</outerBoundaryIs>
				</Polygon>
				<Polygon>
					<outerBoundaryIs>
						<LinearRing>
							<coordinates>
								-2.66254007265858,58.90195271649792,0 -2.681281414407347,58.89262732774149,0 -2.682216515136778,58.8965994972162,0 -2.681987584221295,58.89968885254879,0 -2.66254007265858,58.90195271649792,0 -2.66254007265858,58.90195271649792,0 
							</coordinates>
						</LinearRing>
					</outerBoundaryIs>
				</Polygon>
				<Polygon>
					<outerBoundaryIs>
						<LinearRing>
							<coordinates>
								-3.257758543619905,58.78720466858563,0 -3.234729650780503,58.78377293209667,0 -3.21472566282183,58.79647328985139,0 -3.20743601507664,58.80077667880599,0 -3.151022454790537,58.80691172246122,0 -3.145540037023094,58.80518522511563,0 -3.1375312117694,58.80193292812155,0 -3.152315110513913,58.78716099065726,0 -3.131871362529284,58.78689042077289,0 -3.132176770603425,58.7865293455928,0 -3.186607508908045,58.7774425932211,0 -3.22996165643963,58.78563567472409,0 -3.228576649553969,58.78451372373674,0 -3.230425889409254,58.78482990425194,0 -3.220980267314687,58.77835855645186,0 -3.218687666089313,58.77650039566672,0 -3.225781416786445,58.77338146821668,0 -3.228607632301173,58.77225148593266,0 -3.248456329549042,58.78203920207351,0 -3.295435477474176,58.77847513890848,0 -3.3206705502139,58.79683180093412,0 -3.326892211769376,58.81790007014742,0 -3.368453636995556,58.83761482003385,0 -3.377703368433047,58.8682917907241,0 -3.387394116820028,58.8690524777879,0 -3.405819518115228,58.87049670190046,0 -3.43270937248628,58.87412615267724,0 -3.428991397286457,58.87984872625304,0 -3.401138815456714,58.92265558452637,0 -3.38963708991886,58.92496983168684,0 -3.351685168607073,58.93259666016628,0 -3.325004483423674,58.92824866479162,0 -3.321914932972705,58.92403728900292,0 -3.312398847307536,58.90641245945056,0 -3.300533025624291,58.90605982007188,0 -3.221196890386663,58.88197913696003,0 -3.220536937522743,58.88177847598692,0 -3.211501595931523,58.87837874256391,0 -3.213512706789027,58.87701316722726,0 -3.229622300104189,58.87088169363231,0 -3.198653909145717,58.85421995436072,0 -3.196682476098901,58.85293026950356,0 -3.213323224758484,58.84103386618958,0 -3.208868336008221,58.8401677413475,0 -3.209550017595136,58.83958074952904,0 -3.189361926261439,58.83637292327624,0 -3.203899691216443,58.82730499527205,0 -3.192894581492141,58.82611700273218,0 -3.171986554891282,58.82258372345352,0 -3.201986286093524,58.80510784530239,0 -3.244846116488806,58.80118755167229,0 -3.257758543619905,58.78720466858563,0 -3.257758543619905,58.78720466858563,0 
							</coordinates>
						</LinearRing>
					</outerBoundaryIs>
				</Polygon>
				<Polygon>
					<outerBoundaryIs>
						<LinearRing>
							<coordinates>
								-3.293412831957401,58.93674663313956,0 -3.281124966513254,58.93275144856138,0 -3.271284175920521,58.93617388131347,0 -3.265324918168528,58.92419294495451,0 -3.291404890554475,58.92449887607455,0 -3.303937101871194,58.92511231618305,0 -3.306819521026338,58.94074452548639,0 -3.293412831957401,58.93674663313956,0 -3.293412831957401,58.93674663313956,0 
							</coordinates>
						</LinearRing>
					</outerBoundaryIs>
				</Polygon>
				<Polygon>
					<outerBoundaryIs>
						<LinearRing>
							<coordinates>
								-2.895591733701699,59.02652241549753,0 -2.899576768769201,59.01946594599261,0 -2.899970326798673,59.0198864018753,0 -2.89973252369674,59.02621270162998,0 -2.895591733701699,59.02652241549753,0 -2.895591733701699,59.02652241549753,0 
							</coordinates>
						</LinearRing>
					</outerBoundaryIs>
				</Polygon>
				<Polygon>
					<outerBoundaryIs>
						<LinearRing>
							<coordinates>
								-2.562877268891862,59.02884212970708,0 -2.570924967918769,59.02546099081101,0 -2.570971500105654,59.02578777940549,0 -2.567729802073913,59.03600854369634,0 -2.558600778888996,59.0313873733968,0 -2.562877268891862,59.02884212970708,0 -2.562877268891862,59.02884212970708,0 
							</coordinates>
						</LinearRing>
					</outerBoundaryIs>
				</Polygon>
				<Polygon>
					<outerBoundaryIs>
						<LinearRing>
							<coordinates>
								-2.800574462461712,59.08121529786695,0 -2.800046661622215,59.06904577117749,0 -2.80438309640714,59.06488286400251,0 -2.822590436150497,59.0473915525838,0 -2.808925936257181,59.03403623758286,0 -2.804152198081226,59.02894230850413,0 -2.823567812117037,59.01975088902065,0 -2.849632432017704,59.02535914199001,0 -2.877114167214154,59.03291642454143,0 -2.881292971242813,59.03216192555409,0 -2.899698623475027,59.03611188257754,0 -2.903270173561836,59.03360644857307,0 -2.910448849785416,59.02975118208462,0 -2.932334681659409,59.030804616881,0 -2.909875333260623,59.06418599250136,0 -2.900767690481604,59.0777032550935,0 -2.891595114112436,59.06431239083084,0 -2.890884674699456,59.06327476855322,0 -2.887319603392526,59.06205014259097,0 -2.887127241394643,59.06182477283892,0 -2.886355866752599,59.06171906231114,0 -2.86067806096855,59.05289272032969,0 -2.868430801018449,59.05825439561066,0 -2.865701864116193,59.05888663351895,0 -2.854813074609145,59.05739186327767,0 -2.839890264118526,59.06465818951563,0 -2.839089552346057,59.06504794167283,0 -2.83602878976814,59.06575608193299,0 -2.838378661754287,59.07722234852556,0 -2.829092598213211,59.07984202705435,0 -2.817931954659441,59.07978336856165,0 -2.805123899013039,59.08659889520411,0 -2.80174742968841,59.08755016502256,0 -2.800574462461712,59.08121529786695,0 -2.800574462461712,59.08121529786695,0 
							</coordinates>
						</LinearRing>
					</outerBoundaryIs>
				</Polygon>
				<Polygon>
					<outerBoundaryIs>
						<LinearRing>
							<coordinates>
								-2.962699709977911,59.0911939466796,0 -2.944964831382194,59.07884931863964,0 -2.949981069179068,59.0742974267126,0 -2.959982402293817,59.0808992187408,0 -2.97170112019408,59.07292977393057,0 -2.972270881196954,59.07255615696374,0 -2.991353582159099,59.08684019992594,0 -2.962699709977911,59.0911939466796,0 -2.962699709977911,59.0911939466796,0 
							</coordinates>
						</LinearRing>
					</outerBoundaryIs>
				</Polygon>
				<Polygon>
					<outerBoundaryIs>
						<LinearRing>
							<coordinates>
								-2.949794202999866,59.11886099121878,0 -2.965366009012879,59.11122983754872,0 -3.009901319728785,59.11370777941059,0 -2.96028611704424,59.1275277098148,0 -2.949794202999866,59.11886099121878,0 -2.949794202999866,59.11886099121878,0 
							</coordinates>
						</LinearRing>
					</outerBoundaryIs>
				</Polygon>
				<Polygon>
					<outerBoundaryIs>
						<LinearRing>
							<coordinates>
								-2.664711598787838,59.13984222705822,0 -2.663103400285239,59.12872225840656,0 -2.665663225001877,59.12895292625424,0 -2.678995873891562,59.13505842032918,0 -2.679386522939058,59.13562395181481,0 -2.678618889115472,59.13584467424926,0 -2.668129673569259,59.13445730916277,0 -2.665976345809743,59.13947878362445,0 -2.664711598787838,59.13984222705822,0 -2.664711598787838,59.13984222705822,0 
							</coordinates>
						</LinearRing>
					</outerBoundaryIs>
				</Polygon>
				<Polygon>
					<outerBoundaryIs>
						<LinearRing>
							<coordinates>
								-3.109523323160241,59.14683874394374,0 -3.116325511461196,59.13989117811726,0 -3.123554717071999,59.14805706206928,0 -3.124166284013414,59.14888422512189,0 -3.109523323160241,59.14683874394374,0 -3.109523323160241,59.14683874394374,0 
							</coordinates>
						</LinearRing>
					</outerBoundaryIs>
				</Polygon>
				<Polygon>
					<outerBoundaryIs>
						<LinearRing>
							<coordinates>
								-2.581517068614792,59.14853820874716,0 -2.597955078886847,59.1483335402619,0 -2.585438970109912,59.15745670238064,0 -2.577577985319108,59.14913426391352,0 -2.581517068614792,59.14853820874716,0 -2.581517068614792,59.14853820874716,0 
							</coordinates>
						</LinearRing>
					</outerBoundaryIs>
				</Polygon>
				<Polygon>
					<outerBoundaryIs>
						<LinearRing>
							<coordinates>
								-3.196705427110049,59.15456853720371,0 -3.11108888952197,59.12382932653102,0 -3.108418107651967,59.12384786456645,0 -3.09371248795056,59.11870178459167,0 -3.071619517627142,59.12396626584417,0 -3.068047761531623,59.11406875367653,0 -3.047718766449961,59.10677024024395,0 -3.04410679836533,59.10547281080301,0 -3.044497301655063,59.10525977519349,0 -3.04763019288444,59.1038669942198,0 -3.059428596458471,59.09862011866321,0 -3.057911896925289,59.09793923694249,0 -3.060968660664471,59.09627048739811,0 -3.047228950883274,59.09068584577506,0 -3.002507721380289,59.07248569482295,0 -3.004724108145595,59.06348585219558,0 -3.010684818162366,59.03925871900299,0 -3.045855680188839,59.0455798533761,0 -3.056713853985305,59.04752895308472,0 -3.063709971613585,59.04889346835213,0 -3.063336806261634,59.04871725150629,0 -3.063986422089305,59.04883378359428,0 -3.05171500140055,59.03663407310465,0 -3.052567442883818,59.03486732466072,0 -3.059474173483218,59.02420171909954,0 -3.074786828828317,59.02408677772313,0 -3.079538597746807,59.02414263522012,0 -3.091063543737138,59.01640258164381,0 -3.093988750390194,59.01671533165121,0 -3.095857492348248,59.01318168445997,0 -3.100383484721173,59.01014010431691,0 -3.121626662886881,59.01114713489902,0 -3.120983537067913,59.01080834095324,0 -3.122490626759435,59.01087578627307,0 -3.117792955426634,59.0091274224182,0 -3.109810593564502,59.00492094070295,0 -3.103090336872957,59.00365318774932,0 -3.102784059093382,59.003539114294,0 -3.102699247945736,59.00355125536433,0 -3.085045561680486,59.00024691408858,0 -3.085684506040685,58.99958658151335,0 -3.080312107026772,58.99935286081308,0 -3.051666317067249,58.99393756254062,0 -3.044553016686752,59.00264233586383,0 -3.039788057723562,59.00847070786254,0 -3.038645691533009,59.00926901704356,0 -3.005521589166394,59.01057872281843,0 -2.974493927064715,58.99385406382438,0 -2.958802794077156,58.98515353053017,0 -2.958654461812844,58.98530703646323,0 -2.958382422547529,58.98516018914848,0 -2.947991211970824,58.99633812095789,0 -2.930443511086894,59.01447394084723,0 -2.926573864214474,59.00742379391101,0 -2.926427370913249,59.00674348011088,0 -2.926319855545326,59.00675422608983,0 -2.925973828433027,59.00633030954051,0 -2.916965386290293,59.00768878793674,0 -2.901112838093858,59.00927088856013,0 -2.901995750787454,59.00816572318403,0 -2.910002826901441,59.00595540091805,0 -2.904848687277084,59.00459410692376,0 -2.913846626431646,58.99332426369372,0 -2.911061172515391,58.99312312730088,0 -2.911547218486385,58.99266475011277,0 -2.904572059927991,58.99265430722951,0 -2.889439925284769,58.99155974385662,0 -2.907593353712567,58.98570554121893,0 -2.917953212083736,58.98295153045948,0 -2.917563089249052,58.96579142493571,0 -2.885899305486825,58.96058507257695,0 -2.885132829705996,58.96120282940974,0 -2.8842596237996,58.96106330648472,0 -2.874800029269566,58.9695281688959,0 -2.85423634133222,58.98608237615958,0 -2.83563115146874,58.98334743672433,0 -2.823690372440883,58.98114859414867,0 -2.800158574531521,58.99120127250716,0 -2.791044044457181,58.96869037477047,0 -2.790294324339573,58.96583775329862,0 -2.818386732480723,58.96726019599663,0 -2.846772607029762,58.9584235586068,0 -2.826462711032717,58.93790667435596,0 -2.826834756470876,58.92906833200465,0 -2.829014893106101,58.92538418604961,0 -2.841493690340847,58.92651081598724,0 -2.823289475068375,58.92107437412843,0 -2.817852826687901,58.92787469969896,0 -2.80840852262231,58.9289822429301,0 -2.799744034792385,58.92900856646543,0 -2.804185643634179,58.92308346125457,0 -2.786541575863441,58.91604862627703,0 -2.776942293721611,58.92744452825604,0 -2.790327600636283,58.92738771351889,0 -2.784423564535188,58.94066302749765,0 -2.801790722842123,58.94753795448566,0 -2.720617187594453,58.96951774633676,0 -2.706250141086834,58.97318743671958,0 -2.717547396063888,58.93767842870153,0 -2.710235767617499,58.92405677665131,0 -2.710381440240959,58.92234958154938,0 -2.745722249913196,58.92431302574996,0 -2.760524323692131,58.91353833998502,0 -2.777322139839261,58.91453224198505,0 -2.783435674101426,58.91505229330004,0 -2.783601670233998,58.91490321718999,0 -2.784526682007223,58.91495783743264,0 -2.793625414571971,58.90589831728814,0 -2.816678952981648,58.88516731345112,0 -2.827945422782381,58.87502537851492,0 -2.842672893648545,58.88500092432717,0 -2.853480518683977,58.89231664464927,0 -2.882384093449819,58.90069961836955,0 -2.895436028406849,58.89600565913641,0 -2.89503048182325,58.89582771552645,0 -2.895336864283864,58.89572789568576,0 -2.889959070310947,58.89360226368613,0 -2.882050563284994,58.89013085727503,0 -2.889831491723428,58.88468474403169,0 -2.896802203394029,58.87980387808484,0 -2.911694252048025,58.86995102802703,0 -2.910601944553718,58.87013619567062,0 -2.911455092585971,58.8695382793552,0 -2.883722125535004,58.87397156921585,0 -2.884413458217455,58.8681356279705,0 -2.886960497256985,58.85552319650221,0 -2.856271796477815,58.85352243361831,0 -2.873570793882132,58.8487794111894,0 -2.899334539322602,58.84211762798776,0 -2.899005509336106,58.84179918853206,0 -2.904729508589135,58.84022723498254,0 -2.876203509866998,58.81962298374738,0 -2.894681358313271,58.81940733651851,0 -2.92899224206948,58.7946981886851,0 -2.919946486088939,58.78410931481252,0 -2.932448497118274,58.7724503812567,0 -2.938154472374599,58.76765708833883,0 -2.908034437303117,58.75440923747377,0 -2.911895616445168,58.7480993075026,0 -2.922273973291912,58.73367099854143,0 -2.959736134577961,58.73048204605888,0 -2.962164379373907,58.73540475722218,0 -2.963791178483519,58.74170927719595,0 -2.965145434619027,58.7414461762441,0 -2.965165755187153,58.74148734950034,0 -2.96578396428546,58.74125470851781,0 -2.974848430001785,58.73918650056535,0 -2.990807677524733,58.75423253883281,0 -2.978250320453732,58.7614550855751,0 -2.977428757762687,58.7863164643135,0 -2.978629011766619,58.78645449134999,0 -2.978629470536777,58.78650713172821,0 -2.981551722571061,58.78660984075851,0 -2.992485682410454,58.78738719965906,0 -3.020356536141566,58.80761338797289,0 -3.019991458556271,58.80785163896817,0 -3.008236777950982,58.81342147732656,0 -3.007432876196881,58.81264497427911,0 -2.997734284303597,58.80014033602852,0 -2.972695399764016,58.8186140980577,0 -2.98178642795318,58.81258460240901,0 -3.002021140247519,58.82719970695094,0 -3.031251515326449,58.82060089058821,0 -3.034898945004662,58.81986757005739,0 -3.012115689556492,58.83324219419011,0 -3.00251313699734,58.83143780582466,0 -2.989140099787619,58.82833917009566,0 -2.974867476855373,58.83279057679304,0 -2.962273278852532,58.83647199243362,0 -2.956344259804565,58.82641705034897,0 -2.901733742115632,58.84338928382936,0 -2.901147519278915,58.84348769260667,0 -2.901367738948573,58.84347610404464,0 -2.901188352781559,58.84351908882751,0 -2.900943424177078,58.84363461266952,0 -2.96172196635837,58.85003279483883,0 -2.937333361449573,58.86116677608589,0 -2.929769334433277,58.8598173838804,0 -2.913951357958794,58.85585020901161,0 -2.91439964879134,58.85707379909076,0 -2.911693906927783,58.85659057181979,0 -2.920669672136253,58.87417818639852,0 -2.922048012609054,58.87793590558437,0 -2.907812161417323,58.88455971332864,0 -2.89419321336426,58.89089265039573,0 -2.894371791076161,58.89102198285716,0 -2.894307664958792,58.89105084232354,0 -2.894658158610135,58.89108512451831,0 -2.908402105519744,58.89677300145957,0 -2.920395129626812,58.89359967549976,0 -2.932863408283969,58.89481587512994,0 -2.934271346189165,58.89648997238044,0 -2.93160970476,58.90295824526795,0 -2.971092040871516,58.94020796051593,0 -2.971367482666633,58.94053453915799,0 -2.967362296748082,58.96048691023027,0 -2.981876240045056,58.96304173188988,0 -2.983662307550095,58.96182122572489,0 -2.983992171332366,58.96186697342127,0 -3.025855867943091,58.94131764061752,0 -3.034379907010557,58.93941453559135,0 -3.042644466555216,58.93948259033746,0 -3.052907062959787,58.93956636465898,0 -3.089261932922653,58.94346177939423,0 -3.077972949314094,58.93142701320446,0 -3.07846792938452,58.93030790207437,0 -3.111905974723181,58.93165501290538,0 -3.128551920858115,58.91742111750222,0 -3.155403802946847,58.9210626005387,0 -3.179110529900086,58.91247883187679,0 -3.18681343768383,58.91900240743201,0 -3.196480924220666,58.91369948434271,0 -3.226818963787097,58.9350928101341,0 -3.228239245796538,58.96630111865479,0 -3.249116155413082,58.98339264344749,0 -3.262197721278118,58.96287365918811,0 -3.284367968791375,58.96134500897098,0 -3.291971724426652,58.96852547642367,0 -3.298484306620727,58.95054452287066,0 -3.35413782337976,58.96513335619762,0 -3.364637452793307,59.01568260072496,0 -3.346298441530437,59.03806417749337,0 -3.35415847458728,59.04750041093653,0 -3.355112381154149,59.04880996198926,0 -3.332750055315229,59.05501232983357,0 -3.344194172857105,59.06041140274577,0 -3.347788811873456,59.06210670911356,0 -3.345234723620925,59.09869476959823,0 -3.355978120549973,59.10429451355487,0 -3.355174391873868,59.10483595285544,0 -3.318464463738077,59.12326971546513,0 -3.320388388389489,59.12824889420294,0 -3.317629680223386,59.13010390106587,0 -3.321641230469702,59.13149048334634,0 -3.323553615887457,59.13643733490043,0 -3.322370535723218,59.13664211673146,0 -3.310646536520922,59.13591522150705,0 -3.266885767067318,59.14623124715924,0 -3.22605335412213,59.15326956298104,0 -3.196705427110049,59.15456853720371,0 -3.196705427110049,59.15456853720371,0 
							</coordinates>
						</LinearRing>
					</outerBoundaryIs>
				</Polygon>
				<Polygon>
					<outerBoundaryIs>
						<LinearRing>
							<coordinates>
								-2.626687430434809,59.16060335899135,0 -2.615147569421802,59.15410362617852,0 -2.633334776703639,59.15633329473919,0 -2.633038151558313,59.15596533633689,0 -2.634238076939742,59.15609573481401,0 -2.623209500345609,59.14361989498737,0 -2.593240101662751,59.14304208279348,0 -2.572874572019194,59.14238953089019,0 -2.603756591550777,59.13744806238151,0 -2.594611625591829,59.11633253242933,0 -2.558453642637228,59.12009960699429,0 -2.53563240493702,59.12222375220327,0 -2.551284512922258,59.11172129150638,0 -2.550195350968824,59.10878245257215,0 -2.548760889756345,59.1007161610945,0 -2.547001103381334,59.10016055614109,0 -2.54639758146326,59.09853103155064,0 -2.525469038991736,59.09335898520446,0 -2.536450364728331,59.07644818240903,0 -2.544778365538642,59.07858398460636,0 -2.565781787714125,59.08458857492685,0 -2.574685509420518,59.07615525232391,0 -2.604163181728737,59.07269456686026,0 -2.603085137420963,59.097560590755,0 -2.63099318899504,59.10824528776676,0 -2.656048766728436,59.100749016644,0 -2.642488104743352,59.08783839351571,0 -2.649387062241765,59.07640281213268,0 -2.66361617066206,59.0766615481963,0 -2.68508729574338,59.07854915089056,0 -2.668267053725795,59.10911684044488,0 -2.627929270639277,59.11058371568627,0 -2.618560450782856,59.11885489277491,0 -2.673680611130791,59.15369673195131,0 -2.652088542553968,59.15212020265875,0 -2.626687430434809,59.16060335899135,0 -2.626687430434809,59.16060335899135,0 
							</coordinates>
						</LinearRing>
					</outerBoundaryIs>
				</Polygon>
				<Polygon>
					<outerBoundaryIs>
						<LinearRing>
							<coordinates>
								-2.906559936669971,59.16370346773979,0 -2.918676049246851,59.12542049873829,0 -2.943474103459193,59.15508668512572,0 -2.93017646633779,59.1692504979083,0 -2.9270739866357,59.16994881918068,0 -2.908743434909097,59.16475766439703,0 -2.906559936669971,59.16370346773979,0 -2.906559936669971,59.16370346773979,0 
							</coordinates>
						</LinearRing>
					</outerBoundaryIs>
				</Polygon>
				<Polygon>
					<outerBoundaryIs>
						<LinearRing>
							<coordinates>
								-5.81173950507329,59.11950091269738,0 -5.83933218078818,59.11644798585186,0 -5.821407409885992,59.12653926375796,0 -5.823729399990821,59.13339909581643,0 -5.81173950507329,59.11950091269738,0 -5.81173950507329,59.11950091269738,0 
							</coordinates>
						</LinearRing>
					</outerBoundaryIs>
				</Polygon>
				<Polygon>
					<outerBoundaryIs>
						<LinearRing>
							<coordinates>
								-3.031042662691964,59.17897465496931,0 -3.02851156804298,59.17815979853025,0 -3.005743037780821,59.17862726532037,0 -2.992247374821476,59.17843993855173,0 -2.967744976827314,59.18797654162106,0 -2.951147754119313,59.18036122479838,0 -2.977135551689167,59.16361851249694,0 -2.96392625320136,59.13552672409427,0 -3.038498763385541,59.1269182988156,0 -3.048444046235573,59.13050497745309,0 -3.091538584379582,59.14602911034465,0 -3.116760801307806,59.17311205422172,0 -3.072599057427455,59.1996529636798,0 -3.050507509680012,59.1978692712966,0 -3.049261285200182,59.19776853165884,0 -3.048134332420971,59.18395896548846,0 -3.034935572749788,59.17902766954398,0 -3.031042662691964,59.17897465496931,0 -3.031042662691964,59.17897465496931,0 
							</coordinates>
						</LinearRing>
					</outerBoundaryIs>
				</Polygon>
				<Polygon>
					<outerBoundaryIs>
						<LinearRing>
							<coordinates>
								-2.719456932079727,59.23053408622098,0 -2.719767181948201,59.23027239862081,0 -2.744792121917474,59.23410116641742,0 -2.739106281436091,59.24490349365355,0 -2.73773930126971,59.24749954509686,0 -2.734965580728159,59.24492688581243,0 -2.719456932079727,59.23053408622098,0 -2.719456932079727,59.23053408622098,0 
							</coordinates>
						</LinearRing>
					</outerBoundaryIs>
				</Polygon>
				<Polygon>
					<outerBoundaryIs>
						<LinearRing>
							<coordinates>
								-2.764849084848433,59.19238592767953,0 -2.755276104745655,59.15894863078239,0 -2.737993144553303,59.14838902085481,0 -2.746852139268684,59.14621456581876,0 -2.786641717350218,59.13849900029467,0 -2.792755406542415,59.16041207494145,0 -2.79839474422,59.16260865491022,0 -2.814018566329826,59.17273380915974,0 -2.819955719754252,59.17100200760894,0 -2.822044281884468,59.17181464247751,0 -2.825755687725516,59.18703590838919,0 -2.825989397458466,59.1884500891296,0 -2.821855696463699,59.19508735878416,0 -2.801342680058972,59.18388774697334,0 -2.7782323905743,59.18991917598214,0 -2.778533941102398,59.19132395708381,0 -2.778205584335896,59.19142008054801,0 -2.779837229952326,59.19739400166935,0 -2.788233274672524,59.23644545074905,0 -2.767417968255973,59.24473972160455,0 -2.758157404867701,59.2484274136107,0 -2.758721541653385,59.24479084414505,0 -2.760382417159393,59.23408003179901,0 -2.761158923689101,59.2322847325738,0 -2.734886225865958,59.21977641594558,0 -2.738184413363065,59.21620468710915,0 -2.75488234288372,59.20981268771644,0 -2.752192653113199,59.20102542216677,0 -2.758100574419583,59.19461914145268,0 -2.764849084848433,59.19238592767953,0 -2.764849084848433,59.19238592767953,0 
							</coordinates>
						</LinearRing>
					</outerBoundaryIs>
				</Polygon>
				<Polygon>
					<outerBoundaryIs>
						<LinearRing>
							<coordinates>
								-2.406319771504913,59.28506942119474,0 -2.38872372464733,59.27915883308231,0 -2.421272366418295,59.27550555670662,0 -2.432448764025567,59.28260085216551,0 -2.432820133399396,59.2829256772067,0 -2.43287924288582,59.28291862721473,0 -2.434747740551534,59.28405986250338,0 -2.474434883997173,59.27795459516202,0 -2.477362919237178,59.27750254795784,0 -2.511793989555575,59.24599584938435,0 -2.517628387890123,59.24065032533529,0 -2.505568770261947,59.22343656055578,0 -2.522203142860236,59.23441518308168,0 -2.513959497061866,59.24598727281513,0 -2.509164072001314,59.25271505335343,0 -2.521795269128132,59.25820289263611,0 -2.53658011493838,59.25101253872023,0 -2.53122162982071,59.24591771460573,0 -2.523136088273539,59.23822670131567,0 -2.563695715815647,59.23700831275735,0 -2.566881015981395,59.22664546869871,0 -2.56936443858152,59.22157017803824,0 -2.571874668735156,59.22268299687018,0 -2.577038352476412,59.23239312026462,0 -2.574931157642784,59.23792734141907,0 -2.559097060072689,59.23898338381829,0 -2.568524483591912,59.24541270002148,0 -2.600354047709113,59.22968438942347,0 -2.60583670496819,59.23774311860522,0 -2.629097651727824,59.2380342125904,0 -2.631404681689385,59.23531509196734,0 -2.63555255610004,59.23505559927294,0 -2.641766770521036,59.22309626278449,0 -2.652223639463762,59.21075598583502,0 -2.666692423047144,59.20902198230069,0 -2.670473047236451,59.19720299880376,0 -2.672662347600377,59.19219839692542,0 -2.686519146333578,59.20451253219832,0 -2.692902089796025,59.1866628687836,0 -2.693566672448737,59.19524292960127,0 -2.694085116884588,59.22155069669817,0 -2.676992278972735,59.22033212895133,0 -2.672589426733015,59.22463696534126,0 -2.670516177471594,59.22487965724119,0 -2.664612872773203,59.23243281300926,0 -2.654715484869693,59.24210036141586,0 -2.651556858939433,59.24346191626143,0 -2.645913038347496,59.24539899949946,0 -2.600452496405016,59.26098513784981,0 -2.604423416925752,59.26375724524782,0 -2.591109564324778,59.26948264363858,0 -2.613589805478334,59.29491971435445,0 -2.608629395684425,59.29242487938,0 -2.606902227877351,59.29021781227986,0 -2.605755925410568,59.2909794139491,0 -2.603642201015782,59.28991601047485,0 -2.587622934663844,59.29535699982763,0 -2.581253198235084,59.29371184178445,0 -2.559810613667469,59.3039421753842,0 -2.559942185854489,59.30475011708416,0 -2.556405292971071,59.30594952093784,0 -2.527747293003706,59.30329358617099,0 -2.554685028938588,59.28788568584181,0 -2.551176587427286,59.27631024241638,0 -2.568393712143406,59.27810972846943,0 -2.581763867284081,59.26488768112311,0 -2.555784896699208,59.26069463292827,0 -2.552190316275579,59.26944424161244,0 -2.542815291659573,59.26058054695665,0 -2.483876345054722,59.28833052351843,0 -2.449052092713053,59.29038798758327,0 -2.445443140398494,59.3041271938615,0 -2.422104802148242,59.31234576947507,0 -2.418431681410675,59.30396316098393,0 -2.414952244303059,59.28796748595012,0 -2.410820903851931,59.28658065963795,0 -2.410293709704626,59.2853759050402,0 -2.406319771504913,59.28506942119474,0 -2.406319771504913,59.28506942119474,0 
							</coordinates>
						</LinearRing>
					</outerBoundaryIs>
				</Polygon>
				<Polygon>
					<outerBoundaryIs>
						<LinearRing>
							<coordinates>
								-2.952089076662024,59.33330779081608,0 -2.95390836660499,59.3282032279957,0 -2.981258035104163,59.32647331014095,0 -2.987582495433803,59.31717352751932,0 -2.981254139316396,59.31789626946133,0 -2.96962688428746,59.3178985575638,0 -2.958713734028795,59.31068738306568,0 -2.958657478512695,59.30991096459575,0 -2.957711777751964,59.31002511111397,0 -2.955080831984255,59.30828595402268,0 -2.939958447326803,59.31153499136943,0 -2.938045010225365,59.30374017300291,0 -2.913514720239689,59.29832527732866,0 -2.902385774004502,59.30426595340209,0 -2.881003296403579,59.28638005701246,0 -2.879209325663076,59.26670721788341,0 -2.853194202891059,59.2676920734332,0 -2.843816271567174,59.2575731096717,0 -2.836380719150028,59.24824116620913,0 -2.85200355826611,59.2506139155199,0 -2.857979379529677,59.25185858495198,0 -2.865842778129671,59.24412210666414,0 -2.881342998324437,59.22886043682578,0 -2.880131495669252,59.23371519239126,0 -2.87693965558754,59.24404775285949,0 -2.873201938847359,59.25613947058706,0 -2.88935084633935,59.25502959288322,0 -2.910561204529886,59.27755885764409,0 -2.959543867517384,59.29049554589119,0 -2.952137201737212,59.28061023869525,0 -2.95478316569318,59.27951802024383,0 -2.948442470236572,59.27567674166997,0 -2.946611485668094,59.27323129472857,0 -2.975445555441719,59.26866952611112,0 -2.981785705124015,59.25986113617551,0 -3.02306477295749,59.27815136900251,0 -3.023321192596104,59.27827921791233,0 -3.023816397146498,59.28131172985223,0 -3.021520314304639,59.3056248700095,0 -3.028366403680935,59.30914867017663,0 -3.028983888774434,59.31292280224804,0 -3.054389416552534,59.3237421020191,0 -3.068070182226629,59.32956332626454,0 -3.068908956179036,59.32999420520617,0 -3.054508946488586,59.32760284956826,0 -3.032103981117503,59.32387829868603,0 -3.031541716350114,59.32426449696894,0 -3.031180638124993,59.32420758184637,0 -3.028618131173704,59.32627241261046,0 -3.022967791564099,59.33015220935484,0 -3.012790369425193,59.32917827012637,0 -3.005132209187506,59.32807451084891,0 -3.004222328143479,59.32835768341491,0 -3.00082303399312,59.32803195437021,0 -2.978007182023013,59.33609730221367,0 -2.974256985830332,59.35450444180733,0 -2.952670327041098,59.35964241405689,0 -2.947849679711758,59.35657242450159,0 -2.942475623488859,59.34948556008347,0 -2.950983182725231,59.34679138958219,0 -2.953973624813981,59.34653945177897,0 -2.953878833956443,59.34587417183947,0 -2.967623738419257,59.34151883087624,0 -2.952843807264565,59.33860813625513,0 -2.952089076662024,59.33330779081608,0 -2.952089076662024,59.33330779081608,0 
							</coordinates>
						</LinearRing>
					</outerBoundaryIs>
				</Polygon>
				<Polygon>
					<outerBoundaryIs>
						<LinearRing>
							<coordinates>
								-2.875031350643344,59.33486488299509,0 -2.882698566584903,59.32599851524907,0 -2.882901188391803,59.32577245037698,0 -2.894878567940607,59.33105488162381,0 -2.895583201644441,59.33053451790271,0 -2.89564259814134,59.33055954999918,0 -2.898144008278388,59.32829450166243,0 -2.903546621685116,59.32372633939303,0 -2.909556738466733,59.34970407106099,0 -2.877396873528673,59.38593489692154,0 -2.876896653211812,59.38602552199558,0 -2.867461474624488,59.37084853419616,0 -2.869914519374173,59.36879835980248,0 -2.881371496408866,59.36269389612008,0 -2.878859812654344,59.36131970047345,0 -2.887223773698421,59.35432353504897,0 -2.875031350643344,59.33486488299509,0 -2.875031350643344,59.33486488299509,0 
							</coordinates>
						</LinearRing>
					</outerBoundaryIs>
				</Polygon>
				<Polygon>
					<outerBoundaryIs>
						<LinearRing>
							<coordinates>
								-2.3818959840786,59.39255277015663,0 -2.373877538585346,59.38623330153214,0 -2.370616434670132,59.38268551307836,0 -2.37965816579454,59.38122930950409,0 -2.402609727959303,59.38083670246543,0 -2.404592576399986,59.37720963648533,0 -2.407914404723645,59.37667369495668,0 -2.406438393435426,59.37383250932251,0 -2.409367887255689,59.36847124748913,0 -2.400137245920744,59.36169781621122,0 -2.397089488757705,59.35582523163743,0 -2.41789915024112,59.34834443695708,0 -2.418719227877176,59.34810237486577,0 -2.428605666137913,59.35786294419696,0 -2.436601663475964,59.35751340250503,0 -2.446931237221545,59.35786084397389,0 -2.430722241805098,59.38678406732259,0 -2.409316964302211,59.39024415387239,0 -2.402223743501539,59.38510660573525,0 -2.396328748119039,59.38726663506525,0 -2.395992154611344,59.38710326985188,0 -2.394978088608035,59.38776146405977,0 -2.3818959840786,59.39255277015663,0 -2.3818959840786,59.39255277015663,0 
							</coordinates>
						</LinearRing>
					</outerBoundaryIs>
				</Polygon>
				<Polygon>
					<outerBoundaryIs>
						<LinearRing>
							<coordinates>
								-1.595414755131197,59.54006169230553,0 -1.598728077562503,59.53285579674699,0 -1.614138304545974,59.53356310929384,0 -1.607012325028466,59.52370254440974,0 -1.623874862011507,59.52728962609811,0 -1.627700993753544,59.51528240515383,0 -1.637940064969778,59.51367961162035,0 -1.646577365731215,59.51315228112821,0 -1.649037401458653,59.51300198257408,0 -1.65177102766554,59.51676193759619,0 -1.648788303679692,59.52457552178794,0 -1.646452892036216,59.52503416073911,0 -1.641939326378175,59.52592040386437,0 -1.638088028976557,59.55257560020208,0 -1.606358560232239,59.55400630458546,0 -1.61111750466779,59.5409938804266,0 -1.610694224847788,59.54094227125834,0 -1.610702849385328,59.54091627679307,0 -1.595414755131197,59.54006169230553,0 -1.595414755131197,59.54006169230553,0 
							</coordinates>
						</LinearRing>
					</outerBoundaryIs>
				</Polygon>
				<Polygon>
					<outerBoundaryIs>
						<LinearRing>
							<coordinates>
								-1.157608282373152,59.99380987466833,0 -1.179666198193262,59.99293944963032,0 -1.186176500273417,60.00856079663193,0 -1.157608282373152,59.99380987466833,0 -1.157608282373152,59.99380987466833,0 
							</coordinates>
						</LinearRing>
					</outerBoundaryIs>
				</Polygon>
				<Polygon>
					<outerBoundaryIs>
						<LinearRing>
							<coordinates>
								-1.34292084157726,60.02790956451121,0 -1.349342209268595,60.01985451426502,0 -1.361605400570227,60.03100954179381,0 -1.34292084157726,60.02790956451121,0 -1.34292084157726,60.02790956451121,0 
							</coordinates>
						</LinearRing>
					</outerBoundaryIs>
				</Polygon>
				<Polygon>
					<outerBoundaryIs>
						<LinearRing>
							<coordinates>
								-1.353667967558605,60.05174180849308,0 -1.365921362386812,60.04319402370088,0 -1.373989804300902,60.04845164085275,0 -1.342789802969403,60.05937300400682,0 -1.353667967558605,60.05174180849308,0 -1.353667967558605,60.05174180849308,0 
							</coordinates>
						</LinearRing>
					</outerBoundaryIs>
				</Polygon>
				<Polygon>
					<outerBoundaryIs>
						<LinearRing>
							<coordinates>
								-1.298851050187468,60.09567515468812,0 -1.334709675846863,60.04115147259011,0 -1.322248726065556,60.0611356801073,0 -1.326406323068252,60.07640743759929,0 -1.321577570794511,60.08416705282742,0 -1.299167611250803,60.09666707106419,0 -1.298851050187468,60.09567515468812,0 -1.298851050187468,60.09567515468812,0 
							</coordinates>
						</LinearRing>
					</outerBoundaryIs>
				</Polygon>
				<Polygon>
					<outerBoundaryIs>
						<LinearRing>
							<coordinates>
								-1.308226597559213,60.10573473744248,0 -1.329152480267428,60.08258706236008,0 -1.341441706744889,60.06031840553357,0 -1.346633322346443,60.06824439600511,0 -1.354113772752432,60.07987196801857,0 -1.324088238986772,60.09547680314864,0 -1.346641143281617,60.10729954443894,0 -1.338819977603235,60.10687194052939,0 -1.319280729205016,60.10562496898476,0 -1.313939652389283,60.1188254741172,0 -1.311459624488655,60.11320656940307,0 -1.308226597559213,60.10573473744248,0 -1.308226597559213,60.10573473744248,0 
							</coordinates>
						</LinearRing>
					</outerBoundaryIs>
				</Polygon>
				<Polygon>
					<outerBoundaryIs>
						<LinearRing>
							<coordinates>
								-1.362117499780251,60.11688057651274,0 -1.371720137476613,60.11342045039477,0 -1.366099745186341,60.12368769736747,0 -1.362328956441378,60.12187094152501,0 -1.357022376399598,60.11903428381792,0 -1.362117499780251,60.11688057651274,0 -1.362117499780251,60.11688057651274,0 
							</coordinates>
						</LinearRing>
					</outerBoundaryIs>
				</Polygon>
				<Polygon>
					<outerBoundaryIs>
						<LinearRing>
							<coordinates>
								-1.334082214899876,60.12006977793057,0 -1.33902220092445,60.12006463491252,0 -1.350880267012095,60.1212655071247,0 -1.351540217613991,60.12262284465026,0 -1.346776756930214,60.12493088105339,0 -1.33400851994102,60.12035007080379,0 -1.334082214899876,60.12006977793057,0 -1.334082214899876,60.12006977793057,0 
							</coordinates>
						</LinearRing>
					</outerBoundaryIs>
				</Polygon>
				<Polygon>
					<outerBoundaryIs>
						<LinearRing>
							<coordinates>
								-1.305784143588129,60.10055045709385,0 -1.308383714683975,60.09977307594627,0 -1.29587862398818,60.10914588816823,0 -1.297474947229745,60.12544092432598,0 -1.296818485343325,60.12694683403148,0 -1.279942112290104,60.13086032804075,0 -1.274099493477787,60.13221446331312,0 -1.280241658557757,60.11713241872684,0 -1.28426976927059,60.10723368099284,0 -1.305784143588129,60.10055045709385,0 -1.305784143588129,60.10055045709385,0 
							</coordinates>
						</LinearRing>
					</outerBoundaryIs>
				</Polygon>
				<Polygon>
					<outerBoundaryIs>
						<LinearRing>
							<coordinates>
								-1.353854527467491,60.1434765681193,0 -1.358701569550133,60.13958019548547,0 -1.359012737427111,60.14350165223512,0 -1.359764719348082,60.15297473490396,0 -1.348473334259922,60.14780103233697,0 -1.353854527467491,60.1434765681193,0 -1.353854527467491,60.1434765681193,0 
							</coordinates>
						</LinearRing>
					</outerBoundaryIs>
				</Polygon>
				<Polygon>
					<outerBoundaryIs>
						<LinearRing>
							<coordinates>
								-2.047682966605748,60.12820747655064,0 -2.062419750132899,60.11027685008958,0 -2.064084645395142,60.11104637612054,0 -2.091712717050244,60.12960193364655,0 -2.112729174784442,60.1335050463676,0 -2.114887432708939,60.13450036713838,0 -2.110920642575561,60.14500561832487,0 -2.110372598301886,60.14645647092296,0 -2.071857469968629,60.15822411369488,0 -2.050575873629321,60.15709346014033,0 -2.041743583437755,60.14504533776999,0 -2.038083143081689,60.14004936870115,0 -2.047682966605748,60.12820747655064,0 -2.047682966605748,60.12820747655064,0 
							</coordinates>
						</LinearRing>
					</outerBoundaryIs>
				</Polygon>
				<Polygon>
					<outerBoundaryIs>
						<LinearRing>
							<coordinates>
								-1.003821052633723,60.15149967983432,0 -1.006346348646861,60.14132563461038,0 -1.008597730686736,60.13224968856337,0 -1.022110922167125,60.14144271797284,0 -1.032647126285882,60.14860599793891,0 -1.036922774756046,60.14710904192394,0 -1.041215269085741,60.14605162564644,0 -1.034604007003234,60.15506661547951,0 -1.003821052633723,60.15149967983432,0 -1.003821052633723,60.15149967983432,0 
							</coordinates>
						</LinearRing>
					</outerBoundaryIs>
				</Polygon>
				<Polygon>
					<outerBoundaryIs>
						<LinearRing>
							<coordinates>
								-1.078872163624812,60.18895674197029,0 -1.072421420113771,60.16596086681049,0 -1.074370850143359,60.16307524251058,0 -1.071570504779879,60.16292509501136,0 -1.070436641760611,60.15887900016589,0 -1.063834319577895,60.16250998478557,0 -1.055397916124917,60.16205677435656,0 -1.049056461677311,60.17018964378103,0 -1.043490898801928,60.16688371939642,0 -1.054390490998755,60.14167727796713,0 -1.070977424738185,60.10324134735675,0 -1.120397881088159,60.12043085582673,0 -1.116179107933523,60.14210428258825,0 -1.115333329306927,60.14644583312971,0 -1.111430303152591,60.1498026099534,0 -1.114300752309215,60.1517446601946,0 -1.113016246452514,60.15833384107833,0 -1.117171295403777,60.15368648335418,0 -1.143578215735712,60.17153621868485,0 -1.146036482315769,60.17340606673926,0 -1.127763130538155,60.1848645485919,0 -1.076911848487567,60.17142237023383,0 -1.077048572913283,60.17169742779937,0 -1.076958733074673,60.17167407630568,0 -1.083890164747525,60.1806109434185,0 -1.088171879708167,60.18624610622435,0 -1.078872163624812,60.18895674197029,0 -1.078872163624812,60.18895674197029,0 
							</coordinates>
						</LinearRing>
					</outerBoundaryIs>
				</Polygon>
				<Polygon>
					<outerBoundaryIs>
						<LinearRing>
							<coordinates>
								-1.566631890358399,60.19430385575283,0 -1.586021226636208,60.19128987534476,0 -1.601963710691291,60.20059924194703,0 -1.587522290875811,60.20800109617766,0 -1.582143790345374,60.21001098861684,0 -1.581725847668179,60.20983763242982,0 -1.565849755007556,60.19847730294703,0 -1.566631890358399,60.19430385575283,0 -1.566631890358399,60.19430385575283,0 
							</coordinates>
						</LinearRing>
					</outerBoundaryIs>
				</Polygon>
				<Polygon>
					<outerBoundaryIs>
						<LinearRing>
							<coordinates>
								-1.47204996013151,60.33346338999669,0 -1.472019020369311,60.33135789909841,0 -1.459410376509393,60.33590490519599,0 -1.436147012988946,60.32772363481649,0 -1.452844236455269,60.32352187873032,0 -1.466952288417508,60.31996919254755,0 -1.46997283903464,60.31362344509554,0 -1.471050706801416,60.31166643537055,0 -1.47990712959934,60.32120196982946,0 -1.480271472439771,60.32160543785767,0 -1.477474647680767,60.32270831489327,0 -1.474918776124704,60.32361108941561,0 -1.464219826160078,60.32738905222952,0 -1.465570884708795,60.32740084908433,0 -1.464323878171078,60.32789228583373,0 -1.489012242537591,60.32760333282022,0 -1.472339362893572,60.34178747291796,0 -1.47204996013151,60.33346338999669,0 -1.47204996013151,60.33346338999669,0 
							</coordinates>
						</LinearRing>
					</outerBoundaryIs>
				</Polygon>
				<Polygon>
					<outerBoundaryIs>
						<LinearRing>
							<coordinates>
								-1.390634826995108,60.32325105452769,0 -1.392828096161555,60.3219052990467,0 -1.393868957156208,60.3232658990535,0 -1.402023883449199,60.33392172637173,0 -1.383719938550768,60.34287739674934,0 -1.376088748700981,60.33753101966474,0 -1.372141885580529,60.3345921670214,0 -1.390634826995108,60.32325105452769,0 -1.390634826995108,60.32325105452769,0 
							</coordinates>
						</LinearRing>
					</outerBoundaryIs>
				</Polygon>
				<Polygon>
					<outerBoundaryIs>
						<LinearRing>
							<coordinates>
								-1.716827918351151,60.34684458102714,0 -1.707947566846899,60.34093474294282,0 -1.707616928413069,60.34102861306769,0 -1.697824062342237,60.34506623326382,0 -1.694453072837185,60.33677370525556,0 -1.689075737738379,60.34315483821146,0 -1.68550142121658,60.33200262044677,0 -1.685024406530404,60.33300714279459,0 -1.68466537233481,60.33210753163009,0 -1.682687340471888,60.3379277534671,0 -1.680205100516406,60.34315234632502,0 -1.677322976339503,60.34329189122422,0 -1.667118017916791,60.34324656306804,0 -1.666812791902665,60.34269632237091,0 -1.674454292996308,60.32933511357738,0 -1.662231649252046,60.32537167978147,0 -1.662634756532547,60.32421924423092,0 -1.662802674199088,60.3237391615362,0 -1.702495737903916,60.31590071162615,0 -1.70208822062758,60.3243137689384,0 -1.701849135399994,60.32924754996687,0 -1.70403739173359,60.32791467900901,0 -1.704271449440769,60.32973789893504,0 -1.711687532224704,60.32433503564064,0 -1.71706848074926,60.32041345499063,0 -1.721257553505519,60.32400624490602,0 -1.721661210422262,60.32435618785942,0 -1.736790385739676,60.33746586784899,0 -1.716827918351151,60.34684458102714,0 -1.716827918351151,60.34684458102714,0 
							</coordinates>
						</LinearRing>
					</outerBoundaryIs>
				</Polygon>
				<Polygon>
					<outerBoundaryIs>
						<LinearRing>
							<coordinates>
								-1.02585764373916,60.37088824644645,0 -1.038636886393733,60.35276459503543,0 -1.042082004218055,60.35945248605784,0 -1.043341278639113,60.36371413818108,0 -1.02585764373916,60.37088824644645,0 -1.02585764373916,60.37088824644645,0 
							</coordinates>
						</LinearRing>
					</outerBoundaryIs>
				</Polygon>
				<Polygon>
					<outerBoundaryIs>
						<LinearRing>
							<coordinates>
								-0.9117331284193192,60.3777254092898,0 -0.9257628213064318,60.37306806234335,0 -0.9767212533594036,60.33195617733302,0 -1.002990409711529,60.32692467215134,0 -1.035781718939144,60.33513019272144,0 -1.013385701822912,60.34703097857021,0 -1.018387744019178,60.35238760496332,0 -1.001720113950372,60.36886925936818,0 -1.000665412856578,60.36971826127866,0 -0.9871033711208593,60.37039220660157,0 -0.9737679593592119,60.37103471026974,0 -0.9606180053001349,60.38322851416603,0 -0.9341522057512807,60.37724671055107,0 -0.932613511241687,60.37779103895116,0 -0.9323712453371024,60.37773803100202,0 -0.9314789778247733,60.37819237002175,0 -0.9114814753067675,60.38526307018584,0 -0.9113806496463903,60.38529870346318,0 -0.8982042345536349,60.38221383909045,0 -0.9117331284193192,60.3777254092898,0 -0.9117331284193192,60.3777254092898,0 
							</coordinates>
						</LinearRing>
					</outerBoundaryIs>
				</Polygon>
				<Polygon>
					<outerBoundaryIs>
						<LinearRing>
							<coordinates>
								-1.380427871013914,60.37668643358688,0 -1.376827458746578,60.36834085454913,0 -1.389972104171722,60.35202065122996,0 -1.429758734598473,60.34567240292175,0 -1.461514364241709,60.35663436261527,0 -1.473745497258047,60.37486286772536,0 -1.456279377959981,60.37439309656268,0 -1.447330004277427,60.38720182184669,0 -1.425855360519295,60.39094979215862,0 -1.380427871013914,60.37668643358688,0 -1.380427871013914,60.37668643358688,0 
							</coordinates>
						</LinearRing>
					</outerBoundaryIs>
				</Polygon>
				<Polygon>
					<outerBoundaryIs>
						<LinearRing>
							<coordinates>
								-0.7547708141968973,60.42472842180288,0 -0.7526967777042282,60.41965264934879,0 -0.7742255458023694,60.42103792363228,0 -0.7969625410440415,60.41053693736744,0 -0.757556683918595,60.43154375196393,0 -0.7555326826055967,60.42659253611096,0 -0.7574685628002351,60.42559032547698,0 -0.7547708141968973,60.42472842180288,0 -0.7547708141968973,60.42472842180288,0 
							</coordinates>
						</LinearRing>
					</outerBoundaryIs>
				</Polygon>
				<Polygon>
					<outerBoundaryIs>
						<LinearRing>
							<coordinates>
								-1.153447997029664,60.47553392890904,0 -1.139601813224428,60.46253214848818,0 -1.160722529389647,60.46682892730389,0 -1.153447997029664,60.47553392890904,0 -1.153447997029664,60.47553392890904,0 
							</coordinates>
						</LinearRing>
					</outerBoundaryIs>
				</Polygon>
				<Polygon>
					<outerBoundaryIs>
						<LinearRing>
							<coordinates>
								-1.224128646545445,60.51926002938471,0 -1.217701918476086,60.5111676496677,0 -1.23343376611539,60.51557367943244,0 -1.224128646545445,60.51926002938471,0 -1.224128646545445,60.51926002938471,0 
							</coordinates>
						</LinearRing>
					</outerBoundaryIs>
				</Polygon>
				<Polygon>
					<outerBoundaryIs>
						<LinearRing>
							<coordinates>
								-1.435430333108369,60.6170118878414,0 -1.435746398106646,60.61700975058164,0 -1.427680767925352,60.62071941301341,0 -1.415235035156932,60.61745159619536,0 -1.435430333108369,60.6170118878414,0 -1.435430333108369,60.6170118878414,0 
							</coordinates>
						</LinearRing>
					</outerBoundaryIs>
				</Polygon>
				<Polygon>
					<outerBoundaryIs>
						<LinearRing>
							<coordinates>
								-0.9691166415211159,60.60999771484463,0 -0.9781245621673188,60.60352500965696,0 -0.9999033968743248,60.60685057647824,0 -0.9998918645237354,60.60657386315538,0 -0.9999757245765355,60.60658170556258,0 -1.001007724601438,60.59834682793727,0 -1.003750314102462,60.59863700778109,0 -1.008332929375849,60.60098995805344,0 -1.003172279860315,60.60989539573876,0 -0.9891613439450043,60.61954465345937,0 -0.9862242712611042,60.61957102789395,0 -0.9691166415211159,60.60999771484463,0 -0.9691166415211159,60.60999771484463,0 
							</coordinates>
						</LinearRing>
					</outerBoundaryIs>
				</Polygon>
				<Polygon>
					<outerBoundaryIs>
						<LinearRing>
							<coordinates>
								-0.8294757939264388,60.62871925688091,0 -0.8224971104405334,60.60768742308167,0 -0.8160324163414607,60.60249005501174,0 -0.8111973082831088,60.60476975330288,0 -0.8073681298870119,60.59974776004837,0 -0.8059441549017546,60.60037209466974,0 -0.8058178685647646,60.59959020704732,0 -0.8038217239920981,60.6013025912154,0 -0.7718478332078719,60.61530967370322,0 -0.768803704537488,60.59291980716233,0 -0.7706107759488526,60.59147466833423,0 -0.7989375812294552,60.56886354922403,0 -0.8290048655750397,60.58880880944944,0 -0.829444717541045,60.58869816820365,0 -0.8294844471533813,60.58872410706678,0 -0.8427736017621812,60.58410754196579,0 -0.8445158833225713,60.58351244891956,0 -0.8462371374009342,60.58487272921163,0 -0.8573098046335889,60.59396321006362,0 -0.888905373826985,60.59348138336232,0 -0.8946789015781148,60.58750537344925,0 -0.8930774277254985,60.58669382873834,0 -0.880013243678776,60.58028172370662,0 -0.8580275107485343,60.56944348968132,0 -0.8920450548365964,60.56339423392773,0 -0.9051111384640218,60.57486376884911,0 -0.9459797773806974,60.61067822377677,0 -0.9401611915250192,60.62121432462163,0 -0.9342558818148164,60.63136205702436,0 -0.9074810402251425,60.63034243774237,0 -0.9033415236766729,60.62708872599347,0 -0.8955803908912559,60.62098627318816,0 -0.8644303986636812,60.63318995540209,0 -0.831326891708601,60.62902054328002,0 -0.8294757939264388,60.62871925688091,0 -0.8294757939264388,60.62871925688091,0 
							</coordinates>
						</LinearRing>
					</outerBoundaryIs>
				</Polygon>
				<Polygon>
					<outerBoundaryIs>
						<LinearRing>
							<coordinates>
								-1.306768630448645,60.63820104053658,0 -1.302411885641414,60.59569594887857,0 -1.317019135626005,60.58388504013612,0 -1.333825272486118,60.5836043550004,0 -1.311752836119364,60.57162060703646,0 -1.313507489053324,60.54196527574565,0 -1.339739673709248,60.53732932570524,0 -1.351287696548486,60.54227524208144,0 -1.364962425697589,60.526980496486,0 -1.321766818854853,60.52604607429781,0 -1.360331889402311,60.5175943579847,0 -1.33561895056332,60.52004995646374,0 -1.322183025918989,60.51136189152218,0 -1.34214807381797,60.50360720204787,0 -1.34167364630506,60.50261479900421,0 -1.335404997018386,60.48949627035014,0 -1.355276048496487,60.47968199535477,0 -1.330131736637155,60.47884960338121,0 -1.325360072453003,60.49564101548945,0 -1.308412661705452,60.49605713802283,0 -1.309541726371408,60.48276392752125,0 -1.329199438306207,60.47897512150497,0 -1.318085942871138,60.45237095952839,0 -1.33771167834285,60.4513561703923,0 -1.361719099045967,60.42981967535126,0 -1.354027757259716,60.41385602154217,0 -1.368904112421284,60.41490880530368,0 -1.381791468975068,60.39805310065108,0 -1.373548647781051,60.39434277161827,0 -1.325645489107138,60.41155841940137,0 -1.34481733713301,60.4140759597348,0 -1.328441828119652,60.43771016963413,0 -1.293557486164432,60.44444880113755,0 -1.279842668451449,60.43713312862877,0 -1.275544764440584,60.44874327344056,0 -1.272934998048647,60.44797898061611,0 -1.258347375701771,60.44370526490237,0 -1.272845805596511,60.45197997137549,0 -1.302218886295081,60.46872639830644,0 -1.278283989080201,60.48832318261737,0 -1.272119646975756,60.48444500799036,0 -1.259722624834448,60.47664200265915,0 -1.227034386794371,60.49555674479024,0 -1.201231674669335,60.47884947376627,0 -1.206196188487769,60.45697896985499,0 -1.18696646510096,60.46476810323115,0 -1.180316273600843,60.46242940967496,0 -1.175058151870622,60.45500919233994,0 -1.174902681633146,60.45418209602128,0 -1.20090759401502,60.44577992424723,0 -1.165419613762009,60.44255867394935,0 -1.192373653300687,60.43224058629312,0 -1.193460029483222,60.43202718972998,0 -1.197777113896152,60.42974467990146,0 -1.255609655303819,60.40359924398536,0 -1.238344222613384,60.40827364039588,0 -1.257063447780715,60.39835229835728,0 -1.192111739895868,60.42041887445451,0 -1.191315558113516,60.41949895826018,0 -1.188907575466371,60.41430513762347,0 -1.191653984233335,60.41318828572727,0 -1.222398249852979,60.40267136974538,0 -1.211467536997827,60.40512695725949,0 -1.218469713991134,60.40227639129169,0 -1.16762272190846,60.41495043071455,0 -1.161953694802811,60.37804922599965,0 -1.161877116513813,60.37816029420947,0 -1.161861472621077,60.37805972139257,0 -1.160829101913939,60.38040058846143,0 -1.149420268030291,60.40394849381811,0 -1.132521219266459,60.40460282137482,0 -1.119797738873266,60.40494233665124,0 -1.134924668985971,60.41241133327873,0 -1.117036614853673,60.42964942480737,0 -1.108842499965411,60.41601556500346,0 -1.108426161622007,60.41633662427442,0 -1.108103555687448,60.41581307446497,0 -1.069270916376687,60.44625941118117,0 -1.048935488296945,60.45015694100758,0 -1.045870954414029,60.44075218747025,0 -1.071469915484142,60.42499686339858,0 -1.139409534276687,60.38353357490358,0 -1.138752717504165,60.3834896750846,0 -1.139034330763012,60.38331565128877,0 -1.130664084026258,60.38294877942926,0 -1.125324366318189,60.38259142966102,0 -1.125827581425045,60.37895804068592,0 -1.127436303173482,60.37030160576368,0 -1.126948761629722,60.3708597124064,0 -1.127078285125999,60.3699238884872,0 -1.105965939123122,60.39444408836766,0 -1.082377582842231,60.39044552691707,0 -1.073267565393317,60.38884782012181,0 -1.073539250366099,60.35727797302128,0 -1.116238692180447,60.34584487302173,0 -1.191503573151006,60.35370157099015,0 -1.182027257595347,60.35038960914191,0 -1.167988123414354,60.32845182952141,0 -1.16780041497901,60.32858553548689,0 -1.166123686904355,60.32280331154963,0 -1.154013984801362,60.33840203946932,0 -1.133935338283487,60.32182689462999,0 -1.131963657903773,60.32019800027804,0 -1.131839061908696,60.3218132345316,0 -1.131709963785579,60.32348664570806,0 -1.124516187863169,60.32678229438957,0 -1.107310887355684,60.32372358803221,0 -1.105172347235566,60.32248972160634,0 -1.102505064898492,60.32286872428191,0 -1.096959162608215,60.32188194139075,0 -1.08632568866023,60.32516636438705,0 -1.083041009377694,60.32563254322209,0 -1.085230198549223,60.32150108762399,0 -1.090805294983921,60.3109747904393,0 -1.079659997081327,60.30545391813439,0 -1.079853384530212,60.30522897877844,0 -1.085276161661579,60.30008037435788,0 -1.094864166506532,60.30110492461297,0 -1.114517179649187,60.30338041484895,0 -1.157925965551611,60.28124802009012,0 -1.145796541392483,60.28098163674188,0 -1.14153534735616,60.2808185485673,0 -1.15233972636347,60.27332847066144,0 -1.14411443672587,60.27392749196736,0 -1.1461495193517,60.26572860721241,0 -1.143399482599832,60.27397953410413,0 -1.112873059471225,60.27619785723277,0 -1.106438846071073,60.27661643988441,0 -1.115231868306125,60.27158529102469,0 -1.111087378943769,60.26839974682786,0 -1.109306263761622,60.26676368342309,0 -1.109038404181477,60.26682458701029,0 -1.10855552333414,60.26645334226343,0 -1.099456983634259,60.26900262899858,0 -1.094406535598106,60.27015029774,0 -1.100159481341775,60.25951332351183,0 -1.142148558129343,60.25998423785855,0 -1.163983614908105,60.24237067526018,0 -1.169517889241184,60.24081511195315,0 -1.176109631329466,60.25300882770537,0 -1.165199526759215,60.25940404479707,0 -1.163048037387824,60.26048852561399,0 -1.163325891110189,60.26050197775747,0 -1.162984818426201,60.26070183295965,0 -1.165187472059253,60.2605920918511,0 -1.188114973207651,60.26169976534831,0 -1.197442356228826,60.27071189561853,0 -1.198860967695061,60.26906837099843,0 -1.197489970372595,60.26461369737806,0 -1.191739090245636,60.24576092228561,0 -1.22949276627788,60.23055658857378,0 -1.18320587916365,60.23285266089881,0 -1.18340977001667,60.23265301433418,0 -1.219821459918204,60.19933339524354,0 -1.215568427680292,60.20115502996119,0 -1.215479460828085,60.20120339216156,0 -1.209892800463936,60.2037040745403,0 -1.166069479362055,60.22297262560255,0 -1.179019489004367,60.2125502723021,0 -1.168011727246363,60.20937905711551,0 -1.185451049872562,60.20470346342757,0 -1.189682340511082,60.2001923642722,0 -1.216063603129633,60.17399346709588,0 -1.212717594769572,60.17560955117024,0 -1.216836723563478,60.17120936305264,0 -1.152065313339348,60.20443416600897,0 -1.153166269229057,60.20039521186857,0 -1.156924187870515,60.189642148497,0 -1.156111653710454,60.18958478895778,0 -1.15612432274206,60.18953827609777,0 -1.155464786135318,60.18962295982077,0 -1.143033465573664,60.18945884619911,0 -1.161296886828485,60.16640277052156,0 -1.130057347268779,60.14938828429565,0 -1.134491281688028,60.14550953661671,0 -1.135508800247135,60.14469023115099,0 -1.139322930490013,60.14542732350689,0 -1.157717642494213,60.14930434194634,0 -1.157649298223186,60.14896696032633,0 -1.158706125750696,60.14917098120858,0 -1.156984261523029,60.14237024682664,0 -1.15363539582306,60.12911986717852,0 -1.15387242032474,60.12929768588869,0 -1.170243218511771,60.14158082593966,0 -1.170524835329748,60.14176934531618,0 -1.173283060872873,60.11961759757217,0 -1.201971414750665,60.1311762345415,0 -1.197481902584236,60.10697774669125,0 -1.202494536561322,60.10572849372947,0 -1.223694082755163,60.10108013755043,0 -1.205216309450406,60.09049218883245,0 -1.20497765485067,60.0903515986352,0 -1.207456215918675,60.08644739076455,0 -1.215306853310557,60.07447577386089,0 -1.197858391293952,60.05775285921207,0 -1.201585063520309,60.04834815641085,0 -1.201687715596518,60.04816688160034,0 -1.169642615590727,60.04118651117238,0 -1.172484210144016,60.03560502488407,0 -1.198421568215255,60.03573333259457,0 -1.205810319889768,60.03613158387402,0 -1.206808594757143,60.04454703875775,0 -1.206497739318623,60.04557714083563,0 -1.206860068185392,60.04498085209292,0 -1.20710826267107,60.04707241644158,0 -1.208925570321304,60.04158120213759,0 -1.212862786548894,60.03509881575439,0 -1.231439317286753,60.03377870925608,0 -1.230988545896795,60.03261806900252,0 -1.231358961799234,60.03260180199786,0 -1.226101295372827,60.02002913293516,0 -1.221457952178915,60.00805950220979,0 -1.199368949387013,59.99362107320378,0 -1.196122257397677,59.99146476777401,0 -1.206235171324366,59.98981093485996,0 -1.206603757264579,59.98975087517773,0 -1.206655109348183,59.98974236031045,0 -1.204090368277151,59.97832922973167,0 -1.202933147860634,59.9730678320073,0 -1.2186964377304,59.99540218037737,0 -1.218759166943736,59.99533847191955,0 -1.21880848642018,59.99540820182656,0 -1.232248383134996,59.9816326220995,0 -1.250612522484044,59.99731951744087,0 -1.257965304023904,59.98942299632485,0 -1.275041330858788,59.99113775002234,0 -1.274626577226684,59.9905460187982,0 -1.27560192947846,59.99061670519261,0 -1.265294871296089,59.97710165132445,0 -1.256660186882046,59.97691882639702,0 -1.252153991366691,59.9767907461296,0 -1.261377988371637,59.9655440761222,0 -1.259313354418653,59.96337381373511,0 -1.254035828914942,59.95782484680873,0 -1.254378281521864,59.9543710566122,0 -1.263137522772243,59.95169365879762,0 -1.25614503768756,59.93654054475397,0 -1.256158979953792,59.93639976346558,0 -1.256521119522263,59.93598209269695,0 -1.268367993439379,59.93355155073347,0 -1.269669295874057,59.92091774599155,0 -1.284467661966004,59.92219370100652,0 -1.290124242214886,59.92268096198787,0 -1.28453119406638,59.91925343023123,0 -1.276199112572721,59.91414561909573,0 -1.267347407927143,59.90864356874985,0 -1.27007282968042,59.88616062093931,0 -1.285264425544117,59.88513916291111,0 -1.298611454402862,59.8842402314519,0 -1.285301256097126,59.8834250749271,0 -1.281364429180964,59.88318370694924,0 -1.281286136821756,59.87325255553302,0 -1.281293783255163,59.87320233636989,0 -1.281275772591187,59.87305757039291,0 -1.274762921194399,59.87448817208735,0 -1.266925285432774,59.87603073470946,0 -1.267809827500587,59.87345741320092,0 -1.275804592323258,59.85383392894362,0 -1.285689723104334,59.86530472972078,0 -1.294906696271088,59.87599397330867,0 -1.294944321458812,59.87603901923205,0 -1.295049920098411,59.87615844866501,0 -1.310675201404166,59.85686530098929,0 -1.311624919882859,59.85570695671385,0 -1.304417922548146,59.88213811318764,0 -1.31696196024751,59.89801305709694,0 -1.342466700647817,59.89757430352464,0 -1.348338385393684,59.88390368424511,0 -1.356821745916561,59.8933569413288,0 -1.379765155952344,59.88916586936271,0 -1.390353574914861,59.91365771867118,0 -1.368422833637037,59.91907837676292,0 -1.362127743305623,59.92060710872178,0 -1.362150727730053,59.9463451950614,0 -1.343111797866019,59.94284368782692,0 -1.34160832391665,59.94692129984208,0 -1.328084479069015,59.94702294982163,0 -1.328221556594247,59.94863341027321,0 -1.327276648939232,59.94854997689265,0 -1.329168777292282,59.96374699035739,0 -1.329894052654479,59.96956857408738,0 -1.359457875298359,59.96994165508772,0 -1.352834526973295,59.98116179601297,0 -1.328761948060994,59.97230905027958,0 -1.329207969894309,59.97305290769934,0 -1.328250175827132,59.9727240075743,0 -1.34504488410686,59.99944258452472,0 -1.316645648678489,60.01283429963006,0 -1.3158755252088,60.01319720173296,0 -1.315639988465626,60.01330822871732,0 -1.315163237045966,60.01495043815529,0 -1.292126022079513,60.07155148529961,0 -1.28093703219787,60.08525806341213,0 -1.269991041759979,60.0986549637589,0 -1.265937929105886,60.13565179722088,0 -1.265085991639102,60.13773276075045,0 -1.265352133148678,60.14099183343966,0 -1.265146988025595,60.14286147941844,0 -1.265448786629619,60.14217526326446,0 -1.265483170694608,60.14259625107412,0 -1.268721377296368,60.1347322713674,0 -1.268824431094555,60.13449783471111,0 -1.279871559648931,60.1340917718084,0 -1.303672935127705,60.13321373403288,0 -1.293244355074753,60.14316734212091,0 -1.288601692535951,60.14759634266579,0 -1.288937115922298,60.1476523246391,0 -1.288779023321058,60.14780564330756,0 -1.289956050787217,60.1478223736191,0 -1.300472065183127,60.14957683496944,0 -1.281584055461868,60.19607943630971,0 -1.282022817111285,60.19602815226514,0 -1.283838465302753,60.19571925227329,0 -1.295126112603317,60.19391514847071,0 -1.314015526335097,60.15969073972038,0 -1.314990277353097,60.16476570670976,0 -1.316236764597948,60.17237003406136,0 -1.294114436518719,60.20066975496271,0 -1.277963890376069,60.22112999886337,0 -1.265329335429141,60.23711676460125,0 -1.268532213870389,60.2333297949268,0 -1.262762111815865,60.24068658441919,0 -1.277930844632283,60.22263513363091,0 -1.326468922359526,60.1647263729248,0 -1.290078568082716,60.25399492128842,0 -1.34576385643231,60.20122398224061,0 -1.367026795922477,60.23528082322464,0 -1.365510429859238,60.24038771517227,0 -1.350326665979154,60.23824885689405,0 -1.350646117661403,60.23891559139862,0 -1.350566504150295,60.23890557618904,0 -1.354316599221174,60.24550992517066,0 -1.354647471641337,60.24557466009689,0 -1.355033529024386,60.24622904379993,0 -1.384476437121682,60.2518860964454,0 -1.392054528005641,60.24465171540718,0 -1.409554345055667,60.25582997340944,0 -1.433068161923813,60.2555714193138,0 -1.386722640014211,60.23562921675627,0 -1.374504628945445,60.23709878099186,0 -1.368926186867467,60.22277512219316,0 -1.359064995036243,60.19518169273502,0 -1.371063104795605,60.19061238738118,0 -1.37144224517643,60.19050427044331,0 -1.366815108693448,60.21021197776814,0 -1.387982560741057,60.20214582365239,0 -1.392636978133306,60.200403640175,0 -1.393873867615858,60.20584666971245,0 -1.396259704363175,60.21776936849838,0 -1.396346203334547,60.21672099918673,0 -1.396606064282856,60.21786355345068,0 -1.399512229235775,60.17964770163245,0 -1.420353865135833,60.16527353290476,0 -1.436868467811652,60.17271287149953,0 -1.436819424981235,60.17616655294621,0 -1.436230556372754,60.18792461413194,0 -1.436662545889367,60.18720824284664,0 -1.436631437285804,60.18939675130032,0 -1.454504069430494,60.15759283949472,0 -1.46079493142078,60.14713715827071,0 -1.467963491899068,60.16083948769154,0 -1.491900908151036,60.16336560421556,0 -1.508672330526757,60.1652325825579,0 -1.509989968299599,60.18362309377654,0 -1.513122298781737,60.18293801752866,0 -1.532849896366846,60.18041737069678,0 -1.540025802286838,60.1843407494149,0 -1.544541767644285,60.18936702592072,0 -1.541029291112851,60.2047839990164,0 -1.485475191670915,60.20506320258632,0 -1.482455603767607,60.20459365564869,0 -1.501986933351341,60.20938147875025,0 -1.501027087870576,60.20975107779994,0 -1.468450457379996,60.22104799473043,0 -1.473625118549722,60.22029609093632,0 -1.470707371154426,60.22141818404658,0 -1.49361239031625,60.21738962020009,0 -1.504776525634235,60.21576463847882,0 -1.503649840549764,60.22893675446181,0 -1.489490234263257,60.23129858532147,0 -1.492041690705705,60.23147710288377,0 -1.491192806613878,60.23165626274967,0 -1.50865091454317,60.23263795429283,0 -1.513825177145258,60.23299915226545,0 -1.50943514293174,60.24256100003354,0 -1.526256939057684,60.24609261419051,0 -1.530763335364553,60.24750882655177,0 -1.530672249944296,60.24701909728453,0 -1.532283018368337,60.24735704159172,0 -1.528517340801807,60.23434169595943,0 -1.518457936043547,60.23138898497288,0 -1.51293188570309,60.22961665143394,0 -1.552209014099755,60.20206299522859,0 -1.554827336527477,60.20258608222402,0 -1.548979796990347,60.22141438791101,0 -1.56201514178887,60.22934869933835,0 -1.562892803029528,60.2285909365024,0 -1.563394327393907,60.22887964802967,0 -1.56722496607103,60.22484999081597,0 -1.57315089667083,60.2197311680175,0 -1.581057542524466,60.21986465161725,0 -1.6101762077235,60.22068065825136,0 -1.609695677204359,60.22034418711293,0 -1.595948151850066,60.21114679552169,0 -1.600667535213831,60.21038913804333,0 -1.623451487843316,60.2079346059576,0 -1.639048984152965,60.21530890066532,0 -1.649895584305804,60.22043400138628,0 -1.638913845021472,60.22766069139263,0 -1.635379853441678,60.22998541233576,0 -1.638894784411244,60.22939098932009,0 -1.653124207118831,60.22698343235994,0 -1.653902587556739,60.22715454007722,0 -1.688172235284791,60.23522953513062,0 -1.695992002598121,60.24763500388287,0 -1.696065740093312,60.24777675201187,0 -1.693757700561103,60.24909112596588,0 -1.684773678419004,60.25419082569952,0 -1.684604389505363,60.25430228966303,0 -1.701371053917451,60.25547326853383,0 -1.678315315586487,60.27761309366309,0 -1.679305143479636,60.27784012401719,0 -1.678668404752179,60.27848498847234,0 -1.70019964189654,60.28851633953079,0 -1.70054612818902,60.28986768297964,0 -1.699204689145655,60.29087043765084,0 -1.669413363388484,60.3041065129491,0 -1.655119146829883,60.30649189808292,0 -1.638040042962863,60.30682384394097,0 -1.601705097431439,60.3075227170822,0 -1.59945551321085,60.30744799335386,0 -1.592916647186093,60.30309185165335,0 -1.571205287015605,60.28808634845248,0 -1.571337469046342,60.28870545402902,0 -1.570310802871829,60.28802059389506,0 -1.572405688378921,60.29370789015088,0 -1.57395025863174,60.30093835638726,0 -1.567872124158545,60.29531777186992,0 -1.534197386665,60.29280550554045,0 -1.53506064539105,60.29361899298138,0 -1.534334726280677,60.29357824296462,0 -1.548732821057761,60.30653846785882,0 -1.503517300558992,60.32001776146661,0 -1.500064315766028,60.31465640398584,0 -1.476082356547027,60.27500287857135,0 -1.457348105245448,60.28935656962882,0 -1.458091915185194,60.28935393522183,0 -1.457833169734818,60.28955790423461,0 -1.47714294229663,60.29099260110841,0 -1.486171351168646,60.30728899376078,0 -1.467156864543445,60.30315536878327,0 -1.443035510190989,60.29784989744653,0 -1.443265765542666,60.29793752088339,0 -1.442986656537644,60.29789507350208,0 -1.464275194445322,60.30599476221131,0 -1.436252214943457,60.3095830242425,0 -1.458932564533086,60.31352630627665,0 -1.438353015842483,60.32346166541958,0 -1.435346922422115,60.32491216852449,0 -1.425076187747267,60.32920670141634,0 -1.42159768109383,60.32338950652122,0 -1.418413273742148,60.31806224980707,0 -1.417040388455,60.31560653938039,0 -1.409369312813191,60.32086185638399,0 -1.385772563392703,60.3142696376403,0 -1.373427707246545,60.28554919091898,0 -1.373198327594574,60.28598461903442,0 -1.372706269795559,60.28487295175293,0 -1.36436946863005,60.30001482876092,0 -1.33725755801404,60.30165507463403,0 -1.350440889566905,60.3034624913407,0 -1.347850415611149,60.30403576102946,0 -1.366339987299225,60.31126794658411,0 -1.367959164937106,60.31384563838646,0 -1.368160965538703,60.32314611953376,0 -1.368313099219872,60.33015459582101,0 -1.356267808439938,60.34316560291233,0 -1.352825409261792,60.34483020399101,0 -1.337264622482711,60.33445257905434,0 -1.32868264245275,60.33797912765144,0 -1.338104707475426,60.36014561311406,0 -1.298689324684844,60.36121438152805,0 -1.275082416742762,60.35156882399581,0 -1.269103646141698,60.3491243872694,0 -1.259620328775706,60.35184590861511,0 -1.274920237568764,60.35884892691705,0 -1.299989865708784,60.37031342160478,0 -1.362103420179106,60.36988687276784,0 -1.359670716531982,60.37166274905874,0 -1.341736598304917,60.38321051630863,0 -1.351375347034483,60.39504292014308,0 -1.352482639824995,60.39424014367393,0 -1.352763073380135,60.39498147375993,0 -1.363350181891386,60.3863586800435,0 -1.375722561513737,60.37738011822604,0 -1.403052953926476,60.38428168218866,0 -1.407740953962441,60.39625382887663,0 -1.383475109249865,60.39827642171942,0 -1.384360073824051,60.39848974058857,0 -1.393684041346706,60.40054446808796,0 -1.413835425359325,60.40501813428017,0 -1.405846529601837,60.4145477261926,0 -1.393108244669341,60.4104636084563,0 -1.388433585152494,60.40891250714874,0 -1.396052272277103,60.41825756576021,0 -1.397070255368098,60.41952172652855,0 -1.397421650624254,60.41993662802277,0 -1.450833991769243,60.41657121729448,0 -1.447478154276441,60.44484785725298,0 -1.432595957487657,60.44855533567862,0 -1.420333718341383,60.45137214565166,0 -1.421185246353302,60.45139629009242,0 -1.419911391964148,60.45171335343903,0 -1.463352583984198,60.45264864661642,0 -1.462518459995202,60.46517192767786,0 -1.428442820987092,60.47157195189729,0 -1.43346062224133,60.47109568583182,0 -1.430158417083134,60.47176336475059,0 -1.462865196507238,60.46989555422128,0 -1.453520239982574,60.49068065349884,0 -1.455026542650127,60.4900185364589,0 -1.454651426312445,60.4907121322024,0 -1.475325932156205,60.481091331709,0 -1.486716007701966,60.47607872512682,0 -1.486532906354895,60.47587247508536,0 -1.486596384415475,60.47584290795298,0 -1.481230486782511,60.47214757772339,0 -1.478827446142308,60.47042509231435,0 -1.479313114348187,60.46990617106833,0 -1.495443441767501,60.45378581544337,0 -1.513046316008789,60.46668692188973,0 -1.513245346167639,60.4668511124756,0 -1.491905084772858,60.47685557420646,0 -1.49435932498217,60.48468704187535,0 -1.496214349126046,60.48447307459764,0 -1.496294850047535,60.48461354209403,0 -1.533434774779914,60.48017383750363,0 -1.535628279859782,60.47992011288798,0 -1.552039569834176,60.49085469559255,0 -1.552071613266081,60.49082768488859,0 -1.552542295747759,60.4910907505873,0 -1.569262930601416,60.47698410713607,0 -1.582565640036429,60.48235845690737,0 -1.610878275002177,60.47402798912588,0 -1.6246185478378,60.48322041121374,0 -1.631112197448936,60.48780298818423,0 -1.614746866734097,60.50368173362104,0 -1.608811012290997,60.50943674900999,0 -1.581262494653781,60.50920587819598,0 -1.575017285396605,60.50356147034405,0 -1.574838308310832,60.50339967921887,0 -1.572795457341585,60.50137943283155,0 -1.57272295009581,60.50140058369602,0 -1.571866517546833,60.50071295765774,0 -1.564219208676217,60.50352686671861,0 -1.559768347448699,60.50516418065887,0 -1.576689447718813,60.50964855224746,0 -1.563718050662652,60.51585377000384,0 -1.564546606784798,60.53719341236646,0 -1.564562627113653,60.53835276778348,0 -1.531570257688774,60.55685408772489,0 -1.516397494021823,60.53226701350498,0 -1.5163555447629,60.53224694860203,0 -1.465813935425909,60.51086902236797,0 -1.442914923428479,60.50435496706137,0 -1.392069300296304,60.51254701961307,0 -1.453486052605866,60.51185624158394,0 -1.461172069450624,60.51649841923649,0 -1.495549984092621,60.53770909536969,0 -1.495287353421808,60.53916884803106,0 -1.480066343530327,60.55340590265516,0 -1.432632373935784,60.57435692266547,0 -1.434139617288214,60.57636644186942,0 -1.442088778469892,60.58933870815533,0 -1.417223817207351,60.60263896792082,0 -1.418643730410513,60.60274413261821,0 -1.416627486830036,60.60380369717348,0 -1.432866600730232,60.60380322723589,0 -1.419227783940569,60.61525683455405,0 -1.373253823426556,60.60640466067066,0 -1.347696564893704,60.61054495986789,0 -1.347280759802208,60.61029726445571,0 -1.331382443953196,60.60032475166023,0 -1.332153364915668,60.60128239612991,0 -1.331578302355571,60.6009395662014,0 -1.332478566603948,60.60168634625266,0 -1.347010236133609,60.61972583712828,0 -1.342452968190009,60.62740032850962,0 -1.341743877644531,60.62820259286372,0 -1.3276518860422,60.62225661594022,0 -1.326183693104682,60.62340619607832,0 -1.325221976709018,60.62309748595057,0 -1.306768630448645,60.63820104053658,0 -1.306768630448645,60.63820104053658,0 
							</coordinates>
						</LinearRing>
					</outerBoundaryIs>
				</Polygon>
				<Polygon>
					<outerBoundaryIs>
						<LinearRing>
							<coordinates>
								-0.8745896415704745,60.67163876154336,0 -0.884145135444634,60.66065413405173,0 -0.9019683623661248,60.66745748367333,0 -0.9044874063821952,60.6684186123377,0 -0.9167273988535041,60.67349485617881,0 -0.9061835434001689,60.67930240831181,0 -0.9016003559469746,60.67825546933528,0 -0.8849602147627742,60.67445246364235,0 -0.8745896415704745,60.67163876154336,0 -0.8745896415704745,60.67163876154336,0 
							</coordinates>
						</LinearRing>
					</outerBoundaryIs>
				</Polygon>
				<Polygon>
					<outerBoundaryIs>
						<LinearRing>
							<coordinates>
								-1.005154142538293,60.72382711545799,0 -0.9977452087296671,60.72163793846737,0 -1.00738593701732,60.71350211696892,0 -1.003383879511668,60.71126365372843,0 -1.004398913725087,60.70940222958581,0 -0.9856371629517602,60.70133223653725,0 -0.9847837698415804,60.70085444776053,0 -0.985644737155527,60.70089860486226,0 -1.004649614695213,60.70289460967041,0 -1.00160980347312,60.7017164180857,0 -1.00631100056159,60.7019568668865,0 -0.9973018541994778,60.68007154076161,0 -0.9872249567374298,60.65555676692803,0 -0.9975484310728268,60.64967540067201,0 -0.9812316733619058,60.63887534696303,0 -0.9941005981569968,60.63431184616644,0 -0.9956919736976491,60.63392055673012,0 -1.0302576275155,60.64339744444899,0 -1.033754952770833,60.64582896440232,0 -1.065317076091677,60.66957463196125,0 -1.063949662496477,60.66680289629884,0 -1.065030364341254,60.66755294537666,0 -1.063575438273712,60.66604425883916,0 -1.051874030502745,60.64230452007973,0 -1.033096328563591,60.63440293232885,0 -1.017503564918933,60.61818897753182,0 -1.017216494523878,60.61728714189957,0 -1.028096296727576,60.61066568374742,0 -1.044224057938333,60.60108844397035,0 -1.055019736685009,60.60583641727304,0 -1.068008614845475,60.61190334791101,0 -1.089137246694099,60.6050391747679,0 -1.029426266462381,60.59791752211466,0 -1.027379478810626,60.58746165431413,0 -1.016030097411528,60.59134956635786,0 -1.015732064895926,60.58302115098268,0 -1.001243907096321,60.58059746085427,0 -1.003738700818978,60.56607079962465,0 -1.022169397381575,60.56178222134783,0 -1.019192679655316,60.55824440307504,0 -1.012379669308801,60.54936865236986,0 -1.046523940726543,60.55055817242501,0 -1.046026927968278,60.55011313532565,0 -1.038483417625711,60.53593081494716,0 -1.041707394209905,60.5343641713221,0 -1.037468797565444,60.53402228529535,0 -1.036088208457792,60.53142498752342,0 -1.023225003076499,60.53287233965018,0 -1.019427150833588,60.53256545698306,0 -1.030921900790114,60.51102152219492,0 -1.033868197325162,60.51124789790741,0 -1.032356738980748,60.50833018429307,0 -1.035494605793591,60.50244283501065,0 -1.031297739409286,60.50072269376815,0 -1.027641122514938,60.49922372428684,0 -1.026800957390043,60.49760071068587,0 -1.050605580343675,60.49322076834508,0 -1.037608899151891,60.49941619325885,0 -1.063632817339174,60.49082151214942,0 -1.066628085373169,60.49026963583464,0 -1.069738092294704,60.49164181078077,0 -1.088512908739468,60.50009110177254,0 -1.089931879308471,60.50052462027957,0 -1.091550727137535,60.50114672676475,0 -1.115370102645796,60.51029524989956,0 -1.118749455528553,60.50132852820678,0 -1.119699384028605,60.49880708093852,0 -1.11469096922271,60.49616449749155,0 -1.114993488735051,60.49411805760815,0 -1.108836660006288,60.49307481149307,0 -1.096946415400005,60.48679698861314,0 -1.138850410960968,60.48953004278767,0 -1.144438278361414,60.48433962228754,0 -1.165953867674238,60.49970133586127,0 -1.166584312523116,60.50163566509946,0 -1.173651511998196,60.52330342480612,0 -1.18620877435342,60.52292709586231,0 -1.174585795251127,60.52704392324442,0 -1.187966659206455,60.54694980705462,0 -1.178688423513802,60.57275492668472,0 -1.191866478654331,60.57422351864835,0 -1.188104335464488,60.56219385973877,0 -1.200440435523742,60.56753487456053,0 -1.182689082644548,60.58276764384537,0 -1.201273586752328,60.60734250906162,0 -1.186501129534179,60.63550538067766,0 -1.182808292624619,60.63541834497315,0 -1.157444807280614,60.65694087253902,0 -1.15604968308986,60.65795172276059,0 -1.152438142875258,60.63164610756655,0 -1.151184399310654,60.62186236301774,0 -1.135357363908241,60.62259375183976,0 -1.116093976827756,60.6107302320402,0 -1.115024791510145,60.61006033079148,0 -1.10960481487182,60.60673124367389,0 -1.134543734090023,60.62272288391213,0 -1.134654568627267,60.62271804495802,0 -1.144243188737528,60.62877805092933,0 -1.127715890638134,60.68098419648651,0 -1.125591179493849,60.68768310910572,0 -1.123890988474169,60.69303600730132,0 -1.133403268146164,60.70528941816924,0 -1.117086147790861,60.71979198164216,0 -1.125937368334838,60.72736790977682,0 -1.094338490971151,60.72922236686806,0 -1.083423052897729,60.72727452612342,0 -1.072725068507482,60.70773524886465,0 -1.072747387915257,60.70789738247439,0 -1.072644672083237,60.70771837561492,0 -1.071408287474973,60.73117588001951,0 -1.044863806704026,60.72463578480045,0 -1.04000567068614,60.723195357351,0 -1.041428759631291,60.73222212669593,0 -1.031176790216652,60.7314208435716,0 -1.005154142538293,60.72382711545799,0 -1.005154142538293,60.72382711545799,0 
							</coordinates>
						</LinearRing>
					</outerBoundaryIs>
				</Polygon>
				<Polygon>
					<outerBoundaryIs>
						<LinearRing>
							<coordinates>
								-0.7826207233021568,60.74696359162591,0 -0.7931077693200281,60.74150545176956,0 -0.7890301479548528,60.76077365919076,0 -0.7822542360859202,60.74718503809966,0 -0.7826207233021568,60.74696359162591,0 -0.7826207233021568,60.74696359162591,0 
							</coordinates>
						</LinearRing>
					</outerBoundaryIs>
				</Polygon>
				<Polygon>
					<outerBoundaryIs>
						<LinearRing>
							<coordinates>
								-0.8723237185891741,60.80633409806629,0 -0.8725413751898838,60.80563982984252,0 -0.8718326813095956,60.80632860006919,0 -0.8652078294262843,60.80625425389815,0 -0.8374479976059623,60.839706236208,0 -0.833053784434332,60.84396606381577,0 -0.8244332222235361,60.8316132465052,0 -0.7989285944981129,60.83543225347633,0 -0.7961380061199536,60.83580962307774,0 -0.7957703705255803,60.83145717324441,0 -0.7956399717830489,60.82967538626003,0 -0.7755554986735343,60.82987344416551,0 -0.7798869743127664,60.82069626203517,0 -0.7800181746639324,60.82032104411353,0 -0.7643822555507916,60.81803712377203,0 -0.7979856771432077,60.81130468211465,0 -0.8023245802963929,60.81072092235365,0 -0.8019110464918088,60.81051749955127,0 -0.8015859115811227,60.81036776805311,0 -0.7744949626617456,60.79740756818323,0 -0.7780595520495337,60.78289525696457,0 -0.7787450995657016,60.78082448713388,0 -0.8337706068953664,60.78715486902791,0 -0.800772965422974,60.75906641507078,0 -0.8636011273717559,60.75796805170565,0 -0.8105934340637004,60.74981814918656,0 -0.868709420993625,60.70279943841671,0 -0.8406603135613265,60.69099611672029,0 -0.8324484445688179,60.69679987920571,0 -0.8318943262473281,60.69714515257144,0 -0.830765012214566,60.68465378245106,0 -0.8443817866379834,60.67883935648987,0 -0.8546951440870028,60.67443429694632,0 -0.8707893288874651,60.6790643619852,0 -0.9012740562335693,60.68782649228767,0 -0.911287981882177,60.69070221504445,0 -0.9117362261170527,60.690521501557,0 -0.9123849741142629,60.69016107406526,0 -0.9338210262986891,60.67958127247639,0 -0.9453806749373027,60.67387165583273,0 -0.9527865238965004,60.67493266894216,0 -0.9583931207196517,60.67977488099455,0 -0.964659990839501,60.68518535556214,0 -0.9646663159860157,60.68540503170631,0 -0.9765283708653942,60.68477557887744,0 -0.979476911043293,60.68465910378845,0 -0.9631535967704321,60.69650601834774,0 -0.9822558854884936,60.72000118691832,0 -0.9711213111912238,60.71947829665277,0 -0.950015279937224,60.71815485882947,0 -0.9502217360880003,60.71849429026634,0 -0.9501491158402734,60.71849086514172,0 -0.9502646571436923,60.71856261222455,0 -0.9631471721873354,60.73783499946213,0 -0.9369957119033165,60.7513145649739,0 -0.9370198452877408,60.75134112378247,0 -0.9369668132250281,60.75135578621392,0 -0.937159892679109,60.75149524402828,0 -0.9448436657335592,60.76182116702732,0 -0.9302250051107225,60.78244437087817,0 -0.9529202708587593,60.79193085328347,0 -0.9317902601821277,60.80507029580365,0 -0.9234173152048798,60.81016908140004,0 -0.9234760122793724,60.81018457232357,0 -0.9232542075868611,60.81037432078752,0 -0.9361762175508839,60.81354151185023,0 -0.910958153775723,60.81676721616661,0 -0.8931249824639256,60.83062475232151,0 -0.8961643773197878,60.8368641162791,0 -0.8983274701865409,60.84123392987735,0 -0.8959973330263685,60.84171402890831,0 -0.8738924953150327,60.84626575135623,0 -0.8640807283972246,60.83411834132926,0 -0.8783652663067798,60.80640159119005,0 -0.8723237185891741,60.80633409806629,0 -0.8723237185891741,60.80633409806629,0 
							</coordinates>
						</LinearRing>
					</outerBoundaryIs>
				</Polygon>
			</MultiGeometry>
		</Placemark>
		<Placemark id="ID_00003">
			<name>W92000004</name>
			<snippet></snippet>
			<description><![CDATA[<html><body><table border="1"><tr><th>Field Name</th><th>Field Value</th></tr><tr><td>CTRY21CD</td><td>W92000004</td></tr><tr><td>CTRY21NM</td><td>Wales</td></tr><tr><td>CTRY21NMW</td><td>Cymru</td></tr><tr><td>BNG_E</td><td>263405</td></tr><tr><td>BNG_N</td><td>242881</td></tr><tr><td>LONG</td><td>-3.99417</td></tr><tr><td>LAT</td><td>52.06741</td></tr><tr><td>GlobalID</td><td>{9C744C29-5982-4386-9676-F1EC0DAC6478}</td></tr><tr><td>Shape__Area</td><td>20818675970.995213</td></tr><tr><td>Shape__Length</td><td>1555750.433162</td></tr></table></body></html>]]></description>
			<styleUrl>#PolyStyle00</styleUrl>
			<MultiGeometry>
				<Polygon>
					<outerBoundaryIs>
						<LinearRing>
							<coordinates>
								-4.673653515850577,51.63720083975833,0 -4.682938474286911,51.62947382008467,0 -4.702355219812373,51.63158357842565,0 -4.708399157324503,51.64173675286848,0 -4.702018438323534,51.64182416814967,0 -4.673653515850577,51.63720083975833,0 -4.673653515850577,51.63720083975833,0 
							</coordinates>
						</LinearRing>
					</outerBoundaryIs>
				</Polygon>
				<Polygon>
					<outerBoundaryIs>
						<LinearRing>
							<coordinates>
								-5.270924832356739,51.69525779421704,0 -5.28688844763664,51.69309343609365,0 -5.277801175368702,51.699587162415,0 -5.272558639957521,51.70299873218654,0 -5.263590528132656,51.70140302760357,0 -5.269034314506659,51.69552764968007,0 -5.270924832356739,51.69525779421704,0 -5.270924832356739,51.69525779421704,0 
							</coordinates>
						</LinearRing>
					</outerBoundaryIs>
				</Polygon>
				<Polygon>
					<outerBoundaryIs>
						<LinearRing>
							<coordinates>
								-5.29859818121729,51.74448766975977,0 -5.273232410256981,51.73594451380037,0 -5.26849504039989,51.73417110600548,0 -5.28020064144259,51.73561612424232,0 -5.280361419761701,51.73631788471194,0 -5.291979645434991,51.72788943252,0 -5.307053072300696,51.73162350322712,0 -5.310388880643864,51.73419719440082,0 -5.311819422037614,51.73840865282536,0 -5.308702484494476,51.7406688139874,0 -5.29859818121729,51.74448766975977,0 -5.29859818121729,51.74448766975977,0 
							</coordinates>
						</LinearRing>
					</outerBoundaryIs>
				</Polygon>
				<Polygon>
					<outerBoundaryIs>
						<LinearRing>
							<coordinates>
								-5.331443510438388,51.85591787046727,0 -5.337066990165781,51.85436352708073,0 -5.348880585400319,51.86132654882746,0 -5.351563221407266,51.86411251118258,0 -5.337062243098926,51.8786521524278,0 -5.328757268829118,51.87729048862312,0 -5.331443510438388,51.85591787046727,0 -5.331443510438388,51.85591787046727,0 
							</coordinates>
						</LinearRing>
					</outerBoundaryIs>
				</Polygon>
				<Polygon>
					<outerBoundaryIs>
						<LinearRing>
							<coordinates>
								-4.779104275089353,52.75867161615308,0 -4.800535602012785,52.74476162012256,0 -4.792310618830382,52.76817854144034,0 -4.778778623864301,52.76577688424562,0 -4.779104275089353,52.75867161615308,0 -4.779104275089353,52.75867161615308,0 
							</coordinates>
						</LinearRing>
					</outerBoundaryIs>
				</Polygon>
				<Polygon>
					<outerBoundaryIs>
						<LinearRing>
							<coordinates>
								-3.093335612873781,53.26256862023557,0 -3.088598370579528,53.25924944242701,0 -3.091811543301314,53.26022709316156,0 -3.093335612873781,53.26256862023557,0 -3.093335612873781,53.26256862023557,0 
							</coordinates>
						</LinearRing>
					</outerBoundaryIs>
				</Polygon>
				<Polygon>
					<outerBoundaryIs>
						<LinearRing>
							<coordinates>
								-3.309445381350435,53.34240193702325,0 -3.311073926623783,53.34203699151185,0 -3.309398158569118,53.34235081274694,0 -3.302244861870454,53.33460477549467,0 -3.27186937223985,53.32027643098997,0 -3.263293895522033,53.32436126994232,0 -3.25836023847525,53.31822065279196,0 -3.258215826872544,53.31898288408676,0 -3.256896550798235,53.31424162855129,0 -3.245691814033608,53.31015577436923,0 -3.201797425252423,53.29413172849515,0 -3.200355502766642,53.29326735906429,0 -3.133997002562179,53.2534312408058,0 -3.054418587020109,53.22274509572765,0 -3.092459300722704,53.2441689891545,0 -3.067214395228448,53.23895929520926,0 -3.09702376539707,53.25362800488608,0 -3.068954449339563,53.25326964003116,0 -3.077167944116981,53.25577050800074,0 -3.034689913477846,53.25152503566029,0 -2.997040027393889,53.2355763039007,0 -2.920951655383665,53.18900411144822,0 -2.92649217831322,53.17112092386107,0 -2.993751350402714,53.1539043095032,0 -2.978159154566045,53.150329437412,0 -2.962472843900231,53.13246297939769,0 -2.908886511962268,53.11234116254262,0 -2.879749667882976,53.12130675870307,0 -2.900728152863074,53.09173878074691,0 -2.874373793902257,53.08121968730014,0 -2.880296177385143,53.07408885930011,0 -2.860126100855196,53.06035520303314,0 -2.871207303507886,53.05831019778203,0 -2.857891568300855,53.05394952512044,0 -2.868770834078917,53.04505367582045,0 -2.854366685097538,53.03694794359826,0 -2.859697157095332,53.02253917840711,0 -2.842713139712239,53.0173581470705,0 -2.834646666827763,52.99683760077593,0 -2.801958612112461,52.98928047246756,0 -2.766918624240191,52.99454719612142,0 -2.758582731310184,52.98610559635553,0 -2.725479210064568,52.98295873158442,0 -2.73393371686424,52.96963066067755,0 -2.722817162774722,52.95680464702669,0 -2.727081779458209,52.92498095263667,0 -2.753971820026722,52.92430725812356,0 -2.79749998208205,52.89543480210008,0 -2.839668971624432,52.94230530238473,0 -2.882198141888467,52.94632170187366,0 -2.886090270515695,52.95221306346792,0 -2.927553099866201,52.93836124726611,0 -2.958480853191654,52.95085380613572,0 -2.973698550253243,52.9686709063521,0 -2.98069218366477,52.95888374875933,0 -3.008322887641669,52.95588521590324,0 -3.033757168651741,52.92916485406027,0 -3.07519613776709,52.92516300374312,0 -3.094638373440606,52.92996637656406,0 -3.112850561005318,52.89365863761598,0 -3.146195298978241,52.8898494999053,0 -3.134214673575825,52.88469314778775,0 -3.151108938132697,52.87842673136866,0 -3.126403418085173,52.86678036497879,0 -3.161709506270379,52.8471663759228,0 -3.149954155847943,52.84223960502833,0 -3.166584290129379,52.81893904229192,0 -3.166902614362936,52.80699945878593,0 -3.151885939361869,52.8060393308154,0 -3.159552716464484,52.79541466374807,0 -3.116980338627886,52.78325003549823,0 -3.085321572807298,52.79526175552974,0 -3.090372827086013,52.78633059658048,0 -3.078205664097417,52.77117955992141,0 -3.046475296471608,52.7723079741299,0 -3.051266335254522,52.76835449509465,0 -3.037661752052511,52.77006575504284,0 -3.03377909044107,52.76367286461318,0 -3.015881967505613,52.76732854105109,0 -3.009472383803837,52.75822688602291,0 -3.020493525294699,52.75160332201801,0 -2.990673406514917,52.74341720426477,0 -2.990000717107541,52.73347796692434,0 -2.963743670038358,52.73192749104746,0 -2.959757566632673,52.71612315814647,0 -2.976783221056026,52.71501490606526,0 -2.97627162831437,52.72625059317294,0 -2.999237240923531,52.71993377730944,0 -3.019041850863311,52.72476154839747,0 -3.021171636858664,52.70632507362975,0 -3.045737007483745,52.69092146312001,0 -3.037269140007252,52.67502677490528,0 -3.049804124490389,52.64701602122822,0 -3.082261792600609,52.64094271863232,0 -3.058492057732832,52.63036978056951,0 -3.071881440840913,52.62861122249656,0 -3.092319166496835,52.60898550862101,0 -3.088254450987582,52.59915147558474,0 -3.116113709416737,52.5854070824712,0 -3.138202511441853,52.58536402558211,0 -3.110195791676651,52.54100239135903,0 -3.135747862642423,52.53368291283853,0 -3.131767322896322,52.52710788298275,0 -3.084110234126983,52.53414017058544,0 -3.085973466703306,52.55097099038645,0 -3.012920009483406,52.57513790691121,0 -2.992851915657818,52.55254930848137,0 -3.00256381012376,52.51946767442696,0 -3.031071875408498,52.52336682419899,0 -3.027895476562304,52.50090080214959,0 -3.109718705087325,52.49856844405534,0 -3.178923752824117,52.4735664174239,0 -3.195951098423497,52.47562178611734,0 -3.234258680669815,52.44213303506741,0 -3.218259309759997,52.42087997303261,0 -3.177547590848015,52.40902253056771,0 -3.153155757291525,52.38733784185645,0 -3.109311458353801,52.37681387597448,0 -3.05936568234472,52.34785703700889,0 -3.038873893863716,52.34394331861754,0 -2.973194577348733,52.35431768615925,0 -2.953340442968789,52.34877083261433,0 -2.965492832009243,52.3290634372323,0 -2.999562376114469,52.321379971741,0 -3.011306308064135,52.27877928611054,0 -2.948324818346143,52.26907656070242,0 -2.975875271281185,52.25929397167124,0 -3.004473372891621,52.26386824257695,0 -3.034562538273819,52.25636560335209,0 -3.047021551743496,52.24984110437035,0 -3.042918103777927,52.23753440295113,0 -3.071743700143001,52.23548419905364,0 -3.070798343202611,52.21269226429524,0 -3.100791619119054,52.20232477330756,0 -3.093359668851893,52.1833446029475,0 -3.121141447973687,52.16302022437664,0 -3.097604563188039,52.15433333895896,0 -3.081250112039463,52.16264723995621,0 -3.07124383878641,52.15537242643568,0 -3.092397867287942,52.14390433027082,0 -3.134585107918485,52.13750659406406,0 -3.140632924535649,52.12746444308917,0 -3.103693497096508,52.11632330899155,0 -3.104174125839861,52.10498082947807,0 -3.121425489024256,52.10275258420238,0 -3.124607270297958,52.07790338740458,0 -3.089296288613204,52.05010248255394,0 -3.08499463799324,52.03978241129359,0 -3.097909217175241,52.02227210613673,0 -3.066075761659325,51.98272400913378,0 -3.024648307812826,51.95685984398484,0 -3.006826334066683,51.92670465379558,0 -2.975365157042458,51.92706393524018,0 -2.970546713373164,51.9045531636943,0 -2.876524427474362,51.93338687730066,0 -2.843621105377762,51.92159678550919,0 -2.860608228854107,51.91358855337133,0 -2.840594430341663,51.9172968146414,0 -2.834786554354029,51.90561418297937,0 -2.767107845419365,51.88010654426099,0 -2.777480031592703,51.86542351486572,0 -2.737526493893711,51.83617751698493,0 -2.718280608150222,51.84848099633873,0 -2.713803565795871,51.83980472459664,0 -2.695975215877284,51.84436993518453,0 -2.691968467506318,51.83340067864437,0 -2.664867414163561,51.83518275252683,0 -2.649069155742287,51.82568263220151,0 -2.659541085373079,51.82231171672031,0 -2.658208578556352,51.81023906471878,0 -2.677209862348031,51.80240155171821,0 -2.668481956102442,51.79382882743814,0 -2.679125360044012,51.76848264888664,0 -2.661364241723987,51.75344638202646,0 -2.670898769966827,51.73591313267531,0 -2.686215999342691,51.72997607004321,0 -2.667114580842227,51.705335589222,0 -2.68246696861994,51.70017395189088,0 -2.667843165862553,51.69269543119992,0 -2.670927809976137,51.6805445166582,0 -2.655536889677458,51.67404719560503,0 -2.685077699065132,51.66269833756031,0 -2.664596695545372,51.66386629494638,0 -2.679006953225237,51.64708857017401,0 -2.66718805690129,51.64517171250778,0 -2.655314404618171,51.62233842141654,0 -2.657463647321084,51.61585682292061,0 -2.661124835041437,51.61711843813477,0 -2.694312212255895,51.60291983693214,0 -2.711308299808425,51.58189245291773,0 -2.756370420771747,51.577910308567,0 -2.820330995444352,51.55360440106185,0 -2.820898813771674,51.55345733759545,0 -2.865279798257963,51.5419514320621,0 -2.90381490455264,51.53194278740602,0 -2.922484019476403,51.53642881968447,0 -2.94993436664777,51.53459995687663,0 -2.978161258291492,51.54278883535752,0 -2.968942231740992,51.55512330892763,0 -2.98873931646221,51.5478944214325,0 -2.993945637056274,51.53601684051842,0 -3.050169651800648,51.51373835505829,0 -3.081382490263542,51.50134945023213,0 -3.082153706758805,51.5011275938441,0 -3.112681270553087,51.49233990087113,0 -3.139059177431271,51.47252257463015,0 -3.151600493269661,51.45817674248553,0 -3.162863946893581,51.44528388477064,0 -3.163133148112166,51.44534324879984,0 -3.164309011917011,51.44563104704081,0 -3.164524617206603,51.44349826212174,0 -3.168336012633693,51.40576530498366,0 -3.186346646344041,51.39957610144748,0 -3.222853179266921,51.4031974072274,0 -3.259671060854294,51.39428104246497,0 -3.263267382393385,51.3887941813557,0 -3.267753765247029,51.3874148493952,0 -3.309269160420925,51.39220492880992,0 -3.376689328833637,51.38080601918871,0 -3.403881528534938,51.38085990357028,0 -3.413718793492529,51.38729685739788,0 -3.437357057481917,51.38953458799326,0 -3.557737058979328,51.40085293401197,0 -3.595695125510054,51.44066950030606,0 -3.628879612439014,51.45707851688202,0 -3.639319570473587,51.46368817246714,0 -3.620388208384973,51.47498039078724,0 -3.618431835588829,51.47614684424778,0 -3.626593970049693,51.47336923236939,0 -3.637305794450445,51.46972258278542,0 -3.638563190837814,51.47026050512642,0 -3.661356915338092,51.48000721669447,0 -3.678255667811467,51.47274087604476,0 -3.719619730518753,51.4792283416627,0 -3.728514552657635,51.48680394812416,0 -3.748198023821813,51.50355661661224,0 -3.748950185651319,51.50539985658449,0 -3.760734332919994,51.53425722036373,0 -3.761483291319157,51.53608997626546,0 -3.759510750186299,51.53509717857733,0 -3.761598316113374,51.53755845626362,0 -3.777550976074004,51.55625353669929,0 -3.778774939965011,51.55925675360634,0 -3.78076638274197,51.56002195231537,0 -3.788718552579153,51.56933867763869,0 -3.81603751219536,51.57386718431849,0 -3.797780483275342,51.57281645541016,0 -3.80144442526915,51.58135072273068,0 -3.809456829229433,51.58014921753522,0 -3.808443868036259,51.58111443613393,0 -3.808826165407767,51.58147185168615,0 -3.798221750628109,51.58495072433898,0 -3.81057558183605,51.58310732252641,0 -3.817549592534675,51.58962563569997,0 -3.820864093875951,51.59117919613907,0 -3.849608335519557,51.61391304274819,0 -3.835609008760962,51.62329256288391,0 -3.884020507571615,51.61721575217355,0 -3.885036643281335,51.61708797232771,0 -3.923491103794626,51.60653644060006,0 -3.925994035861672,51.60688257603884,0 -3.927610811031903,51.61298344103255,0 -3.957148025878919,51.61174718265047,0 -3.992739618695397,51.59825595090336,0 -3.999307329746693,51.57954725734776,0 -3.985083655871416,51.57293048241198,0 -3.985202518200185,51.57276636214855,0 -3.975731484504353,51.56837374898525,0 -3.979413109488646,51.56449427800618,0 -3.991982726107477,51.56383103868922,0 -4.019986419944202,51.56279166554709,0 -4.02319282361192,51.56267222758254,0 -4.033743570430532,51.56968114362744,0 -4.063175843239367,51.55679272479021,0 -4.110210646924125,51.56946203478379,0 -4.102540486884846,51.57732270304274,0 -4.155398577564359,51.5614246971529,0 -4.151729358470988,51.54204867395352,0 -4.173594123262997,51.54437312584031,0 -4.19362676342721,51.54780438275473,0 -4.212084909390276,51.53702744079607,0 -4.27767505644116,51.56104427145068,0 -4.307097684414599,51.56255766116102,0 -4.287918367316173,51.57589282602605,0 -4.308051240925272,51.60917211506396,0 -4.278492485864149,51.61546543040252,0 -4.241793736634839,51.64832073706083,0 -4.228993205174908,51.64189063964121,0 -4.240609289484166,51.63036804387234,0 -4.221256459414719,51.6350693030768,0 -4.188320403192582,51.62850294901082,0 -4.191961851206695,51.62299196921019,0 -4.162987964887422,51.62604421307099,0 -4.15730316833264,51.63387081745407,0 -4.115157888087234,51.6442755018579,0 -4.10124721843968,51.65306392560029,0 -4.079969791735733,51.65713474168452,0 -4.068175649389354,51.65273834044265,0 -4.080149449222259,51.66165711868859,0 -4.067098822068958,51.66853566787938,0 -4.076614911910857,51.6799288880031,0 -4.079813630596067,51.68375709095628,0 -4.080435643345837,51.68450142450957,0 -4.081182477112996,51.67984819365498,0 -4.083952792500315,51.66257977370644,0 -4.084163371694246,51.66126666186862,0 -4.087209592373448,51.66127752334576,0 -4.134378040442938,51.66143561219189,0 -4.145819418109774,51.65411128160227,0 -4.18686436553512,51.67792734336173,0 -4.196142318924547,51.68330528800441,0 -4.218978542135826,51.68061664840878,0 -4.219955037400798,51.68097599856984,0 -4.222160178228046,51.68024167828809,0 -4.243446592508851,51.67773061662416,0 -4.252500765228664,51.68232218462681,0 -4.261922788617485,51.67650564150988,0 -4.276350850513299,51.66759438111494,0 -4.314273598338455,51.67463222523588,0 -4.318431734100685,51.67540302404446,0 -4.381570531698055,51.72686918317198,0 -4.378776017639028,51.73170455412187,0 -4.323319340298175,51.72816217959322,0 -4.364581910212157,51.73754130815951,0 -4.375050825535561,51.75346790249503,0 -4.364992548971039,51.78690501943572,0 -4.402710296407158,51.75682054437846,0 -4.45853369743836,51.76971160744927,0 -4.416588720882195,51.74480591856769,0 -4.422894469545926,51.74015475052038,0 -4.461680223322639,51.73126264797259,0 -4.558054590531734,51.7415387175968,0 -4.570702196912792,51.73654367597914,0 -4.605501843643268,51.73430979817629,0 -4.60703246991618,51.73433566074423,0 -4.631054655491235,51.73473894522579,0 -4.631727532393652,51.73475017076166,0 -4.675161105771069,51.72675501886152,0 -4.695545900001687,51.71221072382608,0 -4.6909913574424,51.70800046193893,0 -4.691580364994538,51.70496775994469,0 -4.682665265237538,51.70030120556019,0 -4.679080950678629,51.69698572990708,0 -4.696059186630086,51.68583874056016,0 -4.700734418881827,51.67416969794892,0 -4.692207578691504,51.67158355674619,0 -4.699029311526933,51.66726917366351,0 -4.713330464664126,51.65822055795501,0 -4.710198198291204,51.65127086655549,0 -4.755618490645166,51.65326594597252,0 -4.754823481942267,51.64359287444369,0 -4.775936380097537,51.64197545595286,0 -4.77996781358476,51.63450079022875,0 -4.811776304304039,51.64473086416258,0 -4.824861581110546,51.64526684668697,0 -4.829676572297319,51.64642119504432,0 -4.843892056160934,51.64604371874265,0 -4.85970144490288,51.64668672448877,0 -4.860676223562958,51.63863416236352,0 -4.860917152646675,51.63816576866265,0 -4.890043316206361,51.62907875769195,0 -4.897597509413194,51.62672018195672,0 -4.895369027077462,51.60970550649354,0 -4.922053890945358,51.61096423142871,0 -4.922307700440472,51.59869734849747,0 -4.923946141623987,51.59676838535676,0 -4.947286153905723,51.596584923957,0 -4.974309296297069,51.60995583398955,0 -5.006581450223406,51.60820658238015,0 -5.058249556066994,51.6201568040344,0 -5.048942345130909,51.63937725623968,0 -5.0610284705654,51.65838641726413,0 -5.063958746257083,51.66299249531546,0 -5.122269412856907,51.67075297922236,0 -5.124599429074548,51.68120384787516,0 -5.103952996533867,51.69161837738372,0 -5.102896699791363,51.69152727795564,0 -5.075230630194339,51.68766913979186,0 -5.07456154485304,51.68734608387017,0 -5.085613547721074,51.68399031910966,0 -5.072672490429548,51.67741791092081,0 -5.045282795269663,51.67595407649435,0 -5.054238143094793,51.68596067935614,0 -5.052581257490824,51.68920856722875,0 -5.045106276428233,51.69371009227033,0 -4.982978771457601,51.685925160097,0 -4.985211559095998,51.68356946840612,0 -4.974334840086564,51.68046011668153,0 -4.972405125162246,51.67846559830483,0 -4.975465506560263,51.68708855834221,0 -4.975593826884618,51.6877972730683,0 -4.94819543829035,51.70174088749434,0 -4.894899858478234,51.70528328543416,0 -4.890084789767311,51.7056021127304,0 -4.885721934502173,51.71632234085866,0 -4.870973551419948,51.71723041824269,0 -4.883726138259613,51.71858733815418,0 -4.881843551975531,51.73348640861272,0 -4.896920249136564,51.73913711261186,0 -4.884996999894225,51.77059600429596,0 -4.89909728387043,51.77086256452903,0 -4.911767542445079,51.77110064189488,0 -4.898626770364146,51.76352614186658,0 -4.893998503229734,51.76085738208574,0 -4.89780603824866,51.75071137592359,0 -4.901401228036431,51.74112713792281,0 -4.896988629235314,51.73794486548798,0 -4.885775334761767,51.72985525503131,0 -4.894465156366135,51.70950185376925,0 -4.895163739422343,51.70941576713352,0 -4.945268209752889,51.70322974246982,0 -4.983821477103949,51.69894209681948,0 -5.033485890408485,51.710312851984,0 -5.040049540176343,51.70967811084831,0 -5.060987751017287,51.70934306438029,0 -5.062342543595766,51.70710989412107,0 -5.077068653596654,51.70646963258869,0 -5.095162597799114,51.71766309674435,0 -5.096739619281832,51.71958150348954,0 -5.097552026899276,51.71914063572179,0 -5.104028894099273,51.72314495952288,0 -5.104646998579817,51.71650636073917,0 -5.114897504338965,51.70989938988997,0 -5.123527557229816,51.71698057920013,0 -5.133564624899889,51.7155447999653,0 -5.159442755404584,51.7145467495375,0 -5.166780757286625,51.71862999402734,0 -5.167442313402341,51.70637588785684,0 -5.148624697512485,51.70187712692547,0 -5.157103517481969,51.70124817487454,0 -5.156236867113954,51.68747352804271,0 -5.174432637205601,51.67979630454212,0 -5.183119878061731,51.68626326202755,0 -5.187319632343893,51.68938873126439,0 -5.186189844452518,51.70842319185811,0 -5.200279128269698,51.71457722414348,0 -5.20175063976203,51.71535423509942,0 -5.213740693639239,51.72325579436806,0 -5.227703435087421,51.71839642900881,0 -5.231165043791655,51.71773389280681,0 -5.226736874561177,51.72270144341821,0 -5.253000286537862,51.73771338325466,0 -5.209751668272693,51.73349026327698,0 -5.201763484948507,51.75523656101909,0 -5.200295256187106,51.75515711381635,0 -5.187854462960818,51.75356826760544,0 -5.185031587884404,51.75320755005838,0 -5.159183026132665,51.77170480810035,0 -5.116369653898714,51.76784187365455,0 -5.10655824447575,51.77369862103266,0 -5.101825036362344,51.80964691021002,0 -5.11500217936134,51.83687045505183,0 -5.122160211617837,51.85164362519885,0 -5.136676062684705,51.86349053199613,0 -5.138772400920272,51.86338367290466,0 -5.143444953698539,51.86306235616829,0 -5.18048974425054,51.86071199741604,0 -5.178052584388666,51.86671476972947,0 -5.181208353548936,51.86673008810832,0 -5.181227820036178,51.86702088809087,0 -5.193081311391353,51.86678696600505,0 -5.193529529903382,51.86678908961498,0 -5.188441247567019,51.87342182420856,0 -5.1960299485631,51.86917900058558,0 -5.20057277334868,51.86663850928792,0 -5.203410818924558,51.86658214411192,0 -5.213379067623809,51.86814141085176,0 -5.219942547680764,51.87276373039679,0 -5.229954965490696,51.87073214470993,0 -5.244725320814743,51.8730384455848,0 -5.281442106389179,51.8698034145625,0 -5.281486472797496,51.86980501487619,0 -5.281719886987125,51.86959828823213,0 -5.295289096167419,51.86033882236502,0 -5.296489142385534,51.86569975048988,0 -5.3005503972728,51.8641941907961,0 -5.316997090894586,51.8615555371241,0 -5.317987764662158,51.86243353925531,0 -5.307350773798595,51.87352793690378,0 -5.306304523780536,51.87443216199467,0 -5.306353206173615,51.874568079067,0 -5.306314949533175,51.87460796805081,0 -5.314890927374285,51.88430490651676,0 -5.294799482496634,51.89295300154729,0 -5.302637160066033,51.90324966807174,0 -5.313227698796902,51.90185021364327,0 -5.304490253521043,51.90791913085368,0 -5.294081391024972,51.90941952570191,0 -5.258167890221475,51.91438714541818,0 -5.235144024561974,51.92911390399246,0 -5.209124130669545,51.93181481582306,0 -5.201232031748031,51.94234045260522,0 -5.195336089272965,51.95020037091953,0 -5.184203342716654,51.94959132038775,0 -5.156643480428159,51.94781525543061,0 -5.156375380164713,51.9480642147054,0 -5.152970301503001,51.94787689493994,0 -5.149178176694186,51.95474633853945,0 -5.142344294636562,51.96108894126447,0 -5.123569680177553,51.96092711249995,0 -5.120785258810252,51.96024161700267,0 -5.119381068442565,51.96089059829943,0 -5.105982228359662,51.96077279533989,0 -5.103444637397053,51.96825356593956,0 -5.102209192978543,51.96882417930712,0 -5.084378714279763,51.96801541621566,0 -5.078867272026675,51.98494249665518,0 -5.094527767667934,51.99331772233401,0 -5.071157842530244,52.0041536755022,0 -5.088502280720207,52.01491374439334,0 -5.086015542118034,52.01753453393034,0 -5.082857406911382,52.02086240710905,0 -5.073778482746464,52.03035483249439,0 -5.019709808883608,52.01993320525962,0 -4.990747136456464,52.02561972349939,0 -4.988243764689884,52.02005703374592,0 -4.986488457521101,52.01615570450473,0 -4.986018326735143,52.01603308203146,0 -4.977284452873635,52.01414787898996,0 -4.969065047515552,52.01235407498931,0 -4.978294383866457,52.01379445086331,0 -4.981516751294453,52.01429715654539,0 -4.981556168271741,52.01425808728495,0 -4.991400982909738,52.00435855025264,0 -4.99121767462591,52.00428696374061,0 -4.991861909306569,52.00362186338715,0 -4.989977023832957,52.0038024450248,0 -4.985164005172647,52.0019225641089,0 -4.988461595180969,52.00016436706267,0 -4.967890895400314,51.99458720358366,0 -4.968676042110637,51.99692690615039,0 -4.925783644565003,52.00848798370269,0 -4.918553043967251,52.00969174364517,0 -4.915101444631585,52.01864929247822,0 -4.913839897983033,52.02192237260182,0 -4.909101117558598,52.03421295040673,0 -4.888332649071232,52.02255062636367,0 -4.884492041691906,52.02039288596307,0 -4.881420313807508,52.02050854170118,0 -4.877861529695218,52.01869061765262,0 -4.812817043332124,52.01842966125128,0 -4.837565573520573,52.0237854966708,0 -4.840158767558031,52.02434631343984,0 -4.84284673862512,52.03632711519713,0 -4.838903893098313,52.04548972660006,0 -4.830253680281173,52.05112358560218,0 -4.795381466457236,52.05755810634921,0 -4.78971927021631,52.05827436103702,0 -4.75791868586226,52.07646397715261,0 -4.740310063863909,52.09829806599038,0 -4.745897432508227,52.10194331701992,0 -4.748115076477901,52.10383814968452,0 -4.730389041573702,52.11750318338428,0 -4.687301533074225,52.10315664847283,0 -4.687345660440247,52.10336960311678,0 -4.685164785077069,52.12938737591794,0 -4.640845038786604,52.1378877694105,0 -4.630540430654665,52.13783740709942,0 -4.587539757993483,52.13761752001142,0 -4.581669731948183,52.13755666216736,0 -4.566436766674718,52.14397105825869,0 -4.561433400042858,52.14180790847346,0 -4.544437066103589,52.13313922323849,0 -4.517476452122785,52.13460585289836,0 -4.508502972927835,52.13937578242124,0 -4.505036505169665,52.13979667952815,0 -4.500477101840467,52.14364057562921,0 -4.469838569618248,52.15990891385444,0 -4.46487585489981,52.17353996226387,0 -4.463411040593673,52.17201656984308,0 -4.45888727828711,52.16726912356425,0 -4.458556733922836,52.16696724804908,0 -4.443644611983678,52.16966677803092,0 -4.392314227298628,52.20465815403141,0 -4.378755914510351,52.21381778028852,0 -4.376405073388688,52.21540540807959,0 -4.356055816867281,52.21486890218608,0 -4.355307217179994,52.21428818858163,0 -4.34930614779687,52.2096322199922,0 -4.342039622614807,52.21066617733181,0 -4.323743709094391,52.21326732872782,0 -4.319700495383541,52.21499359855012,0 -4.206317600108726,52.26329304963239,0 -4.139156405565775,52.32224207761463,0 -4.134762662316699,52.3299344057933,0 -4.088989972032574,52.39803591499199,0 -4.088836280556923,52.39916229989582,0 -4.088329231037474,52.40287803728313,0 -4.085589264859437,52.39921966779839,0 -4.087911541917915,52.40593850696162,0 -4.085096779923962,52.42655268981627,0 -4.068813438993985,52.46433320819818,0 -4.061367809697479,52.47188260032962,0 -4.058267728230017,52.47502499764014,0 -4.050893157104649,52.48045444378888,0 -4.05256190962707,52.53399444904238,0 -4.039267522974169,52.51969529530728,0 -4.037913830090639,52.52643774683798,0 -4.013037941901905,52.52611542814529,0 -3.982294972670713,52.53522661038727,0 -3.941730084879791,52.55809740861202,0 -3.938627739492029,52.55984499553463,0 -3.959102585019567,52.56032183746722,0 -4.062734584060778,52.54098813047113,0 -4.0647021553386,52.54306665160268,0 -4.098600967193428,52.57884031599495,0 -4.125317093733663,52.6069852669274,0 -4.093754192448444,52.66810650801172,0 -4.071130974026785,52.67946693534227,0 -4.056097848551296,52.6870103351661,0 -4.048474631562083,52.71512155761299,0 -4.050019829965184,52.70345447450643,0 -3.990357962411202,52.73565513353919,0 -4.034675438608837,52.72087772608496,0 -4.057683081598585,52.71747355012994,0 -4.073681855603607,52.7332867652355,0 -4.099395350489009,52.75867301331789,0 -4.149350940737683,52.80789074650975,0 -4.150631987631584,52.81469174037092,0 -4.130635598702899,52.82472807125681,0 -4.128031068420838,52.82197811248736,0 -4.115527162841353,52.83137203170809,0 -4.127804069888246,52.82683629338657,0 -4.127071932069762,52.82905731571095,0 -4.117890759459881,52.84775489741309,0 -4.147318748304277,52.8954014144669,0 -4.13195478362989,52.90055735797345,0 -4.121608459364249,52.89515772673232,0 -4.081676718454764,52.90087026782836,0 -4.08137741557093,52.90091302877132,0 -4.063422799192083,52.92250000540658,0 -4.082388851434636,52.91571614264544,0 -4.102333624424658,52.90857668419569,0 -4.109322940231179,52.91965771635171,0 -4.127381624125637,52.92151889021195,0 -4.133578344939634,52.91374385820055,0 -4.150652597485952,52.9060623450387,0 -4.217623590633404,52.91874593121015,0 -4.223541285208394,52.91761102720253,0 -4.226381132056489,52.91815138829556,0 -4.236307561126797,52.9151614945474,0 -4.260176010059439,52.91057732293448,0 -4.262488958847525,52.91040467922397,0 -4.315317216988777,52.90832620559051,0 -4.32556674980103,52.89163841752261,0 -4.378812670685008,52.89557286289291,0 -4.380831446792486,52.89572154818377,0 -4.383403512942408,52.89498923909886,0 -4.385127755948504,52.89509058911135,0 -4.396509855681527,52.89138667570237,0 -4.39650851940856,52.89125679136005,0 -4.399888495776154,52.8902938007552,0 -4.397552741967681,52.88575992286649,0 -4.409390305249314,52.88510475350898,0 -4.404001088066178,52.88405565054686,0 -4.455883884470114,52.87083730828407,0 -4.457797814985861,52.86951531382035,0 -4.458789831383881,52.86932212920748,0 -4.460541696295048,52.86761986312001,0 -4.475411965036749,52.85734366257383,0 -4.469229430448648,52.84747168635741,0 -4.469599492971835,52.84723588179704,0 -4.495226385811987,52.83229665527819,0 -4.494909601742549,52.83109963739356,0 -4.504981140563459,52.82467383476445,0 -4.496168985757357,52.82527595168872,0 -4.497241616387315,52.81043325798347,0 -4.489050768958704,52.8089483348609,0 -4.485318842205547,52.79482582404884,0 -4.485348383613469,52.79449604157125,0 -4.513653760889776,52.79265038856396,0 -4.526785758899369,52.77747546856061,0 -4.541422453786544,52.78623473073748,0 -4.535260637709091,52.80011139282721,0 -4.600207232313189,52.82464379481361,0 -4.603539218681674,52.82269435407949,0 -4.611406229716847,52.82229973143944,0 -4.640554769751232,52.80101986900713,0 -4.643217264013894,52.79945958097802,0 -4.660020242081614,52.80588363130028,0 -4.663116963921268,52.80442663704532,0 -4.664477047667014,52.80477276503426,0 -4.670444076036739,52.80162037848116,0 -4.681563744101529,52.79574385427941,0 -4.687001275956058,52.79318324704384,0 -4.719589710173102,52.8025703116874,0 -4.731279671494779,52.78153148897668,0 -4.765814550243261,52.79639460684915,0 -4.721275289214629,52.83614741268183,0 -4.725092921531857,52.85320888239539,0 -4.694975166347467,52.85913977878073,0 -4.676908360636848,52.8773751903727,0 -4.675126499881675,52.87783852869435,0 -4.667692557611001,52.87977119035559,0 -4.649798412763299,52.90470489149644,0 -4.648627541221611,52.90588435640444,0 -4.64641705216891,52.90590598702364,0 -4.630979177667212,52.90570082753162,0 -4.618002730919644,52.92011433686238,0 -4.615436756832422,52.92266727578748,0 -4.598147561079517,52.92865173816076,0 -4.569388158529859,52.93859732651282,0 -4.566291291595299,52.94826685671358,0 -4.566160478073436,52.94810075389925,0 -4.559463717287783,52.93750496963353,0 -4.518437728478976,52.94003214297742,0 -4.470634412808688,52.9663529469869,0 -4.43631332240345,52.99802622252309,0 -4.425341927682847,52.99819789883477,0 -4.408899976324502,52.9977803769525,0 -4.385244113650216,53.01256313715093,0 -4.352711879099634,53.03286889700176,0 -4.345008050109496,53.0448974318657,0 -4.339482869693268,53.05171162596962,0 -4.3392538097653,53.05387734762522,0 -4.336195255695778,53.05864884978567,0 -4.33775370871202,53.06805593156599,0 -4.336398071721509,53.08086219210802,0 -4.341328653402384,53.08961783164812,0 -4.345335790588476,53.11375824950472,0 -4.345384620970493,53.11405223845924,0 -4.336990832783626,53.12110363198914,0 -4.3232216012699,53.12135344366688,0 -4.322683060313301,53.12158970720771,0 -4.318389212941327,53.12121563589808,0 -4.332015291953272,53.11401964989517,0 -4.332585477504863,53.11371844657208,0 -4.318157156996313,53.0924886766563,0 -4.304563616651874,53.10762740386606,0 -4.312575049736706,53.10632904075685,0 -4.31183545635887,53.11441394585687,0 -4.310697689030137,53.12684652896225,0 -4.30386311688507,53.12984308772698,0 -4.282094098993016,53.13921872520656,0 -4.272502031033778,53.13246312909916,0 -4.276502325792682,53.14218402511855,0 -4.272863473155132,53.14532174913655,0 -4.210850822733758,53.18299316067547,0 -4.210155458804144,53.18446408681321,0 -4.209139911252259,53.18489171010668,0 -4.209047258432673,53.1868080923312,0 -4.198219811961513,53.20969611454436,0 -4.164675796647876,53.21848722619842,0 -4.163549087072579,53.21884497424941,0 -4.159706014362083,53.21963598849614,0 -4.157057509699309,53.22109831171777,0 -4.121329958985896,53.23692765076719,0 -4.113254767993507,53.23117802025796,0 -4.111998388538134,53.23667437735158,0 -4.105212678088016,53.23207387975034,0 -4.097815553862508,53.23415676660994,0 -4.089854815952005,53.23639761916587,0 -4.084364231440822,53.22540092578605,0 -4.006120914709924,53.24660387764487,0 -3.981581695768353,53.25945530107557,0 -3.844803096682636,53.29418397506157,0 -3.827287457218292,53.28266397592532,0 -3.825144906804099,53.28111521446634,0 -3.825358099371654,53.28139449742995,0 -3.825024071271272,53.28117470338305,0 -3.824945436189799,53.28284126787786,0 -3.821886524475256,53.2803836542131,0 -3.824814647995591,53.28561289881461,0 -3.824581209454384,53.29055923003623,0 -3.829267303558215,53.29356210584859,0 -3.834307362080692,53.30255612801632,0 -3.843491315297142,53.31893443907347,0 -3.874094143846521,53.33699364023695,0 -3.871828529282638,53.33890887689856,0 -3.831761530850157,53.33776253336505,0 -3.817447274272078,53.32257538520964,0 -3.80189658656403,53.32454235678578,0 -3.774060167848472,53.32805782489075,0 -3.773837753274932,53.32798724844285,0 -3.763550942007921,53.31855540531322,0 -3.73786826633385,53.31391093480752,0 -3.732642992412306,53.30407653874845,0 -3.73042220698181,53.29989536440461,0 -3.705104416277102,53.29344944215405,0 -3.604597853481408,53.29057898175447,0 -3.546701280614248,53.30663246349583,0 -3.510677668296191,53.31660086398633,0 -3.50536014929782,53.31515970975584,0 -3.505142963060869,53.31510084045495,0 -3.501295258124926,53.3170355511811,0 -3.479327343715461,53.32807580419358,0 -3.365394904300973,53.35113205290553,0 -3.362128324165223,53.35179113928392,0 -3.308395956547779,53.35552191811719,0 -3.314172604485199,53.3475190560042,0 -3.309445381350435,53.34240193702325,0 -3.309445381350435,53.34240193702325,0 
							</coordinates>
						</LinearRing>
					</outerBoundaryIs>
				</Polygon>
				<Polygon>
					<outerBoundaryIs>
						<LinearRing>
							<coordinates>
								-4.408191526674601,53.42342966358347,0 -4.401329887072325,53.42067970259496,0 -4.369247262722153,53.42366073132385,0 -4.367194062379053,53.42382980466594,0 -4.355238543209596,53.41400884252536,0 -4.337374586022333,53.41931626228124,0 -4.333244212173657,53.41302103094822,0 -4.325484315190038,53.41742009807788,0 -4.303485559452017,53.41348748270562,0 -4.291808615384928,53.4108565127602,0 -4.289493984269658,53.41331314857851,0 -4.286065492068834,53.41663905987977,0 -4.268172113351307,53.3902872766734,0 -4.289372295216167,53.36660562663725,0 -4.271927888199819,53.37514682402835,0 -4.263462426192212,53.36054872040592,0 -4.228956427435978,53.35748482512511,0 -4.232735090684568,53.34044153362299,0 -4.20327186871134,53.31375194237586,0 -4.21328123888736,53.29844619813611,0 -4.209617514026016,53.29619155625907,0 -4.202857288286391,53.29203040362728,0 -4.181051648247324,53.29671758064467,0 -4.142331431953912,53.3050282925032,0 -4.118455618126354,53.31890252557481,0 -4.101883422363509,53.31712738653684,0 -4.038962599989837,53.31036520620889,0 -4.056902517769274,53.29892385862058,0 -4.070241590549282,53.29041107446232,0 -4.097603889219021,53.25664018750884,0 -4.098887737566476,53.25607092869962,0 -4.128476440522019,53.24294334709894,0 -4.136335056115942,53.24035869579255,0 -4.137853451166916,53.23918572898598,0 -4.155254216111683,53.23225683482977,0 -4.159800247922383,53.22467214852119,0 -4.161922866866568,53.2211297745866,0 -4.167428990605337,53.22200221407339,0 -4.175702762380021,53.22331263866464,0 -4.201582231664291,53.21541752881581,0 -4.202765022879404,53.21316482970917,0 -4.203802916605269,53.21279842805107,0 -4.211409574100337,53.19669340730962,0 -4.217356821989666,53.18535394807649,0 -4.264834518585652,53.16395156477839,0 -4.303950819559604,53.14662376835662,0 -4.323700285533967,53.14501210408748,0 -4.336919819022482,53.15294418194522,0 -4.327702995750295,53.12677815947416,0 -4.327755696704829,53.12641495838388,0 -4.392489929140608,53.14339261158892,0 -4.393249579398426,53.14359155177683,0 -4.394577202565836,53.14402609653538,0 -4.394630028228945,53.14399649163236,0 -4.397565035979605,53.14472157325311,0 -4.413522124699104,53.13411824350912,0 -4.406404532849339,53.14400813893787,0 -4.418854907319377,53.16201088408259,0 -4.393831168323915,53.1675033979771,0 -4.385994514051983,53.16922211912738,0 -4.385166991939659,53.19071642442681,0 -4.39478784523849,53.18467264051241,0 -4.442365746207255,53.15476809584115,0 -4.465505764532486,53.18195287714575,0 -4.485255082132773,53.17699124613559,0 -4.48654974753507,53.18392363853,0 -4.486341641649561,53.1848548542774,0 -4.486732282441624,53.18490084204363,0 -4.486981399401346,53.18623441135219,0 -4.503075152562809,53.18685486907829,0 -4.496180973317159,53.2069481601168,0 -4.522742527512065,53.22630746609104,0 -4.520687333420494,53.23172657418257,0 -4.554362259328462,53.24940763101775,0 -4.574592212643643,53.27224586309599,0 -4.571428769296586,53.26137633510897,0 -4.555556063447354,53.24540509473859,0 -4.566166174837885,53.2436312311309,0 -4.595827544802646,53.24012810139957,0 -4.599432554548854,53.24128532259599,0 -4.609346833435363,53.24516303244639,0 -4.611244845935101,53.24809514487605,0 -4.607649419569058,53.25613795764696,0 -4.624458125543922,53.26904272189493,0 -4.616579416890775,53.27909686402096,0 -4.648849187791415,53.28724063713883,0 -4.650439065241416,53.28764155884849,0 -4.653039336568678,53.28714744080973,0 -4.660776765147614,53.28567673079898,0 -4.681419951129022,53.28408917702384,0 -4.68083893183038,53.28652570040539,0 -4.679027327465669,53.2941210490056,0 -4.676569640487722,53.29806722310428,0 -4.677956337431477,53.29861009465661,0 -4.695532640796801,53.30638449019501,0 -4.693586490780991,53.30853035278133,0 -4.682112442530878,53.31299710904993,0 -4.680120113313482,53.32320526153316,0 -4.660686690688151,53.31862178658687,0 -4.646967130516731,53.3196969703782,0 -4.626544474822472,53.31420281076024,0 -4.622069499942542,53.31762598630098,0 -4.629785761850699,53.30792606835931,0 -4.630191339512302,53.30758280204095,0 -4.630059315257639,53.30764517740496,0 -4.630153951530215,53.30754646018435,0 -4.619739156116291,53.31239966912064,0 -4.619317647997621,53.31209694801046,0 -4.608749781628567,53.30227661472237,0 -4.586963157839294,53.3015995324376,0 -4.58688740663547,53.29246489674765,0 -4.576919823297893,53.2888175712353,0 -4.573672041987771,53.28762882891397,0 -4.571392535297385,53.28893710625442,0 -4.539055536784164,53.30748311889172,0 -4.565443054645063,53.30075523230639,0 -4.560956493219232,53.31625460729495,0 -4.583321447427027,53.33100424053664,0 -4.583120907410071,53.33129605711446,0 -4.570002362723241,53.33726779648902,0 -4.558418450245454,53.36720981943035,0 -4.553969130585575,53.37367167981603,0 -4.57295439778745,53.40322470885725,0 -4.563869691501144,53.4039379527571,0 -4.528725146468674,53.40582673625521,0 -4.509682642943663,53.41632946394889,0 -4.508979106853511,53.41540892700032,0 -4.508333239463029,53.40919386878652,0 -4.504527287622853,53.40958291840948,0 -4.504094701546945,53.40901670621124,0 -4.502546771787624,53.40978531954423,0 -4.490806497812298,53.41098441390319,0 -4.47675420206377,53.42203037009691,0 -4.449002566292116,53.41269917837613,0 -4.449258662281075,53.41596676277439,0 -4.449122970769041,53.42281632465307,0 -4.423500794802091,53.42956247595964,0 -4.408191526674601,53.42342966358347,0 -4.408191526674601,53.42342966358347,0 
							</coordinates>
						</LinearRing>
					</outerBoundaryIs>
				</Polygon>
			</MultiGeometry>
		</Placemark>
	</Folder>
</Document>
</kml>
