<?xml version="1.0" encoding="UTF-8"?>
<kml xmlns="http://www.opengis.net/kml/2.2" xmlns:gx="http://www.google.com/kml/ext/2.2" xmlns:kml="http://www.opengis.net/kml/2.2" xmlns:atom="http://www.w3.org/2005/Atom">
<Document>
	<name>cb_2025_us_nation_5m</name>
	<open>1</open>
	<LookAt>
		<longitude>-102</longitude>
		<latitude>38.5</latitude>
		<altitude>0</altitude>
		<heading>0</heading>
		<tilt>10</tilt>
		<range>7000000</range>
	</LookAt>
	<atom:link rel="app" href="https://www.google.com/earth/about/versions/#earth-pro" title="Google Earth Pro 7.3.7.1155"></atom:link>
	<Schema name="cb_2025_us_nation_5m" id="kml_schema_ft_cb_2025_us_nation_5m">
		<SimpleField type="xsd:string" name="GEOIDFQ">
			<displayName>GEOIDFQ</displayName>
		</SimpleField>
		<SimpleField type="xsd:string" name="GEOID">
			<displayName>GEOID</displayName>
		</SimpleField>
		<SimpleField type="xsd:string" name="NAME">
			<displayName>NAME</displayName>
		</SimpleField>
	</Schema>
	<Style id="KMLStyler">
		<IconStyle>
			<scale>0.8</scale>
		</IconStyle>
		<LabelStyle>
		</LabelStyle>
		<LineStyle>
		</LineStyle>
		<PolyStyle>
			<color>7fffffff</color>
		</PolyStyle>
	</Style>
	<Style id="KMLStyler0">
		<IconStyle>
			<scale>0.8</scale>
		</IconStyle>
		<LabelStyle>
		</LabelStyle>
		<LineStyle>
		</LineStyle>
		<PolyStyle>
			<color>7fffffff</color>
		</PolyStyle>
	</Style>
	<StyleMap id="KMLStyler1">
		<Pair>
			<key>normal</key>
			<styleUrl>#KMLStyler</styleUrl>
		</Pair>
		<Pair>
			<key>highlight</key>
			<styleUrl>#KMLStyler0</styleUrl>
		</Pair>
	</StyleMap>
	<Folder id="kml_ft_cb_2025_us_nation_5m">
		<name>cb_2025_us_nation_5m</name>
		<Placemark id="cb_2025_us_nation_5m">
			<name>&lt;at&gt;&lt;openparen&gt;United States&lt;closeparen&gt;</name>
			<description><![CDATA[<center><table><tr><th colspan='2' align='center'><em>Attributes</em></th></tr><tr bgcolor="#E3E3F3">
<th>GEOIDFQ</th>
<td>0100000US</td>
</tr><tr bgcolor="">
<th>GEOID</th>
<td>US</td>
</tr><tr bgcolor="#E3E3F3">
<th>NAME</th>
<td>United States</td>
</tr></table></center>]]></description>
			<LookAt>
				<longitude>-102</longitude>
				<latitude>38.5</latitude>
				<altitude>0</altitude>
				<heading>0</heading>
				<tilt>10</tilt>
				<range>7000000</range>
			</LookAt>
			<styleUrl>#KMLStyler1</styleUrl>
			<ExtendedData>
				<SchemaData schemaUrl="#kml_schema_ft_cb_2025_us_nation_5m">
					<SimpleData name="GEOIDFQ">0100000US</SimpleData>
					<SimpleData name="GEOID">US</SimpleData>
					<SimpleData name="NAME">United States</SimpleData>
				</SchemaData>
			</ExtendedData>
			<MultiGeometry>
				<Polygon>
					<tessellate>1</tessellate>
					<outerBoundaryIs>
						<LinearRing>
							<coordinates>
								-89.626769,29.535205,0 -89.61773700000001,29.520521,0 -89.599673,29.507594,0 -89.59040400000001,29.518867,0 -89.578401,29.532309,0 -89.564615,29.543786,0 -89.575192,29.549886,0 -89.588978,29.547612,0 -89.610844,29.536549,0 -89.626769,29.535205,0 
							</coordinates>
						</LinearRing>
					</outerBoundaryIs>
				</Polygon>
				<Polygon>
					<tessellate>1</tessellate>
					<outerBoundaryIs>
						<LinearRing>
							<coordinates>
								-90.37617299999999,29.108668,0 -90.361688,29.103076,0 -90.33493499999999,29.063803,0 -90.31758499999999,29.067335,0 -90.303916,29.07538,0 -90.343013,29.128487,0 -90.35145399999999,29.131092,0 -90.35977,29.125222,0 -90.37617299999999,29.108668,0 
							</coordinates>
						</LinearRing>
					</outerBoundaryIs>
				</Polygon>
				<Polygon>
					<tessellate>1</tessellate>
					<outerBoundaryIs>
						<LinearRing>
							<coordinates>
								-90.456729,47.016906,0 -90.46534099999998,47.002382,0 -90.452415,46.997353,0 -90.41536700000002,47.013446,0 -90.403499,47.02536599999999,0 -90.400409,47.04658800000001,0 -90.393035,47.067877,0 -90.39707199999998,47.075731,0 -90.41673,47.076667,0 -90.43727099999998,47.07348300000001,0 -90.44907499999999,47.06601300000001,0 -90.457128,47.04405800000001,0 -90.456729,47.016906,0 
							</coordinates>
						</LinearRing>
					</outerBoundaryIs>
				</Polygon>
				<Polygon>
					<tessellate>1</tessellate>
					<outerBoundaryIs>
						<LinearRing>
							<coordinates>
								-90.51092300000002,46.879802,0 -90.51155900000001,46.87643,0 -90.506944,46.872078,0 -90.49762800000001,46.869511,0 -90.48726200000002,46.87151599999999,0 -90.45273000000002,46.888485,0 -90.44795600000002,46.89239999999999,0 -90.44880899999998,46.896179,0 -90.454162,46.89925,0 -90.46243699999999,46.89740199999999,0 -90.496825,46.886657,0 -90.51092300000002,46.879802,0 
							</coordinates>
						</LinearRing>
					</outerBoundaryIs>
				</Polygon>
				<Polygon>
					<tessellate>1</tessellate>
					<outerBoundaryIs>
						<LinearRing>
							<coordinates>
								-90.55823299999999,29.094074,0 -90.53869911678611,29.0760541730887,0 -90.53684199999999,29.074341,0 -90.488117,29.05876,0 -90.442734,29.056053,0 -90.41919,29.064993,0 -90.43820499999998,29.072264,0 -90.47742200000002,29.07538,0 -90.523769,29.090958,0 -90.55823299999999,29.094074,0 
							</coordinates>
						</LinearRing>
					</outerBoundaryIs>
				</Polygon>
				<Polygon>
					<tessellate>1</tessellate>
					<outerBoundaryIs>
						<LinearRing>
							<coordinates>
								-90.56609800000001,47.037836,0 -90.57777100000001,47.032993,0 -90.56406800000001,46.995449,0 -90.547574,47.000122,0 -90.54579699999999,47.01794400000001,0 -90.56609800000001,47.037836,0 
							</coordinates>
						</LinearRing>
					</outerBoundaryIs>
				</Polygon>
				<Polygon>
					<tessellate>1</tessellate>
					<outerBoundaryIs>
						<LinearRing>
							<coordinates>
								-90.62623799999999,47.00808200000001,0 -90.62826800000001,46.995795,0 -90.61583400000001,46.987314,0 -90.59781700000001,46.996141,0 -90.60669900000002,47.00929300000001,0 -90.62623799999999,47.00808200000001,0 
							</coordinates>
						</LinearRing>
					</outerBoundaryIs>
				</Polygon>
				<Polygon>
					<tessellate>1</tessellate>
					<outerBoundaryIs>
						<LinearRing>
							<coordinates>
								-90.65183399999999,46.925267,0 -90.654228,46.918476,0 -90.64471300000001,46.909044,0 -90.63493699999998,46.90686599999999,0 -90.607108,46.91881,0 -90.59379800000001,46.916213,0 -90.578587,46.918486,0 -90.55149099999998,46.92043399999999,0 -90.52772300000001,46.935692,0 -90.51152999999999,46.952454,0 -90.511623,46.961407,0 -90.5224,46.96718800000001,0 -90.53939600000001,46.96582999999999,0 -90.634783,46.942419,0 -90.65183399999999,46.925267,0 
							</coordinates>
						</LinearRing>
					</outerBoundaryIs>
				</Polygon>
				<Polygon>
					<tessellate>1</tessellate>
					<outerBoundaryIs>
						<LinearRing>
							<coordinates>
								-90.67791500000001,46.964226,0 -90.67910000000001,46.953708,0 -90.662505,46.95209,0 -90.63168400000002,46.970697,0 -90.63445,46.980403,0 -90.649602,46.98011600000001,0 -90.67791500000001,46.964226,0 
							</coordinates>
						</LinearRing>
					</outerBoundaryIs>
				</Polygon>
				<Polygon>
					<tessellate>1</tessellate>
					<outerBoundaryIs>
						<LinearRing>
							<coordinates>
								-90.69765799999999,47.034889,0 -90.696091,47.023249,0 -90.684237,47.019209,0 -90.673568,47.023519,0 -90.66685099999999,47.040216,0 -90.68066699999999,47.048083,0 -90.69273800000001,47.044982,0 -90.69765799999999,47.034889,0 
							</coordinates>
						</LinearRing>
					</outerBoundaryIs>
				</Polygon>
				<Polygon>
					<tessellate>1</tessellate>
					<outerBoundaryIs>
						<LinearRing>
							<coordinates>
								-90.702071,46.886646,0 -90.699637,46.880566,0 -90.68830699999999,46.878443,0 -90.67429,46.88251600000001,0 -90.66823899999999,46.88681,0 -90.67015499999999,46.893942,0 -90.67773099999999,46.896626,0 -90.68604100000002,46.895422,0 -90.69653199999999,46.89123499999999,0 -90.702071,46.886646,0 
							</coordinates>
						</LinearRing>
					</outerBoundaryIs>
				</Polygon>
				<Polygon>
					<tessellate>1</tessellate>
					<outerBoundaryIs>
						<LinearRing>
							<coordinates>
								-90.713082,46.993611,0 -90.709525,46.983638,0 -90.691744,46.98229,0 -90.67277799999999,46.996845,0 -90.67989000000001,47.00654600000001,0 -90.701228,47.007354,0 -90.713082,46.993611,0 
							</coordinates>
						</LinearRing>
					</outerBoundaryIs>
				</Polygon>
				<Polygon>
					<tessellate>1</tessellate>
					<outerBoundaryIs>
						<LinearRing>
							<coordinates>
								-90.750754,29.055644,0 -90.76501399999999,29.045255,0 -90.748377,29.04006,0 -90.683015,29.050449,0 -90.65211600000001,29.057721,0 -90.661624,29.072264,0 -90.698464,29.070186,0 -90.72698599999998,29.062915,0 -90.750754,29.055644,0 
							</coordinates>
						</LinearRing>
					</outerBoundaryIs>
				</Polygon>
				<Polygon>
					<tessellate>1</tessellate>
					<outerBoundaryIs>
						<LinearRing>
							<coordinates>
								-90.740544,46.964206,0 -90.76529100000002,46.94702100000001,0 -90.73710699999999,46.91471199999999,0 -90.69925200000002,46.914855,0 -90.68858299999999,46.920253,0 -90.694487,46.93671,0 -90.71511,46.957332,0 -90.740544,46.964206,0 
							</coordinates>
						</LinearRing>
					</outerBoundaryIs>
				</Polygon>
				<Polygon>
					<tessellate>1</tessellate>
					<outerBoundaryIs>
						<LinearRing>
							<coordinates>
								-90.76560599999999,46.83442399999999,0 -90.75919700000001,46.82928,0 -90.750057,46.831077,0 -90.72157999999999,46.854977,0 -90.719688,46.863162,0 -90.721755,46.871939,0 -90.73415900000001,46.874806,0 -90.74534,46.871103,0 -90.753379,46.862154,0 -90.76560599999999,46.83442399999999,0 
							</coordinates>
						</LinearRing>
					</outerBoundaryIs>
				</Polygon>
				<Polygon>
					<tessellate>1</tessellate>
					<outerBoundaryIs>
						<LinearRing>
							<coordinates>
								-90.77511800000001,47.024057,0 -90.76984400000001,47.003608,0 -90.75536100000001,46.998462,0 -90.740814,47.00238099999999,0 -90.738457,47.019478,0 -90.758816,47.03306,0 -90.77511800000001,47.024057,0 
							</coordinates>
						</LinearRing>
					</outerBoundaryIs>
				</Polygon>
				<Polygon>
					<tessellate>1</tessellate>
					<outerBoundaryIs>
						<LinearRing>
							<coordinates>
								-90.78726899999999,46.787151,0 -90.792023,46.78129199999999,0 -90.78203999999999,46.770874,0 -90.78869499999999,46.760129,0 -90.78573900000001,46.753712,0 -90.76364699999999,46.754927,0 -90.72452199999999,46.780966,0 -90.70931,46.783571,0 -90.67746099999999,46.783245,0 -90.659398,46.78649999999999,0 -90.657972,46.798542,0 -90.678307,46.806447,0 -90.67973299999998,46.814255,0 -90.613822,46.837942,0 -90.584489,46.83982499999999,0 -90.57826300000001,46.841653,0 -90.57314199999999,46.84588300000001,0 -90.57440800000001,46.850433,0 -90.58739199999999,46.858056,0 -90.602552,46.87270600000001,0 -90.61645199999998,46.874466,0 -90.62204800000001,46.872872,0 -90.63404800000001,46.864396,0 -90.643218,46.853844,0 -90.65694599999999,46.843476,0 -90.71238099999999,46.820743,0 -90.744012,46.798542,0 -90.78726899999999,46.787151,0 
							</coordinates>
						</LinearRing>
					</outerBoundaryIs>
				</Polygon>
				<Polygon>
					<tessellate>1</tessellate>
					<outerBoundaryIs>
						<LinearRing>
							<coordinates>
								-90.982101,46.985855,0 -90.979799,46.972611,0 -90.96521,46.962543,0 -90.931605,46.96466900000001,0 -90.925867,46.987598,0 -90.93308,46.998332,0 -90.982101,46.985855,0 
							</coordinates>
						</LinearRing>
					</outerBoundaryIs>
				</Polygon>
				<Polygon>
					<tessellate>1</tessellate>
					<outerBoundaryIs>
						<LinearRing>
							<coordinates>
								-92.01782700000001,29.590962,0 -92.03018599999999,29.572669,0 -92.015139,29.561328,0 -91.971954,29.543414,0 -91.96359699999999,29.535937,0 -91.94925599999999,29.53628,0 -91.91532099999999,29.518513,0 -91.900857,29.513948,0 -91.88398699999999,29.501702,0 -91.87046500000001,29.503808,0 -91.857274,29.500085,0 -91.846463,29.479308,0 -91.821579,29.473925,0 -91.814606,29.482061,0 -91.80355799999998,29.487879,0 -91.786202,29.483108,0 -91.768263,29.490362,0 -91.77420499999998,29.504946,0 -91.765411,29.524802,0 -91.735344,29.540106,0 -91.71324,29.55551,0 -91.71108099999998,29.569328,0 -91.73154100000001,29.562539,0 -91.733324,29.580834,0 -91.74632299999999,29.574337,0 -91.765173,29.575046,0 -91.77658199999999,29.583831,0 -91.78466299999999,29.594062,0 -91.80272699999999,29.588688,0 -91.806631,29.600197,0 -91.83094499999999,29.611618,0 -91.848242,29.627124,0 -91.86642500000001,29.629707,0 -91.88627099999998,29.628467,0 -91.90053199999998,29.634458,0 -91.927865,29.632496,0 -91.939903,29.610291,0 -91.960887,29.608937,0 -91.98264999999999,29.61421,0 -92.005348,29.603052,0 -92.0092636191027,29.5992584400231,0 -92.01782700000001,29.590962,0 
							</coordinates>
						</LinearRing>
					</outerBoundaryIs>
				</Polygon>
				<Polygon>
					<tessellate>1</tessellate>
					<outerBoundaryIs>
						<LinearRing>
							<coordinates>
								-118.603308,33.477316,0 -118.602787,33.469666,0 -118.575901,33.448261,0 -118.570927,33.439351,0 -118.563442,33.434381,0 -118.558715,33.433419,0 -118.53738,33.434608,0 -118.52323,33.430733,0 -118.516267,33.425075,0 -118.503952,33.424234,0 -118.48875,33.419826,0 -118.484949,33.412131,0 -118.478465,33.38632,0 -118.482609,33.369914,0 -118.48877,33.356649,0 -118.481886,33.344123,0 -118.465368,33.326056,0 -118.456309,33.32182,0 -118.440047,33.318638,0 -118.402941,33.320901,0 -118.374768,33.320065,0 -118.360332,33.31533,0 -118.343249,33.305234,0 -118.325244,33.299075,0 -118.316787,33.301137,0 -118.305084,33.310323,0 -118.303174,33.320264,0 -118.310213,33.335795,0 -118.315345651128,33.3420320017876,0 -118.316083,33.342928,0 -118.32446,33.348782,0 -118.332295848022,33.3564169090637,0 -118.365094,33.388374,0 -118.368301,33.40711,0 -118.370323,33.409285,0 -118.382037,33.409883,0 -118.423576,33.427258,0 -118.445812,33.428907,0 -118.477646,33.448392,0 -118.48557,33.446213,0 -118.499669,33.447879,0 -118.530702,33.468071,0 -118.54453,33.474119,0 -118.595643,33.479735,0 -118.603308,33.477316,0 
							</coordinates>
						</LinearRing>
					</outerBoundaryIs>
				</Polygon>
				<Polygon>
					<tessellate>1</tessellate>
					<outerBoundaryIs>
						<LinearRing>
							<coordinates>
								-118.605534,33.030999,0 -118.606559,33.01469,0 -118.596037,33.015357,0 -118.586928,33.008281,0 -118.573522,32.969183,0 -118.560887,32.957891,0 -118.551134,32.945155,0 -118.535823,32.90628,0 -118.524531,32.895488,0 -118.524641,32.893175,0 -118.507193,32.876264,0 -118.508095,32.871321,0 -118.506902,32.868503,0 -118.496298,32.851572,0 -118.487908,32.84459,0 -118.476074,32.841754,0 -118.44492,32.820593,0 -118.428372,32.806872,0 -118.42943,32.805429,0 -118.425634,32.800595,0 -118.401268,32.820338,0 -118.394565,32.823978,0 -118.387375,32.825327,0 -118.379968,32.824545,0 -118.36053,32.819921,0 -118.356541,32.817311,0 -118.353504,32.821962,0 -118.369984,32.839273,0 -118.446771,32.895424,0 -118.460623,32.90951,0 -118.479039,32.920363,0 -118.485288,32.923545,0 -118.496811,32.933847,0 -118.529228,32.970921,0 -118.540069,32.980933,0 -118.559171,33.006291,0 -118.564527,33.018637,0 -118.564445,33.024914,0 -118.569013,33.029151,0 -118.57516,33.033961,0 -118.594033,33.035951,0 -118.605534,33.030999,0 
							</coordinates>
						</LinearRing>
					</outerBoundaryIs>
				</Polygon>
				<Polygon>
					<tessellate>1</tessellate>
					<outerBoundaryIs>
						<LinearRing>
							<coordinates>
								-119.045209,33.48206,0 -119.044189,33.468345,0 -119.037048,33.465521,0 -119.029755,33.467845,0 -119.026623,33.478962,0 -119.031864,33.48554,0 -119.045209,33.48206,0 
							</coordinates>
						</LinearRing>
					</outerBoundaryIs>
				</Polygon>
				<Polygon>
					<tessellate>1</tessellate>
					<outerBoundaryIs>
						<LinearRing>
							<coordinates>
								-119.441086641053,34.0155686815149,0 -119.442934,34.013359,0 -119.440981794057,34.0091953328976,0 -119.4388,34.004542,0 -119.394811,33.998458,0 -119.362017,34.005954,0 -119.358697237947,34.0138177456065,0 -119.357464,34.016739,0 -119.359174430769,34.0179280806479,0 -119.367326,34.023595,0 -119.397477,34.014263,0 -119.436474,34.021086,0 -119.441086641053,34.0155686815149,0 
							</coordinates>
						</LinearRing>
					</outerBoundaryIs>
				</Polygon>
				<Polygon>
					<tessellate>1</tessellate>
					<outerBoundaryIs>
						<LinearRing>
							<coordinates>
								-119.578942,33.278628,0 -119.570642,33.257729,0 -119.566014,33.252639,0 -119.565641,33.250029,0 -119.564971,33.24744,0 -119.545872,33.233406,0 -119.517514,33.226737,0 -119.511659,33.223027,0 -119.500684,33.220569,0 -119.476029,33.21552,0 -119.464725,33.215432,0 -119.444269,33.21919,0 -119.429559,33.228167,0 -119.458466,33.254661,0 -119.465717,33.259239,0 -119.48278,33.263973,0 -119.495547384726,33.2690524231418,0 -119.50504,33.272829,0 -119.528141,33.284929,0 -119.532941,33.284728,0 -119.543842,33.280329,0 -119.547642,33.280328,0 -119.555242,33.273429,0 -119.562042,33.271129,0 -119.578942,33.278628,0 
							</coordinates>
						</LinearRing>
					</outerBoundaryIs>
				</Polygon>
				<Polygon>
					<tessellate>1</tessellate>
					<outerBoundaryIs>
						<LinearRing>
							<coordinates>
								-119.919155,34.07728,0 -119.923337,34.069361,0 -119.916216,34.058351,0 -119.892821,34.045529,0 -119.876329,34.032087,0 -119.876916,34.023527,0 -119.882531,34.011674,0 -119.884896,34.008814,0 -119.883033,34.000802,0 -119.877057,33.985757,0 -119.873358,33.980375,0 -119.842748,33.97034,0 -119.795938,33.962929,0 -119.758141,33.959212,0 -119.750438,33.963759,0 -119.742966,33.963877,0 -119.721206,33.959583,0 -119.714696,33.961439,0 -119.712363,33.965422,0 -119.706952,33.969178,0 -119.69011,33.972225,0 -119.662825,33.985889,0 -119.64771,33.987786,0 -119.621117,33.98899,0 -119.619082,33.987228,0 -119.596877,33.988611,0 -119.5902,33.989712,0 -119.575636,33.996009,0 -119.560464,33.99553,0 -119.554472,33.99782,0 -119.547072,34.005469,0 -119.54828,34.009819,0 -119.542449,34.021082,0 -119.538847,34.023988,0 -119.532413,34.024949,0 -119.52177,34.032247,0 -119.52064,34.034262,0 -119.529603,34.041155,0 -119.5667,34.053452,0 -119.57341,34.05011,0 -119.59324,34.049625,0 -119.609239,34.03735,0 -119.608798,34.035245,0 -119.604287,34.031561,0 -119.612226,34.021256,0 -119.619343,34.016468,0 -119.637742,34.013178,0 -119.686507,34.019805,0 -119.704628,34.037681,0 -119.712576,34.043265,0 -119.726437,34.047908,0 -119.739472,34.049299,0 -119.755521,34.056716,0 -119.763688,34.057155,0 -119.766081,34.05537,0 -119.770729,34.055051,0 -119.789798,34.05726,0 -119.807825,34.052127,0 -119.818742,34.052997,0 -119.825865,34.059794,0 -119.857304,34.071298,0 -119.89113,34.072856,0 -119.912857,34.077508,0 -119.919155,34.07728,0 
							</coordinates>
						</LinearRing>
					</outerBoundaryIs>
				</Polygon>
				<Polygon>
					<tessellate>1</tessellate>
					<outerBoundaryIs>
						<LinearRing>
							<coordinates>
								-120.247393,34.001911,0 -120.248484,33.999329,0 -120.224461,33.989059,0 -120.209372,33.972376,0 -120.200085,33.956904,0 -120.198602,33.952211,0 -120.192339,33.950266,0 -120.18984,33.947703,0 -120.179049,33.927994,0 -120.168974,33.91909,0 -120.121817,33.895712,0 -120.109137,33.899129,0 -120.105489,33.90428,0 -120.098601,33.907853,0 -120.077793,33.908886,0 -120.049682,33.914563,0 -120.048611,33.915775,0 -120.048315,33.917625,0 -120.046881,33.919597,0 -120.017715,33.936366,0 -120.00096,33.941554,0 -119.973691,33.942481,0 -119.97026,33.944359,0 -119.971141,33.950401,0 -119.976857,33.956693,0 -119.979913,33.969623,0 -119.978876,33.983081,0 -119.984316,33.983948,0 -120.003815,33.979547,0 -120.011123,33.979894,0 -120.025653,33.985553,0 -120.041311,33.994507,0 -120.046575,34.000002,0 -120.048926,34.009898,0 -120.050382,34.013331,0 -120.047798,34.021227,0 -120.044004,34.02482,0 -120.043259,34.035806,0 -120.055107,34.037729,0 -120.057637,34.03734,0 -120.061953,34.033976,0 -120.062778,34.031161,0 -120.073609,34.024477,0 -120.090182,34.019806,0 -120.115058,34.019866,0 -120.135853,34.026087,0 -120.140362,34.025974,0 -120.147647,34.024831,0 -120.151663,34.018126,0 -120.167306,34.008219,0 -120.19578,34.004284,0 -120.208478,34.005655,0 -120.221287,34.010367,0 -120.230001,34.010136,0 -120.238657,34.007592,0 -120.247393,34.001911,0 
							</coordinates>
						</LinearRing>
					</outerBoundaryIs>
				</Polygon>
				<Polygon>
					<tessellate>1</tessellate>
					<outerBoundaryIs>
						<LinearRing>
							<coordinates>
								-120.449114,34.037345,0 -120.454134,34.028081,0 -120.427408,34.025425,0 -120.419021,34.028949,0 -120.415225,34.032245,0 -120.409368,34.032198,0 -120.375143,34.018775,0 -120.35793,34.015029,0 -120.35532,34.017914,0 -120.347706,34.020114,0 -120.317052,34.018837,0 -120.304543,34.021171,0 -120.302122,34.023574,0 -120.313175,34.036576,0 -120.319032,34.041979,0 -120.331161,34.049097,0 -120.346946,34.046576,0 -120.358608,34.050235,0 -120.36029,34.05582,0 -120.354982,34.059256,0 -120.362251,34.073056,0 -120.368278,34.076465,0 -120.370176,34.074907,0 -120.368584,34.071214,0 -120.368813,34.06778,0 -120.374211,34.062658,0 -120.390906,34.051994,0 -120.396188,34.050187,0 -120.403613,34.050442,0 -120.411314,34.052869,0 -120.415287,34.05496,0 -120.418768,34.052093,0 -120.435008,34.041872,0 -120.449114,34.037345,0 
							</coordinates>
						</LinearRing>
					</outerBoundaryIs>
				</Polygon>
				<Polygon>
					<tessellate>1</tessellate>
					<outerBoundaryIs>
						<LinearRing>
							<coordinates>
								-122.328343,48.021335,0 -122.334524,48.018916,0 -122.326115,48.010295,0 -122.306629,48.004397,0 -122.303455,48.00560300000001,0 -122.312935892073,48.0130637655022,0 -122.321721,48.019977,0 -122.328343,48.021335,0 
							</coordinates>
						</LinearRing>
					</outerBoundaryIs>
				</Polygon>
				<Polygon>
					<tessellate>1</tessellate>
					<outerBoundaryIs>
						<LinearRing>
							<coordinates>
								-122.377879,37.830648,0 -122.3785,37.826505,0 -122.37267,37.81651,0 -122.372422,37.811301,0 -122.362661,37.807577,0 -122.358779,37.814278,0 -122.363244,37.823951,0 -122.369941,37.832137,0 -122.377879,37.830648,0 
							</coordinates>
						</LinearRing>
					</outerBoundaryIs>
				</Polygon>
				<Polygon>
					<tessellate>1</tessellate>
					<outerBoundaryIs>
						<LinearRing>
							<coordinates>
								-122.444759,37.861277,0 -122.441745,37.855679,0 -122.429795,37.853081,0 -122.420926,37.857122,0 -122.421979,37.867955,0 -122.430786,37.87106,0 -122.438565,37.868367,0 -122.444759,37.861277,0 
							</coordinates>
						</LinearRing>
					</outerBoundaryIs>
				</Polygon>
				<Polygon>
					<tessellate>1</tessellate>
					<outerBoundaryIs>
						<LinearRing>
							<coordinates>
								-122.504462,47.551674,0 -122.511593,47.54766399999999,0 -122.502085,47.528409,0 -122.490201,47.525199,0 -122.489571661336,47.5255466961315,0 -122.477129,47.532421,0 -122.477129,47.546059,0 -122.504462,47.551674,0 
							</coordinates>
						</LinearRing>
					</outerBoundaryIs>
				</Polygon>
				<Polygon>
					<tessellate>1</tessellate>
					<outerBoundaryIs>
						<LinearRing>
							<coordinates>
								-122.526029,47.358907,0 -122.528129,47.34554200000001,0 -122.51885,47.33332000000001,0 -122.504913,47.33068000000001,0 -122.493123,47.330253,0 -122.491237,47.335172,0 -122.483531001162,47.3385539082895,0 -122.481314064473,47.33952684855641,0 -122.469702,47.344623,0 -122.457494,47.34256700000001,0 -122.453998,47.343337,0 -122.448399,47.354987,0 -122.437809,47.365606,0 -122.401767,47.38132499999999,0 -122.378482,47.38533,0 -122.373629,47.388718,0 -122.395054,47.399277,0 -122.427327,47.402129,0 -122.437656,47.407424,0 -122.439931,47.417007,0 -122.439923058458,47.4176476484682,0 -122.439415,47.458633,0 -122.433386,47.46643,0 -122.460027,47.48686,0 -122.460442,47.493764,0 -122.452399,47.50347099999999,0 -122.474684,47.511068,0 -122.482739,47.483133,0 -122.497862,47.47591500000001,0 -122.513328,47.44910600000001,0 -122.514703,47.414048,0 -122.521383676115,47.4054586386145,0 -122.526733,47.398581,0 -122.514247,47.372302,0 -122.526029,47.358907,0 
							</coordinates>
						</LinearRing>
					</outerBoundaryIs>
				</Polygon>
				<Polygon>
					<tessellate>1</tessellate>
					<outerBoundaryIs>
						<LinearRing>
							<coordinates>
								-122.653612,48.548975,0 -122.654342,48.537956,0 -122.652041,48.53132900000001,0 -122.649256,48.528769,0 -122.640414,48.52586000000001,0 -122.635738,48.526021,0 -122.619858,48.529246,0 -122.599948,48.536904,0 -122.590194,48.536259,0 -122.583565,48.53234,0 -122.572967,48.529028,0 -122.578856,48.54813,0 -122.583985,48.551534,0 -122.592901,48.553635,0 -122.610841,48.56114599999999,0 -122.629321,48.5722,0 -122.642597,48.588339,0 -122.649405,48.588457,0 -122.652385,48.583432,0 -122.650786,48.554019,0 -122.653612,48.548975,0 
							</coordinates>
						</LinearRing>
					</outerBoundaryIs>
				</Polygon>
				<Polygon>
					<tessellate>1</tessellate>
					<outerBoundaryIs>
						<LinearRing>
							<coordinates>
								-122.69806,48.62308,0 -122.699266,48.621115,0 -122.686136,48.613267,0 -122.676796,48.610055,0 -122.666149,48.608088,0 -122.666142007099,48.6080893805103,0 -122.657016,48.60989099999999,0 -122.674173,48.629944,0 -122.69806,48.62308,0 
							</coordinates>
						</LinearRing>
					</outerBoundaryIs>
				</Polygon>
				<Polygon>
					<tessellate>1</tessellate>
					<outerBoundaryIs>
						<LinearRing>
							<coordinates>
								-122.722262,48.731624,0 -122.721981,48.723375,0 -122.718833,48.716818,0 -122.702223,48.717004,0 -122.691795,48.711498,0 -122.673538,48.68080900000001,0 -122.635299,48.651846,0 -122.616956,48.645563,0 -122.609576,48.645018,0 -122.618225,48.67072099999999,0 -122.644901,48.691389,0 -122.663259,48.69707699999999,0 -122.668947,48.706644,0 -122.695907,48.73727299999999,0 -122.70306,48.743602,0 -122.715709,48.748672,0 -122.722262,48.731624,0 
							</coordinates>
						</LinearRing>
					</outerBoundaryIs>
				</Polygon>
				<Polygon>
					<tessellate>1</tessellate>
					<outerBoundaryIs>
						<LinearRing>
							<coordinates>
								-122.739898,48.583949,0 -122.73944,48.57389300000001,0 -122.736199,48.569005,0 -122.73048,48.56560200000001,0 -122.724031,48.549906,0 -122.722407,48.540606,0 -122.717278,48.539739,0 -122.716398138085,48.5398706094912,0 -122.68944,48.543903,0 -122.670638,48.568812,0 -122.691745,48.59061199999999,0 -122.694672,48.596602,0 -122.714512,48.60878,0 -122.72493,48.603263,0 -122.739898,48.583949,0 
							</coordinates>
						</LinearRing>
					</outerBoundaryIs>
				</Polygon>
				<Polygon>
					<tessellate>1</tessellate>
					<outerBoundaryIs>
						<LinearRing>
							<coordinates>
								-122.769939,48.227548,0 -122.770045,48.22439499999999,0 -122.763042,48.215342,0 -122.744612,48.20965,0 -122.73503,48.199964,0 -122.715900274037,48.1947663944125,0 -122.711508,48.193573,0 -122.693084,48.18150899999999,0 -122.686626,48.17465300000001,0 -122.679556,48.155113,0 -122.677337,48.154587,0 -122.671235,48.157312,0 -122.65602,48.162513,0 -122.633167,48.163281,0 -122.617464,48.15905500000001,0 -122.61210052789,48.1541676922709,0 -122.609568,48.15186000000001,0 -122.602109,48.135249,0 -122.598301,48.110616,0 -122.607291,48.088034,0 -122.613217,48.079485,0 -122.614028,48.072788,0 -122.594922,48.056318,0 -122.593621,48.0472,0 -122.596786,48.038834,0 -122.607342,48.030992,0 -122.58178,48.010386,0 -122.579776126108,48.0100283561163,0 -122.562069674287,48.0068681751186,0 -122.560018,48.006502,0 -122.542924,47.996404,0 -122.541564,47.992998,0 -122.543063,47.985983,0 -122.551032,47.977346,0 -122.552053,47.973644,0 -122.546824,47.967215,0 -122.521219,47.97299700000001,0 -122.51778,47.974916,0 -122.514813,47.981152,0 -122.501257,47.987089,0 -122.487505,47.990729,0 -122.47266,47.988449,0 -122.470370828737,47.9862201025516,0 -122.446682,47.963155,0 -122.44076,47.951845,0 -122.44079,47.946594,0 -122.445759,47.93619,0 -122.445519,47.930226,0 -122.431035,47.914732,0 -122.419274,47.912125,0 -122.397349,47.912401,0 -122.39042,47.905696,0 -122.380497,47.904023,0 -122.3773,47.905941,0 -122.37578,47.910252,0 -122.376837,47.92370300000001,0 -122.367876,47.932415,0 -122.358812,47.93742,0 -122.350741,47.953235,0 -122.349597,47.958796,0 -122.350254,47.969355,0 -122.352833111175,47.9786342686231,0 -122.353611,47.981433,0 -122.369161,47.99529499999999,0 -122.373263,48.000791,0 -122.376259,48.034457,0 -122.387382,48.03402999999999,0 -122.400628,48.03656300000001,0 -122.419865838791,48.0418612859104,0 -122.431266,48.045001,0 -122.448419,48.054323,0 -122.461606,48.068501,0 -122.491104,48.09424200000001,0 -122.513276,48.09753799999999,0 -122.525422,48.096537,0 -122.516906,48.081085,0 -122.511081,48.075301,0 -122.513994,48.059077,0 -122.509652,48.039756,0 -122.517971,48.02243200000001,0 -122.529854235218,48.0186465065871,0 -122.537936,48.01607199999999,0 -122.54512,48.05255,0 -122.554559,48.077392,0 -122.571853,48.102143,0 -122.571615,48.105113,0 -122.559911,48.114186,0 -122.558205,48.119579,0 -122.567936,48.148624,0 -122.573838312329,48.1545263123288,0 -122.574905,48.155593,0 -122.582595,48.170424,0 -122.585778,48.182352,0 -122.588138,48.18594,0 -122.606406,48.208262,0 -122.628352,48.22246700000001,0 -122.63126,48.220686,0 -122.665318501069,48.2236959917039,0 -122.668385,48.223967,0 -122.710967,48.214109,0 -122.726179,48.222661,0 -122.721769,48.234407,0 -122.680875154949,48.2392363935621,0 -122.66921,48.24061399999999,0 -122.65343,48.25934,0 -122.652639,48.265081,0 -122.648186181287,48.26575216290379,0 -122.637673006479,48.2673367890443,0 -122.623779,48.26943099999999,0 -122.620748,48.28296099999999,0 -122.626757,48.288991,0 -122.618466,48.294159,0 -122.599532,48.29830299999999,0 -122.584086,48.297987,0 -122.574872,48.294903,0 -122.558332,48.282061,0 -122.555939273045,48.2818601119287,0 -122.551793,48.281512,0 -122.530976,48.28244500000001,0 -122.522756,48.285504,0 -122.519535,48.288314,0 -122.505828,48.29767699999999,0 -122.504729,48.300373,0 -122.506568,48.310041,0 -122.515979,48.320419,0 -122.551334,48.342138,0 -122.565525,48.348217,0 -122.585162,48.35330399999999,0 -122.588891,48.363005,0 -122.588173601402,48.3689931277742,0 -122.585038,48.395166,0 -122.595351,48.39719999999999,0 -122.596732,48.405626,0 -122.60198,48.409907,0 -122.609715,48.411565,0 -122.617174,48.40714500000001,0 -122.624293,48.400488,0 -122.634991,48.40424400000001,0 -122.644798,48.40548799999999,0 -122.664659,48.40150800000001,0 -122.664928,48.374823,0 -122.667100098015,48.3698535516279,0 -122.673731,48.35468299999999,0 -122.694591795905,48.3300367822742,0 -122.707077,48.315286,0 -122.717332617575,48.3080020191814,0 -122.722427550827,48.3043833783916,0 -122.72259,48.30426800000001,0 -122.732022,48.279425,0 -122.747918469484,48.2644393987589,0 -122.752563,48.26006100000001,0 -122.769939,48.227548,0 
							</coordinates>
						</LinearRing>
					</outerBoundaryIs>
				</Polygon>
				<Polygon>
					<tessellate>1</tessellate>
					<outerBoundaryIs>
						<LinearRing>
							<coordinates>
								-122.918065,48.76840700000001,0 -122.92075,48.755541,0 -122.908600726846,48.7507026951272,0 -122.902954479412,48.74845414361911,0 -122.896797,48.746002,0 -122.880344,48.751088,0 -122.877514,48.763892,0 -122.898498,48.769648,0 -122.918065,48.76840700000001,0 
							</coordinates>
						</LinearRing>
					</outerBoundaryIs>
				</Polygon>
				<Polygon>
					<tessellate>1</tessellate>
					<outerBoundaryIs>
						<LinearRing>
							<coordinates>
								-123.070427,48.699971,0 -123.047058,48.69577200000001,0 -123.03636,48.69007999999999,0 -123.035672,48.68535,0 -123.041645,48.678633,0 -123.042337,48.67566299999999,0 -123.021215,48.681416,0 -123.014449,48.684978,0 -123.005086,48.694342,0 -123.007511,48.718863,0 -123.009787,48.722291,0 -123.019699,48.721312,0 -123.025486,48.717966,0 -123.040179,48.717296,0 -123.070427,48.699971,0 
							</coordinates>
						</LinearRing>
					</outerBoundaryIs>
				</Polygon>
				<Polygon>
					<tessellate>1</tessellate>
					<outerBoundaryIs>
						<LinearRing>
							<coordinates>
								-123.090546,49.001976,0 -123.084498,48.986535,0 -123.083834,48.976139,0 -123.060717,48.975388,0 -123.040967,48.977305,0 -123.028091,48.973943,0 -123.021459,48.977299,0 -123.035393,49.002154,0 -123.090546,49.001976,0 
							</coordinates>
						</LinearRing>
					</outerBoundaryIs>
				</Polygon>
				<Polygon>
					<tessellate>1</tessellate>
					<outerBoundaryIs>
						<LinearRing>
							<coordinates>
								-123.203026,48.59617800000001,0 -123.20268,48.590214,0 -123.197754,48.586216,0 -123.184941,48.58697,0 -123.173061,48.579086,0 -123.171958,48.572255,0 -123.175852,48.568483,0 -123.176266,48.562131,0 -123.172412,48.556486,0 -123.16147,48.547618,0 -123.161853,48.539255,0 -123.164057,48.53562199999999,0 -123.163234,48.529544,0 -123.151065,48.513955,0 -123.148498794714,48.5116358592262,0 -123.141478,48.505291,0 -123.121070753411,48.4935109963512,0 -123.119451,48.492576,0 -123.067675,48.479497,0 -123.058154,48.471522,0 -123.039156,48.460003,0 -122.962009,48.451161,0 -122.950555015899,48.4535630706048,0 -122.937881,48.456221,0 -122.926901,48.460874,0 -122.920099,48.45842799999999,0 -122.91646,48.453263,0 -122.928004,48.439966,0 -122.917771,48.439781,0 -122.913888,48.443231,0 -122.903214,48.43697900000001,0 -122.889016,48.435947,0 -122.893646,48.42265499999999,0 -122.883759,48.41879300000001,0 -122.874135,48.418196,0 -122.825803,48.42413100000001,0 -122.812208,48.422326,0 -122.803521,48.42874799999999,0 -122.802509,48.433098,0 -122.807708,48.44405800000001,0 -122.810761151408,48.4490397555793,0 -122.8131,48.452856,0 -122.81973,48.458843,0 -122.817912,48.483888,0 -122.816332,48.487841,0 -122.800414,48.494467,0 -122.779124,48.508911,0 -122.777467,48.517799,0 -122.787347,48.523012,0 -122.788503,48.530393,0 -122.782618,48.545191,0 -122.772384,48.552143,0 -122.770349,48.558106,0 -122.771206,48.562426,0 -122.786586,48.576666,0 -122.801096,48.585425,0 -122.802605606937,48.5896289332339,0 -122.804869,48.595932,0 -122.800217,48.60169,0 -122.79877,48.602352,0 -122.79901,48.60468300000001,0 -122.808864,48.61531,0 -122.809622,48.619035,0 -122.792147,48.633502,0 -122.783875,48.635419,0 -122.755031,48.649512,0 -122.742082,48.660689,0 -122.743049,48.66199100000001,0 -122.800267,48.67962,0 -122.802545,48.68268199999999,0 -122.833124,48.698173,0 -122.875938,48.71211999999999,0 -122.894599,48.71503,0 -122.906252178903,48.7142786746786,0 -122.918252,48.713505,0 -122.942367,48.706723,0 -122.941316,48.702904,0 -122.949116,48.693398,0 -122.984853,48.672686,0 -122.988884,48.66724600000001,0 -123.009924,48.655064,0 -123.014829,48.647503,0 -123.015592,48.642567,0 -123.023495,48.634001,0 -123.048652,48.621002,0 -123.04653,48.61149,0 -123.041189,48.611947,0 -123.023433,48.59947699999999,0 -123.024902,48.594484,0 -123.034101,48.591767,0 -123.023213922244,48.5845794328527,0 -123.016647,48.58024399999999,0 -123.0048,48.58078799999999,0 -122.995026,48.57816200000001,0 -122.989649,48.57466800000001,0 -122.98611,48.56998400000001,0 -122.987296,48.561895,0 -123.005887602501,48.5611754547356,0 -123.015046,48.560821,0 -123.023951796407,48.5620586202063,0 -123.033669,48.563409,0 -123.048403,48.569216,0 -123.06004,48.582105,0 -123.074611,48.591816,0 -123.101552,48.59781999999999,0 -123.102074,48.60403500000001,0 -123.098254,48.61009199999999,0 -123.098462,48.612834,0 -123.107362,48.62245099999999,0 -123.135645,48.62017099999999,0 -123.139705,48.62278599999999,0 -123.151643,48.623686,0 -123.178425,48.622115,0 -123.195725,48.607055,0 -123.203026,48.59617800000001,0 
							</coordinates>
						</LinearRing>
					</outerBoundaryIs>
				</Polygon>
				<Polygon>
					<tessellate>1</tessellate>
					<outerBoundaryIs>
						<LinearRing>
							<coordinates>
								-123.236567,48.68895,0 -123.237148,48.683466,0 -123.215917,48.669352,0 -123.179596400455,48.654945963852,0 -123.170738626299,48.6514326569053,0 -123.134956,48.63724,0 -123.119677,48.632972,0 -123.106165,48.63347300000001,0 -123.122016,48.64706499999999,0 -123.130962,48.656789,0 -123.14799,48.66800099999999,0 -123.172066,48.679866,0 -123.186076,48.684917,0 -123.197953,48.68465999999999,0 -123.212892,48.689713,0 -123.236567,48.68895,0 
							</coordinates>
						</LinearRing>
					</outerBoundaryIs>
				</Polygon>
				<Polygon>
					<tessellate>1</tessellate>
					<outerBoundaryIs>
						<LinearRing>
							<coordinates>
								-124.731746,48.169997,0 -124.733174,48.163393,0 -124.731703,48.160402,0 -124.721725,48.153185,0 -124.695088,48.114878,0 -124.687101,48.098657,0 -124.688602,48.092466,0 -124.695114,48.087096,0 -124.696542,48.069274,0 -124.693676,48.05869700000001,0 -124.688359,48.05492699999999,0 -124.685393,48.049238,0 -124.682157,48.035987,0 -124.679024,48.015697,0 -124.67083,47.982366,0 -124.672427,47.964414,0 -124.662334,47.95145099999999,0 -124.651966,47.94317700000001,0 -124.645442,47.935338,0 -124.629706,47.896968,0 -124.630153,47.892467,0 -124.625512,47.887963,0 -124.610763100887,47.8806070165746,0 -124.609538,47.879996,0 -124.588172,47.87787800000001,0 -124.562363,47.86621599999999,0 -124.559034,47.863085,0 -124.558254,47.855979,0 -124.539927,47.836967,0 -124.51278,47.82251800000001,0 -124.50668,47.82391000000001,0 -124.497987,47.822605,0 -124.489737,47.81698800000001,0 -124.482154,47.797454,0 -124.47657,47.769671,0 -124.471687,47.766907,0 -124.453927,47.765334,0 -124.430546,47.74624900000001,0 -124.425195,47.738434,0 -124.420219,47.725294,0 -124.412106,47.691199,0 -124.395983,47.665534,0 -124.382215,47.632302,0 -124.374927,47.603891,0 -124.371746,47.599575,0 -124.366221,47.582439,0 -124.359028,47.547616,0 -124.355955,47.545698,0 -124.353637336447,47.5335371334958,0 -124.345155,47.48903,0 -124.336724,47.415996,0 -124.32665,47.388759,0 -124.324091,47.367602,0 -124.319379,47.355559,0 -124.307509,47.352268,0 -124.299943,47.34835999999999,0 -124.293288,47.339309,0 -124.286369,47.325162,0 -124.271193,47.305025,0 -124.257452,47.304059,0 -124.25359,47.30248,0 -124.242234,47.295101,0 -124.236349,47.287287,0 -124.219511455747,47.2446966129282,0 -124.209017,47.218151,0 -124.195893,47.17400000000001,0 -124.189725,47.146827,0 -124.185806,47.136017,0 -124.182802,47.134041,0 -124.183833,47.124807,0 -124.176745,47.092999,0 -124.173501,47.06637000000001,0 -124.170515555252,47.01747755914521,0 -124.169113,46.994508,0 -124.171161,46.958443,0 -124.174503,46.94162300000001,0 -124.180111,46.926357,0 -124.158624,46.929439,0 -124.141267,46.94026600000001,0 -124.124386,46.94387,0 -124.138035,46.970959,0 -124.139733,46.98837,0 -124.149723068198,47.0166776428345,0 -124.151288,47.021112,0 -124.149043,47.029294,0 -124.141517,47.035142,0 -124.122057,47.04165,0 -124.106378,47.04263999999999,0 -124.065856,47.04113999999999,0 -124.060487424289,47.0396517559727,0 -124.026345,47.030187,0 -124.016999,47.01484800000001,0 -124.017035,47.011717,0 -124.005248,47.003915,0 -124.005798700763,47.0032257100199,0 -124.010068,46.997882,0 -124.019727,46.99118899999999,0 -124.012218,46.985176,0 -123.991612,46.98021500000001,0 -123.959185,46.981759,0 -123.947996,46.971818,0 -123.939214,46.969739,0 -123.921617,46.971864,0 -123.898245,46.97192700000001,0 -123.889402,46.968904,0 -123.885390535601,46.9665302629629,0 -123.876136,46.961054,0 -123.863311516158,46.95100885089911,0 -123.86018,46.948556,0 -123.877864364884,46.9418495878412,0 -123.882884,46.939946,0 -123.915256,46.93296400000001,0 -123.957493,46.92126099999999,0 -123.979378,46.92303799999999,0 -123.985082,46.921916,0 -124.009519,46.91032500000001,0 -124.01366,46.90362999999999,0 -124.03624,46.898473,0 -124.046344,46.893972,0 -124.049279,46.891253,0 -124.055085,46.870429,0 -124.061051,46.865127,0 -124.066349,46.863504,0 -124.068069607892,46.8629924472989,0 -124.073113,46.861493,0 -124.089286,46.867716,0 -124.090422,46.8955,0 -124.093392,46.901168,0 -124.110641,46.91252000000001,0 -124.117712,46.91238,0 -124.138225,46.905534,0 -124.122979,46.879809,0 -124.11570065339,46.8586001490404,0 -124.108078,46.836388,0 -124.101232,46.810656,0 -124.0983430316,46.7940669968361,0 -124.096655,46.784374,0 -124.095041,46.75681199999999,0 -124.096515,46.746202,0 -124.092176,46.74162400000001,0 -124.080983,46.73500300000001,0 -124.063117,46.733664,0 -124.046399,46.725686,0 -124.042111,46.722783,0 -124.042478,46.72004,0 -124.022413,46.708973,0 -124.003458,46.70233700000001,0 -123.994242,46.707929,0 -123.987521,46.70750699999999,0 -123.973663,46.70335299999999,0 -123.966886,46.705184,0 -123.975157,46.71397099999999,0 -123.979655,46.724658,0 -123.974994,46.733391,0 -123.968564,46.736106,0 -123.948683,46.72536900000001,0 -123.929073,46.725278,0 -123.916874,46.726739,0 -123.91285,46.730647,0 -123.91584,46.737322,0 -123.916371,46.741322,0 -123.910716,46.746715,0 -123.898641,46.750205,0 -123.893054,46.750204,0 -123.889605839122,46.7460876447611,0 -123.87668,46.73065699999999,0 -123.870782,46.728327,0 -123.862149,46.727749,0 -123.848725,46.719898,0 -123.83347,46.718322,0 -123.82924,46.70898500000001,0 -123.833007,46.702467,0 -123.837548032847,46.70249001575321,0 -123.851356,46.70256,0 -123.864902,46.698685,0 -123.895601,46.683672,0 -123.915596,46.678649,0 -123.923269,46.672708,0 -123.920916,46.653576,0 -123.921913,46.65026199999999,0 -123.940616,46.640862,0 -123.960642,46.636364,0 -123.959175,46.613581,0 -123.955556,46.60357,0 -123.939139,46.596326,0 -123.928861,46.58887499999999,0 -123.922332,46.577057,0 -123.920247,46.56734299999999,0 -123.916902,46.562633,0 -123.903321,46.55191000000001,0 -123.894254,46.53702799999999,0 -123.897242,46.52848,0 -123.896703,46.522665,0 -123.905875189279,46.5170715713305,0 -123.921192,46.507731,0 -123.943667,46.477197,0 -123.939439,46.46715499999999,0 -123.942528,46.46519,0 -123.968044,46.473497,0 -123.97083,46.47537,0 -123.979213,46.489949,0 -123.979053,46.497378,0 -123.983688,46.498542,0 -123.988386,46.49700799999999,0 -123.99268,46.488617,0 -123.994181,46.468868,0 -123.99087,46.46573800000001,0 -123.990615,46.463019,0 -123.988401,46.44505,0 -123.97661,46.44125199999999,0 -123.965346,46.433257,0 -123.967009,46.415727,0 -123.961972,46.408898,0 -123.949896,46.410319,0 -123.953699,46.378845,0 -123.958054909508,46.3779368263222,0 -123.96392,46.37671399999999,0 -123.984835,46.37868099999999,0 -124.007177,46.371466,0 -124.015258,46.37868099999999,0 -124.016970739912,46.39208167165311,0 -124.025571598264,46.4593757645146,0 -124.026032,46.462978,0 -124.030959077682,46.49182105229659,0 -124.031737,46.496375,0 -124.029466238652,46.51035936342999,0 -124.026019,46.531589,0 -124.023148,46.564113,0 -124.023566,46.582559,0 -124.028799,46.59104000000001,0 -124.050842,46.617421,0 -124.052708,46.622796,0 -124.035874,46.630822,0 -124.048444,46.645827,0 -124.056476,46.64564500000001,0 -124.062715,46.642582,0 -124.068655,46.634879,0 -124.069583,46.63065100000001,0 -124.06842,46.601397,0 -124.061953,46.55616500000001,0 -124.058545832147,46.5127358795474,0 -124.057024,46.49333799999999,0 -124.057033511812,46.4913449551328,0 -124.057151374565,46.4666487404927,0 -124.057425,46.409315,0 -124.057994530424,46.3952846241492,0 -124.058351,46.386503,0 -124.060318869052,46.3678049501094,0 -124.063368999724,46.3388236032925,0 -124.064258821132,46.33036881049589,0 -124.064624,46.326899,0 -124.071384,46.305504,0 -124.076262,46.29649799999999,0 -124.081729,46.27471400000001,0 -124.082187,46.26915900000001,0 -124.080671,46.267239,0 -124.060961,46.278761,0 -124.044018,46.27592500000001,0 -124.038797,46.28367500000001,0 -124.035599,46.296843,0 -124.029924,46.308312,0 -124.020551,46.315737,0 -124.020414460993,46.31571946450361,0 -124.001264,46.31326,0 -123.985204,46.309039,0 -123.974509,46.303063,0 -123.970355,46.29935199999999,0 -123.970912,46.293866,0 -123.969427,46.291398,0 -123.954353,46.277001,0 -123.919581,46.251217,0 -123.909306,46.245491,0 -123.875525,46.239787,0 -123.806139,46.283588,0 -123.795556,46.28450099999999,0 -123.782654,46.280227,0 -123.775054,46.274599,0 -123.766682,46.27349899999999,0 -123.75956,46.27507299999999,0 -123.741478,46.290274,0 -123.728585,46.288725,0 -123.727895566158,46.289685234115,0 -123.724038,46.29505799999999,0 -123.724273,46.301161,0 -123.700764,46.30527799999999,0 -123.687763,46.299235,0 -123.680574,46.296025,0 -123.67876,46.290721,0 -123.678069,46.286469,0 -123.68008,46.277943,0 -123.679125,46.272502,0 -123.669501,46.26683200000001,0 -123.613544,46.259988,0 -123.581642,46.260502,0 -123.564405,46.262172,0 -123.559923,46.265098,0 -123.547636,46.26559499999999,0 -123.547659,46.259109,0 -123.548194,46.248245,0 -123.586205,46.228654,0 -123.60196,46.22474900000001,0 -123.619512,46.21531000000001,0 -123.626436257279,46.2141565865164,0 -123.632347,46.21317199999999,0 -123.644231,46.21317199999999,0 -123.660868,46.216296,0 -123.666751,46.218228,0 -123.673831,46.215418,0 -123.67538,46.212401,0 -123.674178,46.19820300000001,0 -123.69343,46.189812,0 -123.718149,46.18898899999999,0 -123.727791,46.196562,0 -123.735733,46.201257,0 -123.74577,46.20479100000001,0 -123.75046789737,46.20805436724,0 -123.757589,46.213001,0 -123.763308,46.211033,0 -123.766873,46.20626299999999,0 -123.771875,46.20344,0 -123.783204,46.19854,0 -123.793936,46.19628300000001,0 -123.821834,46.190293,0 -123.824412679777,46.19058450160969,0 -123.838801,46.192211,0 -123.849674368202,46.1910623806575,0 -123.864209,46.189527,0 -123.866643,46.187674,0 -123.863347,46.18235,0 -123.841521,46.169824,0 -123.841791380074,46.16793154308039,0 -123.842849,46.160529,0 -123.854801,46.15734199999999,0 -123.859049359637,46.15821023697301,0 -123.891186,46.164778,0 -123.9042,46.16929300000001,0 -123.912405,46.17945,0 -123.927038,46.191617,0 -123.950148,46.204097,0 -123.972942,46.212678,0 -123.988866,46.22715000000001,0 -123.998052,46.235327,0 -124.001998,46.237316,0 -124.011355,46.236223,0 -124.024305,46.229256,0 -124.010344,46.223514,0 -123.996766,46.20399,0 -123.974124,46.168798,0 -123.961625301618,46.1460979734688,0 -123.95919,46.14167499999999,0 -123.947531,46.116131,0 -123.933366,46.071672,0 -123.929984556436,46.0467937578809,0 -123.92933,46.041978,0 -123.927931398902,46.010474,0 -123.927891,46.009564,0 -123.936417224235,45.9808542983963,0 -123.937471,45.97730599999999,0 -123.941831,45.97566,0 -123.957438,45.974469,0 -123.969991,45.96913900000001,0 -123.979290493554,45.9602332603063,0 -123.982914188775,45.9567629975246,0 -123.993703,45.94643099999999,0 -123.99304,45.938842,0 -123.979501,45.930389,0 -123.96763,45.907807,0 -123.962736,45.869974,0 -123.961544,45.837101,0 -123.969353861959,45.783098,0 -123.969459,45.782371,0 -123.981864,45.76828499999999,0 -123.982578,45.761815,0 -123.968563,45.757019,0 -123.954087118655,45.7417504652302,0 -123.946027,45.73324900000001,0 -123.943121,45.727031,0 -123.94103639233,45.7166811754756,0 -123.939448,45.708795,0 -123.939211968894,45.6838215237195,0 -123.939005,45.661923,0 -123.939920590991,45.656227352357,0 -123.941679866336,45.6452833691082,0 -123.951246,45.585775,0 -123.956711,45.57130300000001,0 -123.950927001419,45.5672437765283,0 -123.947556,45.564878,0 -123.957568,45.51039900000001,0 -123.96634,45.493417,0 -123.970794,45.49350700000001,0 -123.976544,45.489733,0 -123.973756271928,45.4724833988392,0 -123.972953,45.467513,0 -123.964074,45.449112,0 -123.960557,45.43077799999999,0 -123.965728,45.386242,0 -123.972187696327,45.3597538762466,0 -123.973398,45.354791,0 -123.978955013993,45.3485742170505,0 -123.979715,45.347724,0 -124.007494,45.33974,0 -124.007756,45.33681299999999,0 -123.978671,45.33885399999999,0 -123.972899,45.33689,0 -123.964169,45.317026,0 -123.962887,45.280218,0 -123.972919,45.216784,0 -123.968512265873,45.2022870367373,0 -123.968187,45.201217,0 -123.973593785947,45.15957847341141,0 -123.975425,45.14547600000001,0 -123.989529,45.094045,0 -124.004863,45.084232,0 -124.006057,45.084736,0 -124.012163,45.07692100000001,0 -124.015851,45.064759,0 -124.017991,45.049808,0 -124.00977,45.04726600000001,0 -124.004668,45.04816700000001,0 -124.004386,45.04619699999999,0 -124.004597012963,45.0449668587576,0 -124.01448487883,44.9873236152879,0 -124.015243,44.982904,0 -124.017091597529,44.9757861141132,0 -124.023834,44.949825,0 -124.024993086351,44.9414756811252,0 -124.025678,44.936542,0 -124.025136,44.928175,0 -124.025447618374,44.9269839736841,0 -124.032296,44.900809,0 -124.045903377286,44.8589587771585,0 -124.048814,44.850007,0 -124.054151,44.838233,0 -124.063155,44.835333,0 -124.066746,44.831191,0 -124.074066,44.798107,0 -124.07509992681,44.7784837011107,0 -124.075473,44.771403,0 -124.066325,44.762671,0 -124.059077,44.737656,0 -124.063406,44.703177,0 -124.070394,44.683514,0 -124.060043,44.669361,0 -124.058281,44.658866,0 -124.058312330843,44.658743219609,0 -124.062121498473,44.6438157219045,0 -124.065008,44.632504,0 -124.065202,44.622445,0 -124.068064138541,44.61556511086,0 -124.06914,44.612979,0 -124.067251,44.60804,0 -124.076387,44.531214,0 -124.078031617554,44.5243539796482,0 -124.083601,44.501123,0 -124.084429,44.486927,0 -124.082061,44.478171,0 -124.082113,44.441518,0 -124.083735755218,44.4231435596893,0 -124.084401,44.415611,0 -124.091864232754,44.3717785617083,0 -124.092101,44.370388,0 -124.100587,44.331926,0 -124.109556,44.314545,0 -124.108088,44.309926,0 -124.10907,44.303707,0 -124.1152,44.286486,0 -124.115851774242,44.2762333228543,0 -124.115953,44.274641,0 -124.114869,44.272721,0 -124.109744,44.270597,0 -124.108945,44.265475,0 -124.111054,44.235071,0 -124.115671,44.206554,0 -124.114424,44.198164,0 -124.117006,44.171913,0 -124.125824,44.12613,0 -124.122406,44.104442,0 -124.124290289202,44.092840116294,0 -124.133547,44.035845,0 -124.135767345006,44.0170136519394,0 -124.138139062643,43.9968984715453,0 -124.142704,43.958182,0 -124.150267,43.91085,0 -124.158646168589,43.8637200082681,0 -124.168392,43.808903,0 -124.193455,43.706085,0 -124.198275,43.689481,0 -124.204888,43.673976,0 -124.203770371068,43.6702800131382,0 -124.203028,43.667825,0 -124.218706934612,43.6109319407061,0 -124.232027639074,43.5625960271003,0 -124.233534,43.55713,0 -124.255609,43.502172,0 -124.2782229273,43.454557493182,0 -124.286896,43.436296,0 -124.315012,43.388389,0 -124.341587,43.351337,0 -124.353332,43.342667,0 -124.373037,43.338953,0 -124.387642,43.325968,0 -124.402814,43.305872,0 -124.400404,43.302121,0 -124.393988,43.29926,0 -124.388891,43.290523,0 -124.38246,43.270167,0 -124.395607,43.223908,0 -124.395305586437,43.2112515950608,0 -124.395302,43.211101,0 -124.401726,43.184896,0 -124.417626226411,43.1436755845697,0 -124.424113,43.126859,0 -124.427595577081,43.123196196692,0 -124.434451,43.115986,0 -124.432236,43.097383,0 -124.43300529265,43.0923208524276,0 -124.436198,43.071312,0 -124.456918,43.000315,0 -124.462619,42.99143,0 -124.479636362958,42.9543325389089,0 -124.480938,42.951495,0 -124.500141,42.917502,0 -124.552441,42.840568,0 -124.544179,42.822958,0 -124.536073,42.814175,0 -124.524439,42.789793,0 -124.516236,42.753632,0 -124.514669,42.736806,0 -124.513368,42.735068,0 -124.510017,42.734746,0 -124.499122,42.738606,0 -124.498473,42.741077,0 -124.491679,42.741789,0 -124.473864,42.732671,0 -124.448418,42.689909,0 -124.447487,42.68474,0 -124.447873851781,42.6840670501793,0 -124.451484,42.677787,0 -124.45074,42.675798,0 -124.416774,42.661594,0 -124.413119,42.657934,0 -124.401177,42.627192,0 -124.399421,42.618079,0 -124.400918,42.597518,0 -124.389977,42.574758,0 -124.390664,42.566593,0 -124.399065,42.539928,0 -124.421381,42.491737,0 -124.423084,42.478952,0 -124.422038,42.461226,0 -124.435105,42.440163,0 -124.434882,42.434916,0 -124.428607141673,42.4214868454672,0 -124.428068,42.420333,0 -124.424863,42.395426,0 -124.424066,42.377242,0 -124.425554,42.351874,0 -124.427222,42.33488,0 -124.429288,42.331746,0 -124.410556,42.307431,0 -124.405148,42.278107,0 -124.405190780526,42.2778843404527,0 -124.408514,42.260588,0 -124.411534,42.254115,0 -124.410982,42.250547,0 -124.383633,42.22716,0 -124.377762,42.218809,0 -124.375553,42.20882,0 -124.376215,42.196381,0 -124.374949,42.193129,0 -124.373175,42.190218,0 -124.367751,42.188321,0 -124.361009,42.180752,0 -124.360318,42.162272,0 -124.363389,42.158588,0 -124.366832,42.15845,0 -124.366028,42.152343,0 -124.361563,42.143767,0 -124.355696,42.141964,0 -124.351784,42.134965,0 -124.351535,42.129796,0 -124.357122,42.118016,0 -124.356229,42.114952,0 -124.34101,42.092929,0 -124.315484761696,42.0689856558849,0 -124.314289,42.067864,0 -124.299649,42.051736,0 -124.287374,42.046016,0 -124.270464,42.045553,0 -124.270094481163,42.0452927713962,0 -124.244806479042,42.0274840405993,0 -124.214213,42.005939,0 -124.211605,41.99846,0 -124.204948,41.983441,0 -124.203402,41.940964,0 -124.203814352316,41.936643837911,0 -124.208439,41.888192,0 -124.219592,41.846432,0 -124.227012563148,41.8278564950469,0 -124.230678,41.818681,0 -124.245027,41.7923,0 -124.255994,41.783014,0 -124.248704,41.771459,0 -124.243441961981,41.7719305822725,0 -124.242288,41.772034,0 -124.23972,41.7708,0 -124.215062425874,41.7544667712156,0 -124.203843,41.747035,0 -124.194953,41.736778,0 -124.193287086793,41.7364804090641,0 -124.19104,41.736079,0 -124.185363,41.739351,0 -124.17739,41.745756,0 -124.164716,41.740126,0 -124.154246,41.728801,0 -124.154169714668,41.7286799302444,0 -124.147412,41.717955,0 -124.143479,41.709284,0 -124.138373,41.678881,0 -124.139354,41.671652,0 -124.135552,41.657307,0 -124.120225,41.640354,0 -124.116037,41.628849,0 -124.114413,41.616768,0 -124.100961,41.602499,0 -124.097385,41.585251,0 -124.101403,41.578524,0 -124.101123,41.569192,0 -124.092404,41.553615,0 -124.081987,41.547761,0 -124.081427,41.511228,0 -124.075917,41.501757,0 -124.066057,41.470258,0 -124.065520778075,41.4647394651375,0 -124.063076,41.439579,0 -124.072294,41.374844,0 -124.079015,41.347135,0 -124.092284,41.287695,0 -124.106389,41.240682,0 -124.106986,41.229678,0 -124.122677,41.189726,0 -124.1438,41.144686,0 -124.149674,41.140845,0 -124.158539,41.143021,0 -124.163988,41.138675,0 -124.165414,41.129822,0 -124.159065,41.121957,0 -124.160556,41.099011,0 -124.154513,41.087159,0 -124.154028,41.059923,0 -124.153622,41.05355,0 -124.151266,41.051101,0 -124.148939,41.051467,0 -124.147216,41.052884,0 -124.142867,41.054032,0 -124.138217,41.054342,0 -124.132946,41.052482,0 -124.125448,41.048504,0 -124.112165,41.028173,0 -124.112636203301,41.0251080517477,0 -124.118147,40.989263,0 -124.125943647185,40.96308144747,0 -124.12805949409,40.955976321949,0 -124.136743792149,40.9268139909599,0 -124.137066,40.925732,0 -124.158322,40.876069,0 -124.176715,40.843618,0 -124.201921,40.805111,0 -124.228244,40.76939,0 -124.233565844565,40.7603564314853,0 -124.248406,40.735166,0 -124.289119,40.67963,0 -124.312211093525,40.6418998107546,0 -124.312558,40.641333,0 -124.315141,40.639526,0 -124.329404,40.61643,0 -124.363545,40.548698,0 -124.379096,40.522865,0 -124.382816,40.519,0 -124.387023,40.504954,0 -124.383224,40.499852,0 -124.38494,40.48982,0 -124.396642,40.462119,0 -124.408601,40.443201,0 -124.409591,40.438076,0 -124.402623,40.422105,0 -124.391496,40.407047,0 -124.379082,40.398828,0 -124.373599,40.392923,0 -124.365357,40.374855,0 -124.362796,40.350046,0 -124.356595,40.335016,0 -124.353124,40.331425,0 -124.347853,40.314634,0 -124.363634,40.276212,0 -124.363414,40.260974,0 -124.352715,40.250453,0 -124.34307,40.243979,0 -124.327691,40.23737,0 -124.320912,40.226617,0 -124.296497,40.208816,0 -124.258405,40.184277,0 -124.231095,40.171581,0 -124.214895,40.160902,0 -124.187874,40.130542,0 -124.176944002957,40.1264944445391,0 -124.170767,40.124207,0 -124.139952,40.11635,0 -124.110549,40.103765,0 -124.087086,40.078442,0 -124.080709,40.06611,0 -124.079983,40.029773,0 -124.072509,40.022657,0 -124.068908,40.021307,0 -124.065069,40.024785,0 -124.056408,40.024305,0 -124.035904,40.013319,0 -124.023938149489,40.0012844214495,0 -123.99586,39.973045,0 -123.980031,39.962458,0 -123.962655,39.937635,0 -123.954952,39.922373,0 -123.930047,39.909697,0 -123.915853,39.881114,0 -123.915142,39.875313,0 -123.907664,39.863028,0 -123.881458,39.845422,0 -123.853764,39.8341,0 -123.851714,39.832041,0 -123.839797,39.795637,0 -123.83715,39.776232,0 -123.838089,39.752409,0 -123.835092,39.738768,0 -123.831599,39.730629,0 -123.829545,39.723071,0 -123.824744,39.718128,0 -123.808208,39.710715,0 -123.792659,39.684122,0 -123.78636,39.659932,0 -123.782322,39.621486,0 -123.78354,39.609517,0 -123.787417,39.604552,0 -123.76721,39.559852,0 -123.766518537127,39.5532205417836,0 -123.766475,39.552803,0 -123.778521,39.521478,0 -123.78417,39.509419,0 -123.795639,39.492215,0 -123.804299553059,39.4714503114221,0 -123.81469,39.446538,0 -123.817313510483,39.4279804429671,0 -123.818844061437,39.417154,0 -123.82059,39.404804,0 -123.822325,39.379987,0 -123.826306,39.36871,0 -123.825860795702,39.3651045301171,0 -123.825331,39.360814,0 -123.822085,39.343857,0 -123.817369,39.3388,0 -123.808772,39.324368,0 -123.811387,39.312825,0 -123.803081,39.291747,0 -123.801757,39.28353,0 -123.803848,39.278771,0 -123.798991,39.271355,0 -123.796450555904,39.2697462199397,0 -123.787893,39.264327,0 -123.777368,39.237214,0 -123.774998,39.212083,0 -123.765891,39.193657,0 -123.76101,39.191595,0 -123.742221,39.164885,0 -123.735034,39.142864,0 -123.718042,39.128225,0 -123.713392,39.108422,0 -123.711076486555,39.102335,0 -123.693969,39.057363,0 -123.690095,39.031157,0 -123.69074,39.021293,0 -123.6969,39.004401,0 -123.711149,38.977316,0 -123.721347,38.963879,0 -123.729053,38.956667,0 -123.732892,38.954994,0 -123.738886,38.95412,0 -123.726315,38.936367,0 -123.72763,38.9295,0 -123.725367,38.917438,0 -123.71054,38.91323,0 -123.688099,38.893594,0 -123.659846,38.872529,0 -123.654696,38.865638,0 -123.652212,38.854582,0 -123.647387,38.845472,0 -123.642676,38.844005,0 -123.638637,38.843865,0 -123.605317,38.822765,0 -123.601569,38.81899,0 -123.600221,38.814115,0 -123.58638,38.802857,0 -123.579856,38.802835,0 -123.571987,38.798189,0 -123.541837,38.776764,0 -123.533535,38.768408,0 -123.525152,38.753801,0 -123.514784,38.741966,0 -123.490021,38.732213,0 -123.461291,38.717001,0 -123.453922125923,38.7104854156407,0 -123.441774,38.699744,0 -123.43272,38.687131,0 -123.405663,38.656729,0 -123.40301,38.649449,0 -123.398166,38.647044,0 -123.379303,38.621953,0 -123.371876,38.607235,0 -123.349612,38.596805,0 -123.343338,38.590008,0 -123.331899,38.565542,0 -123.297151,38.543452,0 -123.287156,38.540223,0 -123.249797,38.511045,0 -123.202277,38.494314,0 -123.179651712427,38.4820909548823,0 -123.166428,38.474947,0 -123.155571358425,38.4669600142419,0 -123.145325,38.459422,0 -123.128825,38.450418,0 -123.122379,38.437314,0 -123.103706,38.415541,0 -123.085572,38.390525,0 -123.068265,38.359865,0 -123.068437,38.33521,0 -123.074684,38.322574,0 -123.063671,38.302178,0 -123.058239,38.298355,0 -123.053504,38.299385,0 -123.052021,38.302246,0 -123.052551845025,38.30351419059,0 -123.053476,38.305722,0 -123.051061,38.310693,0 -123.038742,38.313576,0 -123.024333,38.310573,0 -123.004122,38.297012,0 -123.002911201262,38.2957083549502,0 -122.997106,38.289458,0 -122.994603,38.283096,0 -122.986319,38.273164,0 -122.977082,38.267902,0 -122.967203,38.250691,0 -122.969811,38.238776,0 -122.9766211891,38.2376106375034,0 -122.986501,38.23592,0 -122.989586,38.229091,0 -122.968112,38.202428,0 -122.96637,38.198514,0 -122.965408,38.187113,0 -122.953629,38.17567,0 -122.949626,38.164041,0 -122.949074,38.15406,0 -122.952086,38.138562,0 -122.960889,38.112962,0 -122.99242,38.041758,0 -123.010204,38.006284,0 -123.018983,38.001211,0 -123.019617,37.994222,0 -123.011149,37.991695,0 -122.984669,37.990032,0 -122.977633,37.992648,0 -122.977515,37.998227,0 -122.98342,38.004552,0 -122.972378,38.020247,0 -122.956811,38.02872,0 -122.939711,38.031908,0 -122.882114,38.025273,0 -122.856573,38.016717,0 -122.821383,37.996735,0 -122.797405,37.976657,0 -122.791739,37.969422,0 -122.783244,37.951334,0 -122.766138,37.938004,0 -122.754606,37.935527,0 -122.736898,37.925825,0 -122.73688374446,37.9258050422438,0 -122.732898,37.920225,0 -122.727297,37.904626,0 -122.70264,37.89382,0 -122.693569,37.901171,0 -122.682171,37.90645,0 -122.678474,37.906604,0 -122.656519,37.904519,0 -122.639977,37.897349,0 -122.627236038887,37.8861877833658,0 -122.627113,37.88608,0 -122.60129,37.875126,0 -122.584289,37.859227,0 -122.561487,37.851827,0 -122.548986,37.836227,0 -122.537285,37.830328,0 -122.529185,37.819028,0 -122.505383,37.822128,0 -122.483483,37.826728,0 -122.479151,37.825428,0 -122.476473,37.832513,0 -122.479180327677,37.8453549386747,0 -122.481827706215,37.8579125145919,0 -122.483102,37.863957,0 -122.496266,37.870775,0 -122.497185007293,37.87520027244,0 -122.501019,37.893662,0 -122.499776631503,37.8934102487308,0 -122.48457812259,37.8903304508136,0 -122.483431,37.890098,0 -122.479413364775,37.8860881080671,0 -122.462158,37.868866,0 -122.454824373431,37.8702536229328,0 -122.45005,37.871157,0 -122.438268,37.880974,0 -122.43925,37.88392,0 -122.448413,37.89341,0 -122.458558,37.894064,0 -122.47154378636,37.9021030000829,0 -122.472303,37.902573,0 -122.471975,37.910427,0 -122.478193,37.918608,0 -122.484066955285,37.9209577256965,0 -122.486375,37.921881,0 -122.493574,37.921881,0 -122.503064,37.928753,0 -122.503064,37.936607,0 -122.499465,37.939225,0 -122.494260121186,37.9386054887785,0 -122.48572,37.937589,0 -122.479175,37.941516,0 -122.479633992532,37.9428929775952,0 -122.480484,37.945443,0 -122.487684,37.948716,0 -122.490302,37.959188,0 -122.490302,37.964751,0 -122.488665,37.966714,0 -122.484334288711,37.9706202029808,0 -122.471975,37.981768,0 -122.462485,37.981441,0 -122.456595,37.978823,0 -122.448413,37.984713,0 -122.448413,37.988313,0 -122.452995,37.996167,0 -122.45467378672,37.9973982584684,0 -122.462812,38.003367,0 -122.481466,38.007621,0 -122.494556,38.015148,0 -122.49573573018,38.0166817934555,0 -122.497828,38.019402,0 -122.499465,38.032165,0 -122.494892434324,38.0475440625557,0 -122.492265,38.056381,0 -122.485554918995,38.0685116718306,0 -122.483757,38.071762,0 -122.486702,38.090088,0 -122.489207134483,38.0953501605439,0 -122.489974,38.096961,0 -122.491283,38.108087,0 -122.490726960382,38.1097551188534,0 -122.489974,38.112014,0 -122.484411,38.11496,0 -122.454958,38.118887,0 -122.450377,38.116269,0 -122.442501799445,38.1167458871447,0 -122.439577,38.116923,0 -122.409798,38.136231,0 -122.397405983741,38.1417489255618,0 -122.393588,38.143449,0 -122.36876,38.135646,0 -122.317293,38.112038,0 -122.301804,38.105142,0 -122.282824,38.082889,0 -122.273006,38.07438,0 -122.266668504605,38.0600701915224,0 -122.262861,38.051473,0 -122.262861,38.0446,0 -122.273324230001,38.0334724459908,0 -122.283478,38.022674,0 -122.285120291144,38.0215585297225,0 -122.294468155701,38.0152093113688,0 -122.299481630422,38.0118040795617,0 -122.300823,38.010893,0 -122.313157552944,38.0130858466392,0 -122.315549,38.013511,0 -122.321112,38.012857,0 -122.331100444013,38.0058956094363,0 -122.331912,38.00533,0 -122.333854249914,38.0049415974991,0 -122.340093,38.003694,0 -122.359493,38.009941,0 -122.363655,38.014166,0 -122.367909,38.01253,0 -122.368891,38.007948,0 -122.366928,37.998458,0 -122.363001,37.994375,0 -122.361905,37.989991,0 -122.367582,37.978168,0 -122.382090721762,37.9733443471305,0 -122.392171,37.969993,0 -122.396915314616,37.9613329692487,0 -122.399832,37.956009,0 -122.408383,37.957544,0 -122.411761,37.960497,0 -122.415361,37.963115,0 -122.42976,37.965405,0 -122.430087,37.963115,0 -122.417371,37.943513,0 -122.413725,37.937262,0 -122.401289,37.928426,0 -122.395071,37.927117,0 -122.39049,37.922535,0 -122.389181,37.9101,0 -122.385908,37.908136,0 -122.378709,37.905191,0 -122.367582,37.903882,0 -122.362346,37.904209,0 -122.360654047999,37.9056896195705,0 -122.35711,37.908791,0 -122.33453,37.908791,0 -122.32373,37.905845,0 -122.313495917826,37.8972107261262,0 -122.313258,37.89701,0 -122.309986,37.892755,0 -122.31009845633,37.8884452428662,0 -122.310270364809,37.8818570517077,0 -122.310477,37.873938,0 -122.301313,37.847758,0 -122.301378543823,37.8473155917139,0 -122.303521054714,37.8328540523885,0 -122.303931,37.830087,0 -122.306222,37.827469,0 -122.317676,37.826814,0 -122.323567,37.823214,0 -122.333344166282,37.8102821940055,0 -122.333711,37.809797,0 -122.335614952835,37.7999621723463,0 -122.335675,37.799652,0 -122.331748,37.796052,0 -122.330962783411,37.7860343411807,0 -122.33079,37.78383,0 -122.329159296919,37.7831725580543,0 -122.318909,37.77904,0 -122.304345,37.774632,0 -122.293996,37.770416,0 -122.291560250989,37.7701190103663,0 -122.286139,37.769458,0 -122.279743629237,37.7682016919609,0 -122.275408,37.76735,0 -122.264101,37.764667,0 -122.261459916907,37.7637867240445,0 -122.253753,37.761218,0 -122.253735439657,37.7612061919924,0 -122.248346789048,37.7575827304856,0 -122.242638,37.753744,0 -122.244938,37.750294,0 -122.248490684267,37.7489900166831,0 -122.252226,37.747619,0 -122.257134,37.745001,0 -122.257953,37.739601,0 -122.25711120999,37.7379178485892,0 -122.255989,37.735674,0 -122.249956945384,37.7266262472282,0 -122.246826,37.72193,0 -122.221628,37.705567,0 -122.213774,37.698695,0 -122.207972599857,37.6981469946412,0 -122.205913799937,37.6979525185904,0 -122.203971,37.697769,0 -122.202505262328,37.6966596421428,0 -122.197411,37.692804,0 -122.197041418604,37.6925466079148,0 -122.179085,37.680041,0 -122.170904,37.676114,0 -122.163049,37.667933,0 -122.162802507492,37.6672729813177,0 -122.161509197565,37.6638099603952,0 -122.152905,37.640771,0 -122.14636,37.607391,0 -122.145378,37.600846,0 -122.147014,37.588411,0 -122.144396,37.581866,0 -122.137524,37.567467,0 -122.133924,37.562885,0 -122.132396742885,37.5622167520914,0 -122.128688,37.560594,0 -122.111998,37.528851,0 -122.111444571634,37.5108510385602,0 -122.111424603333,37.5102015802799,0 -122.111344,37.50758,0 -122.099132,37.499501,0 -122.078203,37.501031,0 -122.054914,37.494426,0 -122.053055,37.479437,0 -122.045334,37.468006,0 -122.038787224926,37.4639476239102,0 -122.034221,37.461117,0 -122.038896,37.450591,0 -122.059109,37.445214,0 -122.059944848629,37.4453711820313,0 -122.089404,37.450911,0 -122.112881,37.463008,0 -122.115841908539,37.4657841413061,0 -122.123746,37.473195,0 -122.123843693235,37.475802772236,0 -122.124206,37.485474,0 -122.129356865665,37.4984326798019,0 -122.130904,37.502325,0 -122.139849,37.505982,0 -122.149632,37.502671,0 -122.155686,37.501198,0 -122.163693387749,37.503045665668,0 -122.168449,37.504143,0 -122.194957,37.522469,0 -122.196593,37.537196,0 -122.214264,37.538505,0 -122.223432356275,37.5453353529284,0 -122.22944,37.549811,0 -122.244316820452,37.5533908320255,0 -122.245718,37.553728,0 -122.250689459204,37.5638583536826,0 -122.251898,37.566321,0 -122.262698,37.572866,0 -122.263297089437,37.5729023084507,0 -122.288451600458,37.5744268242702,0 -122.304412555914,37.5753941549039,0 -122.305895,37.575484,0 -122.315713,37.583666,0 -122.315385,37.587265,0 -122.317676,37.590865,0 -122.333205457487,37.5914621885492,0 -122.359619002926,37.5924779269865,0 -122.360219,37.592501,0 -122.375171017713,37.6031818285433,0 -122.378545,37.605592,0 -122.377843162153,37.6066885881264,0 -122.373309,37.613773,0 -122.370364,37.614427,0 -122.358583,37.611155,0 -122.35531,37.615736,0 -122.365455,37.626208,0 -122.381999203117,37.6353993131155,0 -122.386072,37.637662,0 -122.387381,37.648462,0 -122.37789,37.650425,0 -122.3756,37.652389,0 -122.374291,37.662206,0 -122.381861060822,37.6717737394146,0 -122.387626,37.67906,0 -122.39319,37.707531,0 -122.391375121004,37.708331,0 -122.374980856255,37.7155576039924,0 -122.370411,37.717572,0 -122.361749,37.71501,0 -122.356784,37.729505,0 -122.365478,37.734621,0 -122.367697,37.734943,0 -122.369891729961,37.7325514127412,0 -122.370094,37.732331,0 -122.375854,37.734979,0 -122.37676413626,37.7403370679917,0 -122.378998892683,37.7534933143546,0 -122.38135891905,37.7673870380635,0 -122.384003605584,37.7829565861527,0 -122.384756149362,37.7873868906089,0 -122.385323,37.790724,0 -122.389708268207,37.7958244063587,0 -122.398139,37.80563,0 -122.399638840473,37.8065658502084,0 -122.407452,37.811441,0 -122.420612315115,37.8111121700604,0 -122.425041162157,37.811001508766,0 -122.425942,37.810979,0 -122.439522971882,37.808709225671,0 -122.448241130218,37.8072521685356,0 -122.463793,37.804653,0 -122.470336,37.808671,0 -122.478083,37.810828,0 -122.485762245401,37.7906834444338,0 -122.485783,37.790629,0 -122.492883,37.787929,0 -122.493756799537,37.7879559304919,0 -122.50531,37.788312,0 -122.509842514521,37.7846145393916,0 -122.514483,37.780829,0 -122.511983,37.77113,0 -122.511977870088,37.7710857904156,0 -122.511142513418,37.7638866866356,0 -122.509396625851,37.7488406275839,0 -122.507844510976,37.735464501594,0 -122.506483,37.723731,0 -122.502426880724,37.7081329861058,0 -122.50052918554,37.7008353023262,0 -122.496784,37.686433,0 -122.495430755077,37.6651751718215,0 -122.494085,37.644035,0 -122.495285408216,37.6298580945242,0 -122.496786,37.612136,0 -122.497971712252,37.6089142136015,0 -122.501386,37.599637,0 -122.517187,37.590637,0 -122.51742558559,37.5867976520853,0 -122.518088,37.576138,0 -122.513688,37.552239,0 -122.514789,37.546139,0 -122.516589,37.544939,0 -122.519533,37.537302,0 -122.516689,37.52134,0 -122.499289,37.495341,0 -122.493789,37.492341,0 -122.485888,37.494641,0 -122.485653474235,37.494743479073,0 -122.472388,37.50054,0 -122.467888,37.49814,0 -122.452087,37.48054,0 -122.452067316471,37.4804786938733,0 -122.447190622751,37.4652897915806,0 -122.445987,37.461541,0 -122.443687,37.435941,0 -122.440597089884,37.429367841374,0 -122.423286,37.392542,0 -122.410058824564,37.3758175623956,0 -122.409258,37.374805,0 -122.40085,37.359225,0 -122.401323,37.337009,0 -122.411686,37.265844,0 -122.418452,37.248521,0 -122.419113,37.24147,0 -122.415822,37.232839,0 -122.408982,37.225258,0 -122.407181,37.219465,0 -122.405073,37.195791,0 -122.397065,37.187249,0 -122.390599,37.182988,0 -122.37927,37.181128,0 -122.367085,37.172817,0 -122.36179,37.163593,0 -122.359791,37.155574,0 -122.344029,37.144099,0 -122.337833,37.135936,0 -122.337085,37.130795,0 -122.338856,37.120854,0 -122.337071,37.117382,0 -122.330463,37.115338,0 -122.322971,37.11546,0 -122.313907,37.118161,0 -122.306139,37.116383,0 -122.292973615833,37.1073182889556,0 -122.284882,37.101747,0 -122.260481,37.072548,0 -122.252181,37.059448,0 -122.20618,37.013949,0 -122.186879,37.00345,0 -122.155078,36.98085,0 -122.140578,36.97495,0 -122.105976,36.955951,0 -122.079356382283,36.9507825342165,0 -122.066421,36.948271,0 -122.050122,36.948523,0 -122.041990960168,36.9494538105996,0 -122.027174,36.95115,0 -122.024338217439,36.9593566846013,0 -122.023373,36.96215,0 -122.012576499473,36.964505600115,0 -122.012373,36.96455,0 -122.000499958167,36.9621221907998,0 -121.985838820875,36.9591242695843,0 -121.983896,36.958727,0 -121.975871,36.954051,0 -121.972771,36.954151,0 -121.964885274328,36.9606158674658,0 -121.951972053664,36.9712023706776,0 -121.95167,36.97145,0 -121.93947,36.97805,0 -121.930069,36.97815,0 -121.906468,36.96895,0 -121.899923242204,36.9650129408018,0 -121.894667,36.961851,0 -121.880167,36.950151,0 -121.867054420543,36.9365271317621,0 -121.862266,36.931552,0 -121.827664,36.879353,0 -121.810551858284,36.8506482495196,0 -121.809363,36.848654,0 -121.802706336811,36.8361513228799,0 -121.791544,36.815186,0 -121.788278,36.803994,0 -121.792439450142,36.7911118374679,0 -121.805057293598,36.7520521095661,0 -121.805643,36.750239,0 -121.807062,36.714157,0 -121.809775,36.696032,0 -121.814462,36.682858,0 -121.815075217887,36.6813726693082,0 -121.825052,36.657207,0 -121.831995,36.644856,0 -121.842263,36.630059,0 -121.859183356288,36.6126017238402,0 -121.860604,36.611136,0 -121.871364,36.604559,0 -121.871614202173,36.6045086346275,0 -121.886764,36.601459,0 -121.889064,36.601759,0 -121.890054979803,36.6085156804764,0 -121.890164,36.609259,0 -121.90232606488,36.6183890291221,0 -121.918832401232,36.6307802910563,0 -121.923866,36.634559,0 -121.929666,36.636959,0 -121.93643,36.636746,0 -121.938551,36.633908,0 -121.941666,36.618059,0 -121.970427,36.582754,0 -121.971476554576,36.5824627212898,0 -121.978592,36.580488,0 -121.972594,36.57337,0 -121.957335,36.564482,0 -121.95146,36.564009,0 -121.949659,36.567602,0 -121.942533,36.566435,0 -121.932508,36.559935,0 -121.932047869749,36.5575008122393,0 -121.929726552458,36.5452205456597,0 -121.926394486262,36.5275932004912,0 -121.925937,36.525173,0 -121.928769,36.523147,0 -121.944666,36.521861,0 -121.943678,36.511802,0 -121.938763,36.506423,0 -121.939216,36.496896,0 -121.9416,36.485602,0 -121.940037667009,36.4809402400819,0 -121.937205,36.472488,0 -121.9255,36.453918,0 -121.91474,36.42589,0 -121.917463,36.414809,0 -121.914378,36.404344,0 -121.905657,36.398206,0 -121.903195,36.393603,0 -121.901813,36.381879,0 -121.902669,36.363901,0 -121.905446,36.358269,0 -121.892917,36.340428,0 -121.894714,36.317806,0 -121.888491,36.30281,0 -121.874797,36.289064,0 -121.851967,36.277831,0 -121.83935,36.260478,0 -121.835785,36.250748,0 -121.826425,36.24186,0 -121.813734,36.234235,0 -121.806979,36.232907,0 -121.797059,36.234211,0 -121.779851,36.227407,0 -121.717176,36.195146,0 -121.680145,36.165818,0 -121.629634,36.114452,0 -121.622009,36.099695,0 -121.618672,36.087767,0 -121.606845,36.072065,0 -121.592853,36.065062,0 -121.589183,36.053775,0 -121.590395,36.050363,0 -121.574602,36.025156,0 -121.569612,36.021539,0 -121.553716,36.019798,0 -121.531876,36.014368,0 -121.525812907563,36.0120456975136,0 -121.51159,36.006598,0 -121.503112,36.000299,0 -121.4862,35.970348,0 -121.474673249905,35.9280946940561,0 -121.473371038064,35.9233212102161,0 -121.472435,35.91989,0 -121.463452,35.904416,0 -121.461227,35.896906,0 -121.462264,35.885618,0 -121.439584,35.86695,0 -121.426955,35.860103,0 -121.413146,35.855316,0 -121.406823,35.844623,0 -121.388053,35.823483,0 -121.356737,35.804187,0 -121.346362833935,35.7951826441526,0 -121.332449,35.783106,0 -121.324918,35.769347,0 -121.315786,35.75252,0 -121.314632,35.71331,0 -121.304583,35.701794,0 -121.296473,35.696824,0 -121.289794,35.689428,0 -121.284973,35.674109,0 -121.272322,35.666711,0 -121.251034,35.656641,0 -121.195291,35.640734,0 -121.188897,35.643138,0 -121.166712,35.635399,0 -121.143561,35.606046,0 -121.133556,35.600455,0 -121.126027,35.593058,0 -121.123001072368,35.5875783363565,0 -121.11255948643,35.5686696294036,0 -121.101595,35.548814,0 -121.059913,35.509671,0 -121.05308,35.50753,0 -121.05235466985,35.5069242506642,0 -121.025621,35.484598,0 -121.003359,35.46071,0 -120.984227,35.4595285180453,0 -120.976122,35.459028,0 -120.969436,35.460197,0 -120.956959933652,35.4542645950631,0 -120.955863,35.453743,0 -120.950742,35.44802,0 -120.946546,35.446715,0 -120.927242031486,35.4478919675952,0 -120.907937,35.449069,0 -120.896862,35.442243,0 -120.884757,35.430196,0 -120.874596423742,35.4126038522719,0 -120.869209,35.403276,0 -120.867185352795,35.3966187863168,0 -120.866099,35.393045,0 -120.864126998488,35.3769935242547,0 -120.864045156681,35.3763273575361,0 -120.863132828755,35.3689012934606,0 -120.862133,35.360763,0 -120.862684,35.346776,0 -120.8672,35.327154,0 -120.874980550932,35.3064163472729,0 -120.87957,35.294184,0 -120.889354,35.277819,0 -120.895272509641,35.2590697090873,0 -120.896876,35.25399,0 -120.89679,35.247877,0 -120.873046,35.225688,0 -120.856047,35.206487,0 -120.846674,35.204429,0 -120.805258,35.184973,0 -120.786076,35.177666,0 -120.778998,35.168897,0 -120.760492,35.15971,0 -120.756086,35.160459,0 -120.756862,35.169208,0 -120.754823,35.174701,0 -120.74887,35.177795,0 -120.734231,35.178472,0 -120.718841738388,35.1765727166902,0 -120.714185,35.175998,0 -120.704203,35.173206,0 -120.698906,35.171192,0 -120.686974,35.160708,0 -120.675074,35.153061,0 -120.667994,35.15203,0 -120.662475,35.153357,0 -120.651134,35.147768,0 -120.644311,35.139616,0 -120.638576757234,35.1289796658404,0 -120.635787,35.123805,0 -120.635461344532,35.1223308527653,0 -120.630957,35.101941,0 -120.630911496689,35.1011601247756,0 -120.629583,35.078362,0 -120.629931,35.061515,0 -120.63357,35.033085,0 -120.63999,35.002963,0 -120.648905051307,34.9743932158666,0 -120.670835,34.904115,0 -120.662889,34.901183,0 -120.647328,34.901133,0 -120.642212,34.894145,0 -120.641386261984,34.8902737011125,0 -120.639283,34.880413,0 -120.616325,34.866739,0 -120.610266,34.85818,0 -120.609898,34.842751,0 -120.616296,34.816308,0 -120.62297,34.7933,0 -120.629098801694,34.7774296069669,0 -120.637415,34.755895,0 -120.62632,34.738072,0 -120.614852,34.730709,0 -120.601672,34.709721,0 -120.60045,34.70464,0 -120.60197,34.692095,0 -120.625127,34.634489,0 -120.640244,34.604406,0 -120.645739,34.581035,0 -120.637805,34.56622,0 -120.622575,34.554017,0 -120.612005,34.553564,0 -120.608355,34.556656,0 -120.581293,34.556959,0 -120.524776,34.531291,0 -120.511421,34.522953,0 -120.500231486228,34.5053489788588,0 -120.490523,34.490075,0 -120.480372,34.481059,0 -120.47661,34.475131,0 -120.471376,34.447846,0 -120.451425,34.447094,0 -120.441975,34.451512,0 -120.341369,34.458789,0 -120.301822,34.467077,0 -120.299169,34.469731,0 -120.295051,34.470623,0 -120.283001,34.468354,0 -120.25777,34.467451,0 -120.238002,34.468098,0 -120.225498,34.470587,0 -120.183505,34.470372,0 -120.141165,34.473405,0 -120.118411,34.469927,0 -120.097212,34.461809,0 -120.088591,34.460208,0 -120.050682,34.461651,0 -120.038828,34.463434,0 -120.008077,34.460447,0 -119.971951,34.444641,0 -119.956433,34.435288,0 -119.925227,34.433931,0 -119.911550793612,34.4272241730186,0 -119.884827776636,34.414119175463,0 -119.873971,34.408795,0 -119.869508543112,34.4086184899478,0 -119.853900421509,34.4080011191973,0 -119.853771,34.407996,0 -119.85346597894,34.4081281757926,0 -119.838603559634,34.414568557492,0 -119.835771,34.415796,0 -119.826937424456,34.4161840309648,0 -119.810597503687,34.4169017918747,0 -119.794771,34.417597,0 -119.785871,34.415997,0 -119.755779614034,34.4062406309802,0 -119.74547,34.402898,0 -119.743048266406,34.4018449873365,0 -119.729369,34.395897,0 -119.727738360209,34.395856840415,0 -119.709067,34.395397,0 -119.694511279169,34.4019167324453,0 -119.691749,34.403154,0 -119.684666,34.408297,0 -119.686240759681,34.4101861718542,0 -119.688167,34.412497,0 -119.671866,34.416096,0 -119.659119415573,34.4168101866975,0 -119.648664,34.417396,0 -119.638864,34.415696,0 -119.630378284481,34.4177397145047,0 -119.616862,34.420995,0 -119.613587832197,34.4205615091493,0 -119.559459,34.413395,0 -119.536957,34.395495,0 -119.536830291938,34.3954506796375,0 -119.510655,34.386295,0 -119.504218597899,34.3844871399475,0 -119.483393407774,34.3786377494463,0 -119.478265312372,34.3771973672769,0 -119.472678,34.375628,0 -119.461036,34.374064,0 -119.435888,34.355839,0 -119.431066,34.355297,0 -119.42777,34.353016,0 -119.390449,34.318198,0 -119.388249,34.317398,0 -119.37578,34.321118,0 -119.370356,34.319486,0 -119.349187,34.304383,0 -119.337475,34.290576,0 -119.313034,34.275689,0 -119.307647691987,34.2742425073042,0 -119.302131,34.272761,0 -119.290945,34.274902,0 -119.285555444285,34.2713968828779,0 -119.278644,34.266902,0 -119.270144,34.252903,0 -119.266259578506,34.2360517771372,0 -119.26594562217,34.2346897858632,0 -119.265927,34.234609,0 -119.257043,34.213304,0 -119.248613195834,34.1974194888583,0 -119.237142,34.175804,0 -119.227743,34.161728,0 -119.225267883658,34.1583065929386,0 -119.216441,34.146105,0 -119.211241,34.144905,0 -119.20314,34.144505,0 -119.189252196891,34.1392372126139,0 -119.18864,34.139005,0 -119.159618867755,34.1196961270934,0 -119.137472800885,34.1049614989965,0 -119.130169,34.100102,0 -119.109784,34.094566,0 -119.098216,34.099334,0 -119.088536,34.09831,0 -119.069959,34.09047,0 -119.063806806195,34.0890754522035,0 -119.037494,34.083111,0 -119.004644,34.066231,0 -118.99698,34.065943,0 -118.977751,34.059822,0 -118.954722,34.048167,0 -118.944887329171,34.0453397020464,0 -118.938081,34.043383,0 -118.928048,34.045847,0 -118.896159,34.039207,0 -118.854653,34.034215,0 -118.842821382313,34.0286709756819,0 -118.84038,34.027527,0 -118.821579,34.013959,0 -118.821555897815,34.0139411524569,0 -118.805114,34.001239,0 -118.787094,34.019545,0 -118.783433,34.021543,0 -118.749891861715,34.0307473975025,0 -118.744952,34.032103,0 -118.732391,34.032743,0 -118.714305058078,34.0304214548878,0 -118.706215,34.029383,0 -118.679366,34.033255,0 -118.67543,34.037479,0 -118.668358,34.038887,0 -118.636439799609,34.0375478774646,0 -118.609652,34.036424,0 -118.603572,34.039048,0 -118.569235,34.04164,0 -118.567141033616,34.0413889164351,0 -118.554300534802,34.0398492364089,0 -118.543115,34.038508,0 -118.536114307181,34.0352454000966,0 -118.519726744824,34.0276081475071,0 -118.519514,34.027509,0 -118.516877737351,34.0256147929591,0 -118.509618879472,34.0203991594915,0 -118.502825537466,34.0155180084182,0 -118.502813,34.015509,0 -118.492697698838,34.0058298297738,0 -118.486880612365,34.0002635525772,0 -118.484212,33.99771,0 -118.482728588095,33.9959124449355,0 -118.476066239232,33.9878392058725,0 -118.472630481175,33.9836758549694,0 -118.46819371543,33.9782995122916,0 -118.460611,33.969111,0 -118.456349979332,33.962368890544,0 -118.448667472236,33.9502130462569,0 -118.44241,33.940312,0 -118.436907762148,33.929864194714,0 -118.43207431621,33.9206863104828,0 -118.429777095927,33.916324283456,0 -118.423674490672,33.9047364835165,0 -118.422017845132,33.9015907979799,0 -118.412708,33.883913,0 -118.412694383995,33.883884580943,0 -118.409412630525,33.8770349699673,0 -118.402127589272,33.861829775862,0 -118.397626859713,33.8524359420862,0 -118.392107,33.840915,0 -118.392051940698,33.8385749796855,0 -118.391822471987,33.8288225594489,0 -118.391507,33.815415,0 -118.391558757766,33.8152098174281,0 -118.394307,33.804315,0 -118.394451746615,33.8042595363436,0 -118.405007,33.800215,0 -118.411527937161,33.7937649425911,0 -118.411592749537,33.7937008346971,0 -118.41288684009,33.7924208103456,0 -118.420238496474,33.7851490632705,0 -118.423407,33.782015,0 -118.428407,33.774715,0 -118.421526841378,33.7616196527269,0 -118.414216321446,33.7477051774215,0 -118.411211,33.741985,0 -118.403576877655,33.7388132194872,0 -118.396606,33.735917,0 -118.385006,33.741417,0 -118.372120577737,33.7389977949712,0 -118.360505,33.736817,0 -118.354705,33.732317,0 -118.333295024316,33.721184383577,0 -118.32280902508,33.7157319436011,0 -118.317205,33.712818,0 -118.312490924468,33.7112940227453,0 -118.293161,33.705045,0 -118.292848244543,33.7051646772452,0 -118.283621123585,33.7086954754897,0 -118.28155,33.709488,0 -118.247485,33.71557,0 -118.23566646717,33.724206078454,0 -118.224828,33.732126,0 -118.192711,33.731673,0 -118.18755,33.736028,0 -118.191261,33.750134,0 -118.18935857426,33.7524938834346,0 -118.181854681049,33.7618021643902,0 -118.180831,33.763072,0 -118.176243123949,33.763541028784,0 -118.1755,33.763617,0 -118.166715852605,33.7620585222363,0 -118.1569,33.760317,0 -118.146606479717,33.7572972498137,0 -118.132698,33.753217,0 -118.13259668959,33.7531557668481,0 -118.115658466483,33.7429181141995,0 -118.101097,33.734117,0 -118.096142417026,33.7323708556848,0 -118.090038843594,33.7302197725147,0 -118.088896,33.729817,0 -118.065421233978,33.7114301775153,0 -118.064895,33.711018,0 -118.05528832499,33.7015753433891,0 -118.032225811627,33.6789065850482,0 -118.029694,33.676418,0 -118.018783833577,33.6681329318652,0 -118.010098158753,33.6615371197647,0 -118.000805725047,33.6544805412119,0 -118.000593,33.654319,0 -117.987898975382,33.647062914264,0 -117.970879695968,33.6373344511233,0 -117.965047927353,33.6340009289084,0 -117.957547941498,33.6297138298976,0 -117.940591,33.620021,0 -117.927091,33.605521,0 -117.927066381407,33.6055156805948,0 -117.89979,33.599622,0 -117.878868932258,33.5929818350211,0 -117.87679,33.592322,0 -117.866399476428,33.5869705999662,0 -117.840289,33.573523,0 -117.82893200709,33.5642554396773,0 -117.814188,33.552224,0 -117.801288,33.546324,0 -117.79293571442,33.5438799378964,0 -117.784888,33.541525,0 -117.779216542831,33.5354437673202,0 -117.773682093916,33.5295094420492,0 -117.763487116697,33.5185778548427,0 -117.761387,33.516326,0 -117.754826586302,33.5101419064138,0 -117.742683096568,33.498694994613,0 -117.734880244618,33.4913397318329,0 -117.726486,33.483427,0 -117.725754373043,33.481924527149,0 -117.725553320336,33.4815116442852,0 -117.715349,33.460556,0 -117.713372489449,33.4600176039692,0 -117.691384,33.454028,0 -117.691984,33.456627,0 -117.689284,33.460155,0 -117.684584,33.461927,0 -117.684341614126,33.4617952544961,0 -117.675324452851,33.4568941006609,0 -117.645591414565,33.4407331171574,0 -117.645582,33.440728,0 -117.641007167469,33.4373709286457,0 -117.631742094667,33.4305720982445,0 -117.631682,33.430528,0 -117.620518270023,33.4191604992025,0 -117.607905,33.406317,0 -117.606929986839,33.4047206541283,0 -117.596162731864,33.3870919043606,0 -117.59588,33.386629,0 -117.571722,33.378988,0 -117.547693,33.365491,0 -117.50565,33.334063,0 -117.469794,33.296417,0 -117.445583,33.268517,0 -117.401926,33.213598,0 -117.397965497808,33.2094896329931,0 -117.39148,33.202762,0 -117.369409872415,33.1765562047406,0 -117.362572,33.168437,0 -117.359496190883,33.164248027218,0 -117.345173310973,33.1447415650712,0 -117.328359,33.121842,0 -117.315278,33.093504,0 -117.313417439289,33.0870969411067,0 -117.309771,33.07454,0 -117.305668926404,33.0645610638184,0 -117.29890437427,33.048105231793,0 -117.29337,33.034642,0 -117.291470139905,33.0312796999789,0 -117.282580856416,33.0155477846993,0 -117.28077,33.012343,0 -117.275361089962,32.9907345376232,0 -117.27280300731,32.9805150604347,0 -117.262546826007,32.9395418687435,0 -117.26047,32.931245,0 -117.25447,32.900146,0 -117.25167,32.874346,0 -117.25617,32.859447,0 -117.26067,32.852647,0 -117.26497,32.848947,0 -117.268275319936,32.8498754606562,0 -117.27387,32.851447,0 -117.28117,32.843047,0 -117.28217,32.839547,0 -117.281969724212,32.8366572826321,0 -117.281244360687,32.8261912367724,0 -117.280971,32.822247,0 -117.271676402873,32.8133269703265,0 -117.26107,32.803148,0 -117.260157941447,32.8007258117107,0 -117.256259406864,32.7903723264263,0 -117.25497,32.786948,0 -117.253197363966,32.7618363947847,0 -117.25300518557,32.7591139475821,0 -117.252653496069,32.7541318261885,0 -117.25257,32.752949,0 -117.254658366436,32.7473551613325,0 -117.25537,32.745449,0 -117.256295257648,32.7372903304022,0 -117.25757,32.72605,0 -117.25638737733,32.7132440829706,0 -117.255169,32.700051,0 -117.246069,32.669352,0 -117.236239,32.671353,0 -117.236221100061,32.6713699261569,0 -117.223868,32.683051,0 -117.213068,32.687751,0 -117.196767,32.688851,0 -117.192977425821,32.6877540180007,0 -117.192967,32.687751,0 -117.180366,32.681652,0 -117.176644803494,32.6785132516424,0 -117.168866,32.671952,0 -117.159865,32.660652,0 -117.145451085585,32.6369140118376,0 -117.139464,32.627054,0 -117.136664,32.618754,0 -117.132963,32.597054,0 -117.133176216707,32.5856314479488,0 -117.13320631103,32.5840192198561,0 -117.133363,32.575625,0 -117.129348896489,32.5560436732728,0 -117.129094709951,32.5548037177922,0 -117.124862,32.534156,0 -117.124710090452,32.534169945161,0 -117.118871556685,32.5347059173524,0 -117.062759,32.539857,0 -117.062632361813,32.5398660453362,0 -117.02988614303,32.5422049967067,0 -117.026358,32.542457,0 -116.945956,32.550058,0 -116.928055,32.550758,0 -116.857154,32.557459,0 -116.853156612097,32.5577856300775,0 -116.757338250372,32.5656150325962,0 -116.62705,32.576261,0 -116.540643,32.583747,0 -116.38977837686,32.5959123797471,0 -116.35082683859,32.599053343115,0 -116.211033,32.610326,0 -116.125848,32.616673,0 -116.115427,32.61791,0 -116.106175290558,32.6186418594692,0 -116.04662,32.623353,0 -115.662211836859,32.6522747136171,0 -115.53347971484,32.6619601311585,0 -115.49913885246,32.6645438343218,0 -115.496764128361,32.6647225014181,0 -115.490450035221,32.6651975547886,0 -115.482558071057,32.6657913224276,0 -115.465398609173,32.6670823487117,0 -115.465164,32.6671,0 -115.335550578567,32.676192662226,0 -115.000802,32.699676,0 -114.726512453847,32.7182959921308,0 -114.719633,32.718763,0 -114.722746,32.713071,0 -114.730086,32.704298,0 -114.730041,32.699675,0 -114.730453,32.698843,0 -114.76495,32.649391,0 -114.767405247239,32.6466671457303,0 -114.782235,32.630215,0 -114.797565,32.624578,0 -114.809393,32.617119,0 -114.799683,32.593621,0 -114.814185,32.564788,0 -114.795635,32.550956,0 -114.811536,32.522834,0 -114.812316,32.500054,0 -114.813991,32.497231,0 -114.813613,32.494277,0 -114.782560768391,32.484924593885,0 -114.769541518835,32.4810034164737,0 -114.761031261432,32.4784402711135,0 -114.718177432046,32.4655334236746,0 -114.649544714904,32.4448624119554,0 -114.563805643529,32.4190392561343,0 -114.50078,32.400057,0 -114.250775,32.32391,0 -113.961526795786,32.2345781528609,0 -113.78168,32.179034,0 -113.750756,32.169005,0 -113.493196,32.088943,0 -113.333814087533,32.0387773974694,0 -113.217308,32.002107,0 -113.125961,31.97278,0 -112.867074,31.895488,0 -112.607760239485,31.8157892780547,0 -112.39942,31.751757,0 -112.38811643323,31.7480456733903,0 -112.375758,31.74398800000001,0 -112.365043,31.74113,0 -112.246102,31.704195,0 -111.979417,31.620683,0 -111.623110872935,31.5080303172705,0 -111.560194,31.488138,0 -111.366372,31.426068287287,0 -111.125646,31.348978,0 -111.074825,31.332239,0 -111.000643,31.332177,0 -110.976824943984,31.3323456729217,0 -110.965296281377,31.3324273157394,0 -110.945123875218,31.3325701711716,0 -110.942184958871,31.3325909837688,0 -110.913207337178,31.3327961953156,0 -110.850329682053,31.3332414775752,0 -110.795467,31.33363,0 -110.622211317073,31.3332150689292,0 -110.460172,31.332827,0 -110.459746838067,31.3328285135903,0 -110.140512,31.333965,0 -110.000613,31.333145,0 -109.957211230085,31.333379118274,0 -109.829689,31.334067,0 -109.792747346524,31.334059761795,0 -109.560653147237,31.3340142861537,0 -109.541142,31.3340104632148,0 -109.528218352729,31.3340079310053,0 -109.494488,31.3340013220101,0 -109.300393052728,31.3339632917955,0 -109.278489,31.333959,0 -109.050044,31.332502,0 -108.861028,31.332315,0 -108.851105,31.332301,0 -108.788711,31.332365,0 -108.707657,31.333191,0 -108.475353,31.333437,0 -108.208573,31.333395,0 -108.208572,31.499742,0 -108.208521,31.49979799999999,0 -108.208087,31.613489,0 -108.208394,31.783599,0 -108.05135,31.783586,0 -107.893068087873,31.783621867544,0 -107.865856988677,31.7836280337274,0 -107.848354,31.783632,0 -107.64113,31.783716,0 -107.627943235814,31.7837089432551,0 -107.422495,31.783599,0 -107.422246,31.783599,0 -107.296824,31.783762,0 -107.296793744203,31.783761974571,0 -107.00056,31.783513,0 -107.00056,31.783679,0 -106.998235,31.783671,0 -106.993544,31.783689,0 -106.750547,31.783898,0 -106.750547,31.783706,0 -106.569310972733,31.7838749645618,0 -106.531731,31.78391,0 -106.528242,31.783148,0 -106.528643,31.781807,0 -106.523643,31.776207,0 -106.509789048774,31.763459597114,0 -106.507342,31.761208,0 -106.489542,31.748408,0 -106.484642,31.747809,0 -106.482707276302,31.7482979960994,0 -106.475542,31.750109,0 -106.473775724287,31.751359743989,0 -106.470742,31.753508,0 -106.467642,31.759608,0 -106.451541,31.764808,0 -106.451504744087,31.7647887861787,0 -106.444192294824,31.7609135536921,0 -106.431541,31.754209,0 -106.422004369743,31.7526664232362,0 -106.41794,31.752009,0 -106.404166875559,31.7445817919771,0 -106.394602172682,31.7394239907643,0 -106.385816471414,31.7346862690349,0 -106.381039,31.73211,0 -106.378039,31.72831,0 -106.373839,31.71481,0 -106.370139,31.71071,0 -106.368327320212,31.7094789090162,0 -106.357200010648,31.7019175670144,0 -106.349538,31.696711,0 -106.346981507671,31.6910803606232,0 -106.337958196274,31.6712066407234,0 -106.334737,31.664112,0 -106.330472205715,31.6581388822967,0 -106.308951089916,31.6279971804509,0 -106.303536,31.620413,0 -106.288422886277,31.5859016372679,0 -106.287785,31.584445,0 -106.280811,31.562062,0 -106.280346158081,31.561810837863,0 -106.25478,31.547997,0 -106.246203,31.541153,0 -106.236804,31.513376,0 -106.223909,31.500422,0 -106.218843,31.4803,0 -106.212707199646,31.4735476026218,0 -106.205827,31.465976,0 -106.175675,31.456279,0 -106.158218,31.438885,0 -106.142505629459,31.4305346373263,0 -106.132782,31.425367,0 -106.112169,31.423578,0 -106.106877,31.421403,0 -106.080258,31.398702,0 -106.004926,31.392458,0 -105.997485690397,31.3867918276815,0 -105.970101,31.365937,0 -105.953943,31.364749,0 -105.945903,31.35281,0 -105.948091,31.340069,0 -105.938452,31.318735,0 -105.932553,31.313121,0 -105.908771,31.312774,0 -105.903461,31.306769,0 -105.895035,31.290978,0 -105.890872,31.290014,0 -105.876015,31.291589,0 -105.869353,31.288634,0 -105.835722,31.24681199999999,0 -105.818835,31.230681,0 -105.794386,31.20224,0 -105.782895,31.197563,0 -105.779725,31.19128299999999,0 -105.780021,31.182666,0 -105.773257,31.166897,0 -105.763531,31.164121,0 -105.742678,31.164897,0 -105.71954,31.149161,0 -105.717006,31.141438,0 -105.709491,31.136375,0 -105.648834,31.115902,0 -105.646731,31.113908,0 -105.64189,31.098322,0 -105.627349,31.098545,0 -105.60333,31.082625,0 -105.598773,31.074926,0 -105.595921,31.064842,0 -105.585323,31.057488,0 -105.579542,31.035396,0 -105.581404,31.026847,0 -105.579114,31.021645,0 -105.55743,30.990229,0 -105.543676,30.984746,0 -105.533088,30.984859,0 -105.502257,30.96268,0 -105.497964,30.957279,0 -105.496856,30.950494,0 -105.488027,30.943278,0 -105.430089,30.905792,0 -105.413505,30.899808,0 -105.399609,30.888941,0 -105.394249,30.871961,0 -105.39669,30.855427,0 -105.394242,30.852979,0 -105.377417,30.848645,0 -105.360672,30.847384,0 -105.347695,30.838065,0 -105.320108,30.827452,0 -105.31766,30.825004,0 -105.314863,30.816961,0 -105.303673,30.816961,0 -105.29563,30.822206,0 -105.287238,30.822206,0 -105.261361,30.798078,0 -105.255416,30.797029,0 -105.238364,30.803109,0 -105.21866,30.801567,0 -105.214891,30.79726,0 -105.216685,30.789543,0 -105.215967,30.786492,0 -105.212917,30.785415,0 -105.206161,30.786454,0 -105.195144,30.792138,0 -105.185931,30.784392,0 -105.183436,30.77664499999999,0 -105.178279,30.772134,0 -105.164819,30.772493,0 -105.16123,30.767468,0 -105.160153,30.757059,0 -105.15764,30.754008,0 -105.152362,30.751452,0 -105.140207,30.752502,0 -105.123265,30.74950400000001,0 -105.113816,30.746001,0 -105.110682,30.743366,0 -105.110706,30.73775,0 -105.108076,30.73005,0 -105.098282,30.718914,0 -105.062626,30.698222,0 -105.062334,30.686303,0 -105.049885,30.680817,0 -105.04293,30.687256,0 -105.020142,30.683637,0 -105.006801,30.686039,0 -105.002057,30.680972,0 -105.00124,30.672583,0 -104.9863,30.661059,0 -104.979801,30.629258,0 -104.980291,30.62204,0 -104.972071,30.61026,0 -104.966355,30.607968,0 -104.938095,30.603475,0 -104.924796,30.604832,0 -104.899001,30.5704,0 -104.892228,30.55142,0 -104.889376,30.535144,0 -104.876787,30.511004,0 -104.866094,30.46738,0 -104.866119,30.46479,0 -104.868711,30.46323,0 -104.869872,30.458645,0 -104.861074,30.428897,0 -104.85242,30.418792,0 -104.85744,30.408957,0 -104.859521,30.390413,0 -104.837493,30.373909,0 -104.824314,30.370466,0 -104.817596,30.365915,0 -104.814779,30.360497,0 -104.813478,30.347061,0 -104.809794,30.334926,0 -104.797291,30.330336,0 -104.779356,30.313188,0 -104.761634,30.301148,0 -104.757894,30.282396,0 -104.751567,30.263644,0 -104.749664,30.26126,0 -104.740448,30.259454,0 -104.73736,30.26138,0 -104.733822,30.261221,0 -104.713166,30.237957,0 -104.711236,30.222921,0 -104.702788,30.211736,0 -104.687296,30.179464,0 -104.687507,30.162203,0 -104.692123,30.138663,0 -104.695366,30.13213,0 -104.692094,30.107304,0 -104.685687,30.095957,0 -104.685003,30.085643,0 -104.692778,30.069757,0 -104.698233,30.065287,0 -104.703582,30.06453,0 -104.706874,30.050685,0 -104.701102,30.03553399999999,0 -104.703998,30.02421,0 -104.702311,30.021322,0 -104.693592,30.019077,0 -104.689641,30.01495,0 -104.685479,29.989943,0 -104.679661,29.975272,0 -104.684322,29.956086,0 -104.679772,29.924659,0 -104.672327,29.911112,0 -104.659042,29.90141300000001,0 -104.65865,29.891557,0 -104.656783,29.889333,0 -104.633275,29.870485,0 -104.63036,29.863377,0 -104.630103,29.853314,0 -104.62435,29.845222,0 -104.619039,29.844445,0 -104.610166,29.819118,0 -104.599149,29.811007,0 -104.594023,29.809221,0 -104.592472,29.810276,0 -104.565688,29.770462,0 -104.565951,29.758795,0 -104.55466,29.740726,0 -104.555601,29.731221,0 -104.552241,29.717123,0 -104.550262262712,29.7138105796278,0 -104.536302,29.690441,0 -104.53577,29.687248,0 -104.540559,29.681129,0 -104.539761,29.676074,0 -104.507568,29.639624,0 -104.493659,29.634017,0 -104.483502,29.627741,0 -104.46652,29.609296,0 -104.452301,29.60366,0 -104.399591,29.572319,0 -104.394351,29.560535,0 -104.394589,29.556087,0 -104.381041,29.543406,0 -104.371175,29.543063,0 -104.338113,29.519967,0 -104.334811,29.519463,0 -104.327483,29.522188,0 -104.318074,29.527938,0 -104.308813,29.524337,0 -104.264155,29.514001,0 -104.260293,29.509425,0 -104.235847,29.496744,0 -104.233487,29.492734,0 -104.233825,29.486545,0 -104.229081,29.48105,0 -104.220569,29.47797600000001,0 -104.213239,29.47301,0 -104.213948,29.456222,0 -104.212529,29.452439,0 -104.208194,29.448201,0 -104.19599,29.442884,0 -104.181273,29.426265,0 -104.18007,29.412764,0 -104.166563,29.399352,0 -104.143692,29.383278,0 -104.125475,29.380922,0 -104.106467,29.373127,0 -104.098378,29.366756,0 -104.093326,29.359926,0 -104.091022,29.353692,0 -104.08215,29.345923,0 -104.075924,29.345075,0 -104.057244,29.337694,0 -104.055596,29.33091,0 -104.038282,29.320156,0 -103.975235,29.296017,0 -103.965796,29.298587,0 -103.943698,29.294946,0 -103.924976,29.293913,0 -103.918857,29.290107,0 -103.91891,29.285042,0 -103.917106,29.284216,0 -103.880606,29.284962,0 -103.856893,29.281852,0 -103.838303,29.278304,0 -103.819146,29.271475,0 -103.79270997227,29.2637328113079,0 -103.791157,29.263278,0 -103.778732,29.254039,0 -103.781371,29.230948,0 -103.767905,29.224334,0 -103.75693,29.230627,0 -103.742175,29.20861,0 -103.724743,29.19147,0 -103.71377,29.185008,0 -103.697314,29.177194,0 -103.68867,29.178294,0 -103.660203,29.170934,0 -103.656808,29.169099,0 -103.65318,29.162864,0 -103.645635,29.159286,0 -103.61054,29.165773,0 -103.606438,29.160411,0 -103.59236,29.15026,0 -103.579462,29.149965,0 -103.557797,29.155422,0 -103.525027,29.137354,0 -103.523384,29.133389,0 -103.524613,29.120998,0 -103.499763,29.114778,0 -103.484429,29.094524,0 -103.474815,29.086671,0 -103.471426,29.081345,0 -103.471265,29.073115,0 -103.469167,29.069242,0 -103.463196,29.06682199999999,0 -103.457386,29.068597,0 -103.453029,29.067467,0 -103.434668,29.055317,0 -103.427754,29.042334,0 -103.382125,29.024249,0 -103.361998,29.018914,0 -103.355428,29.021529,0 -103.350816,29.028567,0 -103.34787,29.037428,0 -103.341463,29.041224,0 -103.334819,29.039801,0 -103.332446,29.033394,0 -103.335816,29.027523,0 -103.335762,29.019681,0 -103.328159,29.016239,0 -103.316,29.022615,0 -103.309102,29.018377,0 -103.311898,29.00843100000001,0 -103.305413,29.005796,0 -103.294284,29.005169,0 -103.28616,29.000258,0 -103.283213,28.993146,0 -103.284996,28.982084,0 -103.27796,28.979176,0 -103.273357,28.982844,0 -103.270357,28.988114,0 -103.266003,28.990206,0 -103.260308,28.989731,0 -103.253285,28.986687,0 -103.249155,28.980952,0 -103.245121,28.98024,0 -103.239109,28.981651,0 -103.227801,28.991532,0 -103.166235,28.978836,0 -103.165923,28.974002,0 -103.163865,28.972099,0 -103.156646,28.972831,0 -103.143274,28.978074,0 -103.134931,28.983525,0 -103.126748,28.982124,0 -103.115328,28.98527,0 -103.113922,28.988547,0 -103.117238,29.00020900000001,0 -103.107811,29.013812,0 -103.101608,29.018123,0 -103.100368,29.026877,0 -103.102532,29.040507,0 -103.100266,29.0577,0 -103.076847,29.076059,0 -103.076355,29.085722,0 -103.074407,29.088534,0 -103.05537,29.096539,0 -103.040442,29.099351,0 -103.035683,29.103029,0 -103.033303,29.107356,0 -103.032983,29.114118,0 -103.015028,29.12577,0 -103.010325,29.137822,0 -103.008362,29.148293,0 -103.002434,29.150261,0 -102.995688,29.161219,0 -102.998096,29.172676,0 -102.994653,29.17962,0 -102.989432,29.183174,0 -102.977266,29.186226,0 -102.953475,29.176308,0 -102.95089,29.176835,0 -102.947156,29.180777,0 -102.944911,29.18882,0 -102.932612,29.194113,0 -102.925482,29.19372299999999,0 -102.917805,29.190697,0 -102.912448,29.206255,0 -102.915554,29.211342,0 -102.915866,29.215878,0 -102.912131,29.218902,0 -102.908787,29.219337,0 -102.899231,29.208863,0 -102.890064,29.208814,0 -102.87802,29.214698,0 -102.866846,29.225015,0 -102.871347,29.241625,0 -102.881135,29.246022,0 -102.887902,29.245612,0 -102.903189,29.254029,0 -102.906296,29.260011,0 -102.902605,29.279441,0 -102.891022,29.287113,0 -102.888328,29.291947,0 -102.890489,29.309499,0 -102.879805,29.338755,0 -102.883722,29.348059,0 -102.879534,29.353327,0 -102.876866,29.354059,0 -102.871857,29.352093,0 -102.86163,29.351639,0 -102.843021,29.357988,0 -102.840778,29.376962,0 -102.824564,29.399558,0 -102.827355,29.418262,0 -102.832539,29.433109,0 -102.83097,29.444267,0 -102.813954,29.482806,0 -102.807327,29.49400899999999,0 -102.808692,29.522319,0 -102.771429,29.548546,0 -102.775725,29.55218899999999,0 -102.777531,29.556497,0 -102.773961,29.573084,0 -102.766124,29.57234800000001,0 -102.762241,29.579449,0 -102.768341,29.594734,0 -102.761811,29.598397,0 -102.757066,29.597799,0 -102.746202,29.592875,0 -102.739991,29.599041,0 -102.738428,29.621929,0 -102.742031,29.63214200000001,0 -102.736948,29.641538,0 -102.724231,29.648415,0 -102.693466,29.676507,0 -102.699317,29.685029,0 -102.698347,29.695591,0 -102.690238,29.707482,0 -102.688164,29.722487,0 -102.677192,29.738261,0 -102.670971,29.741954,0 -102.661252,29.736123,0 -102.645665,29.73391,0 -102.630151,29.734315,0 -102.622534,29.736632,0 -102.612879,29.748182,0 -102.59716,29.751608,0 -102.587445,29.74991,0 -102.576011,29.754691,0 -102.573705,29.762142,0 -102.569409,29.768124,0 -102.561754,29.76609,0 -102.559343,29.760377,0 -102.551081,29.752358,0 -102.545492,29.7509,0 -102.539417,29.751629,0 -102.513381,29.76576,0 -102.512687,29.780303,0 -102.508313,29.783219,0 -102.490331,29.783948,0 -102.468946,29.779817,0 -102.433301,29.776608,0 -102.412062,29.768062,0 -102.392906,29.765569,0 -102.386678,29.76688,0 -102.377313,29.789971,0 -102.377254,29.800163,0 -102.369522,29.820395,0 -102.362514,29.833156,0 -102.364542,29.845387,0 -102.349861,29.862317,0 -102.341033,29.869305,0 -102.333384,29.868046,0 -102.324634,29.872307,0 -102.320692921451,29.8788571412597,0 -102.320619,29.87898,0 -102.315389,29.87992,0 -102.301381,29.877674,0 -102.297331,29.875194,0 -102.281249,29.863117,0 -102.276755,29.862978,0 -102.268817,29.867991,0 -102.264954,29.867806,0 -102.261777,29.864002,0 -102.261238,29.857571,0 -102.247425,29.857279,0 -102.231791,29.848251,0 -102.205381,29.842438,0 -102.188672,29.848943,0 -102.18615,29.848462,0 -102.181894,29.846034,0 -102.161674,29.819487,0 -102.159601,29.814356,0 -102.142326,29.802854,0 -102.115682,29.79239,0 -102.091816,29.79285399999999,0 -102.084439,29.794962,0 -102.077348,29.792421,0 -102.073646,29.786926,0 -102.050044,29.78507,0 -102.039227,29.79097700000001,0 -102.038412,29.792832,0 -102.041088,29.79961,0 -102.039013,29.80265500000001,0 -102.034759,29.804028,0 -102.021919,29.802491,0 -102.001786,29.804828,0 -101.987539,29.801057,0 -101.974548,29.810276,0 -101.970357,29.810276,0 -101.966167,29.807343,0 -101.959462,29.799381,0 -101.953595,29.796866,0 -101.946471,29.797704,0 -101.93809,29.796028,0 -101.929709,29.789323,0 -101.922585,29.790161,0 -101.917557,29.792676,0 -101.912406,29.79785,0 -101.892739,29.797891,0 -101.8754,29.794023,0 -101.862242,29.800219,0 -101.852604,29.801895,0 -101.831232,29.789323,0 -101.814889,29.793095,0 -101.809441,29.790161,0 -101.806508,29.78639,0 -101.79687,29.782619,0 -101.791003,29.783038,0 -101.785668,29.788252,0 -101.777161,29.789327,0 -101.763274,29.78417,0 -101.760919600217,29.7824581874889,0 -101.754323,29.777662,0 -101.735202,29.771592,0 -101.714224,29.76766,0 -101.706636,29.762737,0 -101.689992,29.771213,0 -101.662453,29.77128,0 -101.654578,29.765163,0 -101.652401,29.758795,0 -101.646418,29.754304,0 -101.635128,29.758675,0 -101.630319,29.768729,0 -101.625958,29.77106300000001,0 -101.603681,29.774399,0 -101.582562,29.771334,0 -101.575564,29.774444,0 -101.561569,29.794658,0 -101.546797,29.796991,0 -101.537467,29.782996,0 -101.532802,29.764336,0 -101.522695,29.759671,0 -101.503223,29.764582,0 -101.475269,29.780663,0 -101.467494,29.779886,0 -101.455224,29.771874,0 -101.453499,29.759671,0 -101.446502,29.75500600000001,0 -101.441059,29.753451,0 -101.424732,29.758116,0 -101.415402,29.756561,0 -101.415584,29.746534,0 -101.410024,29.741498,0 -101.400636,29.738079,0 -101.397009,29.733963,0 -101.396294,29.727055,0 -101.398362,29.717,0 -101.396948,29.713947,0 -101.37886,29.69825,0 -101.367198,29.664041,0 -101.361756,29.657821,0 -101.350093,29.654711,0 -101.325214,29.657821,0 -101.316661,29.65548799999999,0 -101.311219,29.648491,0 -101.307332,29.640716,0 -101.314329,29.595622,0 -101.305533,29.577925,0 -101.293219,29.571828,0 -101.27761,29.593231,0 -101.280488,29.614835,0 -101.269217,29.630027,0 -101.252274,29.62563400000001,0 -101.247418,29.618158,0 -101.252297,29.604167,0 -101.244355,29.569187,0 -101.261175,29.536777,0 -101.260837,29.529933,0 -101.254895,29.520342,0 -101.235275,29.524854,0 -101.227419,29.52235,0 -101.19272,29.520285,0 -101.173821,29.514566,0 -101.171663,29.50395,0 -101.151877,29.477005,0 -101.144337,29.473246,0 -101.137503,29.473542,0 -101.130038,29.47842,0 -101.115254,29.468459,0 -101.103699,29.47055,0 -101.087149,29.469414,0 -101.063860880543,29.4601386037292,0 -101.060151,29.458661,0 -101.056957,29.440773,0 -101.043364,29.42988,0 -101.037642,29.414681,0 -101.0386,29.410714,0 -101.036604,29.406108,0 -101.024016,29.393698,0 -101.010614,29.368669,0 -101.004207,29.364772,0 -100.995607,29.363403,0 -100.972916,29.354545,0 -100.971743,29.351371,0 -100.964325,29.347342,0 -100.948972,29.347246,0 -100.945911359143,29.3444582521556,0 -100.943196,29.341985,0 -100.940615,29.333109,0 -100.926678,29.326584,0 -100.921125950569,29.3228795835548,0 -100.904835,29.31201,0 -100.886842,29.307848,0 -100.882052,29.299045,0 -100.878883,29.282193,0 -100.876049,29.279585,0 -100.864659,29.276076,0 -100.856469,29.275664,0 -100.848664,29.271421,0 -100.839016,29.263259,0 -100.83404,29.2614,0 -100.823533,29.261742,0 -100.797671,29.246943,0 -100.794912,29.242459,0 -100.795126802248,29.2417671837622,0 -100.797046,29.235586,0 -100.795681,29.22773,0 -100.791372,29.225945,0 -100.785521,29.228137,0 -100.767059,29.195287,0 -100.766031,29.185849,0 -100.775905,29.173344,0 -100.772649,29.168492,0 -100.759726,29.15715,0 -100.74614,29.154149,0 -100.739681,29.150486,0 -100.737591,29.147407,0 -100.739116,29.141658,0 -100.737795,29.139079,0 -100.727462,29.129123,0 -100.709966,29.119684,0 -100.692327,29.115228,0 -100.684472,29.110657,0 -100.674656,29.099777,0 -100.668355503091,29.0839701353641,0 -100.664065,29.073206,0 -100.662508,29.058107,0 -100.663212,29.048042,0 -100.660208,29.031497,0 -100.65611,29.017224,0 -100.653758,29.015356,0 -100.650946,29.008254,0 -100.645894,28.986421,0 -100.646993,28.957079,0 -100.651512,28.943432,0 -100.638857,28.927622,0 -100.63917,28.916289,0 -100.640568,28.914212,0 -100.631611,28.902839,0 -100.627206,28.903734,0 -100.602054,28.901944,0 -100.602654,28.88766,0 -100.598877,28.875591,0 -100.59104,28.863054,0 -100.580502,28.856008,0 -100.572992,28.848464,0 -100.576846,28.836168,0 -100.574699,28.828787,0 -100.57051,28.826317,0 -100.561443,28.829174,0 -100.55313,28.828249,0 -100.547324,28.825817,0 -100.53583,28.805888,0 -100.532431,28.791063,0 -100.537772,28.780776,0 -100.533017,28.76328000000001,0 -100.519226,28.756161,0 -100.509942040921,28.7437200311555,0 -100.507613,28.740599,0 -100.506900961849,28.7219751424832,0 -100.506701,28.716745,0 -100.508862053776,28.7120969188845,0 -100.511998,28.705352,0 -100.51079695924,28.6963092695465,0 -100.510055,28.690723,0 -100.502714040782,28.6689574077939,0 -100.500354,28.66196,0 -100.495863,28.658569,0 -100.479636,28.655225,0 -100.479454417579,28.6549370530796,0 -100.474494,28.647071,0 -100.462866,28.641364,0 -100.447091,28.642197,0 -100.445529,28.637144,0 -100.448648,28.616774,0 -100.44732,28.609325,0 -100.445571917009,28.6080353583795,0 -100.429856,28.596441,0 -100.398385,28.584884,0 -100.3968,28.580401,0 -100.39727,28.575637,0 -100.411414,28.551899,0 -100.405058,28.53578,0 -100.38886,28.51574799999999,0 -100.379079,28.511639,0 -100.362148,28.508399,0 -100.338518,28.501833,0 -100.333814,28.499252,0 -100.33714,28.491729,0 -100.344181,28.486249,0 -100.352235,28.482638,0 -100.365982,28.481116,0 -100.368288,28.477196,0 -100.357498,28.463642,0 -100.350786,28.459246,0 -100.341533,28.449571,0 -100.337797,28.44296,0 -100.336186,28.430181,0 -100.337059,28.427151,0 -100.343945,28.410119,0 -100.349586,28.402604,0 -100.3444,28.389662,0 -100.341869,28.384953,0 -100.320393,28.362117,0 -100.317246,28.357382,0 -100.314198,28.345859,0 -100.288639,28.316978,0 -100.286471,28.312296,0 -100.287554,28.301093,0 -100.294296,28.284381,0 -100.293468,28.278475,0 -100.289384,28.273491,0 -100.280518,28.267969,0 -100.267604,28.250269,0 -100.251634,28.236177,0 -100.2462,28.234092,0 -100.227575,28.235857,0 -100.22363,28.235224,0 -100.220284,28.23221,0 -100.217565,28.226934,0 -100.21345,28.210416,0 -100.212136662868,28.1968373634523,0 -100.212105,28.19651,0 -100.208059,28.190383,0 -100.196499,28.190218,0 -100.185694,28.185781,0 -100.174413,28.179448,0 -100.168438,28.171542,0 -100.16059,28.16816,0 -100.141098,28.168149,0 -100.119628,28.155588,0 -100.090289,28.148313,0 -100.083393,28.144035,0 -100.075474,28.124882,0 -100.067652,28.113602,0 -100.056493,28.104186,0 -100.055596,28.101141,0 -100.056983,28.094207,0 -100.053123,28.08473,0 -100.046108,28.079068,0 -100.028725,28.073118,0 -100.017914,28.064787,0 -100.012839,28.037203,0 -100.008631,28.023964,0 -99.99144699999999,27.99456,0 -99.98492299999999,27.990729,0 -99.96276899999999,27.983536,0 -99.93181199999999,27.980967,0 -99.93216099999999,27.96771,0 -99.938541,27.954059,0 -99.93714199999999,27.940537,0 -99.91746099999999,27.917973,0 -99.90007999999999,27.912142,0 -99.89582799999999,27.904178,0 -99.893456,27.899208,0 -99.894091,27.89295,0 -99.90123199999999,27.884406,0 -99.90438499999999,27.875284,0 -99.90148600000001,27.864162,0 -99.89364999999999,27.856193,0 -99.882015,27.850392,0 -99.87720200000001,27.842179,0 -99.876003,27.837968,0 -99.87784000000002,27.824376,0 -99.87767699999999,27.799427,0 -99.87006599999999,27.794627,0 -99.850877,27.793974,0 -99.84473699999999,27.778809,0 -99.84170799999998,27.766464,0 -99.835127,27.762881,0 -99.825793,27.764374,0 -99.822193,27.766855,0 -99.819092,27.776019,0 -99.813086,27.773952,0 -99.80567000000001,27.758688,0 -99.80165100000001,27.741771,0 -99.79634199999998,27.735586,0 -99.78884499999998,27.730718,0 -99.785366,27.730355,0 -99.77490099999999,27.73354,0 -99.77074000000002,27.732134,0 -99.758534,27.717071,0 -99.75753900000001,27.711853,0 -99.73244800000001,27.685425,0 -99.723716,27.673328,0 -99.72151899999999,27.666155,0 -99.711511,27.658365,0 -99.704601,27.654954,0 -99.69935599999999,27.655417,0 -99.685813,27.661015,0 -99.66894199999999,27.659974,0 -99.661845,27.655753,0 -99.658295,27.650158,0 -99.65949999999999,27.645246,0 -99.66542200000001,27.640275,0 -99.66594800000001,27.635968,0 -99.654324,27.629616,0 -99.638929,27.626758,0 -99.62532199999998,27.631137,0 -99.624515,27.634515,0 -99.603533,27.641992,0 -99.6020628609988,27.6415623537896,0 -99.596231,27.639858,0 -99.59403799999998,27.638573,0 -99.59137200000001,27.627464,0 -99.58478200000002,27.622007,0 -99.57809899999999,27.619196,0 -99.57816000000001,27.610369,0 -99.585148,27.606398,0 -99.58484300000001,27.603903,0 -99.58000599999998,27.602251,0 -99.56286900000001,27.607264,0 -99.559467,27.609076,0 -99.55681199999999,27.614336,0 -99.55495000000001,27.614454,0 -99.53972199999998,27.603281,0 -99.5371989860601,27.5972067070483,0 -99.5325182016928,27.5859374647182,0 -99.53013799999999,27.580207,0 -99.52836500836371,27.5791957937532,0 -99.515978,27.572131,0 -99.512219,27.568094,0 -99.51111899999999,27.564494,0 -99.514319,27.556994,0 -99.51881900000001,27.553194,0 -99.521919,27.544094,0 -99.52238497940118,27.5408036802103,0 -99.52386867693031,27.53032716702131,0 -99.5258377996789,27.5164230254822,0 -99.52831999999999,27.498896,0 -99.52582,27.496696,0 -99.51931999999999,27.496896,0 -99.51331999999999,27.499496,0 -99.50275881010302,27.5001643874373,0 -99.497519,27.500496,0 -99.4945537334365,27.4985050353073,0 -99.48351899999999,27.491096,0 -99.48021900000001,27.485796,0 -99.480419,27.481596,0 -99.4810228830967,27.4790563163528,0 -99.483819,27.467297,0 -99.48565594289509,27.4647285354947,0 -99.49510400000001,27.451518,0 -99.49518733747911,27.4497484441824,0 -99.4955684812945,27.44165538374,0 -99.495699,27.438884,0 -99.487521,27.412396,0 -99.4878758678866,27.4099489237818,0 -99.492144,27.380517,0 -99.49907599999999,27.37314,0 -99.50214384313639,27.3664801401384,0 -99.507779,27.354247,0 -99.50783100000001,27.348637,0 -99.50483699999999,27.338289,0 -99.50794292748451,27.3357349264034,0 -99.52126,27.324784,0 -99.53137599999998,27.323809,0 -99.53777100000001,27.316073,0 -99.53644300000001,27.312538,0 -99.52965399999999,27.306051,0 -99.523658,27.304138,0 -99.51153100000001,27.304077,0 -99.502036,27.306121,0 -99.494604,27.303542,0 -99.48793700000002,27.294941,0 -99.48751300000001,27.29024,0 -99.49661500000001,27.271708,0 -99.492407,27.264118,0 -99.48791,27.260721,0 -99.480688,27.259989,0 -99.463309,27.268437,0 -99.453949001404,27.2646725968277,0 -99.45239100000001,27.264046,0 -99.44154899999999,27.24992,0 -99.441407,27.236758,0 -99.44523799999999,27.223341,0 -99.441928,27.217985,0 -99.432795,27.209693,0 -99.426348,27.176262,0 -99.429984,27.159149,0 -99.437951,27.154121,0 -99.43997099999999,27.151072,0 -99.438265,27.144792,0 -99.431355,27.13758,0 -99.430581,27.126612,0 -99.43337000000001,27.119218,0 -99.44110900000001,27.110042,0 -99.442123,27.106839,0 -99.437646,27.100442,0 -99.43027499999999,27.094872,0 -99.42920900000001,27.090982,0 -99.43447000000002,27.078517,0 -99.45028200000002,27.067705,0 -99.452316,27.062669,0 -99.443973,27.036458,0 -99.44406199999999,27.031253,0 -99.44696999999999,27.026026,0 -99.446524,27.023008,0 -99.438721,27.01463,0 -99.43215499999999,27.010699,0 -99.42937999999998,27.010833,0 -99.420447,27.016568,0 -99.415476,27.01724,0 -99.407321,27.005809,0 -99.403694,26.997356,0 -99.387367,26.982399,0 -99.37843499999998,26.980034,0 -99.376593,26.977717,0 -99.37731199999999,26.973819,0 -99.39018900000002,26.966348,0 -99.393748,26.96073,0 -99.38825300000001,26.94421699999999,0 -99.37914899999998,26.93449,0 -99.36705400000001,26.92903400000001,0 -99.361144,26.928921,0 -99.33729700000001,26.922759,0 -99.32468400000002,26.915973,0 -99.321819,26.906846,0 -99.3289,26.87976099999999,0 -99.32352957123199,26.8736022716936,0 -99.31675300000002,26.865831,0 -99.29514600000002,26.86544,0 -99.28047100000001,26.858053,0 -99.27483295443351,26.8509971224316,0 -99.268613,26.843213,0 -99.26220800000002,26.815668,0 -99.2431328244551,26.7892171671229,0 -99.24244400000001,26.788262,0 -99.24002299999998,26.745851,0 -99.208907,26.724761,0 -99.209948,26.693938,0 -99.20052200000001,26.656443,0 -99.17806400000002,26.620547,0 -99.1694639664008,26.571673559574,0 -99.16741000000002,26.560001,0 -99.17140400000001,26.549848,0 -99.170704,26.540316,0 -99.166742,26.536079,0 -99.143659,26.527901,0 -99.127782,26.525199,0 -99.105031,26.500335,0 -99.09163499999998,26.476977,0 -99.103083,26.441515,0 -99.11380799999999,26.434002,0 -99.11085500000002,26.426278,0 -99.08941299999999,26.4081,0 -99.085126,26.398782,0 -99.08200200000002,26.39651,0 -99.06209299999999,26.397371,0 -99.053185,26.402006,0 -99.045466,26.409816,0 -99.039107,26.412947,0 -99.03246672787031,26.412101198882,0 -99.03231599999998,26.41208200000001,0 -99.02193499999998,26.407902,0 -99.01885676630052,26.404019986267,0 -99.01473900000002,26.398827,0 -99.008003,26.395459,0 -98.99032100000001,26.395459,0 -98.98563375068311,26.3960377414811,0 -98.98236200077891,26.3964417091938,0 -98.96758699999999,26.398266,0 -98.958325,26.394056,0 -98.950186,26.380303,0 -98.94204599999999,26.375532,0 -98.937556,26.376093,0 -98.92492600000001,26.381987,0 -98.921277,26.381426,0 -98.9067951099414,26.3653915245403,0 -98.90555999999999,26.364024,0 -98.89096499999999,26.357569,0 -98.86135400000001,26.36599,0 -98.85341499999998,26.365023,0 -98.8532869063541,26.3649011898546,0 -98.84770700000001,26.359595,0 -98.84405700000001,26.358638,0 -98.832909,26.363338,0 -98.82457099999999,26.370715,0 -98.807348,26.369421,0 -98.79821099999999,26.360166,0 -98.7980258585448,26.3591205509049,0 -98.7975986799872,26.3567083767322,0 -98.796252,26.349104,0 -98.78982199999999,26.331575,0 -98.779912,26.326542,0 -98.76980628742882,26.3259513053292,0 -98.755242,26.3251,0 -98.75085039271529,26.3226600604647,0 -98.749054,26.321662,0 -98.745615,26.317193,0 -98.745272,26.303096,0 -98.73461300000001,26.29897,0 -98.729196,26.299027,0 -98.71123299999999,26.289687,0 -98.7102906469509,26.2871729921809,0 -98.709171,26.284186,0 -98.71060199999999,26.279018,0 -98.70745100000001,26.272152,0 -98.69885600000001,26.265619,0 -98.68715599999999,26.26512,0 -98.681167,26.26271,0 -98.67776600000001,26.255568,0 -98.679042,26.245554,0 -98.67520599999999,26.239989,0 -98.66939700000002,26.23632,0 -98.65422100000001,26.23596,0 -98.63417999999999,26.242612,0 -98.62665400000002,26.25221,0 -98.61346499999999,26.252028,0 -98.59915399999998,26.257612,0 -98.5871076466141,26.2548672939995,0 -98.585184,26.254429,0 -98.58177999999999,26.243001,0 -98.576188,26.235221,0 -98.5616,26.230845,0 -98.543852,26.234492,0 -98.53801699999998,26.231331,0 -98.535241,26.225677,0 -98.52659,26.221606,0 -98.516621,26.223551,0 -98.50932700000001,26.222822,0 -98.50349199999999,26.214798,0 -98.500575,26.213826,0 -98.496684,26.212853,0 -98.48326900000001,26.216439,0 -98.481646,26.219277,0 -98.46507699999999,26.222335,0 -98.450976,26.219904,0 -98.443682,26.213339,0 -98.44437599999999,26.201407,0 -98.44253600000002,26.199151,0 -98.41812000000002,26.184648,0 -98.404433,26.182564,0 -98.38669400000001,26.157872,0 -98.3864883408704,26.157840992951,0 -98.354645,26.15304,0 -98.345781,26.166016,0 -98.336837,26.166432,0 -98.33315599999999,26.162336,0 -98.333316,26.1588,0 -98.33842000000001,26.151344,0 -98.335204,26.137617,0 -98.32382800000002,26.121249,0 -98.3081195433402,26.1128112329065,0 -98.30297899999999,26.11005,0 -98.29952299999999,26.11749,0 -98.296195,26.120321,0 -98.26569800000001,26.12037,0 -98.2696763698077,26.1081853249432,0 -98.270034,26.10709,0 -98.272898,26.10629,0 -98.277218,26.098802,0 -98.2723545207385,26.0937122678856,0 -98.26451400000001,26.085507,0 -98.248806,26.073101,0 -98.23009699999999,26.077155,0 -98.22067300000001,26.076467,0 -98.20527722374359,26.0666218552266,0 -98.20496,26.066419,0 -98.20087100000001,26.059161,0 -98.19704599999999,26.056153,0 -98.191534,26.057118,0 -98.18906,26.063258,0 -98.17789700000002,26.074672,0 -98.1688029027779,26.0689425727774,0 -98.151731,26.058187,0 -98.14946299999998,26.055813,0 -98.14946299999998,26.051579,0 -98.14662199999999,26.049412,0 -98.128331,26.061929,0 -98.10550499999999,26.06753700000001,0 -98.09764300000001,26.060271,0 -98.094432,26.058625,0 -98.091038,26.059169,0 -98.081884,26.063724,0 -98.08156700000001,26.066108,0 -98.085849,26.069208,0 -98.084755,26.070808,0 -98.080495,26.070932,0 -98.076544,26.06804199999999,0 -98.07610673861539,26.066930166174,0 -98.070025,26.051466,0 -98.07002099999998,26.047992,0 -98.03923899999999,26.041275,0 -98.03440300000001,26.051375,0 -98.033102,26.061039,0 -98.02875899999998,26.06647,0 -98.010971,26.063863,0 -97.981335,26.067182,0 -97.978769,26.059708,0 -97.967358,26.051718,0 -97.950095,26.06182799999999,0 -97.944345,26.059621,0 -97.93541999999998,26.052688,0 -97.913882,26.056539,0 -97.88652999999999,26.066339,0 -97.876983,26.064483,0 -97.87118700000001,26.058083,0 -97.8682901823248,26.0566824511567,0 -97.86050400000001,26.052918,0 -97.836608,26.051651,0 -97.825546,26.055702,0 -97.80134399999999,26.060017,0 -97.79529100000001,26.055218,0 -97.79452208220408,26.0524500984148,0 -97.792253,26.044282,0 -97.789823,26.04246,0 -97.78405100000001,26.040637,0 -97.779191,26.042763,0 -97.770077,26.041548,0 -97.76827839759122,26.0402784597637,0 -97.76491300000001,26.037903,0 -97.76309099999999,26.03365,0 -97.758838,26.032131,0 -97.71992000000002,26.030838,0 -97.711145,26.033043,0 -97.703247,26.030309,0 -97.697069,26.023455,0 -97.671351,26.024233,0 -97.66829799999999,26.019956,0 -97.661326,26.01937300000001,0 -97.64917600000001,26.021499,0 -97.643708,26.016943,0 -97.64401100000001,26.006614,0 -97.634804,25.999509,0 -97.62722600000001,25.996727,0 -97.6144953601418,25.9831966208486,0 -97.608283,25.976594,0 -97.60773399999999,25.972745,0 -97.59804299999999,25.957556,0 -97.583044,25.955443,0 -97.58041900000002,25.945116,0 -97.582565,25.937857,0 -97.56909492311848,25.9346057422725,0 -97.5665388141814,25.9339887770534,0 -97.559364,25.932257,0 -97.555379,25.937136,0 -97.54776224356242,25.9345350111696,0 -97.546421,25.934077,0 -97.5458549180541,25.9295058090986,0 -97.54517,25.923975,0 -97.542957,25.920035,0 -97.530322,25.916797,0 -97.528628,25.905219,0 -97.521762,25.886458,0 -97.50703647881139,25.8826732790809,0 -97.49686100000001,25.880058,0 -97.49078585909039,25.8793268007423,0 -97.48605999999999,25.878758,0 -97.468262,25.884162,0 -97.45472700000001,25.879337,0 -97.45158977354359,25.8750115243151,0 -97.449172,25.871678,0 -97.44827100000002,25.859463,0 -97.44511300000001,25.850026,0 -97.42263600000001,25.840378,0 -97.394513,25.837377,0 -97.37286399999999,25.840117,0 -97.36542,25.849826,0 -97.36008200000001,25.868874,0 -97.36552100000002,25.890476,0 -97.365976,25.902447,0 -97.372365,25.905016,0 -97.37442999999999,25.90744400000001,0 -97.367642,25.91568,0 -97.35039800000001,25.925241,0 -97.34154751707182,25.9236870984172,0 -97.338346,25.923125,0 -97.32491400000001,25.924041,0 -97.32056100000001,25.929802,0 -97.303602,25.936704,0 -97.277163,25.935438,0 -97.281389,25.948037,0 -97.27670700000002,25.952147,0 -97.24803300000002,25.948097,0 -97.23986699999999,25.954974,0 -97.229226,25.958753,0 -97.206945,25.960899,0 -97.187583,25.958174,0 -97.17836199999999,25.962114,0 -97.168199,25.959262,0 -97.16029399999999,25.950243,0 -97.15660800000001,25.949022,0 -97.147785,25.953132,0 -97.146294,25.955606,0 -97.14688099999998,25.969781,0 -97.145567,25.971132,0 -97.151922,26.017653,0 -97.15321,26.038906,0 -97.15200899999999,26.062108,0 -97.16498199999998,26.063876,0 -97.18672099999999,26.050563,0 -97.19074453992761,26.0517260448235,0 -97.196456,26.053377,0 -97.1990895411858,26.0728849872441,0 -97.199651,26.077044,0 -97.20804800000002,26.079589,0 -97.2295256893028,26.080009925638,0 -97.24697999999999,26.080352,0 -97.2514825513302,26.0815016396427,0 -97.270898,26.086459,0 -97.279804,26.092057,0 -97.2829271049919,26.0956651326611,0 -97.30462000000001,26.120727,0 -97.29105,26.133308,0 -97.307461,26.157336,0 -97.29608899999998,26.182388,0 -97.298817,26.20121,0 -97.311333,26.213177,0 -97.311019,26.235921,0 -97.293797,26.258987,0 -97.2924444270827,26.2627329633874,0 -97.287723,26.275809,0 -97.297005,26.296069,0 -97.33028100000001,26.36594,0 -97.3496298742044,26.41103585465009,0 -97.36971600000001,26.45785,0 -97.41125,26.474474,0 -97.406813,26.499492,0 -97.419173,26.527247,0 -97.416955,26.55363699999999,0 -97.428151,26.572466,0 -97.44120775772409,26.5999047499567,0 -97.445708,26.609362,0 -97.444945,26.633535,0 -97.467337,26.710126,0 -97.46860899999999,26.740915,0 -97.47166300000001,26.758727,0 -97.478605,26.80667499999999,0 -97.466469,26.809695,0 -97.460284,26.847287,0 -97.453166,26.910467,0 -97.44406400000001,26.987235,0 -97.439396,27.076524,0 -97.430994,27.160861,0 -97.441565,27.163833,0 -97.43476699999999,27.202241,0 -97.422299,27.257712,0 -97.42408,27.264073,0 -97.450289,27.262546,0 -97.458431,27.259493,0 -97.46708300000002,27.25364,0 -97.48514900000001,27.250841,0 -97.500162,27.24448,0 -97.503215,27.2399,0 -97.50983100000001,27.23532,0 -97.52000900000002,27.231248,0 -97.54291000000001,27.229213,0 -97.56123100000001,27.232775,0 -97.573953,27.238882,0 -97.58260500000002,27.240409,0 -97.597363,27.242444,0 -97.628916,27.242953,0 -97.63502200000001,27.247024,0 -97.63909400000001,27.253131,0 -97.640111,27.270943,0 -97.6366800047884,27.2817272286326,0 -97.636549,27.282139,0 -97.63146,27.28621,0 -97.621791,27.287228,0 -97.60906799999999,27.285193,0 -97.584132,27.30962,0 -97.57089999999999,27.315727,0 -97.53833,27.335574,0 -97.520518,27.352877,0 -97.514411,27.361529,0 -97.50168800000002,27.366618,0 -97.48692999999999,27.358984,0 -97.48387700000001,27.351351,0 -97.48387700000001,27.338628,0 -97.49914400000002,27.327941,0 -97.502706,27.322343,0 -97.498126,27.308602,0 -97.50474200000001,27.30504,0 -97.51746500000002,27.30504,0 -97.52458900000001,27.297915,0 -97.526625,27.291808,0 -97.53680300000001,27.289264,0 -97.546981,27.290791,0 -97.544437,27.284175,0 -97.53222300000002,27.27857699999999,0 -97.508304,27.275014,0 -97.482859,27.297915,0 -97.45079800000001,27.313691,0 -97.43044099999999,27.313691,0 -97.42026300000001,27.317254,0 -97.413138,27.321325,0 -97.404996,27.329977,0 -97.40194200000001,27.335574,0 -97.39939800000001,27.344735,0 -97.37955000000001,27.390028,0 -97.372935,27.401224,0 -97.36988100000001,27.41242,0 -97.371917,27.425142,0 -97.36581,27.450588,0 -97.35919399999999,27.458221,0 -97.35054299999999,27.478578,0 -97.347489,27.503005,0 -97.343418,27.517764,0 -97.33680200000001,27.527433,0 -97.3251182503319,27.5609268748918,0 -97.321535,27.571199,0 -97.30219599999998,27.585957,0 -97.29405399999999,27.5941,0 -97.297616,27.59868,0 -97.29863400000001,27.604787,0 -97.2978189419765,27.6084539604594,0 -97.29659799999999,27.613947,0 -97.2826326295389,27.6435078116736,0 -97.2730265136091,27.6638412918849,0 -97.266064,27.678579,0 -97.26228398578201,27.6792091055304,0 -97.259957,27.679597,0 -97.25395500000002,27.696696,0 -97.3119104065166,27.71151617244301,0 -97.316446,27.712676,0 -97.33387048004178,27.7199359146883,0 -97.34697999999999,27.725398,0 -97.3524566926844,27.7295705352218,0 -97.36835499999998,27.741683,0 -97.37564184509139,27.7518852377207,0 -97.38516953073781,27.765224853518,0 -97.38616600000002,27.76662,0 -97.38935567505402,27.7739103660708,0 -97.393291,27.782905,0 -97.39309809071919,27.7868267307151,0 -97.3918052518224,27.813109375033,0 -97.39176400000001,27.813948,0 -97.379042,27.837867,0 -97.41919,27.822998,0 -97.47207299999999,27.824154,0 -97.50432199301341,27.8444050063514,0 -97.515095,27.85117,0 -97.514737,27.870073,0 -97.5089714227351,27.8738284832282,0 -97.493239,27.884076,0 -97.45429300000001,27.873824,0 -97.37795199999999,27.874905,0 -97.3640047007589,27.8780872277522,0 -97.34099999999999,27.883336,0 -97.3302382729721,27.8728855598005,0 -97.325097,27.867893,0 -97.3014566448104,27.8759067064153,0 -97.295072,27.878071,0 -97.29194444514289,27.8785922103678,0 -97.27369800000001,27.881633,0 -97.26300999999999,27.880106,0 -97.25079700000001,27.876035,0 -97.24439,27.869109,0 -97.23934396012318,27.8597155541663,0 -97.23479100000002,27.85124,0 -97.220309,27.837804,0 -97.225881,27.830215,0 -97.225176,27.825723,0 -97.220771,27.824126,0 -97.209575,27.822091,0 -97.19685200000001,27.822091,0 -97.18718299999999,27.824126,0 -97.18463899999999,27.831251,0 -97.1566961157276,27.8779824611655,0 -97.15512200000002,27.880615,0 -97.1477217547838,27.8901299966796,0 -97.144435,27.894356,0 -97.135783,27.899445,0 -97.1348010192936,27.9024667988298,0 -97.12916800000001,27.919801,0 -97.12153399999998,27.923364,0 -97.10175550095929,27.950833753711,0 -97.075732,27.986977,0 -97.061992,27.99613799999999,0 -97.0563356437365,28.0072327000047,0 -97.0502630591364,28.0191438140246,0 -97.04876,28.022092,0 -97.04061799999999,28.028708,0 -97.030948,28.033288,0 -97.025859,28.041939,0 -97.031457,28.053644,0 -97.0314933787178,28.0537811560073,0 -97.03671,28.073449,0 -97.035528,28.084688,0 -97.02676400000001,28.101458,0 -97.02489600000001,28.107318,0 -97.02778299999999,28.11189,0 -97.04698799999998,28.115946,0 -97.053498,28.092386,0 -97.0624085159329,28.0887890970496,0 -97.08538299999999,28.079515,0 -97.099754,28.078133,0 -97.110635,28.069299,0 -97.1115854891714,28.0638354926941,0 -97.112346,28.059464,0 -97.13197599999999,28.049561,0 -97.12851199999999,28.038387,0 -97.137238,28.028068,0 -97.153492,28.031901,0 -97.160746,28.043671,0 -97.18002300000001,28.049605,0 -97.179751,28.058848,0 -97.217173,28.073503,0 -97.2172684573701,28.0758586654699,0 -97.217688,28.086212,0 -97.147015,28.14172,0 -97.037008,28.185528,0 -97.0278242472443,28.1846929539042,0 -97.021303,28.1841,0 -97.02701399999999,28.148408,0 -97.00753899999999,28.136087,0 -97.00041399999999,28.137614,0 -96.962755,28.123365,0 -96.93476499999998,28.123873,0 -96.91033699999998,28.14728300000001,0 -96.898123,28.152881,0 -96.87267799999999,28.176291,0 -96.84214300000001,28.193594,0 -96.81003711343919,28.2170859995267,0 -96.80041300000001,28.224128,0 -96.787181,28.250083,0 -96.787181,28.255681,0 -96.79930211214381,28.2727155719948,0 -96.806011,28.282144,0 -96.80957299999999,28.290287,0 -96.806011,28.296902,0 -96.79176099999999,28.31217,0 -96.7911592252354,28.3190954393755,0 -96.790744,28.323874,0 -96.79430600000001,28.34932,0 -96.79481499999999,28.364587,0 -96.790235,28.383926,0 -96.77598500000001,28.405809,0 -96.76835200000001,28.410389,0 -96.7669593744276,28.4107372134025,0 -96.76224500000001,28.411916,0 -96.74901300000001,28.408862,0 -96.72255,28.408862,0 -96.710336,28.406827,0 -96.70575600000001,28.400211,0 -96.70015800000002,28.369676,0 -96.705247,28.348811,0 -96.68789700000001,28.328127,0 -96.684355,28.314464,0 -96.66519799999999,28.30961,0 -96.63239799999999,28.318712,0 -96.620633,28.31913,0 -96.58141599999999,28.353335,0 -96.542024,28.37185,0 -96.511538,28.383346,0 -96.45295000000002,28.418679,0 -96.42003200000001,28.416902,0 -96.42062599999998,28.404359,0 -96.45021699999999,28.388469,0 -96.45283099999999,28.380209,0 -96.44486899999998,28.370276,0 -96.43369800000002,28.363688,0 -96.440591,28.34298,0 -96.45033599999999,28.33775,0 -96.482541,28.330114,0 -96.525205,28.323001,0 -96.54148600000001,28.31641,0 -96.553845,28.30270399999999,0 -96.575593,28.300821,0 -96.59900399999999,28.293287,0 -96.609437,28.28107,0 -96.626456,28.269112,0 -96.65497799999999,28.246397,0 -96.70275200000002,28.214567,0 -96.734745,28.190771,0 -96.79057400000001,28.188907,0 -96.82126700000001,28.168361,0 -96.81933400000001,28.143333,0 -96.8249014576363,28.13962566409329,0 -96.85427199999999,28.120068,0 -96.879942,28.128767,0 -96.88731,28.116294,0 -96.888261,28.103925,0 -96.919872,28.093547,0 -96.92831,28.082329,0 -96.933657,28.056008,0 -96.954573,28.035975,0 -96.970654,28.012456,0 -96.984402,27.984355,0 -97.017202,27.945728,0 -97.05665236224961,27.9260895408989,0 -97.0781009814495,27.9154123808701,0 -97.082481,27.913232,0 -97.102802,27.879097,0 -97.129898,27.839487,0 -97.13134199999999,27.822657,0 -97.120885,27.798691,0 -97.151189,27.768621,0 -97.18696000000001,27.694252,0 -97.235209,27.634468,0 -97.2359625288683,27.6331606150002,0 -97.2547066814237,27.6006392015338,0 -97.26222199999999,27.58759999999999,0 -97.2683119237207,27.5759679733044,0 -97.304254,27.507317,0 -97.33044700000001,27.4345,0 -97.361464,27.351988,0 -97.37723500000001,27.279976,0 -97.3775228909102,27.2780246361898,0 -97.38808400000002,27.20644,0 -97.39981400000002,27.115083,0 -97.39743799999999,27.010313,0 -97.40100300000002,26.891668,0 -97.38911899999999,26.800481,0 -97.35703100000001,26.725431,0 -97.33682899999998,26.650818,0 -97.3148893003729,26.6002710565844,0 -97.305931,26.579632,0 -97.31030699999999,26.563263,0 -97.28607200000002,26.537223,0 -97.252453,26.438192,0 -97.2445723889027,26.4111826059713,0 -97.22512,26.344513,0 -97.201352,26.249691,0 -97.18305099999999,26.123267,0 -97.16931700000001,26.077714,0 -97.158798,26.08266,0 -97.17116900000001,26.162181,0 -97.19693500000001,26.305865,0 -97.221585,26.399812,0 -97.2251347143995,26.4111998222813,0 -97.253801,26.503164,0 -97.289717699364,26.6003484681446,0 -97.296171,26.61781,0 -97.32274999999998,26.701746,0 -97.34822500000001,26.795872,0 -97.366872,26.885581,0 -97.37694300000001,26.971528,0 -97.37869700000002,27.060044,0 -97.37526200000001,27.1059532984473,0 -97.37381258131832,27.125325,0 -97.37174100000001,27.153012,0 -97.358469,27.234796,0 -97.3468508769557,27.2779588322095,0 -97.336122,27.317818,0 -97.29605699999999,27.427175,0 -97.25732499999999,27.510644,0 -97.22299140753179,27.5766073164796,0 -97.21267899999999,27.59642,0 -97.140854,27.716688,0 -97.090735,27.785888,0 -97.08438057583479,27.7926147802109,0 -97.0573062887576,27.8212755642253,0 -97.04484599999999,27.834466,0 -97.0436840836865,27.8365323534718,0 -97.0398230274029,27.8433988609508,0 -97.01670255888121,27.8845163320165,0 -97.003325,27.908307,0 -96.94757199999999,27.97094,0 -96.886459,28.030734,0 -96.85207062273008,28.0598208616046,0 -96.792158,28.110497,0 -96.71962700000002,28.164594,0 -96.63200999999999,28.222821,0 -96.486267,28.298499,0 -96.442849,28.317666,0 -96.400477,28.357137,0 -96.39037600000002,28.381815,0 -96.3783766730306,28.3905560343654,0 -96.341617,28.417334,0 -96.328817,28.423659,0 -96.32156000000002,28.425148,0 -96.303212,28.441871,0 -96.270391,28.46193,0 -96.24475099999998,28.475055,0 -96.220376,28.491966,0 -96.2029889096676,28.4988353873298,0 -96.194412,28.502224,0 -96.077868,28.556626,0 -96.024194406394,28.5786083496628,0 -96.000682,28.588238,0 -95.88402600000001,28.633098,0 -95.812504,28.664942,0 -95.6969514937947,28.7271198034208,0 -95.684089,28.734041,0 -95.65951099999999,28.751084,0 -95.588801,28.783169,0 -95.50726417573519,28.8256171832297,0 -95.48676899999998,28.836287,0 -95.43959400000001,28.859022,0 -95.43673012520929,28.8590782503161,0 -95.416174,28.859482,0 -95.38239,28.866348,0 -95.37697900000002,28.87616,0 -95.35345100000001,28.898145,0 -95.30970400000001,28.928262,0 -95.30468947067681,28.9305825725808,0 -95.2973996325119,28.9339560893106,0 -95.297147,28.934073,0 -95.2965602875134,28.9347208337745,0 -95.27226599999999,28.961546,0 -95.238924,28.988644,0 -95.191391,29.02309,0 -95.125134,29.067321,0 -95.122525,29.074,0 -95.11927114450668,29.0778437704955,0 -95.1144744044644,29.0835101462419,0 -95.110484,29.088224,0 -95.081773,29.111222,0 -95.02621900000001,29.148064,0 -94.9819237844097,29.1741750546037,0 -94.94751233662799,29.1944598456369,0 -94.8686617660811,29.2409405213858,0 -94.84438128837878,29.255253328551,0 -94.8220390225806,29.268423602461,0 -94.8191415199279,29.2701316164976,0 -94.803695,29.27923699999999,0 -94.786095,29.290737,0 -94.769695,29.304936,0 -94.73478,29.32596,0 -94.73444099999999,29.332111,0 -94.739075,29.334993,0 -94.77271002312131,29.336602636264,0 -94.777064,29.336811,0 -94.779995,29.334935,0 -94.78489499999999,29.335535,0 -94.81069599999999,29.353435,0 -94.822307,29.344254,0 -94.82254699999999,29.321882,0 -94.82495300000001,29.306005,0 -94.84972999999999,29.297345,0 -94.865126,29.293977,0 -94.87331148136369,29.2892569938115,0 -94.879239,29.285839,0 -94.88559027910969,29.2810486505136,0 -94.95186275654351,29.2310637068891,0 -94.99154900000001,29.201131,0 -94.9919808077298,29.200549731101,0 -95.00392299999999,29.18447400000001,0 -95.09859899999998,29.128799,0 -95.1056271959925,29.1230296057938,0 -95.144845,29.090836,0 -95.16525,29.113566,0 -95.16280999999999,29.133334,0 -95.1571364139638,29.14682308843719,0 -95.15518400000002,29.151465,0 -95.158512,29.189133,0 -95.137952,29.194839,0 -95.112758,29.195669,0 -95.09910099999999,29.173529,0 -95.0586596252687,29.2031689770036,0 -95.022482,29.229684,0 -94.9832185224848,29.2636054085148,0 -94.95252600000001,29.290122,0 -94.9517298967847,29.2899015422319,0 -94.92776368688449,29.2832647933227,0 -94.921593,29.281556,0 -94.90412086691981,29.2984045579114,0 -94.89871853483911,29.3036140823867,0 -94.89399400000001,29.30817,0 -94.894234,29.338,0 -94.88653599999999,29.366386,0 -94.8874799015537,29.3844038179283,0 -94.887967574241,29.3937128371305,0 -94.88868561275299,29.4074192317466,0 -94.88908499999999,29.415043,0 -94.8902097542188,29.4218982538155,0 -94.89209899999999,29.433413,0 -94.91782182955102,29.4446374014249,0 -94.91856799999999,29.444963,0 -94.9190174475208,29.4452553129734,0 -94.95160700000001,29.466451,0 -94.9514372536543,29.4671809092863,0 -94.94948700000002,29.475567,0 -94.935187,29.481177,0 -94.923412,29.476892,0 -94.91356499999999,29.487599,0 -94.909465,29.496838,0 -94.95844300000002,29.505013,0 -94.9593447315697,29.5052484113688,0 -94.974543672061,29.5092163365309,0 -94.98191599999998,29.511141,0 -94.9905906562863,29.5160280749709,0 -94.99958100000001,29.521093,0 -95.01516500000001,29.53998899999999,0 -95.01819057863069,29.5545838896643,0 -95.01825300000002,29.554885,0 -95.016627,29.558487,0 -95.011428,29.570473,0 -95.002934,29.581776,0 -94.98914899999998,29.595112,0 -94.984122,29.601849,0 -94.992846,29.611928,0 -94.99536847848532,29.6137357206061,0 -95.008713,29.623299,0 -95.00986361186098,29.6247162287757,0 -95.01349899999998,29.629194,0 -95.015636,29.639457,0 -95.01419090776442,29.6425432621151,0 -95.00826600000001,29.655197,0 -95.00198,29.664761,0 -94.98826530764249,29.6774711949375,0 -94.98599199999998,29.679578,0 -94.9801775539263,29.6791758029516,0 -94.979313,29.679116,0 -94.9783611913294,29.6770026235925,0 -94.97135400000001,29.661444,0 -94.96269599999998,29.659742,0 -94.95714,29.663409,0 -94.96095653640739,29.6809720218513,0 -94.96306699999998,29.690684,0 -94.961929,29.69665,0 -94.95680499999999,29.699389,0 -94.94268099999999,29.697778,0 -94.936089,29.692704,0 -94.934167,29.67868199999999,0 -94.9311539114845,29.6738738151668,0 -94.921318,29.658178,0 -94.915413,29.656614,0 -94.893107,29.661336,0 -94.87255100000002,29.67125,0 -94.86743799999999,29.678768,0 -94.86500699999999,29.695337,0 -94.85110799999998,29.721373,0 -94.816085,29.75671,0 -94.797374,29.766679,0 -94.75650899999999,29.781426,0 -94.73883700000002,29.792058,0 -94.720916,29.782718,0 -94.72179800000001,29.771872,0 -94.6945854037903,29.7561946817024,0 -94.689632,29.753341,0 -94.69398100000001,29.729295,0 -94.69086,29.690117,0 -94.706971,29.625229,0 -94.73462600000002,29.584046,0 -94.75523699999999,29.562782,0 -94.77105299999999,29.548439,0 -94.77943900000001,29.549472,0 -94.790605,29.548401,0 -94.78093800000001,29.531093,0 -94.768676,29.525659,0 -94.757689,29.524617,0 -94.705029,29.538805,0 -94.68575399999999,29.539526,0 -94.668027,29.544084,0 -94.660308,29.547389,0 -94.61704899999999,29.555461,0 -94.593552,29.562695,0 -94.57018100000001,29.573285,0 -94.557225,29.575518,0 -94.54441100000001,29.572446,0 -94.52561800000001,29.553458,0 -94.52099799999999,29.544591,0 -94.512755,29.542973,0 -94.49948200000001,29.545186,0 -94.49479999999998,29.552964,0 -94.473512,29.560333,0 -94.47052182340968,29.5570134216317,0 -94.46625899999999,29.552281,0 -94.487971,29.529039,0 -94.527145,29.513143,0 -94.54598900000002,29.522481,0 -94.555119,29.528189,0 -94.56566900000001,29.53009,0 -94.579269,29.523397,0 -94.594435,29.505771,0 -94.59421099999999,29.492127,0 -94.60855699999999,29.483345,0 -94.62821700000001,29.475986,0 -94.64594799999999,29.473769,0 -94.65673700000002,29.478033,0 -94.665853,29.478401,0 -94.6724,29.476843,0 -94.681541,29.47138899999999,0 -94.68638600000001,29.466509,0 -94.70636500000001,29.436805,0 -94.72381800000001,29.426536,0 -94.75409999999999,29.401,0 -94.76684799999998,29.393489,0 -94.78313100000001,29.375642,0 -94.78235599999999,29.364266,0 -94.77869099999998,29.361483,0 -94.76149100000001,29.361883,0 -94.744834,29.369158,0 -94.731047,29.369141,0 -94.72395899999999,29.383268,0 -94.708473,29.403049,0 -94.694158,29.415632,0 -94.67038899999999,29.43078,0 -94.631084,29.451464,0 -94.594853,29.467903,0 -94.49975999999999,29.507043,0 -94.37082542681532,29.556442013118,0 -94.3540758536893,29.5628593173533,0 -94.13370899999998,29.647289,0 -94.09576199999999,29.660524,0 -94.056506,29.671163,0 -94.00140600000002,29.681486,0 -93.93163199999999,29.68275999999999,0 -93.88953600000001,29.680621,0 -93.86129099999999,29.679007,0 -93.83772500000001,29.67902399999999,0 -93.840643,29.685757,0 -93.837971,29.690619,0 -93.82795033195571,29.6977252463044,0 -93.818995,29.704076,0 -93.79925000000001,29.71526,0 -93.76604800000001,29.7295,0 -93.74194799999999,29.736343,0 -93.68364,29.747153,0 -93.635304,29.752806,0 -93.59078600000001,29.755649,0 -93.538462,29.763299,0 -93.475252,29.769242,0 -93.43897300000002,29.768949,0 -93.380563,29.765606,0 -93.346439,29.762643,0 -93.29557300000002,29.775071,0 -93.267456,29.778113,0 -93.22862499999999,29.7775437878683,0 -93.22693399999999,29.777519,0 -93.17693,29.770487,0 -93.088182,29.749125,0 -93.03115699999999,29.736333,0 -92.993128,29.723846,0 -92.94749299999998,29.708777,0 -92.879992,29.680285,0 -92.78646500000001,29.641146,0 -92.74130599999999,29.622139,0 -92.65502900000001,29.596102,0 -92.6160809217819,29.5858204720519,0 -92.615098,29.585561,0 -92.568038,29.577397,0 -92.536902,29.573779,0 -92.473585,29.561081,0 -92.40985999999999,29.547477,0 -92.40281566826739,29.5462262204568,0 -92.3832824165159,29.5427579295486,0 -92.36470300000001,29.539459,0 -92.323465,29.531497,0 -92.28039200000001,29.533434,0 -92.25185999999999,29.539354,0 -92.21259000000001,29.562479,0 -92.158624,29.581616,0 -92.10592300000002,29.586335,0 -92.06451300000001,29.585665,0 -92.041866,29.586769,0 -92.048351,29.592485,0 -92.06534499999999,29.603852,0 -92.04882600000001,29.614494,0 -92.016858,29.615837,0 -92.034566,29.63154,0 -92.05887199999999,29.62235,0 -92.09145499999998,29.619804,0 -92.10824599999999,29.613667,0 -92.126429,29.643108,0 -92.13664900000001,29.667481,0 -92.103179,29.69313,0 -92.117875,29.6985,0 -92.148652,29.695151,0 -92.16909200000001,29.70021,0 -92.200076,29.72571,0 -92.20816800000001,29.744184,0 -92.199871,29.753219,0 -92.17110599999999,29.739782,0 -92.17494000000001,29.75947499999999,0 -92.14977099999999,29.763048,0 -92.136527,29.767336,0 -92.123577,29.753461,0 -92.115852,29.739532,0 -92.062911,29.769163,0 -92.00544999999998,29.790906,0 -91.978228,29.799942,0 -91.981987,29.811983,0 -91.982755,29.825391,0 -91.9721321088952,29.833446850379,0 -91.97098600000001,29.834316,0 -91.937507,29.816765,0 -91.91525,29.819367,0 -91.901043,29.833447,0 -91.889118,29.836023,0 -91.859514,29.826068,0 -91.830808,29.82927,0 -91.82492000000001,29.808539,0 -91.82478399999999,29.789297,0 -91.82880299999999,29.777929,0 -91.84311500000001,29.779251,0 -91.851671,29.79183400000001,0 -91.861222,29.77319900000001,0 -91.879242,29.756556,0 -91.872873,29.747878,0 -91.85796999999999,29.744072,0 -91.85855321250571,29.7360680465543,0 -91.85915799999999,29.727768,0 -91.880999,29.713338,0 -91.853987,29.707618,0 -91.830499,29.718918,0 -91.783674,29.740689,0 -91.752259,29.748264,0 -91.737253,29.74937,0 -91.71093500000002,29.738993,0 -91.66712800000001,29.745822,0 -91.632829,29.742576,0 -91.62414313500669,29.7370906348761,0 -91.62151200000001,29.735429,0 -91.61809,29.720694,0 -91.61847899999999,29.710816,0 -91.623829,29.69924,0 -91.62682599999999,29.684753,0 -91.625114,29.671679,0 -91.62728599999998,29.662132,0 -91.637344,29.647217,0 -91.64319800000001,29.640274,0 -91.64647799999999,29.639427,0 -91.64865700000001,29.636713,0 -91.64894099999998,29.633635,0 -91.643832,29.63062499999999,0 -91.625114,29.626195,0 -91.600179,29.631156,0 -91.58184300000001,29.637165,0 -91.57058900000001,29.638312,0 -91.560908,29.63735,0 -91.55353700000001,29.632766,0 -91.541974,29.594353,0 -91.53744500000001,29.565888,0 -91.52921699999999,29.558598,0 -91.52552300000001,29.551904,0 -91.52584,29.545946,0 -91.531471,29.535374,0 -91.531021,29.531543,0 -91.517274,29.52974,0 -91.49613600000001,29.538931,0 -91.48641099999999,29.52169,0 -91.48558999999999,29.499116,0 -91.46096300000002,29.469961,0 -91.43485900000002,29.482396,0 -91.417292,29.485111,0 -91.394307,29.497115,0 -91.37936099999999,29.512371,0 -91.36435086343332,29.5127989145058,0 -91.357613,29.512991,0 -91.34045399999999,29.488463,0 -91.33345724439748,29.4849185127759,0 -91.320424,29.478316,0 -91.333066,29.463022,0 -91.35309599999999,29.454731,0 -91.34751399999999,29.444438,0 -91.36425999999999,29.43543,0 -91.36396700000002,29.420664,0 -91.32962400000001,29.426615,0 -91.33405100000002,29.39152500000001,0 -91.309917,29.400536,0 -91.301872,29.413122,0 -91.28742499999998,29.403111,0 -91.27609400000001,29.409336,0 -91.25721600000001,29.438004,0 -91.23827137532248,29.4378709279237,0 -91.236858,29.43786100000001,0 -91.21744799999999,29.432549,0 -91.21199900000001,29.420931,0 -91.2145868873278,29.4157963179733,0 -91.220186,29.404687,0 -91.217827,29.396437,0 -91.200087,29.38955,0 -91.19284000000002,29.371126,0 -91.14970100000001,29.353518,0 -91.150533,29.344921,0 -91.133064,29.341088,0 -91.123676,29.319952,0 -91.12022899999998,29.30047,0 -91.132113,29.285753,0 -91.12808399999999,29.273518,0 -91.11939700000001,29.266472,0 -91.121655,29.251439,0 -91.136391,29.250194,0 -91.154455,29.254964,0 -91.17239999999998,29.266576,0 -91.16800300000001,29.288241,0 -91.16942899999999,29.30389,0 -91.16206099999999,29.318191,0 -91.17168700000001,29.325133,0 -91.19581100000001,29.305548,0 -91.222194,29.325962,0 -91.238237,29.350618,0 -91.236987,29.371342,0 -91.265452,29.360976,0 -91.27430799999999,29.344878,0 -91.276647,29.329825,0 -91.29182100000001,29.311357,0 -91.309314,29.305698,0 -91.33275,29.305816,0 -91.33488499999999,29.298775,0 -91.302677,29.265958,0 -91.278792,29.24777600000001,0 -91.219032,29.226051,0 -91.199647,29.221287,0 -91.129141,29.215863,0 -91.11475999999999,29.207918,0 -91.094015,29.187711,0 -91.05862999999998,29.181734,0 -91.03178600000001,29.182188,0 -91.023955,29.174784,0 -91.000096,29.169481,0 -90.981458,29.171211,0 -90.96127800000001,29.180817,0 -90.9584033114524,29.1793536054281,0 -90.94809100000001,29.174104,0 -90.94187700000001,29.162373,0 -90.925797,29.153116,0 -90.89821499999999,29.131342,0 -90.88535100000001,29.117016,0 -90.877583,29.104891,0 -90.85996999999999,29.094961,0 -90.851528,29.074295,0 -90.85932165368999,29.0655914103876,0 -90.86095479923971,29.0637675894678,0 -90.86475187971402,29.0595271867647,0 -90.867853,29.056064,0 -90.840587,29.046269,0 -90.81255,29.042138,0 -90.80830573213801,29.0564557493146,0 -90.805933,29.06446,0 -90.798411,29.095999,0 -90.78795299999999,29.107629,0 -90.772504,29.103164,0 -90.76668100000002,29.113547,0 -90.74481400000001,29.117597,0 -90.735782,29.134622,0 -90.73306204871859,29.134913276834,0 -90.723185,29.135971,0 -90.71142,29.116351,0 -90.69430699999999,29.125071,0 -90.681354,29.156003,0 -90.68503799999999,29.165551,0 -90.67588699999999,29.17406,0 -90.646771,29.168664,0 -90.64320600000002,29.192736,0 -90.63251,29.214416,0 -90.61183200000001,29.214831,0 -90.606128,29.224373,0 -90.612441,29.232589,0 -90.605283,29.238272,0 -90.5976274504856,29.2355390619688,0 -90.574873,29.227416,0 -90.561801,29.234951,0 -90.56735385576098,29.2386004114884,0 -90.58972799999998,29.253305,0 -90.587945,29.271344,0 -90.600067,29.288551,0 -90.597571,29.303268,0 -90.579627,29.311662,0 -90.566198,29.30389,0 -90.55431400000002,29.285235,0 -90.527253,29.304051,0 -90.51331399999998,29.302025,0 -90.496386,29.295532,0 -90.479088,29.292179,0 -90.46946199999999,29.29819000000001,0 -90.45163600000001,29.321506,0 -90.458172,29.335804,0 -90.44735799999999,29.347614,0 -90.432265,29.346889,0 -90.419668,29.3242,0 -90.40255500000001,29.312181,0 -90.39399899999999,29.299019,0 -90.39720700000001,29.281503,0 -90.39976159127779,29.261401767989,0 -90.403268,29.233811,0 -90.372608,29.264813,0 -90.37688599999998,29.288655,0 -90.34919599999999,29.304512,0 -90.344324,29.289277,0 -90.32210099999999,29.273003,0 -90.304275,29.266161,0 -90.27283199999999,29.199032,0 -90.25923400000002,29.199583,0 -90.263513,29.180597,0 -90.28525999999999,29.178003,0 -90.27777300000001,29.142822,0 -90.24862899999999,29.13837,0 -90.234405,29.12882400000001,0 -90.233334,29.110655,0 -90.250044,29.108067,0 -90.245924,29.093403,0 -90.231984,29.08773,0 -90.22597352420388,29.0858295816079,0 -90.22358699999999,29.085075,0 -90.17058,29.115209,0 -90.12275299999999,29.144286,0 -90.08983544819419,29.1644753566211,0 -90.05851199999999,29.183687,0 -90.022029,29.216065,0 -89.953147,29.256406,0 -89.94766799999999,29.27127,0 -89.93964099999999,29.273422,0 -89.9041567022057,29.2946962823527,0 -89.88346300000001,29.30710300000001,0 -89.842641,29.318823,0 -89.808513,29.313845,0 -89.782149,29.311132,0 -89.726162,29.304026,0 -89.69725800000001,29.296679,0 -89.6819271367324,29.2920749871704,0 -89.671781,29.289028,0 -89.639663,29.290531,0 -89.623976,29.269178,0 -89.608289,29.264202,0 -89.606651,29.252023,0 -89.5618788566687,29.2419176145207,0 -89.53660000000001,29.236212,0 -89.482844,29.215053,0 -89.47230999999999,29.20755,0 -89.45582899999999,29.190991,0 -89.447472,29.178576,0 -89.43293199999999,29.149023,0 -89.42896500000001,29.14451,0 -89.41771799999999,29.13869,0 -89.40937099999999,29.127855,0 -89.39051499999999,29.123576,0 -89.350585,29.129598,0 -89.331868,29.148645,0 -89.325688,29.177079,0 -89.32854,29.19056700000001,0 -89.318557,29.201564,0 -89.295027,29.198867,0 -89.28226100000001,29.181435,0 -89.281479,29.159853,0 -89.278627,29.137642,0 -89.29574,29.133698,0 -89.296216,29.126431,0 -89.312378,29.117503,0 -89.302633,29.097775,0 -89.312853,29.087391,0 -89.310001,29.070981,0 -89.329728,29.056023,0 -89.343751,29.052906,0 -89.362112,29.012123,0 -89.393011,28.987073,0 -89.419865,28.929709,0 -89.4075611825122,28.9323801764195,0 -89.400966,28.933812,0 -89.36436999999999,28.964721,0 -89.293066,29.041322,0 -89.259354,29.058358,0 -89.251727,29.083172,0 -89.22595699999999,29.069404,0 -89.21751399999999,29.055675,0 -89.218673,29.02251499999999,0 -89.142866,28.991623,0 -89.137743,29.018878,0 -89.148792,29.02967,0 -89.146953,29.051659,0 -89.13079,29.070773,0 -89.11653,29.074097,0 -89.11082500000001,29.081159,0 -89.106309,29.111481,0 -89.098704,29.117711,0 -89.085869,29.111689,0 -89.06661699999999,29.090714,0 -89.03952099999999,29.135463,0 -89.09704000000001,29.138784,0 -89.11035,29.152693,0 -89.089434,29.166391,0 -89.05117300000001,29.170483,0 -89.032506,29.180735,0 -89.01428,29.166913,0 -89.00386899999999,29.179881,0 -89.02597400000001,29.215153,0 -89.057126,29.210534,0 -89.066379,29.197518,0 -89.091336,29.191086,0 -89.11272700000001,29.20229,0 -89.116653,29.219532,0 -89.115104,29.252901,0 -89.129688,29.265632,0 -89.136979,29.275239,0 -89.134337,29.27934,0 -89.140275,29.291085,0 -89.15759300000001,29.296691,0 -89.165015,29.303039,0 -89.17822099999999,29.32697,0 -89.177351,29.33521,0 -89.179547,29.33960799999999,0 -89.18935399999999,29.345061,0 -89.200599,29.347672,0 -89.200389,29.344418,0 -89.20470299999999,29.338674,0 -89.219734,29.324412,0 -89.223444,29.318066,0 -89.224192,29.313792,0 -89.24087,29.310081,0 -89.253545,29.322802,0 -89.257852,29.336872,0 -89.2653,29.345352,0 -89.272543,29.351195,0 -89.3067429747521,29.383060602898,0 -89.312085,29.388038,0 -89.3141019851687,29.3815116876473,0 -89.31992200000001,29.36268,0 -89.338582,29.355445,0 -89.347615,29.365,0 -89.336589,29.378228,0 -89.340304,29.381412,0 -89.35552800000001,29.381569,0 -89.373109,29.387175,0 -89.38000099999999,29.391785,0 -89.42238,29.390628,0 -89.457303,29.393148,0 -89.470142,29.401471,0 -89.47714000000001,29.411241,0 -89.48231800000001,29.406222,0 -89.484354,29.397471,0 -89.487308,29.393346,0 -89.505038,29.38604,0 -89.508551,29.386168,0 -89.518368,29.40023,0 -89.531943,29.425679,0 -89.53215,29.434567,0 -89.528429,29.454702,0 -89.55108799999999,29.463446,0 -89.572102,29.475217,0 -89.569607,29.494044,0 -89.60845999999999,29.49043899999999,0 -89.640198,29.50356,0 -89.65719199999999,29.532309,0 -89.68109200000001,29.534487,0 -89.68448600000001,29.551073,0 -89.68448600000001,29.563263,0 -89.663668,29.56441,0 -89.641802,29.575573,0 -89.650358,29.586942,0 -89.671082,29.588243,0 -89.68448600000001,29.602867,0 -89.688141,29.61505500000001,0 -89.68448600000001,29.624804,0 -89.674736,29.626633,0 -89.649108,29.613017,0 -89.637761,29.596655,0 -89.602585,29.582188,0 -89.602109,29.610295,0 -89.665689,29.643145,0 -89.641228,29.647961,0 -89.610827,29.63856,0 -89.583336,29.652834,0 -89.535202,29.648567,0 -89.52301799999999,29.639427,0 -89.504738,29.631508,0 -89.486931,29.620447,0 -89.4867087315144,29.6210026712139,0 -89.485367,29.624357,0 -89.487915,29.630405,0 -89.510735,29.657473,0 -89.53376,29.670204,0 -89.51956300000001,29.692215,0 -89.52488700000001,29.726566,0 -89.48696099999999,29.72592,0 -89.46759900000001,29.699019,0 -89.471182,29.673158,0 -89.46556200000001,29.651738,0 -89.433808,29.656365,0 -89.42666699999999,29.678625,0 -89.42421,29.697638,0 -89.40395599999999,29.681808,0 -89.387794,29.679991,0 -89.39609,29.69572,0 -89.43025,29.712606,0 -89.428207,29.74155,0 -89.414536,29.752371,0 -89.399162,29.770592,0 -89.39460800000001,29.784828,0 -89.38606299999999,29.788815,0 -89.367271,29.77514800000001,0 -89.354179,29.781412,0 -89.33766199999999,29.779135,0 -89.32513400000001,29.772301,0 -89.316025,29.760912,0 -89.305199,29.756926,0 -89.271034,29.756355,0 -89.26932499999999,29.760912,0 -89.284706,29.770021,0 -89.28413399999999,29.795649,0 -89.277298,29.799635,0 -89.277298,29.807608,0 -89.293251,29.803053,0 -89.31830600000001,29.788815,0 -89.33197,29.790524,0 -89.342781,29.798496,0 -89.345634,29.820135,0 -89.37297100000001,29.82526,0 -89.383217,29.830385,0 -89.38378899999999,29.838928,0 -89.36328899999999,29.84576,0 -89.31772599999999,29.85088500000001,0 -89.29495199999999,29.857149,0 -89.269897,29.859997,0 -89.25451700000001,29.864552,0 -89.23629800000001,29.877081,0 -89.23629800000001,29.886763,0 -89.24142500000001,29.88961,0 -89.27217899999999,29.886763,0 -89.289253,29.880499,0 -89.31146200000001,29.881636,0 -89.322289,29.887333,0 -89.31830600000001,29.898149,0 -89.28014400000001,29.924915,0 -89.26306200000001,29.929472,0 -89.244843,29.93004,0 -89.231178,29.925484,0 -89.22377,29.961929,0 -89.21807099999999,29.97275,0 -89.24996899999999,29.975597,0 -89.243706,29.997236,0 -89.250534,30.002361,0 -89.273315,29.99382,0 -89.283562,29.97332,0 -89.31545300000001,29.923208,0 -89.33189400000001,29.91585,0 -89.368019,29.911491,0 -89.378601,29.919588,0 -89.379227,29.963804,0 -89.39355500000001,29.966295,0 -89.40537999999999,29.965672,0 -89.432785,29.978752,0 -89.43341100000001,29.991205,0 -89.432785,30.008022,0 -89.422813,30.015495,0 -89.41597,30.020477,0 -89.39355500000001,30.029818,0 -89.381096,30.030441,0 -89.37237500000001,30.036671,0 -89.36863700000001,30.047256,0 -89.37237500000001,30.054729,0 -89.418465,30.049747,0 -89.429047,30.05224,0 -89.44461800000001,30.060959,0 -89.458946,30.06345,0 -89.481926,30.079128,0 -89.493484,30.072191,0 -89.499275,30.058893,0 -89.494637,30.0508,0 -89.49406399999999,30.040972,0 -89.501587,30.034037,0 -89.551292,30.005709,0 -89.571533,29.999926,0 -89.58136,29.994722,0 -89.57442500000001,29.983738,0 -89.574997,29.95945499999999,0 -89.583099,29.945581,0 -89.583099,29.931705,0 -89.59234600000001,29.917253,0 -89.591194,29.897018,0 -89.598129,29.881409,0 -89.613159,29.87216,0 -89.63801599999999,29.864065,0 -89.660568,29.862909,0 -89.671555,29.867535,0 -89.692004,29.86872200000001,0 -89.711158,29.879287,0 -89.742479,29.90817,0 -89.746273,29.928221,0 -89.742727,29.935894,0 -89.736311,29.936263,0 -89.71290999999999,29.946349,0 -89.719067,29.953699,0 -89.72793299999999,29.95878,0 -89.748492,29.945831,0 -89.775459,29.937416,0 -89.804463,29.932588,0 -89.81802999999999,29.934145,0 -89.82902300000001,29.939228,0 -89.83747130404581,29.94510089512019,0 -89.8385,29.945816,0 -89.844202,29.955645,0 -89.852312,29.97765,0 -89.8561145499887,29.9970679396967,0 -89.857558,30.004439,0 -89.839933,30.024146,0 -89.81998345081971,30.0420513084585,0 -89.818561,30.043328,0 -89.782534,30.045372,0 -89.763216,30.042108,0 -89.746505,30.032599,0 -89.733323,30.022054,0 -89.724649,30.022454,0 -89.71637699999999,30.026222,0 -89.7163,30.02811,0 -89.731545,30.049691,0 -89.730999,30.057581,0 -89.727453,30.062661,0 -89.712942,30.069088,0 -89.69849600000001,30.070491,0 -89.683712,30.076018,0 -89.682181,30.091536,0 -89.678163,30.108286,0 -89.674633,30.110406,0 -89.66918200000001,30.110667,0 -89.656986,30.118381,0 -89.640989,30.138612,0 -89.6228797076882,30.1523675549142,0 -89.617542,30.156422,0 -89.598027,30.152409,0 -89.595021,30.149891,0 -89.587062,30.150648,0 -89.572093,30.160362,0 -89.56827,30.163932,0 -89.562825,30.168667,0 -89.555013,30.170798,0 -89.537493,30.171745,0 -89.53121299999999,30.177099,0 -89.52450399999999,30.180753,0 -89.522814,30.183076,0 -89.503231,30.183051,0 -89.490099,30.187677,0 -89.480214,30.193751,0 -89.475824,30.191561,0 -89.469792,30.176278,0 -89.463595,30.173943,0 -89.461275,30.174745,0 -89.44790999999999,30.18535200000001,0 -89.44746499999999,30.205098,0 -89.43042800000001,30.223218,0 -89.42481021291729,30.2382435690229,0 -89.424493,30.239092,0 -89.42462399999999,30.245391,0 -89.419348,30.25432,0 -89.3877066361629,30.2662971640984,0 -89.383747,30.267796,0 -89.379547,30.270396,0 -89.365747,30.284896,0 -89.358546,30.288896,0 -89.344746,30.293196,0 -89.34377804178919,30.2938304050436,0 -89.32994600000001,30.302896,0 -89.32587517754379,30.3094964417613,0 -89.32254500000001,30.314896,0 -89.322345,30.319296,0 -89.3224215845166,30.3194356329208,0 -89.33254599999999,30.337895,0 -89.338847,30.342995,0 -89.345934,30.343573,0 -89.36611600000001,30.352169,0 -89.3660404433718,30.3523431000613,0 -89.363848,30.357395,0 -89.35324799999999,30.368795,0 -89.349447,30.370995,0 -89.340947,30.3728964068863,0 -89.335942,30.374016,0 -89.315067,30.375408,0 -89.29249900000001,30.365635,0 -89.27981800000001,30.34979,0 -89.2806229634048,30.3415790044449,0 -89.281564,30.33198000000001,0 -89.28784400000001,30.333196,0 -89.291844,30.328096,0 -89.294260828208,30.3090402391288,0 -89.294444,30.307596,0 -89.291444,30.303296,0 -89.28574399999999,30.303097,0 -89.271833,30.305491,0 -89.22044200000001,30.322497,0 -89.18684,30.331197,0 -89.1494387551304,30.3445181001195,0 -89.1242162240232,30.3535015407328,0 -89.1014243334359,30.3616192666932,0 -89.083237,30.368097,0 -89.016334,30.383898,0 -89.0010203332789,30.386240837196,0 -88.971233,30.390798,0 -88.93430293656679,30.393049741602,0 -88.922031,30.393798,0 -88.89393,30.393398,0 -88.89212439829529,30.39312024564479,0 -88.884829,30.391998,0 -88.88378899999999,30.38917199999999,0 -88.880526,30.3866,0 -88.81876200000001,30.36059,0 -88.8143102361596,30.3757367106908,0 -88.8133337055463,30.3790592648986,0 -88.811615,30.384907,0 -88.7887539889217,30.3737244664542,0 -88.771742,30.365403,0 -88.7488592402935,30.3489946300222,0 -88.746945,30.347622,0 -88.728893,30.342671,0 -88.7182217014705,30.3430547837173,0 -88.700587,30.343689,0 -88.6646562126094,30.3616802909908,0 -88.66382,30.362099,0 -88.64537660324589,30.3605097458525,0 -88.637697,30.359848,0 -88.6305341210842,30.3581410468778,0 -88.613006,30.353964,0 -88.60001,30.356575,0 -88.581929,30.331063,0 -88.56776600000001,30.329556,0 -88.5432661092574,30.3402273361586,0 -88.536214,30.34329899999999,0 -88.52249399999999,30.340092,0 -88.5135501899948,30.3330664601357,0 -88.506334,30.327398,0 -88.506226,30.322393,0 -88.504802,30.321472,0 -88.48011700000001,30.318345,0 -88.471875,30.32002,0 -88.45381,30.329626,0 -88.446625,30.337671,0 -88.446495,30.347753,0 -88.433891,30.354652,0 -88.41881100000001,30.353911,0 -88.409927,30.342115,0 -88.40118099999999,30.344382,0 -88.39398,30.349307,0 -88.39415,30.352493,0 -88.397082,30.354785,0 -88.399062,30.360744,0 -88.39723600000001,30.367689,0 -88.39502299999999,30.369425,0 -88.37467100000001,30.385608,0 -88.36402200000001,30.388006,0 -88.341345,30.38947,0 -88.332277,30.38844,0 -88.319599,30.380334,0 -88.316525,30.369985,0 -88.31160800000001,30.368908,0 -88.290649,30.370741,0 -88.28882537245261,30.3735023826164,0 -88.282635,30.382876,0 -88.260695,30.382381,0 -88.20449499999999,30.362102,0 -88.200065,30.362378,0 -88.196505872522,30.3579810678565,0 -88.18852699999999,30.348124,0 -88.188532,30.345053,0 -88.196353,30.343586,0 -88.19836100000001,30.338819,0 -88.19566399999999,30.321242,0 -88.191542,30.317002,0 -88.171967,30.324679,0 -88.15577500000001,30.327184,0 -88.136173,30.320729,0 -88.128052,30.338509,0 -88.124611,30.341623,0 -88.115432,30.35657,0 -88.107274,30.377246,0 -88.10406999999999,30.4273,0 -88.10637687120111,30.4520917995834,0 -88.106437,30.452738,0 -88.100646,30.46122,0 -88.096867,30.471053,0 -88.102988,30.493029,0 -88.103768,30.500903,0 -88.100874,30.50975,0 -88.090734,30.52357,0 -88.08976082753679,30.5242001971768,0 -88.082792,30.528713,0 -88.08161699999999,30.546317,0 -88.085493,30.563258,0 -88.08458539851721,30.56459725829,0 -88.074898,30.578892,0 -88.064898,30.588292,0 -88.0560243474427,30.6079923227736,0 -88.05399800000001,30.612491,0 -88.05959799999999,30.619091,0 -88.061998,30.644891,0 -88.0523576315684,30.6490820135596,0 -88.04433899999999,30.652568,0 -88.034588,30.65371499999999,0 -88.026706,30.66149,0 -88.022076,30.673873,0 -88.012444,30.68319,0 -88.0097313254237,30.6843734444915,0 -88.008396,30.684956,0 -87.981196,30.67509,0 -87.9698761435167,30.6678023961197,0 -87.955989,30.658862,0 -87.936717,30.657432,0 -87.93107000000001,30.652694,0 -87.92851750210041,30.6490725184185,0 -87.919346,30.63606,0 -87.91738586569259,30.6302322239231,0 -87.91253,30.615795,0 -87.914956,30.585893,0 -87.91143099999999,30.576261,0 -87.90789100000001,30.573114,0 -87.904168,30.565985,0 -87.9024221084337,30.555251,0 -87.90171100000001,30.55087899999999,0 -87.905343,30.537566,0 -87.908589880799,30.5310039183852,0 -87.911141,30.525848,0 -87.93335500000001,30.487357,0 -87.9330813204338,30.4861784638365,0 -87.93190199999999,30.4811,0 -87.924211,30.4761,0 -87.92003099999999,30.470645,0 -87.914136,30.446144,0 -87.908908,30.41424,0 -87.90634300000001,30.40938,0 -87.86501699999999,30.38345,0 -87.85380600000001,30.378481,0 -87.84513200000001,30.377446,0 -87.8432407195014,30.3754998476866,0 -87.837239,30.369324,0 -87.82988,30.353809,0 -87.80926599999999,30.332702,0 -87.796717,30.324198,0 -87.772758,30.311701,0 -87.755516,30.291217,0 -87.7554666379542,30.2885001364104,0 -87.75537135002941,30.2832555342244,0 -87.755263,30.277292,0 -87.766626,30.262353,0 -87.78775,30.254244,0 -87.802087,30.253054,0 -87.81774299999999,30.254292,0 -87.860085,30.240289,0 -87.87934300000001,30.23859,0 -87.893201,30.239237,0 -87.90046,30.241531,0 -87.91376200000001,30.247837,0 -87.91824699999999,30.253308,0 -87.936041,30.261469,0 -87.94897899999999,30.256564,0 -87.966847,30.235618,0 -88.023991,30.23039,0 -88.02927200000001,30.222714,0 -88.028401,30.221132,0 -88.014572,30.222366,0 -87.999996,30.225753,0 -87.962253,30.229522,0 -87.926119,30.230373,0 -87.83846200000001,30.227185,0 -87.8314807693541,30.2275865377238,0 -87.80056,30.229365,0 -87.73553,30.240679,0 -87.6890979579742,30.2460105192835,0 -87.656888,30.249709,0 -87.5822073192866,30.2690382104254,0 -87.581362,30.269257,0 -87.558097,30.274437,0 -87.544533,30.275659,0 -87.51832400000001,30.280435,0 -87.419859,30.297128,0 -87.350486,30.313064,0 -87.319518,30.31781399999999,0 -87.3070785318111,30.3207509245736,0 -87.295422,30.323503,0 -87.282787,30.318744,0 -87.267827,30.31548,0 -87.206254,30.320943,0 -87.15539200000001,30.327748,0 -86.9188711680324,30.3707517001223,0 -86.909679,30.372423,0 -86.8617761809637,30.3793536344337,0 -86.85062499999999,30.380967,0 -86.79950207785539,30.3865622784553,0 -86.7980969224223,30.3867160692715,0 -86.76598864017311,30.39023024202161,0 -86.750906,30.391881,0 -86.632953,30.396299,0 -86.529067,30.386896,0 -86.5114137759134,30.3833556492603,0 -86.50615000000001,30.3823,0 -86.4833250602869,30.3833345288672,0 -86.470849,30.3839,0 -86.4689518053264,30.3837852767449,0 -86.4229451496451,30.3810032568669,0 -86.412076,30.380346,0 -86.3973629027297,30.378557735615,0 -86.364175,30.374524,0 -86.3166639986172,30.3661973296546,0 -86.2987,30.363049,0 -86.22708112557829,30.3447405145754,0 -86.222561,30.343585,0 -86.1797305763763,30.3306594488474,0 -86.1241365774566,30.31388205054,0 -86.0977419430608,30.3059165632025,0 -86.089963,30.303569,0 -86.03761712517201,30.2845037422996,0 -85.999937,30.27078,0 -85.9959294103157,30.2690825898638,0 -85.9358884806809,30.2436523211552,0 -85.9226,30.238024,0 -85.9197727119432,30.2365992915093,0 -85.8953009924425,30.2242676628059,0 -85.87813800000001,30.215619,0 -85.8666545333212,30.2092183989203,0 -85.8313137587657,30.1895203228859,0 -85.82007457963419,30.1832558816596,0 -85.81121899999999,30.17832,0 -85.7903921452868,30.1655089314422,0 -85.77540500000001,30.15629,0 -85.772285918576,30.1538715028314,0 -85.7587568903498,30.1433812616321,0 -85.74993000000001,30.136537,0 -85.730054,30.118153,0 -85.69681,30.09689,0 -85.653251,30.077839,0 -85.63728500000001,30.073319,0 -85.6310514902991,30.0707517019581,0 -85.61825399999999,30.065481,0 -85.601178,30.056342,0 -85.58824199999999,30.055543,0 -85.58139,30.037783,0 -85.571907,30.02644,0 -85.54117599999999,29.995791,0 -85.509148,29.971466,0 -85.487764,29.961227,0 -85.469425,29.957788,0 -85.460488,29.959579,0 -85.4476600584369,29.9559789889468,0 -85.425956,29.949888,0 -85.405052,29.938487,0 -85.38868557487331,29.9243626833052,0 -85.3886762139845,29.9243546048056,0 -85.38473,29.920949,0 -85.363731,29.898915,0 -85.347044,29.871981,0 -85.339781,29.854448,0 -85.3339,29.847435,0 -85.32205399999999,29.844668,0 -85.31142800000001,29.832346,0 -85.314547,29.822279,0 -85.31119200000001,29.815662,0 -85.3049725386246,29.8112388492495,0 -85.302363,29.809383,0 -85.301467,29.788175,0 -85.305998,29.725202,0 -85.323412,29.697826,0 -85.341751,29.688177,0 -85.35838699999999,29.693337,0 -85.37576,29.721989,0 -85.384219,29.746718,0 -85.40247100000001,29.802905,0 -85.401967,29.831792,0 -85.39371300000001,29.862664,0 -85.39752900000001,29.868181,0 -85.406936,29.867974,0 -85.41469600000001,29.855097,0 -85.42199599999999,29.827589,0 -85.418007,29.798599,0 -85.40317899999999,29.736725,0 -85.380303,29.698485,0 -85.36941899999999,29.681048,0 -85.356399,29.66912,0 -85.347711,29.66719000000001,0 -85.343619,29.672004,0 -85.319215,29.681494,0 -85.29074,29.684081,0 -85.2252493602371,29.6782662590892,0 -85.222014,29.677979,0 -85.17055000000001,29.655573,0 -85.14100999999999,29.634038,0 -85.084231,29.615163,0 -85.049402,29.586949,0 -84.983706,29.604237,0 -84.941586,29.621113,0 -84.87673100000001,29.655758,0 -84.776954,29.692191,0 -84.69246099999999,29.759227,0 -84.693744,29.767852,0 -84.701722,29.770375,0 -84.80270299999999,29.69898,0 -84.90153100000001,29.667884,0 -85.01364100000001,29.613513,0 -85.07163,29.632003,0 -85.074308,29.673981,0 -85.100408,29.68469,0 -85.133938,29.691391,0 -85.1371515275556,29.6946951968083,0 -85.14499600000001,29.702761,0 -85.135977,29.712182,0 -85.101682,29.71874800000001,0 -85.072123,29.719027,0 -85.037212,29.711074,0 -85.0030507835199,29.7140954036693,0 -84.993264,29.714961,0 -84.97700399999999,29.721209,0 -84.968841,29.72708,0 -84.968358099254,29.7286126154831,0 -84.964007,29.742422,0 -84.946595,29.74503199999999,0 -84.9458165889192,29.7455221387219,0 -84.93837000000001,29.750211,0 -84.920917,29.772901,0 -84.91511,29.783303,0 -84.90412999999999,29.786279,0 -84.893992,29.785176,0 -84.877111,29.772888,0 -84.890066,29.755802,0 -84.901781,29.735723,0 -84.892493,29.72266,0 -84.888031,29.722406,0 -84.881777,29.733882,0 -84.86827099999999,29.742454,0 -84.83716800000001,29.755926,0 -84.824197,29.758288,0 -84.762998,29.788846,0 -84.755595,29.78854,0 -84.730327,29.8069,0 -84.692053,29.829059,0 -84.68393399999999,29.831327,0 -84.66972800000001,29.82891,0 -84.66008416580689,29.832808061313,0 -84.65645000000001,29.834277,0 -84.656318,29.837943,0 -84.647958,29.847104,0 -84.6150487834785,29.8668472605726,0 -84.61315399999999,29.867984,0 -84.603303,29.876117,0 -84.57744,29.887828,0 -84.535873,29.910092,0 -84.511996,29.916574,0 -84.494562,29.913957,0 -84.47032299999999,29.924524,0 -84.451705,29.929085,0 -84.443652,29.913785,0 -84.434287,29.906328,0 -84.423834,29.902996,0 -84.40495799999999,29.901229,0 -84.37893699999999,29.893112,0 -84.34906599999999,29.896812,0 -84.343389,29.899539,0 -84.335953,29.912962,0 -84.333746,29.923721,0 -84.336511,29.942508,0 -84.339426,29.94600700000001,0 -84.3424501935967,29.9703452750511,0 -84.343041,29.9751,0 -84.3477,29.984123,0 -84.35998600000001,29.984739,0 -84.36196200000001,29.987739,0 -84.36611499999999,30.008662,0 -84.337132,30.032348,0 -84.323434480259,30.0410982249099,0 -84.297836,30.057451,0 -84.289727,30.057197,0 -84.277168,30.060263,0 -84.270792,30.068094,0 -84.270368,30.07546899999999,0 -84.27400299999999,30.083079,0 -84.27251099999999,30.092358,0 -84.269363,30.09766,0 -84.256439,30.103791,0 -84.247491,30.10114,0 -84.24566799999999,30.093021,0 -84.237014,30.08556,0 -84.20801,30.084776,0 -84.203349,30.085875,0 -84.20158499999999,30.087982,0 -84.19853000000001,30.087937,0 -84.179149,30.073187,0 -84.16788099999999,30.071422,0 -84.15727800000001,30.072714,0 -84.135683,30.083018,0 -84.124889,30.090601,0 -84.11384,30.085478,0 -84.10272999999999,30.093611,0 -84.094725,30.094964,0 -84.087034,30.092103,0 -84.083057,30.092286,0 -84.07604257710921,30.0954641099777,0 -84.06299,30.101378,0 -84.048715,30.103208,0 -84.02427400000001,30.103271,0 -84.000716,30.096209,0 -83.991607,30.08392,0 -83.99143536683709,30.0838179834456,0 -83.95968000000001,30.064943,0 -83.933432,30.046305,0 -83.931879,30.044175,0 -83.933668,30.041152,0 -83.93151,30.039068,0 -83.845427,29.998068,0 -83.82868999999999,29.983187,0 -83.7920872558603,29.9775034578617,0 -83.788729,29.976982,0 -83.757249,29.957943,0 -83.686423,29.923735,0 -83.679219,29.918513,0 -83.65995100000001,29.899524,0 -83.63798,29.886073,0 -83.618568,29.842336,0 -83.605244,29.836387,0 -83.595493,29.827984,0 -83.585899,29.811754,0 -83.581903,29.792063,0 -83.583045,29.787307,0 -83.586089,29.784644,0 -83.584716,29.77608,0 -83.5812902836195,29.7715000889493,0 -83.57895499999999,29.768378,0 -83.566018,29.761434,0 -83.554993,29.7426,0 -83.547172,29.732223,0 -83.537645,29.72306,0 -83.512716,29.71648,0 -83.493728,29.708388,0 -83.48356699999999,29.698542,0 -83.483143,29.690478,0 -83.45535599999999,29.676444,0 -83.448194,29.675254,0 -83.44463500000001,29.677155,0 -83.43625900000001,29.677389,0 -83.41470099999999,29.670536,0 -83.412768,29.668485,0 -83.4123310535437,29.6670923746362,0 -83.40408100000001,29.640798,0 -83.39948,29.612956,0 -83.405068,29.59557,0 -83.40525599999999,29.578319,0 -83.39982999999999,29.533042,0 -83.401552,29.523291,0 -83.40025199999999,29.517242,0 -83.383973,29.512995,0 -83.379254,29.503558,0 -83.370288,29.499901,0 -83.356722,29.499901,0 -83.350067,29.489358,0 -83.33113,29.475594,0 -83.32321399999999,29.476789,0 -83.31154600000001,29.475666,0 -83.307828,29.468861,0 -83.30709400000001,29.459651,0 -83.294747,29.437923,0 -83.272019,29.432256,0 -83.2666952071777,29.4346025935584,0 -83.263965,29.435806,0 -83.240509,29.433178,0 -83.218075,29.420492,0 -83.20244599999999,29.394422,0 -83.20070200000001,29.373855,0 -83.189581,29.363417,0 -83.175518,29.34469,0 -83.176852,29.329269,0 -83.17825999999999,29.327916,0 -83.17673600000001,29.31422,0 -83.16957600000001,29.290355,0 -83.1660065925665,29.2888442763474,0 -83.16073,29.286611,0 -83.149764,29.289768,0 -83.146445,29.28919399999999,0 -83.128027,29.282733,0 -83.125567,29.278845,0 -83.107477,29.268889,0 -83.08901299999999,29.266502,0 -83.077265,29.255331,0 -83.07473400000001,29.247975,0 -83.087839,29.21642,0 -83.078986,29.19694399999999,0 -83.065242,29.184489,0 -83.061162,29.176113,0 -83.060947,29.170959,0 -83.06824899999999,29.153135,0 -83.056867,29.146263,0 -83.053207,29.13083900000001,0 -83.03045299999999,29.134023,0 -83.019071,29.141324,0 -83.01821200000001,29.151417,0 -82.996144,29.178074,0 -82.991653,29.180664,0 -82.987162,29.180094,0 -82.979522,29.171817,0 -82.974676,29.17091,0 -82.945302,29.167821,0 -82.932405,29.167891,0 -82.922613,29.169769,0 -82.88721099999999,29.161741,0 -82.85817900000001,29.162275,0 -82.827073,29.158425,0 -82.80473600000001,29.146624,0 -82.80570299999999,29.129848,0 -82.79887600000001,29.114504,0 -82.799117,29.110647,0 -82.80116599999999,29.105103,0 -82.809483,29.10462,0 -82.82365900000001,29.098902,0 -82.816925,29.076215,0 -82.780558,29.07358,0 -82.783328,29.064619,0 -82.77997865131,29.0631406873184,0 -82.759704,29.054192,0 -82.753513,29.026496,0 -82.759378,29.006619,0 -82.764055,28.999707,0 -82.76055100000001,28.993087,0 -82.758906169124,28.9932767295988,0 -82.737872,28.995703,0 -82.735754,28.973709,0 -82.7280480604485,28.9606186866426,0 -82.723861,28.953506,0 -82.708793,28.935979,0 -82.702618,28.932955,0 -82.6946037186202,28.9170208325861,0 -82.688864,28.905609,0 -82.730245,28.850155,0 -82.7144190056715,28.8040371098197,0 -82.69828099999999,28.75701,0 -82.712373,28.720921,0 -82.668722,28.69565800000001,0 -82.6689175088669,28.694076625066,0 -82.674665,28.647588,0 -82.6694032190384,28.6272530267155,0 -82.664055,28.606584,0 -82.66386405099701,28.6062807960119,0 -82.654138,28.590837,0 -82.6559453841335,28.5766801920668,0 -82.65705,28.568028,0 -82.66164999999999,28.554143,0 -82.66172899999999,28.549743,0 -82.656694,28.544814,0 -82.6626702026892,28.5323510047754,0 -82.66370499999999,28.530193,0 -82.66804,28.528199,0 -82.669416,28.519879,0 -82.670146,28.500769,0 -82.66639000000001,28.49733,0 -82.66446999999999,28.488788,0 -82.665055,28.484434,0 -82.67241,28.464746,0 -82.680396,28.457194,0 -82.67478699999999,28.441956,0 -82.67783900000001,28.434367,0 -82.67874283849299,28.4334559859077,0 -82.68413700000001,28.428019,0 -82.697433,28.420166,0 -82.706322,28.401325,0 -82.7062308191539,28.386880217201,0 -82.706112,28.368057,0 -82.7091819711833,28.3609255612759,0 -82.715822,28.345501,0 -82.7182213340819,28.3423670443818,0 -82.73146,28.325075,0 -82.73412968079479,28.3086120795853,0 -82.735463,28.30039,0 -82.732792,28.291933,0 -82.73557355852461,28.2855499087336,0 -82.74355872947019,28.2672256223765,0 -82.746188,28.261192,0 -82.759072,28.25402,0 -82.76030841584161,28.2516422772277,0 -82.7632771041833,28.245933261186,0 -82.7640413018684,28.2444636502531,0 -82.76410300000001,28.244345,0 -82.76446,28.220069,0 -82.762643,28.219013,0 -82.7694239640458,28.2129841033524,0 -82.772109578722,28.2105963465072,0 -82.79776200000001,28.187789,0 -82.8046747636285,28.1730794683416,0 -82.805097,28.17218099999999,0 -82.808474,28.154803,0 -82.799024,28.15179,0 -82.790724,28.15249,0 -82.786624,28.144991,0 -82.78616623934001,28.1434881631162,0 -82.781324,28.127591,0 -82.7818570404572,28.12304970852099,0 -82.783824,28.106292,0 -82.7835793682854,28.0685958836531,0 -82.783524,28.060064,0 -82.79122069089109,28.0562054888739,0 -82.795638,28.053991,0 -82.79580732372079,28.0540622247714,0 -82.819385,28.06398,0 -82.827884,28.087366,0 -82.835967,28.08892,0 -82.840816,28.083911,0 -82.836389,28.064185,0 -82.822712,28.048599,0 -82.827203,28.021757,0 -82.8275744345524,28.0164637248021,0 -82.8294954899339,27.98908696423871,0 -82.8310849125731,27.9664362674165,0 -82.831388,27.962117,0 -82.84088199999999,27.937162,0 -82.8410470416664,27.9365211563292,0 -82.847826,27.910199,0 -82.84788209871439,27.9097927263103,0 -82.8500028962649,27.8944336533832,0 -82.85112599999999,27.8863,0 -82.84985728688279,27.8716463634962,0 -82.849126,27.8632,0 -82.846526,27.854301,0 -82.8406374964334,27.8437967487449,0 -82.82856099999999,27.822254,0 -82.8276506780697,27.8213006707344,0 -82.82043299999999,27.813742,0 -82.80723610238761,27.8040705075229,0 -82.7955839836108,27.7955311233129,0 -82.79022399999999,27.791603,0 -82.783124,27.783804,0 -82.7825138901181,27.7830635414761,0 -82.77002299999999,27.767904,0 -82.76092300000001,27.745205,0 -82.75554476249251,27.7385576478363,0 -82.75372299999999,27.736306,0 -82.746223,27.731306,0 -82.7431113051242,27.724396982564,0 -82.740323,27.718206,0 -82.738022,27.706807,0 -82.738467,27.678504,0 -82.7385724285552,27.6777284567076,0 -82.74403,27.637582,0 -82.736052,27.625174,0 -82.73698899999999,27.616915,0 -82.732147,27.613455,0 -82.70496900000001,27.624791,0 -82.699664,27.634768,0 -82.702001,27.639547,0 -82.71255499999999,27.646647,0 -82.71632200000001,27.651409,0 -82.721622,27.663908,0 -82.723022,27.671208,0 -82.718822,27.692007,0 -82.7177335589184,27.6934016633848,0 -82.713629,27.698661,0 -82.7083428972425,27.6990747204311,0 -82.693748,27.700217,0 -82.67925099999999,27.694665,0 -82.6791963255759,27.6949919700529,0 -82.67732100000001,27.706207,0 -82.671621,27.705907,0 -82.662921,27.702307,0 -82.6607538985063,27.7018902497127,0 -82.65252099999999,27.700307,0 -82.646291793098,27.7020726204115,0 -82.63982,27.703907,0 -82.63361999999999,27.710607,0 -82.6292050685643,27.7197716152675,0 -82.62572,27.727006,0 -82.62502000000001,27.732706,0 -82.62756294116841,27.742507419969,0 -82.63052,27.753905,0 -82.629877719132,27.7560437120911,0 -82.62540632092831,27.7709328888981,0 -82.6233564391641,27.7777587296374,0 -82.62272299999999,27.779868,0 -82.61837539713019,27.7852761531876,0 -82.6162664633263,27.7878995383991,0 -82.60742,27.798904,0 -82.606923130021,27.799327127542,0 -82.5977011495,27.8071804374934,0 -82.586519,27.816703,0 -82.58753518538489,27.82359818076,0 -82.589319,27.835702,0 -82.594819,27.843402,0 -82.598443,27.857582,0 -82.6089811249838,27.8720724907676,0 -82.61002000000001,27.873501,0 -82.62318703915879,27.8839863720433,0 -82.63212,27.8911,0 -82.63300289189191,27.8963973513513,0 -82.633745054054,27.9008503243243,0 -82.63422,27.9037,0 -82.63503550122,27.9040379314414,0 -82.63911400000001,27.905728,0 -82.671221,27.913,0 -82.67775781343499,27.9145514350735,0 -82.685121,27.916299,0 -82.694018,27.92148,0 -82.6972318290224,27.92284935141859,0 -82.709682629534,27.9281544006993,0 -82.710022,27.928299,0 -82.720122,27.936399,0 -82.72039539582261,27.9371986144322,0 -82.72412199999999,27.948098,0 -82.7235083136388,27.9494106069391,0 -82.720522,27.955798,0 -82.716522,27.958398,0 -82.706114,27.959857,0 -82.7056282892154,27.9607238937438,0 -82.6949720257694,27.9797431298948,0 -82.692685,27.983825,0 -82.679237,28.000022,0 -82.68412323814999,28.0124026648935,0 -82.690071,28.027473,0 -82.6876828568176,28.0278162495802,0 -82.66963,28.030411,0 -82.64851777452409,28.0203156831794,0 -82.641109,28.016773,0 -82.64070305208161,28.0163342056733,0 -82.625685,28.000101,0 -82.6127075064756,27.992087824829,0 -82.58999942187739,27.9780663298968,0 -82.576003,27.969424,0 -82.5737304531293,27.9691743645593,0 -82.553918,27.966998,0 -82.5500254132948,27.9614809479769,0 -82.541218,27.948998,0 -82.5393310414796,27.9449727400842,0 -82.53371799999999,27.932999,0 -82.5329373735878,27.9235342300133,0 -82.5316962998817,27.9084867284411,0 -82.531318,27.9039,0 -82.53581800000001,27.898,0 -82.5358624341204,27.8979678191747,0 -82.541747,27.893706,0 -82.542818,27.890601,0 -82.54272647878381,27.8904545660541,0 -82.53931799999999,27.885001,0 -82.529918,27.877501,0 -82.53321800000001,27.870701,0 -82.5364490327396,27.867230631502,0 -82.538618,27.864901,0 -82.55291800000001,27.862702,0 -82.553946,27.848462,0 -82.5351051512972,27.839451197637,0 -82.51119300000001,27.828015,0 -82.48984900000001,27.822607,0 -82.475273,27.820991,0 -82.47244000000001,27.822559,0 -82.46884,27.843295,0 -82.47162400000001,27.847342,0 -82.480137,27.853246,0 -82.488057,27.863566,0 -82.48803593148961,27.8646008259752,0 -82.4877101674255,27.8806014405937,0 -82.487445685482,27.8935920498038,0 -82.48741699999999,27.895001,0 -82.4901437096412,27.908688,0 -82.49149800000001,27.915486,0 -82.489119,27.921046,0 -82.4825853845868,27.9254905752268,0 -82.476027,27.929952,0 -82.46890999999999,27.936474,0 -82.462469,27.936479,0 -82.4624530213557,27.9364512120577,0 -82.45970199999999,27.931667,0 -82.461967,27.914406,0 -82.459581,27.909939,0 -82.45159099999999,27.907506,0 -82.4484618298457,27.9064986588427,0 -82.4464524378494,27.9058517962052,0 -82.4367259917115,27.9027206627014,0 -82.4363038743093,27.9025847748425,0 -82.432316,27.901301,0 -82.413915,27.901401,0 -82.402615,27.882602,0 -82.3978451838518,27.853928479828,0 -82.397463,27.851631,0 -82.393383,27.837519,0 -82.402857,27.812671,0 -82.410837,27.810868,0 -82.418401,27.803187,0 -82.419066,27.793767,0 -82.4193812592288,27.793351022687,0 -82.433981,27.774087,0 -82.4327579237314,27.7704226610543,0 -82.43198,27.768092,0 -82.43233923447249,27.7675863656407,0 -82.434635,27.764355,0 -82.457543,27.752571,0 -82.47833900000001,27.74625,0 -82.482305,27.742649,0 -82.47712900000001,27.735216,0 -82.476297,27.729929,0 -82.477638,27.723004,0 -82.4821832812261,27.7200582118347,0 -82.482449,27.719886,0 -82.494891,27.718963,0 -82.51426499999999,27.705588,0 -82.53714600000001,27.672933,0 -82.55440720935511,27.6452926332059,0 -82.5544991986114,27.6451453308511,0 -82.558538,27.638678,0 -82.565667,27.615713,0 -82.570607,27.608882,0 -82.58462900000001,27.596021,0 -82.59648799999999,27.594045,0 -82.611717,27.585283,0 -82.612590473697,27.5836216340102,0 -82.61300300000001,27.582837,0 -82.612019,27.571231,0 -82.632053,27.551908,0 -82.63968524187889,27.54186652597731,0 -82.64601399999999,27.53354,0 -82.6474388369615,27.5303836197782,0 -82.65072000000001,27.523115,0 -82.66202,27.522814,0 -82.674621,27.519614,0 -82.683621,27.513115,0 -82.686921,27.508015,0 -82.686421,27.497215,0 -82.690421,27.496415,0 -82.6974350964592,27.4972701333591,0 -82.703028,27.497952,0 -82.70812100000001,27.523514,0 -82.71752530822531,27.5278566001905,0 -82.742437,27.53936,0 -82.74574800000001,27.538834,0 -82.74301699999999,27.531086,0 -82.72452199999999,27.513614,0 -82.722341156423,27.5107357923835,0 -82.714521,27.500415,0 -82.7123511879543,27.4962696874351,0 -82.707821,27.487615,0 -82.6960278878604,27.4572616036838,0 -82.69100400000001,27.444331,0 -82.691081157442,27.4436592486103,0 -82.691821,27.437218,0 -82.675121,27.424318,0 -82.64283683027691,27.3897369565301,0 -82.642821,27.38972,0 -82.623863,27.362206,0 -82.6181103752718,27.3564055719558,0 -82.597629,27.335754,0 -82.5903287959903,27.3268251096314,0 -82.57602,27.309324,0 -82.569248,27.298588,0 -82.5695982657174,27.2853415874133,0 -82.569754,27.279452,0 -82.5651641675004,27.2749083480398,0 -82.55902,27.268826,0 -82.5560998107424,27.2671873326468,0 -82.54512,27.261026,0 -82.54197072612681,27.2571192910664,0 -82.53971900000001,27.254326,0 -82.5304654641379,27.2385213660118,0 -82.5126067566589,27.2080194757709,0 -82.51231900000001,27.207528,0 -82.4976494808182,27.17997714693511,0 -82.4903368627841,27.1662433045043,0 -82.477019,27.141231,0 -82.4766028134202,27.1398169691049,0 -82.46889,27.113612,0 -82.46764430048179,27.1126073473502,0 -82.46531899999999,27.110732,0 -82.46033945499561,27.0999771786995,0 -82.460319,27.099933,0 -82.455610697724,27.0872604726973,0 -82.44574772342069,27.0607140014183,0 -82.445718,27.060634,0 -82.44112142703941,27.0537134691327,0 -82.4321213722523,27.0401631224952,0 -82.4262440682287,27.0313143422713,0 -82.419218,27.020736,0 -82.4135945332991,27.0099126406223,0 -82.40142135083811,26.9864831912179,0 -82.40061799999999,26.984937,0 -82.3757372343028,26.9460410197591,0 -82.35164899999999,26.90838400000001,0 -82.3407353024991,26.8937787601172,0 -82.34008499729509,26.8929084901193,0 -82.329889999998,26.8792650497439,0 -82.314004999635,26.8580069710019,0 -82.30173600000001,26.841588,0 -82.289086,26.827784,0 -82.2716991509411,26.7895164213546,0 -82.269499,26.784674,0 -82.265602,26.760987,0 -82.2676345211522,26.7316911432909,0 -82.268361,26.72122,0 -82.267860624364,26.7209185031108,0 -82.26167100000001,26.717189,0 -82.253467,26.719424,0 -82.249888,26.762946,0 -82.243576,26.767604,0 -82.227431,26.771143,0 -82.208861,26.767164,0 -82.191112,26.7703354182162,0 -82.17869,26.772555,0 -82.17294099999999,26.778879,0 -82.151093,26.783479,0 -82.147068,26.789803,0 -82.156267,26.851898,0 -82.17294099999999,26.897319,0 -82.175241,26.916867,0 -82.16949099999999,26.923191,0 -82.1672262204231,26.9238879484917,0 -82.16201700000001,26.925491,0 -82.137294,26.926066,0 -82.124645,26.945615,0 -82.117171,26.954239,0 -82.11303935499831,26.9557880861627,0 -82.107972,26.957688,0 -82.08236425087949,26.9581536248852,0 -82.07634899999999,26.958263,0 -82.063126,26.950214,0 -82.0620206832932,26.9428458627179,0 -82.061401,26.938715,0 -82.061976,26.931241,0 -82.0669411361139,26.9282614001404,0 -82.067725,26.927791,0 -82.083249,26.927791,0 -82.090148,26.923191,0 -82.09257123047659,26.9091379489612,0 -82.093023,26.90651799999999,0 -82.090723,26.888694,0 -82.066575,26.88237000000001,0 -82.0615828015751,26.8785300015059,0 -82.059101,26.876621,0 -82.05680099999999,26.858797,0 -82.058526,26.838674,0 -82.057951,26.822,0 -82.0561164765319,26.8095265166069,0 -82.055076,26.802452,0 -82.061401,26.789228,0 -82.061401,26.774279,0 -82.0620292851376,26.7704391019286,0 -82.066575,26.742657,0 -82.07979899999999,26.716784,0 -82.084974,26.70241100000001,0 -82.086698,26.685162,0 -82.093023,26.665614,0 -82.0938566318797,26.6652666030361,0 -82.09992200000001,26.662739,0 -82.106247,26.667339,0 -82.11889600000001,26.690912,0 -82.125795,26.699536,0 -82.139019,26.702986,0 -82.151668,26.704136,0 -82.15605829443091,26.7036738214394,0 -82.17351600000001,26.701836,0 -82.17984,26.696661,0 -82.18156500000001,26.681712,0 -82.14994299999999,26.654115,0 -82.13786899999999,26.637441,0 -82.1259773631453,26.5929584341567,0 -82.122345,26.579371,0 -82.11889600000001,26.560973,0 -82.111996,26.54085,0 -82.1085967857084,26.5043035459277,0 -82.106967,26.486781,0 -82.098893,26.483944,0 -82.05891800000001,26.493361,0 -82.057579,26.497791,0 -82.06382000000001,26.512351,0 -82.06673600000001,26.536789,0 -82.0645228911752,26.5387948427338,0 -82.05991299999999,26.542973,0 -82.047803,26.538372,0 -82.040144,26.525275,0 -82.015298,26.528841,0 -82.01397831964741,26.5238241771992,0 -82.00908,26.505203,0 -82.01367999999999,26.490829,0 -82.0092534191386,26.4844719458576,0 -82.008961,26.484052,0 -81.997012,26.484856,0 -81.980712,26.480957,0 -81.969509,26.476505,0 -81.9670665763114,26.4680243004589,0 -81.966212,26.465057,0 -81.967112,26.462857,0 -81.964212,26.457957,0 -81.956611,26.452358,0 -81.938411,26.445058,0 -81.9237313414054,26.4367263018788,0 -81.92361099999999,26.436658,0 -81.91171,26.427158,0 -81.90271,26.416159,0 -81.90191,26.41085899999999,0 -81.88764667824761,26.3969058352123,0 -81.868983,26.378648,0 -81.8458335535129,26.3303779735441,0 -81.844555,26.327712,0 -81.83958646554861,26.3132613268571,0 -81.833142,26.294518,0 -81.8319370508097,26.2889332098291,0 -81.8317428813733,26.2880332585542,0 -81.8278820125124,26.2701386098508,0 -81.8244378378608,26.2541752871673,0 -81.82067499999999,26.236735,0 -81.8184013091481,26.2193402354986,0 -81.81681,26.207166,0 -81.81565879001739,26.1893750962731,0 -81.81461,26.173167,0 -81.80977069706231,26.1556418040923,0 -81.80883300000001,26.152246,0 -81.8075071190473,26.14040756587,0 -81.8061535586105,26.1283219890777,0 -81.8021298712419,26.0923955676482,0 -81.801663,26.088227,0 -81.762439,26.00607,0 -81.757463,26.000374,0 -81.750668,25.998425,0 -81.747834,25.994273,0 -81.7491082336369,25.9714783760514,0 -81.749724,25.960463,0 -81.7461321943249,25.951087044052,0 -81.74557900000001,25.949643,0 -81.738118,25.942009,0 -81.73195,25.931506,0 -81.727823,25.907831,0 -81.7183809528583,25.9030800597944,0 -81.71725000000001,25.902511,0 -81.713172,25.897568,0 -81.68953999999999,25.85271,0 -81.6848,25.847205,0 -81.678287,25.845301,0 -81.672633,25.856654,0 -81.663821,25.885605,0 -81.654493,25.893579,0 -81.644553,25.897953,0 -81.64008387399031,25.8977843817485,0 -81.623482,25.897158,0 -81.614735,25.893977,0 -81.582483,25.876712,0 -81.547894,25.849608,0 -81.514982,25.838641,0 -81.472239,25.81693,0 -81.4701847067891,25.8094742851733,0 -81.4696870212334,25.8076680183964,0 -81.4693208827686,25.8063391798615,0 -81.4685612614122,25.803582260752,0 -81.46848900000001,25.80332,0 -81.42398900000001,25.79372,0 -81.414376,25.783528,0 -81.38381,25.776751,0 -81.382257,25.749466,0 -81.355248,25.728727,0 -81.355986,25.703526,0 -81.350556,25.689832,0 -81.33824199999999,25.692895,0 -81.311899,25.702911,0 -81.290328,25.687506,0 -81.289424,25.657957,0 -81.272823,25.637961,0 -81.271489,25.61434,0 -81.24051900000001,25.599041,0 -81.233051,25.586587,0 -81.232705,25.573366,0 -81.22555699999999,25.55847,0 -81.209321,25.548611,0 -81.20438900000001,25.538908,0 -81.203175,25.53416,0 -81.210149,25.516888,0 -81.208201,25.504937,0 -81.191924,25.484745,0 -81.179406,25.475427,0 -81.16865199999999,25.463848,0 -81.146765,25.407577,0 -81.147144,25.404297,0 -81.150656,25.399206,0 -81.150508,25.387255,0 -81.141395,25.381358,0 -81.12849199999999,25.380511,0 -81.117265,25.354953,0 -81.118208,25.34522,0 -81.12141,25.33875,0 -81.13391300000001,25.342996,0 -81.14009900000001,25.341117,0 -81.14810300000001,25.332793,0 -81.151916,25.324766,0 -81.148915,25.318067,0 -81.1523,25.305543,0 -81.15929300000001,25.298595,0 -81.16207,25.28983300000001,0 -81.168307,25.253178,0 -81.170907,25.245857,0 -81.172044,25.222276,0 -81.15548099999999,25.208098,0 -81.146737,25.193139,0 -81.142278,25.183,0 -81.141024,25.163868,0 -81.133567,25.156295,0 -81.120616,25.152302,0 -81.111943,25.14547,0 -81.09452400000001,25.127054,0 -81.079859,25.118797,0 -81.050505,25.128273,0 -81.022989,25.129393,0 -81.009598,25.125403,0 -80.99917600000001,25.124222,0 -80.971765,25.133958,0 -80.957427,25.135704,0 -80.94321600000001,25.134443,0 -80.915924,25.141301,0 -80.900577,25.139669,0 -80.898911,25.147652,0 -80.901617,25.153803,0 -80.900066,25.162034,0 -80.87546,25.174321,0 -80.85816699999999,25.176576,0 -80.8579854115429,25.1766094650017,0 -80.84893700000001,25.178277,0 -80.8407,25.176818,0 -80.82226799999999,25.174239,0 -80.812133,25.186039,0 -80.79457600000001,25.18237299999999,0 -80.785123,25.168928,0 -80.74774600000001,25.147441,0 -80.743931,25.149804,0 -80.743504,25.163984,0 -80.724407,25.166335,0 -80.713035,25.152196,0 -80.703095,25.153558,0 -80.677623,25.169346,0 -80.66402600000001,25.187262,0 -80.63888799999999,25.190679,0 -80.609773,25.200357,0 -80.58762,25.200691,0 -80.58341562832069,25.2012197418716,0 -80.5692154773562,25.2030055531583,0 -80.54239099999999,25.206379,0 -80.521627,25.221538,0 -80.51454099999999,25.219182,0 -80.50487,25.206584,0 -80.495394,25.199808,0 -80.46455,25.209067,0 -80.442922,25.189281,0 -80.46112100000001,25.161776,0 -80.461342,25.132487,0 -80.4667987184357,25.1029987099093,0 -80.468829,25.092027,0 -80.47572241264341,25.0809094210534,0 -80.496741,25.047011,0 -80.5049842124361,25.0410271095847,0 -80.5439460625003,25.0127440290542,0 -80.544763,25.012151,0 -80.598839,24.966149,0 -80.5995010060909,24.9655868105233,0 -80.664372,24.910497,0 -80.66453300000001,24.901377,0 -80.65633,24.897435,0 -80.585346192469,24.9445569103463,0 -80.571534,24.953726,0 -80.5286982739578,24.9936174608281,0 -80.49249,25.027337,0 -80.4840668371838,25.0362217377047,0 -80.4528185865617,25.0691823389141,0 -80.44883900000001,25.07338,0 -80.4248700346826,25.0911539838353,0 -80.407076,25.104349,0 -80.3820199129693,25.1293979124818,0 -80.358183,25.153228,0 -80.327405,25.223812,0 -80.28392100000001,25.290376,0 -80.2517498819016,25.3424165300789,0 -80.250282,25.344791,0 -80.2305387760123,25.3744170988803,0 -80.2099306834921,25.40534099394,0 -80.203829,25.414497,0 -80.173936,25.489083,0 -80.175529,25.503701,0 -80.182394,25.50778,0 -80.18983799999999,25.503793,0 -80.189897,25.492106,0 -80.214957,25.430092,0 -80.2167790025516,25.4268390698861,0 -80.2291242708522,25.4047983241237,0 -80.229465,25.40419,0 -80.249584,25.394938,0 -80.2699420002125,25.3523152704486,0 -80.271792,25.348442,0 -80.290194,25.319316,0 -80.338325,25.290085,0 -80.36591300000001,25.285383,0 -80.377064,25.30219,0 -80.3763480504136,25.3058717488906,0 -80.374116,25.31735,0 -80.361662,25.327433,0 -80.352469,25.329805,0 -80.33858793338651,25.3369844167787,0 -80.335269,25.338701,0 -80.31036,25.3731,0 -80.30680099999999,25.384369,0 -80.31036,25.389707,0 -80.320442,25.391486,0 -80.32577999999999,25.39801,0 -80.326373,25.422919,0 -80.320442,25.437153,0 -80.328152,25.443084,0 -80.3302664369221,25.4484400823776,0 -80.3361267285414,25.4632847932042,0 -80.33704899999999,25.465621,0 -80.339421,25.478669,0 -80.339421,25.499427,0 -80.328746,25.53264,0 -80.3256323530842,25.5348634978577,0 -80.3251585898675,25.5352018186519,0 -80.324594,25.535605,0 -80.313918,25.539164,0 -80.30543309914211,25.55952890663711,0 -80.302057,25.567632,0 -80.305615,25.575342,0 -80.305615,25.593134,0 -80.30477466180371,25.5972162499949,0 -80.3042964453159,25.599539361408,0 -80.3021028543364,25.6101955315118,0 -80.301464,25.613299,0 -80.296719,25.622195,0 -80.2886462735939,25.6302677264061,0 -80.288416,25.630498,0 -80.28712456338469,25.6312456557351,0 -80.277147,25.637022,0 -80.267065,25.651849,0 -80.265879,25.658373,0 -80.25045900000001,25.688028,0 -80.2460711025735,25.7095280315483,0 -80.244528,25.717089,0 -80.240376,25.724206,0 -80.2376444448285,25.7262186100443,0 -80.2330044643071,25.7296373480218,0 -80.229107,25.732509,0 -80.19767400000001,25.74437,0 -80.18462599999999,25.74555700000001,0 -80.1802580879958,25.7427177283069,0 -80.172765,25.737847,0 -80.166241,25.72895,0 -80.164461,25.721833,0 -80.17039200000001,25.710565,0 -80.173004948357,25.7003507109215,0 -80.17691600000001,25.68506199999999,0 -80.160903,25.664897,0 -80.154972,25.66548999999999,0 -80.1531255437224,25.6732860718592,0 -80.152303,25.676759,0 -80.154082,25.683283,0 -80.152896,25.702855,0 -80.14400000000001,25.740812,0 -80.13747600000001,25.750301,0 -80.1368918966275,25.7516517813686,0 -80.1363124169211,25.7529918701742,0 -80.1282822377334,25.7715622413508,0 -80.127987,25.772245,0 -80.12754892921259,25.7862654814049,0 -80.12741677544621,25.7904950704987,0 -80.127394,25.791224,0 -80.1260870984852,25.797758262744,0 -80.1249415687941,25.8034856966004,0 -80.1230201722876,25.8130923191862,0 -80.122056,25.817913,0 -80.1219668850334,25.8187819836328,0 -80.1214773790509,25.8235552860675,0 -80.12031889200171,25.834852,0 -80.11968400000001,25.841043,0 -80.1199726056783,25.851289961643,0 -80.1201095120737,25.8561508312904,0 -80.12057169546669,25.8725606799379,0 -80.12087,25.883152,0 -80.1205034594413,25.88718320466061,0 -80.11937997032901,25.8995393121606,0 -80.117904,25.915772,0 -80.11790083054601,25.9175478249193,0 -80.1178784459444,25.9300897751183,0 -80.1178652385134,25.9374898148043,0 -80.1178549406084,25.9432596656154,0 -80.1178361251573,25.9538018434153,0 -80.1177978430447,25.975251068043,0 -80.117778,25.986369,0 -80.11771266851029,25.9871708939154,0 -80.1172629223618,25.992691182857,0 -80.1156453957106,26.0125450815819,0 -80.1139029400812,26.0339323876736,0 -80.109566,26.087165,0 -80.1066626745893,26.0933085716075,0 -80.105266,26.096264,0 -80.1042132624312,26.1101649946961,0 -80.10210287925131,26.13803179290131,0 -80.101366,26.147762,0 -80.09853410956001,26.1676064704884,0 -80.0978146308377,26.1726482171853,0 -80.0964446298199,26.1822484984611,0 -80.09539040044299,26.1896360101613,0 -80.09321539430709,26.2048773642997,0 -80.0915163269066,26.2167835780464,0 -80.0893750393396,26.2317886493339,0 -80.089365,26.231859,0 -80.085565,26.249259,0 -80.0818814122886,26.2590166299744,0 -80.079865,26.264358,0 -80.0763892880005,26.3053760852308,0 -80.075264,26.318656,0 -80.0748372451019,26.3210316022663,0 -80.072264,26.335356,0 -80.0714616058431,26.3358747242226,0 -80.070564,26.336455,0 -80.0655306323432,26.3909145280361,0 -80.06172090887451,26.4321345930503,0 -80.060564,26.444652,0 -80.0590408629652,26.4543419347266,0 -80.0556645463344,26.4758214779466,0 -80.050363,26.509549,0 -80.04341826889591,26.5456603939622,0 -80.03886300000001,26.569347,0 -80.0375648210052,26.5936468996784,0 -80.036565,26.612362,0 -80.03652805889629,26.6152840320878,0 -80.0361614713951,26.6442810120127,0 -80.0358535409589,26.6686382327288,0 -80.035763,26.6758,0 -80.033604,26.689759,0 -80.0332843273424,26.7007377309075,0 -80.0329644841035,26.7117223202022,0 -80.03286199999999,26.715242,0 -80.0334597368138,26.7218818164587,0 -80.0348777486719,26.7376334620946,0 -80.0363256296432,26.7537169016329,0 -80.0369358143211,26.7604949922134,0 -80.0372836458689,26.7643587957846,0 -80.037462,26.76634,0 -80.037410833862,26.7665679218874,0 -80.036362,26.77124,0 -80.03212000000001,26.77153,0 -80.0320741272223,26.7730313954371,0 -80.0318045985169,26.7818529490673,0 -80.031362,26.796339,0 -80.0355952960568,26.8142082764699,0 -80.0462255385049,26.8590798703054,0 -80.046263,26.859238,0 -80.05308122102601,26.8820411041909,0 -80.0566225332656,26.8938847965062,0 -80.0619220006064,26.9116085261224,0 -80.0666972698322,26.9275791086658,0 -80.0716931092776,26.944287374203,0 -80.0795307959029,26.9705000158948,0 -80.093909,27.018587,0 -80.116772,27.072397,0 -80.138605,27.111517,0 -80.14982000000001,27.143557,0 -80.159554,27.163325,0 -80.158277777587,27.1645607402001,0 -80.153375,27.169308,0 -80.16146999999999,27.192814,0 -80.19309,27.249546,0 -80.1992879876763,27.2630216473883,0 -80.226753,27.322736,0 -80.233538,27.341307,0 -80.253665,27.37979,0 -80.26244090569659,27.4099193773334,0 -80.265535,27.420542,0 -80.2830762439728,27.4711752361485,0 -80.2836309941172,27.4727765362108,0 -80.293171,27.500314,0 -80.30117,27.500314,0 -80.311757,27.524625,0 -80.32127109156249,27.557377381501,0 -80.324699,27.569178,0 -80.330956,27.597541,0 -80.3315416480764,27.5983567771214,0 -80.34437,27.616226,0 -80.350553,27.628361,0 -80.35085109909799,27.6320134822468,0 -80.35171699999999,27.642623,0 -80.3552792252361,27.6534754331401,0 -80.3679771279588,27.69216,0 -80.3817153543382,27.7340139461611,0 -80.383695,27.740045,0 -80.44717900000001,27.859731,0 -80.44708410497449,27.8607550370955,0 -80.446973,27.861954,0 -80.508871,27.970477,0 -80.53556544581031,28.0243543221053,0 -80.5442450862229,28.0418724150295,0 -80.547675,28.04879499999999,0 -80.5593621953652,28.0779771610562,0 -80.56642786860171,28.0956196841692,0 -80.56643200000001,28.09563,0 -80.5715923832409,28.1136824641602,0 -80.5787461283504,28.1387082657667,0 -80.5830233777677,28.1536712807606,0 -80.5841432765541,28.157589,0 -80.58834688102159,28.1722943843581,0 -80.589975,28.17799,0 -80.591591236382,28.1870414458747,0 -80.5935438449593,28.1979766847105,0 -80.5961638752115,28.2126497005404,0 -80.604214,28.257733,0 -80.6052417441433,28.2719914855866,0 -80.6071901792334,28.2990232461936,0 -80.608074,28.311285,0 -80.60774872288761,28.3181155482942,0 -80.6076495810069,28.3201974451716,0 -80.606874,28.336484,0 -80.60414681021381,28.3579111405515,0 -80.603374,28.363983,0 -80.6018878554228,28.3694939130648,0 -80.5990872108499,28.3798792477107,0 -80.596174,28.390682,0 -80.5958422797015,28.3914823977159,0 -80.5882129517842,28.4098909686287,0 -80.587813,28.410856,0 -80.574136,28.427764,0 -80.562877,28.437779,0 -80.526732,28.451705,0 -80.525094,28.459454,0 -80.536115,28.478647,0 -80.560973,28.530736,0 -80.56736100000001,28.562353,0 -80.5694669495455,28.5687527638181,0 -80.574868,28.585166,0 -80.583884,28.597705,0 -80.61678999999999,28.634561,0 -80.6223994830615,28.6425277240254,0 -80.647288,28.677875,0 -80.70972500000001,28.756692,0 -80.7322444568762,28.7912374108833,0 -80.787021,28.875266,0 -80.8668081913352,28.99356182950959,0 -80.878275,29.010563,0 -80.88289436972239,29.0182419522658,0 -80.893675,29.036163,0 -80.89483782791589,29.0385655221772,0 -80.89711922192291,29.043279117045,0 -80.9031057612918,29.0556479236425,0 -80.907275,29.064262,0 -80.9154250464906,29.0744984900249,0 -80.94437600000001,29.110861,0 -80.9511130580501,29.1223260512203,0 -80.966176,29.14796,0 -80.9680282240498,29.1516389547672,0 -80.9716638527818,29.1588601727708,0 -80.9717810951465,29.1590930438193,0 -80.97332295411,29.1621555401651,0 -80.97434988923111,29.1641952760489,0 -80.98243361516811,29.1802514664843,0 -80.9827765099464,29.180932536563,0 -80.98380012001741,29.1829656681115,0 -80.9954231154303,29.2060516842917,0 -81.0026621198234,29.2204300580767,0 -81.006219752508,29.2274963574946,0 -81.0139447654654,29.2428400591645,0 -81.0204207719384,29.2557029387328,0 -81.027086979169,29.2689436019628,0 -81.0376547963629,29.2899337847911,0 -81.046678,29.307856,0 -81.0473370243553,29.3092779403354,0 -81.051071673482,29.3173359858214,0 -81.0589205598929,29.3342710931285,0 -81.0705220131985,29.3593029060969,0 -81.10192298992639,29.4270550536747,0 -81.123896,29.474465,0 -81.1336887081019,29.4944094533788,0 -81.1359526338229,29.499020308775,0 -81.16358099999999,29.55529,0 -81.1653480621415,29.5594069704924,0 -81.1761402661952,29.5845510696126,0 -81.21156499999999,29.667085,0 -81.2128779050731,29.6706669360872,0 -81.229015,29.714693,0 -81.24092400000001,29.739218,0 -81.2523861010214,29.7722349787766,0 -81.256711,29.784693,0 -81.2631825411995,29.8195144415774,0 -81.26339387168569,29.8206515481728,0 -81.263396,29.820663,0 -81.2634444475426,29.8220655881098,0 -81.2642275410206,29.8447366575048,0 -81.26469299999999,29.858212,0 -81.264973155208,29.8594251124976,0 -81.270442,29.88310600000001,0 -81.27654,29.90046,0 -81.2860045854556,29.9116818041004,0 -81.288955,29.91518,0 -81.29526799999999,29.928614,0 -81.30311191423939,29.9519718149335,0 -81.308978,29.96944,0 -81.35557057022039,30.1624783570823,0 -81.355591,30.162563,0 -81.3708493612249,30.2193230428022,0 -81.3798792601458,30.252913638915,0 -81.38549759374391,30.2738134492423,0 -81.38550499999999,30.273841,0 -81.3866265973552,30.2792826131314,0 -81.3885375075328,30.2885537066006,0 -81.391606,30.303441,0 -81.3921650944006,30.3077030903909,0 -81.3943856850602,30.3246311048781,0 -81.396407,30.34004,0 -81.3970987415094,30.3813304936857,0 -81.3973905166244,30.3987467371484,0 -81.39742200000001,30.400626,0 -81.407008,30.42204,0 -81.410809,30.482039,0 -81.42601000000001,30.496739,0 -81.440108,30.497678,0 -81.447087,30.503679,0 -81.4427844968023,30.5099198266455,0 -81.43406400000001,30.522569,0 -81.442564,30.555189,0 -81.4427836102912,30.5739683480619,0 -81.443099,30.600938,0 -81.44230338605649,30.6053818440358,0 -81.4363543120584,30.6386099658162,0 -81.4311781585357,30.6675209962825,0 -81.430843,30.669393,0 -81.42742,30.69802,0 -81.432725,30.703017,0 -81.444124,30.709714,0 -81.449375,30.715601,0 -81.45947,30.741979,0 -81.461065,30.753684,0 -81.460061,30.769912,0 -81.455287,30.79093,0 -81.446927,30.81039000000001,0 -81.44013,30.821369,0 -81.430835,30.831156,0 -81.428577,30.836336,0 -81.405153,30.908203,0 -81.403409,30.957914,0 -81.408484,30.977718,0 -81.415825,30.977192,0 -81.420108,30.974076,0 -81.426929,30.956615,0 -81.4365471221365,30.95667000368,0 -81.447388,30.956732,0 -81.453568,30.965573,0 -81.466814,30.97091,0 -81.47232099999999,30.969899,0 -81.47578900000001,30.965976,0 -81.486966,30.96960199999999,0 -81.4901828990314,30.9734160825315,0 -81.493651,30.977528,0 -81.49058599999999,30.984952,0 -81.46929799999999,30.996028,0 -81.45923999999999,31.005692,0 -81.457795,31.010259,0 -81.451444,31.015515,0 -81.4431497861428,31.0166641710864,0 -81.434923,31.017804,0 -81.43471,31.014641,0 -81.432475,31.012991,0 -81.42473200000001,31.013678,0 -81.420474,31.016703,0 -81.41512299999999,31.026718,0 -81.401267,31.072781,0 -81.40120899999999,31.086143,0 -81.40373200000001,31.107115,0 -81.402096,31.125383,0 -81.4007780590796,31.130139355616,0 -81.399677,31.134113,0 -81.39931311073541,31.1340875359657,0 -81.38683,31.133214,0 -81.368241,31.136534,0 -81.3602698887054,31.1478577829367,0 -81.35934899999999,31.149166,0 -81.36079100000001,31.155903,0 -81.35487999999999,31.167204,0 -81.34790864756761,31.1758737730162,0 -81.339028,31.186918,0 -81.314183,31.207938,0 -81.304957,31.206173,0 -81.293359,31.206332,0 -81.288403,31.211065,0 -81.2885746909123,31.2144430714016,0 -81.289136,31.225487,0 -81.282842,31.24433,0 -81.27686199999999,31.254734,0 -81.274688,31.289454,0 -81.2699059255329,31.2944889357972,0 -81.260958,31.30391,0 -81.25482,31.315452,0 -81.268027,31.32421799999999,0 -81.274513,31.326237,0 -81.282923,31.326491,0 -81.279338,31.351127,0 -81.27879799999999,31.367214,0 -81.27709269616621,31.3703581909107,0 -81.258616,31.404425,0 -81.246911,31.422784,0 -81.204883,31.473124,0 -81.189643,31.503588,0 -81.177254,31.517074,0 -81.17831,31.52241,0 -81.18159199999999,31.527697,0 -81.193016,31.535833,0 -81.199518,31.537596,0 -81.21351900000001,31.528152,0 -81.21794800000001,31.527284,0 -81.2413604489203,31.5283016087047,0 -81.2550879591796,31.5288982670885,0 -81.258809,31.52906,0 -81.263437,31.530932,0 -81.26390499999999,31.532579,0 -81.26260233484901,31.5379206415605,0 -81.260076,31.54828,0 -81.25421799999999,31.55594,0 -81.24069900000001,31.552313,0 -81.214536,31.557601,0 -81.20431499999999,31.568183,0 -81.1943802746182,31.5681005790598,0 -81.1940234981324,31.5680976191538,0 -81.18910194718519,31.5680567887492,0 -81.186114,31.568032,0 -81.183252,31.560058,0 -81.178822,31.55553,0 -81.173079,31.555908,0 -81.160364,31.570436,0 -81.14997,31.593476,0 -81.133493,31.623348,0 -81.131728,31.654484,0 -81.136408,31.674832,0 -81.135608,31.683491,0 -81.131137,31.695774,0 -81.139394,31.699917,0 -81.14936899999999,31.699304,0 -81.151888,31.698411,0 -81.154624,31.693874,0 -81.161084,31.691401,0 -81.186303,31.701509,0 -81.20357199999999,31.719448,0 -81.19839418503101,31.7260700164189,0 -81.192784,31.733245,0 -81.16067,31.728144,0 -81.154686330339,31.7262025789643,0 -81.138448,31.720934,0 -81.130634,31.722692,0 -81.097402,31.753126,0 -81.077057,31.761256,0 -81.068116,31.768735,0 -81.04734500000001,31.802865,0 -81.036873,31.812721,0 -81.036958,31.819558,0 -81.03980799999999,31.823,0 -81.04794,31.824881,0 -81.050946,31.822383,0 -81.057181,31.822687,0 -81.075812,31.829031,0 -81.076178,31.836132,0 -81.06279000000001,31.84474,0 -81.05907000000001,31.850106,0 -81.05859599999999,31.857811,0 -81.0611942207306,31.8653352661914,0 -81.06525499999999,31.877095,0 -81.04154800000001,31.876198,0 -81.014478,31.867474,0 -81.000317,31.856744,0 -80.99269,31.857641,0 -80.971434,31.877941,0 -80.947294,31.89621,0 -80.93450799999999,31.90918,0 -80.94135900000001,31.912984,0 -80.954469,31.911768,0 -80.96849400000001,31.915822,0 -80.975714,31.923602,0 -80.9747307101335,31.9288316102831,0 -80.97375599976991,31.9340155906276,0 -80.972392,31.94127,0 -80.948491,31.95723,0 -80.942941781038,31.9570700318496,0 -80.941145711549,31.9570182562905,0 -80.930279,31.956705,0 -80.929101,31.944964,0 -80.911207,31.943769,0 -80.897687,31.949065,0 -80.882814,31.959075,0 -80.862814,31.96934600000001,0 -80.8516425278325,31.9840617505425,0 -80.85090366560181,31.9850350253364,0 -80.8498636791917,31.9864049594283,0 -80.84844099999999,31.988279,0 -80.84191300000001,32.002643,0 -80.840549,32.011306,0 -80.8407378703839,32.0122514495778,0 -80.84313,32.024226,0 -80.852276,32.026676,0 -80.86721199999999,32.018823,0 -80.879814,32.019371,0 -80.8798487006228,32.0194319006111,0 -80.884586,32.027746,0 -80.89193299999999,32.033884,0 -80.890162,32.03937,0 -80.891475,32.042873,0 -80.8976237483043,32.0467499065033,0 -80.9044491884998,32.0510534805272,0 -80.90454200000001,32.051112,0 -80.904053,32.055938,0 -80.8791406129285,32.0808534025253,0 -80.846222,32.113776,0 -80.8315831028542,32.1133211004589,0 -80.828394,32.113222,0 -80.81693,32.109172,0 -80.78955000000001,32.123308,0 -80.7704366544952,32.1322450417078,0 -80.74855271126449,32.1424775629237,0 -80.73655599999999,32.148087,0 -80.7296117742315,32.1537645820567,0 -80.721463,32.160427,0 -80.70145199937249,32.1864325223624,0 -80.690461,32.200716,0 -80.6800336887466,32.2094782449444,0 -80.670891,32.217161,0 -80.677845,32.236406,0 -80.6786303523414,32.2370069023647,0 -80.69755069206821,32.2514835598894,0 -80.71779600000001,32.266974,0 -80.727981104568,32.2655652454568,0 -80.738083,32.264168,0 -80.7397681997449,32.2653224934474,0 -80.761257,32.280044,0 -80.76603799999999,32.292608,0 -80.76033483739,32.2990478437669,0 -80.75345,32.306822,0 -80.737118,32.306029,0 -80.733637,32.319469,0 -80.7276655533616,32.3214098142651,0 -80.714601,32.325656,0 -80.68852699999999,32.302849,0 -80.65434498793699,32.2939761991188,0 -80.644794,32.291497,0 -80.6456513297875,32.2778822526233,0 -80.646458,32.265072,0 -80.63343500000001,32.25642,0 -80.62031899999999,32.260412,0 -80.60425499999999,32.272976,0 -80.59601000000001,32.278704,0 -80.58099,32.276258,0 -80.568321,32.27775,0 -80.546429,32.285732,0 -80.507627,32.305116,0 -80.49999099999999,32.30577,0 -80.466342,32.31917,0 -80.455192,32.326458,0 -80.45681399999999,32.336884,0 -80.44723640672851,32.3482215171253,0 -80.44545100000001,32.350335,0 -80.434303,32.375193,0 -80.42929100000001,32.389667,0 -80.4293459720497,32.390691594434,0 -80.429941,32.401782,0 -80.43295999999999,32.410659,0 -80.4458398932147,32.4104516999503,0 -80.45750200000001,32.410264,0 -80.46758800000001,32.425259,0 -80.48015599999999,32.447048,0 -80.48210682495601,32.4531388069912,0 -80.484617,32.460976,0 -80.48025,32.477407,0 -80.476910367369,32.4853895464878,0 -80.47206799999999,32.496964,0 -80.46571,32.4953,0 -80.452078,32.497286,0 -80.439407,32.503472,0 -80.42345400000001,32.497989,0 -80.418502,32.490894,0 -80.417896,32.476076,0 -80.415943,32.472074,0 -80.413487,32.470672,0 -80.392561,32.475332,0 -80.386827,32.47881,0 -80.38071600000001,32.486359,0 -80.356708,32.501517,0 -80.35231951943361,32.499862270145,0 -80.346585,32.4977,0 -80.3464571705869,32.4974053913296,0 -80.338354,32.47873,0 -80.332438,32.478104,0 -80.29546999999999,32.504066,0 -80.27881600000001,32.518084,0 -80.25480062303799,32.5320676927035,0 -80.25142200000001,32.534035,0 -80.199234,32.558981,0 -80.1909182410088,32.5592163025582,0 -80.167286,32.559885,0 -80.14840599999999,32.578479,0 -80.14754027829871,32.5788686568608,0 -80.108861,32.596278,0 -80.072813,32.605,0 -80.03366800000001,32.611571,0 -80.00590699999999,32.610999,0 -79.9907033938632,32.6234689729427,0 -79.98544,32.627786,0 -79.97524799999999,32.639537,0 -79.968468,32.639732,0 -79.915682,32.664915,0 -79.884961,32.684402,0 -79.8854882516157,32.688738910266,0 -79.887094,32.701947,0 -79.87033599999999,32.727777,0 -79.868352,32.734849,0 -79.8743235775529,32.7437228186467,0 -79.879109,32.750834,0 -79.89855417685391,32.7521709370335,0 -79.928546,32.754233,0 -79.9279741598658,32.763028468776,0 -79.927357,32.772521,0 -79.9243799208371,32.7791723632078,0 -79.923198,32.781813,0 -79.9171604552425,32.7828021334718,0 -79.8871885400045,32.7877124448265,0 -79.88600099999999,32.787907,0 -79.870628,32.778263,0 -79.863422,32.771022,0 -79.8631166634226,32.7669562700344,0 -79.862709,32.761528,0 -79.848527,32.755248,0 -79.84035,32.756816,0 -79.818237,32.766352,0 -79.8119891869511,32.7755367007792,0 -79.811021,32.77696,0 -79.7560287598136,32.7958270323997,0 -79.726389,32.805996,0 -79.71871400000001,32.81411,0 -79.71937169933889,32.8212644311138,0 -79.719894,32.826946,0 -79.7024,32.837052,0 -79.6977155844922,32.8481298034485,0 -79.695953,32.852298,0 -79.63114899999999,32.888606,0 -79.58158,32.907739,0 -79.573784,32.92346,0 -79.581756,32.929572,0 -79.59307,32.925351,0 -79.607399,32.925842,0 -79.617193,32.938997,0 -79.617611,32.952726,0 -79.60661500000001,32.972248,0 -79.60102000000001,32.979282,0 -79.58659,32.991334,0 -79.580725,33.006447,0 -79.55756,33.021269,0 -79.52244899999999,33.03535,0 -79.506923,33.032813,0 -79.488727,33.015832,0 -79.46645100000001,33.011514,0 -79.424465,33.016076,0 -79.410315,33.008397,0 -79.366562,33.011168,0 -79.34365200000001,33.051785,0 -79.329909,33.089986,0 -79.284058,33.116667,0 -79.2752724812709,33.1189518049554,0 -79.24861300000001,33.125885,0 -79.23866099999999,33.138083,0 -79.215453,33.155569,0 -79.194265,33.172572,0 -79.183369,33.191344,0 -79.1813434010275,33.1969823975908,0 -79.176272,33.211099,0 -79.18156999999999,33.241325,0 -79.180318,33.254141,0 -79.1798563081564,33.2560175696779,0 -79.16830448168319,33.3029705483461,0 -79.16233200000001,33.327246,0 -79.158429,33.332811,0 -79.152035,33.350925,0 -79.147496,33.378243,0 -79.1373073323614,33.3998999406528,0 -79.135441,33.403867,0 -79.11800411903189,33.4331061746265,0 -79.10136,33.461016,0 -79.084588,33.483669,0 -79.0659613906997,33.5008560680666,0 -79.04112499999999,33.523773,0 -79.0302786462275,33.5320241083659,0 -79.028516,33.533365,0 -79.007356,33.566565,0 -79.0016858796163,33.5726754366334,0 -78.996870121738,33.5778651647813,0 -78.98302320809201,33.592787367958,0 -78.9714463526487,33.6052632303408,0 -78.9604585171148,33.6171043321561,0 -78.939093,33.640129,0 -78.8920658812486,33.6816956474294,0 -78.89169099999999,33.682027,0 -78.8811237264219,33.6911780382137,0 -78.8685080631803,33.702102939094,0 -78.8531,33.715446,0 -78.8452361749078,33.7209774010055,0 -78.82606638109461,33.7344614009075,0 -78.8247426396082,33.7353925183857,0 -78.794894,33.756388,0 -78.7947921353712,33.7564474142979,0 -78.7718958142803,33.7698020876304,0 -78.76338699999999,33.774765,0 -78.712799,33.80139,0 -78.71170003405329,33.8018607422978,0 -78.68890500000001,33.811625,0 -78.67951611278041,33.8150490869002,0 -78.662302,33.821327,0 -78.64273219675761,33.8272808615863,0 -78.63322599999999,33.830173,0 -78.58532,33.844878,0 -78.55475300000001,33.849481,0 -78.5490830089084,33.850769864247,0 -78.542422,33.852284,0 -78.506614,33.86746,0 -78.47681,33.875787,0 -78.4371928109681,33.8869655243643,0 -78.43613499999999,33.887264,0 -78.397814,33.897026,0 -78.3819126632943,33.9030359124103,0 -78.3813245183608,33.9032582018694,0 -78.37976399999999,33.903848,0 -78.371177,33.902307,0 -78.327282,33.908428,0 -78.26555500000001,33.913841,0 -78.248436,33.91459,0 -78.240942,33.916167,0 -78.23945908519769,33.9157980928265,0 -78.2375800024939,33.9153306303075,0 -78.22934100000001,33.913281,0 -78.2234005391079,33.9133950426715,0 -78.1964043975789,33.9139133041592,0 -78.17947504184581,33.9142383073852,0 -78.17771999999999,33.914272,0 -78.16114449920801,33.9134206190478,0 -78.13695199999999,33.912178,0 -78.1149395736533,33.9089193148194,0 -78.095429,33.906031,0 -78.09445698161559,33.9058528873437,0 -78.074713,33.902235,0 -78.0745825036025,33.9022025156583,0 -78.01868899999999,33.888289,0 -78.01682914379219,33.8836744540499,0 -78.006765,33.858704,0 -77.970606,33.844517,0 -77.960172,33.853315,0 -77.956881,33.87779,0 -77.946568,33.912261,0 -77.937764179094,33.931313888896,0 -77.92135500000001,33.966826,0 -77.915205,33.974542,0 -77.8999495358572,34.0136511969582,0 -77.8919226626351,34.0342290412546,0 -77.8831407315018,34.0567425663201,0 -77.8762034910541,34.0745270073882,0 -77.874486,34.07893,0 -77.8741480132708,34.0796140460515,0 -77.844257,34.14011,0 -77.83004099999999,34.163505,0 -77.789315,34.21371,0 -77.77455999999999,34.235784,0 -77.77242015258361,34.2380929606232,0 -77.739738,34.273358,0 -77.71827500000001,34.290044,0 -77.7122797711254,34.2986908361436,0 -77.707515,34.305563,0 -77.688867,34.3211,0 -77.660404,34.343555,0 -77.648529,34.348776,0 -77.635195,34.359828,0 -77.61784,34.374281,0 -77.58262000000001,34.400914,0 -77.557306,34.417646,0 -77.529211,34.434614,0 -77.51846312414909,34.4409591001571,0 -77.492059,34.456547,0 -77.46293,34.471979,0 -77.40356800000001,34.499959,0 -77.344278,34.52648,0 -77.33542874661001,34.5312695565675,0 -77.30691,34.546705,0 -77.260468,34.57743,0 -77.21137899999999,34.605387,0 -77.181811,34.617959,0 -77.1772857286637,34.6212918524719,0 -77.175849,34.62235,0 -77.16945,34.623123,0 -77.13728399999999,34.634251,0 -77.11506,34.642049,0 -77.10837635218201,34.6430062009846,0 -77.09432200000001,34.645019,0 -77.0338839368564,34.6604734076865,0 -77.031105,34.661184,0 -76.990262,34.669623,0 -76.9094715354034,34.6823150035865,0 -76.906257,34.68282,0 -76.817453,34.693722,0 -76.7818440715656,34.6961082466121,0 -76.770044,34.696899,0 -76.726969,34.69669,0 -76.69375100000001,34.692509,0 -76.676312,34.693151,0 -76.67471973091411,34.6922624190153,0 -76.662645,34.685524,0 -76.642939,34.677618,0 -76.618719,34.67255,0 -76.57946699999999,34.660174,0 -76.54934299999999,34.645585,0 -76.55042299999999,34.630789,0 -76.55380599999999,34.628252,0 -76.555196,34.615993,0 -76.535946,34.588577,0 -76.524199,34.615416,0 -76.494068,34.66197,0 -76.45045399999999,34.71445,0 -76.386804,34.784579,0 -76.3318333257197,34.8331880786354,0 -76.31021,34.852309,0 -76.233088,34.905477,0 -76.1544833803172,34.9748727277573,0 -76.139084,34.988468,0 -76.069017,35.0403,0 -76.03769699999999,35.056348,0 -76.03864799999999,35.065045,0 -76.043621,35.070017,0 -76.064933,35.077121,0 -76.069906,35.075701,0 -76.093349,35.048705,0 -76.11181999999999,35.034497,0 -76.160127,34.991163,0 -76.194936,34.962747,0 -76.233672,34.925926,0 -76.27398599999999,34.897298,0 -76.32280799999999,34.86116,0 -76.341279,34.842689,0 -76.36259099999999,34.824219,0 -76.37324700000001,34.817115,0 -76.383827,34.807906,0 -76.402559,34.791357,0 -76.41330000000001,34.778994,0 -76.432317,34.765119,0 -76.43973200000001,34.75848,0 -76.443776,34.746431,0 -76.523303,34.652271,0 -76.6516752362172,34.6995229954909,0 -76.6650498296252,34.7044459932202,0 -76.667036676774,34.705177323415,0 -76.673537,34.70757,0 -76.673619,34.71491,0 -76.6592120400087,34.7146951026616,0 -76.616567,34.714059,0 -76.6177363775116,34.7344210501087,0 -76.620606,34.784389,0 -76.61034044160139,34.7863973094324,0 -76.60479599999999,34.787482,0 -76.582421,34.767757,0 -76.5851993429113,34.7175414559835,0 -76.586236,34.698805,0 -76.52471199999999,34.681964,0 -76.519521,34.707108,0 -76.5153487370759,34.7151808861991,0 -76.512686,34.720333,0 -76.499848,34.729345,0 -76.49842599999999,34.732054,0 -76.501925,34.742688,0 -76.4917126598536,34.7502166120908,0 -76.485353,34.754905,0 -76.47252899999999,34.770685,0 -76.463016,34.785076,0 -76.44946400000001,34.814833,0 -76.43686700000001,34.818736,0 -76.429376,34.830231,0 -76.424032,34.832588,0 -76.418565,34.826735,0 -76.415238,34.827711,0 -76.412148,34.832198,0 -76.411609,34.841268,0 -76.410009,34.861457,0 -76.40337482159219,34.8643986900934,0 -76.39857499999999,34.866527,0 -76.393134,34.857556,0 -76.38647899999999,34.855411,0 -76.3822,34.856971,0 -76.37964100000001,34.86258,0 -76.377154,34.867553,0 -76.368274,34.872881,0 -76.347673,34.872171,0 -76.33382,34.882116,0 -76.31996700000001,34.897745,0 -76.311442,34.910177,0 -76.3057917805878,34.9156805409558,0 -76.284092,34.936817,0 -76.277698,34.940014,0 -76.274856,34.953867,0 -76.275567,34.960971,0 -76.290691,34.969059,0 -76.29652400000001,34.976245,0 -76.296188,34.98669,0 -76.293851,34.991948,0 -76.29093,34.994285,0 -76.288709,34.997201,0 -76.288354,35.005726,0 -76.293682,35.009633,0 -76.318546,35.020645,0 -76.35229,35.033077,0 -76.364367,35.034853,0 -76.364367,35.031301,0 -76.360815,35.025973,0 -76.350159,35.016737,0 -76.32955699999999,34.986901,0 -76.32636100000001,34.976245,0 -76.332044,34.970917,0 -76.395625,34.975179,0 -76.398466,34.9766,0 -76.40628100000001,34.987256,0 -76.425461,35.001464,0 -76.431855,35.030945,0 -76.432565,35.049061,0 -76.435762,35.057941,0 -76.46346800000001,35.076411,0 -76.468796,35.075345,0 -76.474521,35.070116,0 -76.480141,35.05213,0 -76.490258,35.034144,0 -76.491382,35.017283,0 -76.495879,35.011662,0 -76.502623,35.007166,0 -76.53971900000001,35.000421,0 -76.566697,34.998173,0 -76.588055,34.991428,0 -76.63507199999999,34.989116,0 -76.6837426596136,34.9629487494884,0 -76.76293099999999,34.920374,0 -76.84779282931591,34.9444929808209,0 -76.8876942758194,34.9558335591551,0 -76.89354,34.957495,0 -76.9107481268948,34.9672274080266,0 -76.97740400000001,35.004926,0 -76.979742343929,35.0125903408013,0 -76.9799531359936,35.0132812495256,0 -76.989778,35.045484,0 -76.9854243373868,35.0550621844194,0 -76.982904,35.060607,0 -76.9584652603945,35.0476471072188,0 -76.8690006107836,35.000203896751,0 -76.8057361570015,34.9666546814022,0 -76.80142600000001,34.964369,0 -76.6978309245758,35.019887096705,0 -76.639764,35.051006,0 -76.631895,35.056626,0 -76.622902,35.061123,0 -76.61391,35.061123,0 -76.60042,35.067867,0 -76.57568999999999,35.092598,0 -76.568945,35.097094,0 -76.561077,35.108335,0 -76.557704,35.116204,0 -76.546463,35.122948,0 -76.53634599999999,35.142058,0 -76.53634599999999,35.149927,0 -76.53971900000001,35.166788,0 -76.53807160071629,35.1706312804515,0 -76.53634599999999,35.174657,0 -76.521733,35.192643,0 -76.516828,35.211202,0 -76.49618599999999,35.221552,0 -76.49755,35.242886,0 -76.483681,35.24881,0 -76.468163,35.263494,0 -76.47098699999999,35.2804,0 -76.484064,35.313102,0 -76.48991700000001,35.315106,0 -76.539078,35.325137,0 -76.59772599999999,35.330934,0 -76.6084971947861,35.3365291361446,0 -76.618005,35.341468,0 -76.664027,35.345696,0 -76.8199506116309,35.4058683892825,0 -76.891938,35.433649,0 -76.966661,35.43781,0 -76.991527,35.467061,0 -77.028961,35.48892,0 -77.0286761994692,35.4955658119918,0 -77.02794299999999,35.512675,0 -77.02253859040781,35.5136846514877,0 -77.01167599999999,35.515714,0 -76.97672300000001,35.488003,0 -76.9565532077373,35.4805709110652,0 -76.909948,35.463398,0 -76.83089699999999,35.447949,0 -76.8238962211944,35.4451117810885,0 -76.75923400000001,35.418906,0 -76.710083,35.427155,0 -76.606041,35.387113,0 -76.580187,35.387113,0 -76.601472,35.460838,0 -76.634468,35.510332,0 -76.6303558801617,35.5137380006912,0 -76.61479979640301,35.5266228469796,0 -76.600441,35.538516,0 -76.55679000000001,35.528892,0 -76.48358,35.538172,0 -76.47120700000001,35.55742,0 -76.467763270642,35.5558183629495,0 -76.45642700000001,35.550546,0 -76.47670599999999,35.511707,0 -76.586349,35.508957,0 -76.54029199999999,35.410657,0 -76.499251,35.381492,0 -76.48576199999999,35.371375,0 -76.472273,35.371375,0 -76.46215599999999,35.380368,0 -76.455411,35.383741,0 -76.448666,35.383741,0 -76.436301,35.37812,0 -76.431805,35.362383,0 -76.420564,35.35901,0 -76.409323,35.35339,0 -76.408199,35.350017,0 -76.39920600000001,35.348893,0 -76.38796499999999,35.356762,0 -76.382344,35.356762,0 -76.374475,35.355638,0 -76.365483,35.348893,0 -76.349745,35.345521,0 -76.34075199999999,35.346645,0 -76.335132,35.355638,0 -76.327263,35.356762,0 -76.30478100000001,35.355638,0 -76.28229899999999,35.345521,0 -76.26543700000001,35.343273,0 -76.257569,35.344397,0 -76.253072,35.350017,0 -76.24651126817589,35.350017,0 -76.23508699999999,35.350017,0 -76.20586,35.336528,0 -76.182254,35.336528,0 -76.168764,35.332032,0 -76.165392,35.328659,0 -76.149655,35.326411,0 -76.14291,35.32866,0 -76.14291,35.338776,0 -76.13279300000001,35.349455,0 -76.123238,35.351142,0 -76.092887,35.361259,0 -76.069281,35.370813,0 -76.059726,35.383741,0 -76.06085,35.392733,0 -76.063661,35.398354,0 -76.063661,35.405099,0 -76.059726,35.410157,0 -76.05017100000001,35.415778,0 -76.037244,35.414091,0 -76.025441,35.408471,0 -76.020945,35.410719,0 -76.014762,35.416902,0 -76.01139000000001,35.423084,0 -76.012514,35.432639,0 -76.009704,35.442194,0 -75.997901,35.453435,0 -75.994528,35.463552,0 -75.99565200000001,35.475355,0 -75.987222,35.484348,0 -75.963053,35.493903,0 -75.961929,35.496713,0 -75.96474000000001,35.504582,0 -75.964178,35.511326,0 -75.958001,35.527506,0 -75.944626,35.536632,0 -75.919023,35.541294,0 -75.910293,35.55199,0 -75.895045,35.573152,0 -75.871341,35.585079,0 -75.87056687715859,35.5848296069972,0 -75.851767,35.578773,0 -75.837154,35.570904,0 -75.788129,35.576427,0 -75.780068,35.583273,0 -75.78108400000001,35.597743,0 -75.73738400000001,35.624736,0 -75.74122300000001,35.647231,0 -75.768146,35.661761,0 -75.763109,35.682534,0 -75.730969,35.682262,0 -75.71914,35.694264,0 -75.718964,35.707474,0 -75.738939,35.751052,0 -75.740533,35.773674,0 -75.733502,35.808815,0 -75.733619,35.826101,0 -75.748801,35.846743,0 -75.75852399999999,35.886514,0 -75.778813,35.918241,0 -75.782498,35.928244,0 -75.800926,35.944566,0 -75.807703,35.957283,0 -75.84989,35.976156,0 -75.86042,35.978262,0 -75.879374,35.978789,0 -75.899382,35.977209,0 -75.938343,35.9651,0 -75.947293,35.959835,0 -75.94676699999999,35.955623,0 -75.943608,35.952464,0 -75.937816,35.950884,0 -75.92676,35.940354,0 -75.927286,35.93193,0 -75.929919,35.928771,0 -75.93413099999999,35.928244,0 -75.94781999999999,35.920347,0 -75.96256200000001,35.901393,0 -75.966247,35.899287,0 -75.97783,35.897181,0 -75.987148,35.836967,0 -75.98690000000001,35.768194,0 -76.01302099999999,35.670065,0 -76.0140011247868,35.6688648970815,0 -76.02986300000001,35.649443,0 -76.04015,35.65131,0 -76.046361,35.659067,0 -76.04444539464831,35.6650776730122,0 -76.036393,35.690344,0 -76.046813,35.717935,0 -76.05048499999999,35.806689,0 -76.063203,35.853433,0 -76.037116,35.88991,0 -76.014353,35.920746,0 -76.01994999999999,35.934036,0 -76.01415900000001,35.957202,0 -76.014685,35.960361,0 -76.024162,35.970891,0 -76.062071,35.993004,0 -76.08313099999999,35.989845,0 -76.09369700000001,35.993001,0 -76.176585,35.993267,0 -76.213966,35.988002,0 -76.272408,35.972734,0 -76.31768700000001,35.946935,0 -76.340327,35.94325,0 -76.362966,35.942197,0 -76.3652100846932,35.9446974227809,0 -76.381394,35.96273,0 -76.38191999999999,35.971681,0 -76.38981800000001,35.980105,0 -76.398242,35.984317,0 -76.460632,35.970365,0 -76.473795,35.960888,0 -76.496961,35.955096,0 -76.507491,35.949831,0 -76.52855099999999,35.944039,0 -76.586992,35.941933,0 -76.60384000000001,35.939827,0 -76.608052,35.936668,0 -76.657017,35.935089,0 -76.667547,35.933509,0 -76.67386500000001,35.935089,0 -76.691766,35.944566,0 -76.6919133712548,35.9447535472236,0 -76.697558,35.951937,0 -76.70019000000001,35.964573,0 -76.695452,35.973524,0 -76.684922,35.983001,0 -76.67965700000001,35.991951,0 -76.683869,36.000375,0 -76.6932013388403,36.0161670145837,0 -76.72299599999999,36.066585,0 -76.7521,36.147328,0 -76.74443599999999,36.212725,0 -76.7201982142909,36.2438051311307,0 -76.693253,36.278357,0 -76.6916399439569,36.2773165965322,0 -76.675462,36.266882,0 -76.719401,36.199441,0 -76.721445,36.147838,0 -76.70154516627029,36.1017073518758,0 -76.6812545552483,36.0546708263453,0 -76.676484,36.043612,0 -76.65333200000001,36.035124,0 -76.631745,36.038283,0 -76.61542300000001,36.037757,0 -76.6144351363712,36.0373528313272,0 -76.60384000000001,36.033018,0 -76.589625,36.015644,0 -76.580674,36.00722,0 -76.575936,36.006167,0 -76.5633,36.009852,0 -76.547505,36.009852,0 -76.514335,36.00564,0 -76.49195899999999,36.018013,0 -76.459316,36.024331,0 -76.458789,36.028016,0 -76.451418,36.039073,0 -76.442994,36.042758,0 -76.42088099999999,36.06066,0 -76.41298399999999,36.072243,0 -76.4118596935414,36.0753345758316,0 -76.410878,36.078034,0 -76.355069,36.086458,0 -76.33716800000001,36.086458,0 -76.331902,36.083826,0 -76.32347799999999,36.084879,0 -76.30399800000001,36.092776,0 -76.298733,36.1012,0 -76.334965,36.110903,0 -76.346418,36.121023,0 -76.37589199999999,36.12042,0 -76.45606100000001,36.183577,0 -76.45469754200489,36.1888122813364,0 -76.454414,36.189901,0 -76.447812,36.192514,0 -76.3940764762666,36.1635616021687,0 -76.3935,36.163251,0 -76.373571,36.138208,0 -76.329921,36.133396,0 -76.26503700000001,36.104886,0 -76.23871200000001,36.098568,0 -76.216599,36.095409,0 -76.191715,36.107197,0 -76.228527,36.130647,0 -76.247401,36.161823,0 -76.263582,36.171817,0 -76.27699,36.184952,0 -76.274051,36.188949,0 -76.2733160918186,36.1890617966418,0 -76.26874100000001,36.189764,0 -76.254064,36.18419,0 -76.247877,36.175148,0 -76.236932,36.170389,0 -76.228183,36.158487,0 -76.206873,36.137521,0 -76.178946,36.123424,0 -76.092555,36.135794,0 -76.07167200000001,36.140183,0 -76.064224,36.143775,0 -76.05927,36.149285,0 -76.05992000000001,36.15514,0 -76.06545,36.165224,0 -76.080106,36.19944,0 -76.11585100000001,36.214219,0 -76.11930651317989,36.2193232146964,0 -76.149486,36.263902,0 -76.171378,36.265806,0 -76.188717,36.281242,0 -76.18595055015651,36.2929031200873,0 -76.184702,36.298166,0 -76.161384,36.291028,0 -76.13200500000001,36.287773,0 -76.08148,36.237935,0 -76.05430800000001,36.229162,0 -76.04383799999999,36.210126,0 -76.02908600000001,36.202036,0 -76.018936,36.188318,0 -76.01698399999999,36.186367,0 -75.99519100000001,36.178072,0 -75.939047,36.165518,0 -75.924654,36.163591,0 -75.920028,36.164853,0 -75.904999,36.164188,0 -75.917188,36.172631,0 -75.936436,36.18088,0 -75.95602700000001,36.198065,0 -75.94537200000001,36.222468,0 -75.957058,36.247903,0 -75.96462,36.254433,0 -75.959381720968,36.2556511302458,0 -75.94983999999999,36.25787,0 -75.922344,36.244122,0 -75.910658,36.212157,0 -75.882987,36.186807,0 -75.86391399999999,36.159226,0 -75.86632299999999,36.14141,0 -75.86779199999999,36.127262,0 -75.847785,36.10199,0 -75.836084,36.092616,0 -75.799779,36.07264,0 -75.79397400000001,36.07171,0 -75.79216194156621,36.079895665762,0 -75.79163699999999,36.082267,0 -75.80037799999999,36.112728,0 -75.813444,36.136871,0 -75.822531,36.145957,0 -75.823915,36.158332,0 -75.839924,36.17711,0 -75.8411485685465,36.1928671216208,0 -75.841222,36.193812,0 -75.83836700000001,36.200129,0 -75.848838,36.21657,0 -75.85870300000001,36.222628,0 -75.864154,36.235522,0 -75.867356,36.252483,0 -75.861818,36.266415,0 -75.86051999999999,36.280607,0 -75.86493299999999,36.284674,0 -75.872721,36.28277,0 -75.882154,36.284674,0 -75.888211,36.293414,0 -75.895285,36.319615,0 -75.91533099999999,36.352335,0 -75.91775800000001,36.353593,0 -75.923331,36.361863,0 -75.923511,36.367796,0 -75.916949,36.383167,0 -75.916409,36.38901,0 -75.92360100000001,36.425788,0 -75.928369,36.428588,0 -75.932694,36.427627,0 -75.936446,36.423079,0 -75.940676,36.41885,0 -75.9530784017492,36.4179259467436,0 -75.96228499999999,36.41724,0 -75.98005000000001,36.435464,0 -75.989869,36.436808,0 -76.003912,36.441864,0 -76.012337,36.447462,0 -76.020216,36.45862,0 -76.031949,36.482496,0 -76.0403110501924,36.5046242536863,0 -76.042556,36.510565,0 -76.026394,36.516486,0 -76.022475,36.52709,0 -76.0186715034244,36.5272417517954,0 -75.996208,36.528138,0 -75.986226,36.525655,0 -75.98054,36.51278,0 -75.989791,36.493943,0 -75.97529299999999,36.485535,0 -75.972545,36.494671,0 -75.960069,36.495025,0 -75.935473,36.490601,0 -75.927333,36.482815,0 -75.924127,36.482124,0 -75.917283,36.485809,0 -75.913071,36.486336,0 -75.907279,36.485809,0 -75.9014968456195,36.482918315033,0 -75.899908,36.482124,0 -75.89148400000001,36.460537,0 -75.88832499999999,36.441583,0 -75.88042799999999,36.435792,0 -75.86410600000001,36.430527,0 -75.85147000000001,36.415785,0 -75.85252300000001,36.384721,0 -75.85147000000001,36.379456,0 -75.847258,36.372085,0 -75.843046,36.371032,0 -75.836201,36.363135,0 -75.83159499999999,36.346418,0 -75.831858,36.339047,0 -75.841335,36.328517,0 -75.84528400000001,36.305614,0 -75.837913,36.294558,0 -75.83396399999999,36.292188,0 -75.822907,36.291662,0 -75.814483,36.285344,0 -75.808165,36.259545,0 -75.811851,36.247699,0 -75.811588,36.244014,0 -75.80369,36.235853,0 -75.798528,36.2308,0 -75.7943606364923,36.2273274620753,0 -75.79328599999999,36.226432,0 -75.786221,36.210384,0 -75.77684000000001,36.189393,0 -75.75893000000001,36.152215,0 -75.755518,36.140163,0 -75.754239,36.129831,0 -75.75024999999999,36.121076,0 -75.74372165797099,36.092677402186,0 -75.73972000000001,36.07527,0 -75.739457,36.066846,0 -75.741563,36.055526,0 -75.74051,36.046839,0 -75.737088,36.040784,0 -75.726821,36.040521,0 -75.7254514879837,36.0394938659878,0 -75.72260900000001,36.037362,0 -75.722082,36.03236,0 -75.726558,36.02104,0 -75.727084,36.01051,0 -75.723662,36.003139,0 -75.6847564525475,35.995128906504,0 -75.678909,35.993925,0 -75.671801,35.985238,0 -75.6712331397849,35.9841022795699,0 -75.668379,35.978394,0 -75.66707,35.971381,0 -75.660224,35.969611,0 -75.647205,35.954325,0 -75.636545,35.936028,0 -75.629722,35.924634,0 -75.62332499999999,35.909093,0 -75.62290900000001,35.892321,0 -75.60124999999999,35.867302,0 -75.58887799999999,35.844926,0 -75.575991,35.823089,0 -75.56933600000001,35.81484,0 -75.563061,35.799265,0 -75.55201700000001,35.79503,0 -75.548329,35.785348,0 -75.54325900000001,35.779691,0 -75.536428,35.780118,0 -75.533012,35.787377,0 -75.53873900000001,35.797396,0 -75.552299,35.822173,0 -75.569794,35.863301,0 -75.64411723422209,35.9948982580382,0 -75.658537,36.02043,0 -75.6667145327071,36.032644821594,0 -75.68397746331991,36.0584305475795,0 -75.696742,36.077497,0 -75.7105808902753,36.1007096081922,0 -75.71831,36.113674,0 -75.73843100000001,36.154282,0 -75.759637,36.204705,0 -75.77251,36.22944,0 -75.773329478967,36.23152850558,0 -75.79640999999999,36.290351,0 -75.8023147228633,36.3081320843742,0 -75.8167892646255,36.3517197436616,0 -75.818735,36.357579,0 -75.835712,36.420606,0 -75.857972,36.50017,0 -75.8683,36.550394,0 -75.874145,36.583853,0 -75.890946,36.630753,0 -75.9200911371676,36.6887537343062,0 -75.92174799999999,36.692051,0 -75.9493946111252,36.760763796998,0 -75.94955,36.76115,0 -75.965451,36.812449,0 -75.96683527439509,36.8186098474906,0 -75.972151,36.842268,0 -75.9730919562015,36.8455941087234,0 -75.97703339595149,36.8595263800813,0 -75.9820262160534,36.8771750894145,0 -75.9853442838543,36.8889038545148,0 -75.991552,36.910847,0 -75.9932880598317,36.9149839936415,0 -75.996252,36.922047,0 -76.007553,36.929047,0 -76.01375299999999,36.930746,0 -76.03345400000001,36.931946,0 -76.043054,36.927547,0 -76.0579536334571,36.9170876546593,0 -76.058154,36.916947,0 -76.06945781834941,36.9137987267105,0 -76.0778530752029,36.9114605289358,0 -76.08795499999999,36.908647,0 -76.09160752323361,36.9087292095789,0 -76.095508,36.908817,0 -76.1201507311726,36.9167778178298,0 -76.12952042841179,36.9198046922586,0 -76.1366415575978,36.9221051682811,0 -76.139557,36.923047,0 -76.17701923197799,36.9292904575734,0 -76.1800286059524,36.929792,0 -76.189959,36.931447,0 -76.19901283102659,36.9337603664968,0 -76.2147675024174,36.9377858810946,0 -76.22166,36.939547,0 -76.22802937483701,36.9422286404095,0 -76.234961,36.945147,0 -76.2424102992473,36.9495261523105,0 -76.2592206202597,36.9594082839925,0 -76.267962,36.964547,0 -76.28506299999999,36.968747,0 -76.297663,36.968147,0 -76.299364,36.965547,0 -76.3130943017262,36.9570640480276,0 -76.315867,36.955351,0 -76.32276400000001,36.959147,0 -76.327365,36.959447,0 -76.330765,36.938647,0 -76.32827899999999,36.915029,0 -76.326021,36.903722,0 -76.32114548488229,36.9032149201712,0 -76.31873628511821,36.9029643504213,0 -76.314137,36.902486,0 -76.31473099999999,36.896024,0 -76.3174106463965,36.8872998507492,0 -76.3179906688127,36.8854114664707,0 -76.31805900000001,36.885189,0 -76.3304922262524,36.8891435854775,0 -76.349433,36.895168,0 -76.353765,36.922747,0 -76.385867,36.923247,0 -76.387567,36.899547,0 -76.395685184874,36.8986908042733,0 -76.4069080052877,36.8975071738154,0 -76.407507,36.897444,0 -76.4232445599545,36.9021480789844,0 -76.43122,36.904532,0 -76.441605,36.906116,0 -76.447413,36.90322,0 -76.453941,36.89274,0 -76.45329,36.887031,0 -76.45469199999999,36.884077,0 -76.45535201786571,36.8840258791838,0 -76.469914,36.882898,0 -76.4786792132429,36.891588948337,0 -76.483369,36.896239,0 -76.482135,36.901108,0 -76.48240699999999,36.917364,0 -76.4841070658135,36.928916,0 -76.487559,36.952372,0 -76.500355,36.965212,0 -76.5116455791115,36.9676813801947,0 -76.513363,36.968057,0 -76.521006,36.973187,0 -76.524142,36.978316,0 -76.522971,36.981085,0 -76.52485299999999,36.983833,0 -76.55124600000001,36.998946,0 -76.562923,37.003796,0 -76.56580271134639,37.0074926283658,0 -76.57753099999999,37.022548,0 -76.586491,37.02874,0 -76.61212399999999,37.035604,0 -76.646013,37.036228,0 -76.653998,37.039172,0 -76.662558,37.045748,0 -76.66835,37.05506,0 -76.669822,37.06426,0 -76.667646,37.076228,0 -76.65810999999999,37.096787,0 -76.65689399999999,37.109843,0 -76.66654200000001,37.138179,0 -76.671588,37.14206,0 -76.67147,37.158739,0 -76.66867000000001,37.166771,0 -76.66427,37.171027,0 -76.663774,37.173875,0 -76.66988600000001,37.183571,0 -76.685614,37.198851,0 -76.691918,37.195731,0 -76.692926,37.186147,0 -76.696735,37.174403,0 -76.715295,37.148035,0 -76.73032000000001,37.145395,0 -76.73728,37.146164,0 -76.747632,37.150548,0 -76.756899,37.161582,0 -76.796905,37.189404,0 -76.802511,37.198308,0 -76.836201,37.20598,0 -76.86570399999999,37.209024,0 -76.890927,37.199506,0 -76.908455,37.202667,0 -76.928302,37.216864,0 -76.948386,37.230869,0 -76.9431873557451,37.2342444451873,0 -76.936145,37.238817,0 -76.907624,37.242601,0 -76.8753156074675,37.2609825276334,0 -76.872209,37.26275,0 -76.858424,37.241385,0 -76.82217799999999,37.243642,0 -76.793537,37.231248,0 -76.7885770855513,37.2228910876279,0 -76.78053199999999,37.209336,0 -76.773752,37.206061,0 -76.75776500000001,37.191658,0 -76.75047000000001,37.190098,0 -76.74303999999999,37.192611,0 -76.73999999999999,37.195379,0 -76.73432,37.204211,0 -76.7326381417154,37.2090044708367,0 -76.730951,37.213813,0 -76.698943,37.219059,0 -76.69337231863329,37.2212281299952,0 -76.689166,37.222866,0 -76.649869,37.220914,0 -76.641085,37.216002,0 -76.629868,37.206738,0 -76.62329200000001,37.198738,0 -76.61933999999999,37.192146,0 -76.61626800000001,37.178962,0 -76.61101757959899,37.1670970016316,0 -76.610972,37.166994,0 -76.606684,37.166674,0 -76.60447600000001,37.160034,0 -76.61708400000001,37.144498,0 -76.622252,37.142146,0 -76.62478,37.127091,0 -76.618252,37.119347,0 -76.579499,37.096627,0 -76.567931,37.080467,0 -76.56421899999999,37.077507,0 -76.555066,37.075859,0 -76.5423663977523,37.081501948984,0 -76.53687499999999,37.083942,0 -76.5289974281673,37.0793883323992,0 -76.526203,37.077773,0 -76.526573,37.070047,0 -76.527973,37.068247,0 -76.526273,37.062947,0 -76.518242,37.055351,0 -76.512289,37.054858,0 -76.4888377919778,37.041463965488,0 -76.464471,37.027547,0 -76.4577026098777,37.0192773942853,0 -76.44823100000001,37.007705,0 -76.44989099999999,37.004868,0 -76.452461,37.004603,0 -76.452118,36.998163,0 -76.4379538827198,36.9809728097476,0 -76.42886900000001,36.969947,0 -76.418969,36.964047,0 -76.411768,36.962847,0 -76.408568,36.969147,0 -76.4056600583655,36.9722932975062,0 -76.396368,36.982347,0 -76.3944412989288,36.9839771601249,0 -76.38771130440919,36.989671332859,0 -76.38336700000001,36.993347,0 -76.37356699999999,36.998347,0 -76.35636599999999,37.002947,0 -76.348066,37.006747,0 -76.340666,37.015246,0 -76.3401099401393,37.015211555338,0 -76.32953082049561,37.0145562406395,0 -76.3214673740768,37.0140567572102,0 -76.318065,37.013846,0 -76.3176874292411,37.0133504726687,0 -76.31462399999999,37.00933,0 -76.31500800000001,37.001683,0 -76.312048,37.000371,0 -76.304272,37.001378,0 -76.300352,37.00885,0 -76.2929497505441,37.0348404058541,0 -76.292863,37.035145,0 -76.2921500326614,37.0368488177862,0 -76.2811893588552,37.0630421508754,0 -76.27132899999999,37.086606,0 -76.278738,37.100671,0 -76.2939248459267,37.1135313838259,0 -76.294196,37.113761,0 -76.29854899999999,37.12983,0 -76.311088,37.138495,0 -76.324353,37.142895,0 -76.33048100000001,37.141727,0 -76.334017,37.144223,0 -76.340129,37.151823,0 -76.34405,37.160367,0 -76.344898,37.164479,0 -76.343234,37.166207,0 -76.348658,37.170655,0 -76.35969,37.16858,0 -76.375255,37.16084,0 -76.37671414007799,37.1596179344448,0 -76.37763197780571,37.1588492228665,0 -76.3784810113786,37.1581381364531,0 -76.381379,37.155711,0 -76.394756,37.157568,0 -76.40217771164799,37.1619499944324,0 -76.402237,37.161985,0 -76.3963502229975,37.1715785440963,0 -76.39125199999999,37.179887,0 -76.389284,37.193503,0 -76.396052,37.201087,0 -76.39519773350059,37.2056029063482,0 -76.3944186550664,37.20972134626,0 -76.39425383255789,37.2105926469759,0 -76.39360000000001,37.214049,0 -76.389793,37.222981,0 -76.394132,37.22515,0 -76.469360607044,37.2163027663391,0 -76.471799,37.216016,0 -76.49400799999999,37.225408,0 -76.50364,37.233856,0 -76.4988999709057,37.2410151037221,0 -76.493302,37.24947,0 -76.48284,37.254831,0 -76.48151430092641,37.2540086945425,0 -76.475927,37.250543,0 -76.429141,37.25331,0 -76.42176499999999,37.255198,0 -76.41717300000001,37.26395,0 -76.392788,37.264973,0 -76.36229,37.270226,0 -76.34948900000001,37.273963,0 -76.35255600000001,37.278334,0 -76.369029,37.279311,0 -76.381075,37.28534,0 -76.385603,37.294108,0 -76.38777,37.30767,0 -76.3966376771824,37.3196983768162,0 -76.40638800000001,37.332924,0 -76.43496500000001,37.354524,0 -76.44533300000001,37.36646,0 -76.4434723901015,37.3696269448707,0 -76.43752499999999,37.37975,0 -76.42250300000001,37.381355,0 -76.418176,37.385064,0 -76.418719,37.3978,0 -76.415167,37.402133,0 -76.4047560317518,37.4002130024531,0 -76.393125,37.398068,0 -76.393958,37.39594,0 -76.391437,37.390284,0 -76.387112,37.385061,0 -76.36675099999999,37.374495,0 -76.337476,37.364014,0 -76.31205,37.338088,0 -76.308581,37.329366,0 -76.291324,37.324145,0 -76.282555,37.319107,0 -76.275552,37.309964,0 -76.27200499999999,37.322194,0 -76.27288799999999,37.335174,0 -76.264847,37.357399,0 -76.262407,37.360786,0 -76.25827700000001,37.36202,0 -76.25285500154401,37.369263507156,0 -76.24845999999999,37.375135,0 -76.245283,37.386839,0 -76.246617,37.404122,0 -76.2481263525395,37.4111097869458,0 -76.250454,37.421886,0 -76.2516851452452,37.437824967611,0 -76.252415,37.447274,0 -76.265056,37.481365,0 -76.281043,37.507821,0 -76.288167,37.514118,0 -76.293599,37.516499,0 -76.297651,37.515424,0 -76.298456,37.512677,0 -76.29644500000001,37.511235,0 -76.29773900000001,37.506863,0 -76.306952,37.497488,0 -76.317006121589,37.4963414068638,0 -76.32947,37.49492,0 -76.352678,37.504913,0 -76.35937800000001,37.513426,0 -76.360474,37.51924,0 -76.3550844814706,37.5273641758149,0 -76.348992,37.536548,0 -76.339989,37.53833,0 -76.33059799999999,37.536391,0 -76.302762,37.551295,0 -76.29796,37.557636,0 -76.300144,37.561734,0 -76.332641,37.570042,0 -76.35783499999999,37.573699,0 -76.383188,37.573056,0 -76.40887074301131,37.581208616462,0 -76.410781,37.581815,0 -76.420252,37.598686,0 -76.435474,37.612807,0 -76.5064619182684,37.6116521711401,0 -76.527188,37.611315,0 -76.533777,37.61253,0 -76.542666,37.616857,0 -76.574049,37.646781,0 -76.58314300000001,37.661986,0 -76.58134798169669,37.6667979831881,0 -76.57959099999999,37.671508,0 -76.59786800000001,37.702918,0 -76.598073,37.70912,0 -76.59594300000001,37.712989,0 -76.597213,37.717269,0 -76.606466,37.724819,0 -76.61997,37.731271,0 -76.621433,37.737973,0 -76.617373,37.742347,0 -76.61971,37.744795,0 -76.639962,37.750941,0 -76.663887,37.751887,0 -76.677002,37.7561,0 -76.680922,37.759647,0 -76.68337200000001,37.765507,0 -76.6833585929492,37.7702577191032,0 -76.68334299999999,37.775783,0 -76.681901,37.778118,0 -76.683775,37.781391,0 -76.689773,37.78519,0 -76.715498,37.785873,0 -76.72386299999999,37.788503,0 -76.734309,37.79866,0 -76.7512,37.824141,0 -76.766328,37.840437,0 -76.782826,37.863184,0 -76.78461799999999,37.869569,0 -76.806325,37.896597,0 -76.8208531512486,37.9045859339547,0 -76.84618,37.918513,0 -76.8877501704098,37.9515438071312,0 -76.888206,37.951906,0 -76.904962,37.972519,0 -76.927423,37.981793,0 -76.918272,37.999026,0 -76.9064359784404,37.9987793062827,0 -76.900328,37.998652,0 -76.868003,37.983666,0 -76.851603,37.973175,0 -76.846255,37.94872,0 -76.836629,37.934193,0 -76.820705,37.933162,0 -76.79848200000001,37.925194,0 -76.768772,37.899129,0 -76.765711,37.879274,0 -76.747552,37.875864,0 -76.738395,37.865373,0 -76.733046,37.852009,0 -76.72718,37.842263,0 -76.722156,37.83668,0 -76.701606,37.822677,0 -76.692747,37.82277,0 -76.68019700000001,37.825654,0 -76.65830200000001,37.806815,0 -76.65141300000001,37.796239,0 -76.64227567270819,37.7923167043293,0 -76.615351,37.780759,0 -76.602024,37.772731,0 -76.595939,37.77168,0 -76.593835,37.772848,0 -76.584289,37.76889,0 -76.576387,37.757493,0 -76.56047599999999,37.727827,0 -76.54004999999999,37.704432,0 -76.537228,37.698892,0 -76.535302,37.687516,0 -76.53769800000001,37.66893,0 -76.536548,37.663574,0 -76.510187,37.642324,0 -76.50152199999999,37.643762,0 -76.497564,37.647056,0 -76.491799,37.663614,0 -76.489576,37.666201,0 -76.4770740824448,37.6658888885806,0 -76.472392,37.665772,0 -76.443254,37.652347,0 -76.4401533737628,37.6506767980665,0 -76.399236,37.628636,0 -76.39005400000001,37.630326,0 -76.381106,37.627003,0 -76.36232,37.610368,0 -76.309174,37.621892,0 -76.28037,37.613715,0 -76.279447,37.618225,0 -76.287959,37.631771,0 -76.292534,37.636098,0 -76.30646400000001,37.642005,0 -76.332562,37.645817,0 -76.33989200000001,37.655966,0 -76.33267767535951,37.6660112621576,0 -76.326857,37.674116,0 -76.326329,37.682649,0 -76.3260935925906,37.6827885096607,0 -76.321471,37.685528,0 -76.312079,37.684651,0 -76.30254499999999,37.689,0 -76.300067,37.695364,0 -76.302803,37.704474,0 -76.31285800000001,37.720338,0 -76.304917,37.729913,0 -76.31210799999999,37.750522,0 -76.306489,37.788646,0 -76.31030699999999,37.794849,0 -76.30748199999999,37.81235,0 -76.293525,37.822717,0 -76.284904,37.822308,0 -76.2830715727555,37.8196463036943,0 -76.28198500000001,37.818068,0 -76.28259199999999,37.814109,0 -76.28054400000001,37.812597,0 -76.275178,37.812664,0 -76.266057,37.8174,0 -76.251358,37.833072,0 -76.24507199999999,37.861918,0 -76.236728,37.889164,0 -76.23672500000001,37.889174,0 -76.265998,37.91138,0 -76.3136966648586,37.9334157415753,0 -76.34384799999999,37.947345,0 -76.36021100000001,37.952329,0 -76.39143900000001,37.958742,0 -76.412932,37.966324,0 -76.427487,37.977038,0 -76.43379802118911,37.982146971776,0 -76.451596,37.996555,0 -76.466088,38.013298,0 -76.491998,38.017222,0 -76.516547,38.026566,0 -76.5174406959996,38.0347548140709,0 -76.518475,38.044232,0 -76.53052599999999,38.058502,0 -76.543155,38.076971,0 -76.579497,38.09487,0 -76.5958637774829,38.106483999656,0 -76.600937,38.110084,0 -76.604131,38.128771,0 -76.613939,38.148587,0 -76.62855399999999,38.152304,0 -76.63573,38.151907,0 -76.67378100000001,38.156986,0 -76.712951,38.161394,0 -76.7267773121697,38.1623548223724,0 -76.751833,38.164096,0 -76.767465,38.167916,0 -76.788445,38.169199,0 -76.80296800000001,38.167988,0 -76.824274,38.163639,0 -76.838795,38.163476,0 -76.875272,38.172207,0 -76.90192614027541,38.1908454097887,0 -76.910832,38.197073,0 -76.916922,38.199751,0 -76.937134,38.202384,0 -76.949101,38.208542,0 -76.953123255473,38.2150723320551,0 -76.96224935684241,38.2298890120771,0 -76.96237499999999,38.230093,0 -76.95741700000001,38.236341,0 -76.957796,38.243183,0 -76.96214999999999,38.256486,0 -76.98137199999999,38.274214,0 -76.990255,38.273935,0 -76.99767,38.278047,0 -77.026304,38.302685,0 -77.029608,38.313012,0 -77.018542,38.329199,0 -77.016932,38.341697,0 -77.011827,38.374554,0 -77.024866,38.386791,0 -77.043526,38.400548,0 -77.05143700000001,38.399083,0 -77.056032,38.3962,0 -77.069956,38.377895,0 -77.08481,38.368297,0 -77.09466500000001,38.367715,0 -77.10471699999999,38.369655,0 -77.13822399999999,38.367917,0 -77.155191,38.351047,0 -77.16269200000001,38.345994,0 -77.17934,38.341915,0 -77.199433,38.34089,0 -77.240072,38.331598,0 -77.26529499999999,38.333165,0 -77.26752797348109,38.3341428797941,0 -77.279633,38.339444,0 -77.284121,38.343411,0 -77.2870333378232,38.3488341875994,0 -77.28834999999999,38.351286,0 -77.288591,38.357842,0 -77.297629,38.370026,0 -77.305649,38.375261,0 -77.3095720696198,38.3909805578581,0 -77.31097,38.396582,0 -77.319621,38.418221,0 -77.32337099999999,38.433327,0 -77.31918,38.473096,0 -77.31647017199759,38.4793004481674,0 -77.309498,38.495264,0 -77.30187096508,38.504510713288,0 -77.2997177341975,38.5071212046287,0 -77.283754,38.526475,0 -77.2825048116151,38.5291426489793,0 -77.276972,38.540958,0 -77.27710500000001,38.548541,0 -77.2585639794228,38.5612970272449,0 -77.25808000000001,38.56163,0 -77.25289656597759,38.5756955931922,0 -77.24636,38.593433,0 -77.2380171386603,38.5982688717432,0 -77.2272883208399,38.6044877437611,0 -77.203694,38.618164,0 -77.166459,38.627645,0 -77.1302,38.635017,0 -77.11427322223931,38.6345072477814,0 -77.10650056262971,38.6342584761503,0 -77.10614200000001,38.634247,0 -77.110539,38.62682,0 -77.12463,38.619778,0 -77.12908400000001,38.614364,0 -77.1301568211307,38.6138834866669,0 -77.148651,38.6056,0 -77.160762469877,38.6063317586462,0 -77.16967099999999,38.60687,0 -77.183767,38.600699,0 -77.22111700000001,38.555217,0 -77.237724,38.55187,0 -77.2488284866032,38.5349070652183,0 -77.263599,38.512344,0 -77.27422,38.48177,0 -77.259962,38.435821,0 -77.259962,38.427902,0 -77.26423800000001,38.414282,0 -77.25017200000001,38.382781,0 -77.216729,38.363159,0 -77.207312,38.359867,0 -77.18668,38.365636,0 -77.13672800000001,38.391799,0 -77.127737,38.400833,0 -77.12332499999999,38.410646,0 -77.1131779898723,38.4095021812903,0 -77.110586,38.40921,0 -77.106571,38.406237,0 -77.09107299999999,38.407546,0 -77.086393,38.414755,0 -77.075489,38.42471,0 -77.04418800000001,38.443016,0 -77.040638,38.444618,0 -77.0284583117764,38.4450968157813,0 -77.01637100000001,38.445572,0 -77.001638,38.421952,0 -76.99858500000001,38.409294,0 -76.99131591190201,38.3991934592454,0 -76.98828,38.394975,0 -76.983582,38.362999,0 -76.975492,38.347327,0 -76.953928,38.333282,0 -76.942132,38.329601,0 -76.929554,38.321088,0 -76.924553,38.3161,0 -76.923884,38.293596,0 -76.908506,38.28843,0 -76.88653499999999,38.277004,0 -76.86429200000001,38.268945,0 -76.84791800000001,38.255917,0 -76.840345,38.256339,0 -76.837412,38.260551,0 -76.83480299999999,38.274012,0 -76.840383,38.289184,0 -76.846715,38.300301,0 -76.857617,38.322545,0 -76.869889,38.331817,0 -76.869998,38.338443,0 -76.854747,38.357724,0 -76.84758074695181,38.357631715191,0 -76.83882800000001,38.357519,0 -76.832745,38.347682,0 -76.837789,38.33743,0 -76.83269199999999,38.330139,0 -76.825205,38.311399,0 -76.8202863778242,38.3001581984199,0 -76.818431,38.295918,0 -76.802347,38.280743,0 -76.807535,38.265888,0 -76.79947,38.237465,0 -76.77862500000001,38.22847,0 -76.752286,38.222121,0 -76.740055,38.235227,0 -76.7265450669927,38.2340881923526,0 -76.716376,38.233231,0 -76.673462,38.234401,0 -76.643929,38.22508,0 -76.632544,38.225657,0 -76.590637,38.214212,0 -76.5905683553604,38.2141676658285,0 -76.56629700000001,38.198492,0 -76.55295700000001,38.187209,0 -76.54733299999999,38.175673,0 -76.54533499999999,38.165373,0 -76.54038,38.152991,0 -76.52986799999999,38.134083,0 -76.522418,38.139391,0 -76.514824,38.141219,0 -76.508825,38.140713,0 -76.499842,38.137189,0 -76.481036,38.115873,0 -76.47622200000001,38.104709,0 -76.473266,38.103035,0 -76.46532999999999,38.10583,0 -76.466404,38.111392,0 -76.46973800000001,38.115534,0 -76.469798,38.119264,0 -76.46099,38.135413,0 -76.469666,38.153358,0 -76.4462449343177,38.1590466253099,0 -76.438886,38.160834,0 -76.43544,38.146629,0 -76.439841,38.138933,0 -76.429581,38.126165,0 -76.430425,38.119383,0 -76.42121400000001,38.106039,0 -76.41655,38.104459,0 -76.41316,38.106884,0 -76.405368,38.106974,0 -76.392335,38.102896,0 -76.37179,38.079565,0 -76.361237,38.059542,0 -76.35275,38.053182,0 -76.341404,38.053697,0 -76.332812,38.049938,0 -76.326994,38.045105,0 -76.322093,38.036503,0 -76.31947599999999,38.043315,0 -76.329308,38.07166,0 -76.330794,38.099331,0 -76.337402,38.11082,0 -76.33853499999999,38.119472,0 -76.32013600000001,38.138339,0 -76.329705,38.155184,0 -76.353516,38.178135,0 -76.36187700000001,38.192048,0 -76.385244,38.217751,0 -76.3879609896007,38.2257678179231,0 -76.39932,38.259284,0 -76.39903711127209,38.2639462238419,0 -76.39885200000001,38.266997,0 -76.394171,38.278233,0 -76.374481,38.296348,0 -76.375023,38.299419,0 -76.38149300000001,38.30313,0 -76.402894,38.311402,0 -76.40893800000001,38.304498,0 -76.423912,38.300675,0 -76.437579,38.292654,0 -76.45278999999999,38.293213,0 -76.463842,38.299276,0 -76.476321,38.313544,0 -76.4708534704272,38.3239507071787,0 -76.468239,38.328927,0 -76.45184,38.321096,0 -76.4512774353006,38.3211987121196,0 -76.43294400000001,38.324546,0 -76.41922099999999,38.322916,0 -76.40494,38.341089,0 -76.4020427086628,38.3443480893412,0 -76.387002,38.361267,0 -76.38689973683159,38.3640115688122,0 -76.386229,38.382013,0 -76.38834799999999,38.387781,0 -76.393378,38.389477,0 -76.40271,38.396003,0 -76.415384,38.414682,0 -76.436271,38.433429,0 -76.450937,38.442422,0 -76.456002,38.447891,0 -76.455799,38.451233,0 -76.492699,38.482849,0 -76.506023,38.50461,0 -76.51570599999999,38.528988,0 -76.5171404617825,38.5370855367625,0 -76.517506,38.539149,0 -76.515106,38.555763,0 -76.51634,38.590229,0 -76.511278,38.615745,0 -76.51555399999999,38.629361,0 -76.5242231323429,38.6452295474554,0 -76.52462,38.645956,0 -76.5266892940564,38.6545777038423,0 -76.532398,38.678363,0 -76.53248323550621,38.6914279474448,0 -76.532537,38.699669,0 -76.52923687797271,38.7135612681941,0 -76.52665500000001,38.72443,0 -76.52718,38.727062,0 -76.52986799999999,38.728435,0 -76.54447500000001,38.727705,0 -76.55274300000001,38.73535,0 -76.557535,38.744687,0 -76.559884,38.767361,0 -76.5568246887064,38.7687037012023,0 -76.53537900000001,38.778116,0 -76.526979,38.787016,0 -76.527479,38.791816,0 -76.52467900000001,38.795016,0 -76.51007799999999,38.801216,0 -76.50826892139931,38.8038488554636,0 -76.498878,38.817516,0 -76.489878,38.838715,0 -76.489878,38.842815,0 -76.496579,38.853115,0 -76.50928500000001,38.848388,0 -76.516944,38.851157,0 -76.5183446460111,38.857873148087,0 -76.519442,38.863135,0 -76.5149295553136,38.8665361990945,0 -76.49068,38.884814,0 -76.48938,38.887414,0 -76.49088,38.894514,0 -76.49278,38.895614,0 -76.49388,38.899614,0 -76.49368,38.910013,0 -76.49262400000001,38.910276,0 -76.4898419148159,38.9109674342642,0 -76.47576100000001,38.914469,0 -76.46948,38.911513,0 -76.46938,38.907613,0 -76.459479,38.907113,0 -76.45808,38.914313,0 -76.46187999999999,38.924013,0 -76.45028000000001,38.941113,0 -76.457781,38.948412,0 -76.462085522696,38.9485744348187,0 -76.463081,38.948612,0 -76.471281,38.956512,0 -76.47488199999999,38.967312,0 -76.4748631126724,38.9674593156329,0 -76.474198,38.972647,0 -76.4707463464091,38.9729751507849,0 -76.454581,38.974512,0 -76.450481,38.977612,0 -76.448981,38.982811,0 -76.4448273595189,38.9837719168277,0 -76.44450092176351,38.9838474360099,0 -76.4317949567826,38.9867868756697,0 -76.42218099999999,38.989011,0 -76.4020632660673,39.004975750959,0 -76.39408,39.011311,0 -76.39778,39.022611,0 -76.405081,39.033211,0 -76.42958724341371,39.0473853353121,0 -76.438928,39.052788,0 -76.4360308073551,39.0567044296611,0 -76.423081,39.07421,0 -76.42186,39.081442,0 -76.432981,39.113209,0 -76.432481,39.126709,0 -76.428681,39.131709,0 -76.437219216156,39.1358893639119,0 -76.452782,39.143509,0 -76.47148300000001,39.154709,0 -76.475983,39.161109,0 -76.48402299999999,39.164407,0 -76.49525623596691,39.1623328753208,0 -76.50092600000001,39.161286,0 -76.50838400000001,39.169408,0 -76.5147981230394,39.1725411559011,0 -76.525785,39.177908,0 -76.53418499999999,39.190608,0 -76.5342572352474,39.2069331659163,0 -76.534285,39.213208,0 -76.55534900000001,39.216972,0 -76.55946110415,39.2204060181307,0 -76.5645,39.224614,0 -76.559301,39.233349,0 -76.578523,39.248822,0 -76.5828489257829,39.2556216685724,0 -76.586485,39.261337,0 -76.57745300000001,39.264557,0 -76.57484527797401,39.2636400148909,0 -76.54530099999999,39.253251,0 -76.535943,39.24148,0 -76.5295087321405,39.2413137696621,0 -76.5213351835506,39.2411026047288,0 -76.520886,39.241091,0 -76.512567,39.22848,0 -76.50317800000001,39.232071,0 -76.496048,39.219182,0 -76.500984,39.209376,0 -76.498384,39.204808,0 -76.488883,39.202208,0 -76.48008299999999,39.205108,0 -76.463483,39.205908,0 -76.4502255528726,39.1992795920747,0 -76.442482,39.195408,0 -76.425281,39.205708,0 -76.417681,39.219808,0 -76.395509,39.231702,0 -76.3825287083835,39.2350772431055,0 -76.371477,39.237951,0 -76.349994,39.248822,0 -76.34382600000001,39.257256,0 -76.35660900000001,39.260856,0 -76.36589257873661,39.2658016418322,0 -76.384901,39.275928,0 -76.381621,39.284278,0 -76.380648944965,39.2939277696435,0 -76.380179,39.298593,0 -76.36439,39.31184,0 -76.33658200000001,39.305111,0 -76.329184,39.315036,0 -76.350945,39.331141,0 -76.3493551975717,39.3369031871336,0 -76.34765899999999,39.343051,0 -76.33556299999999,39.342279,0 -76.343339,39.358712,0 -76.34179399999999,39.374147,0 -76.35457761435779,39.3794575895812,0 -76.359263,39.381404,0 -76.35828329395029,39.387209411024,0 -76.3578403919927,39.3898339001833,0 -76.357124,39.394079,0 -76.3465003677335,39.3916333620209,0 -76.3448345250418,39.3912498728289,0 -76.32919699999999,39.38765,0 -76.315293,39.389303,0 -76.30400299999999,39.381496,0 -76.305904,39.364409,0 -76.320759,39.358161,0 -76.295678,39.350008,0 -76.298778,39.329208,0 -76.28962300000001,39.317167,0 -76.296609,39.301137,0 -76.281747,39.29966,0 -76.276078,39.322908,0 -76.256586,39.338862,0 -76.266925,39.356139,0 -76.285701,39.367716,0 -76.268826,39.38866,0 -76.269064,39.403079,0 -76.254803,39.411894,0 -76.250525,39.431081,0 -76.2506821217976,39.4338058653,0 -76.2513871902937,39.4460334283016,0 -76.251594,39.44962,0 -76.2385846204492,39.4539165945401,0 -76.23103500000001,39.45641,0 -76.22477606192319,39.4264223030743,0 -76.22461800000001,39.425665,0 -76.241612,39.403997,0 -76.250525,39.379291,0 -76.23987700000001,39.361408,0 -76.224161,39.35278,0 -76.197852,39.367598,0 -76.19076699999999,39.375924,0 -76.180074,39.377609,0 -76.171474,39.39221,0 -76.15877399999999,39.40631,0 -76.146373,39.40531,0 -76.121889,39.421226,0 -76.11682,39.427614,0 -76.102232,39.435659,0 -76.083269,39.438321,0 -76.081176,39.436712,0 -76.06098900000001,39.447722,0 -76.060931,39.452208,0 -76.07197499999999,39.475047,0 -76.083286,39.47786,0 -76.098315,39.476116,0 -76.104665,39.478792,0 -76.113929,39.486701,0 -76.1146025164028,39.4885989627392,0 -76.11725300000001,39.496068,0 -76.10031885291841,39.5287226576365,0 -76.09607200000001,39.536912,0 -76.0757143912201,39.5430317138944,0 -76.063811,39.54661,0 -76.0443260887362,39.5478787060718,0 -76.00634100000001,39.550352,0 -75.999669,39.560488,0 -75.992633,39.563098,0 -75.9776212355885,39.5594211411261,0 -75.970337,39.557637,0 -75.967221,39.55014,0 -75.966955,39.53865,0 -75.976057,39.529968,0 -75.98629800000001,39.510398,0 -75.994135,39.488743,0 -75.99657000000001,39.476658,0 -76.002926,39.469642,0 -76.01231199999999,39.453115,0 -76.009452,39.449201,0 -76.00251299999999,39.450204,0 -75.998276,39.457182,0 -75.990005,39.458646,0 -75.9831757867982,39.4531241399074,0 -75.976601,39.447808,0 -75.976747,39.444627,0 -75.982585,39.435287,0 -75.99739599999999,39.430314,0 -76.00688,39.414527,0 -76.016531,39.408465,0 -76.03500200000001,39.401994,0 -76.04096199999999,39.394237,0 -76.03993199999999,39.38808,0 -76.035568,39.38618,0 -76.002515,39.385024,0 -76.00246258184789,39.3764396702885,0 -76.0024586510268,39.375795934049,0 -76.0024345007666,39.3718409339493,0 -76.002408,39.367501,0 -76.02298999999999,39.361896,0 -76.032923,39.367414,0 -76.049846,39.370644,0 -76.110527,39.372257,0 -76.116356,39.360925,0 -76.13495,39.35107,0 -76.136971,39.344414,0 -76.133225,39.340491,0 -76.14552399999999,39.334399,0 -76.159673,39.335909,0 -76.170422,39.332094,0 -76.185581,39.319334,0 -76.18664699999999,39.315475,0 -76.186024,39.312462,0 -76.179092,39.310098,0 -76.176778,39.306447,0 -76.17770400000001,39.298701,0 -76.1794028431531,39.295607958563,0 -76.181496,39.291797,0 -76.18567400000001,39.285367,0 -76.203031,39.269871,0 -76.211253,39.269812,0 -76.21933799999999,39.261997,0 -76.232051,39.233341,0 -76.251032,39.199214,0 -76.255831,39.191595,0 -76.26660200000001,39.180523,0 -76.26768078116309,39.1785046655601,0 -76.274637,39.16549,0 -76.278527,39.145764,0 -76.26089399999999,39.143402,0 -76.252968,39.133626,0 -76.233457,39.091385,0 -76.231748,39.082826,0 -76.231117,39.061017,0 -76.237065,39.045521,0 -76.240905,39.039798,0 -76.242687,39.028926,0 -76.231765,39.018518,0 -76.214063,39.011399,0 -76.204713,39.016426,0 -76.209734,39.027751,0 -76.212616,39.041158,0 -76.210041,39.06441,0 -76.203383,39.085626,0 -76.174516,39.101725,0 -76.17437179233529,39.1017225554443,0 -76.147203,39.101262,0 -76.1464595937218,39.1001037874409,0 -76.142667,39.094195,0 -76.15052799999999,39.079421,0 -76.15895999999999,39.065486,0 -76.1644802039059,39.064010848481,0 -76.16906,39.062787,0 -76.175284,39.058805,0 -76.184207,39.046264,0 -76.163616,39.010057,0 -76.163988,38.999541,0 -76.1916552839393,38.980461158772,0 -76.20236,38.973079,0 -76.218929,38.970538,0 -76.229277,38.97758,0 -76.2470632138278,38.9812437095385,0 -76.258813,38.983664,0 -76.277478,38.982492,0 -76.2785655620133,38.9839075987963,0 -76.29396199999999,39.003948,0 -76.302846,39.025828,0 -76.301027,39.031595,0 -76.301847,39.039651,0 -76.31176600000001,39.035257,0 -76.320274,39.023013,0 -76.32355699999999,39.008961,0 -76.32229599999999,39.006375,0 -76.32267899999999,38.999602,0 -76.3354316067429,38.9822562604101,0 -76.35382799999999,38.957234,0 -76.361727,38.939175,0 -76.365658,38.907477,0 -76.3653871548107,38.8981781660834,0 -76.364678,38.873831,0 -76.37620200000001,38.850461,0 -76.375086,38.839474,0 -76.368195,38.836125,0 -76.361141,38.851992,0 -76.35039,38.857399,0 -76.340587,38.85574,0 -76.334019,38.860238,0 -76.33103,38.86432,0 -76.335364,38.886021,0 -76.33850099999999,38.892474,0 -76.3384006477777,38.8930393133324,0 -76.33610400000001,38.905977,0 -76.32409699999999,38.911174,0 -76.317947,38.911312,0 -76.3139411048685,38.9058816183199,0 -76.308425,38.898404,0 -76.293254,38.902568,0 -76.29386700000001,38.910121,0 -76.299431,38.918542,0 -76.295911,38.928663,0 -76.273083,38.941927,0 -76.264943,38.930297,0 -76.26468300000001,38.924576,0 -76.262226,38.919976,0 -76.25639700000001,38.918829,0 -76.249674,38.920907,0 -76.248023,38.92379,0 -76.250868,38.92825,0 -76.250157,38.938667,0 -76.2358885681008,38.9416996028613,0 -76.232038,38.942518,0 -76.213842,38.937366,0 -76.20754393991351,38.9318209420015,0 -76.203638,38.928382,0 -76.205063,38.892726,0 -76.20008199999999,38.882885,0 -76.20259799999999,38.862616,0 -76.1995439693042,38.8508168182562,0 -76.197705,38.843712,0 -76.19109,38.82966,0 -76.19343000000001,38.821787,0 -76.198138,38.81444,0 -76.2090034712398,38.8133790910809,0 -76.219328,38.812371,0 -76.245886,38.822232,0 -76.250364,38.825438,0 -76.25642558606999,38.8341017821102,0 -76.26580800000001,38.847512,0 -76.26422100000001,38.851572,0 -76.271575,38.851771,0 -76.27815099999999,38.835494,0 -76.277411,38.831419,0 -76.288455,38.827347,0 -76.2978,38.828314,0 -76.300889,38.82619,0 -76.308922,38.813346,0 -76.310081,38.796846,0 -76.323768,38.779287,0 -76.334619,38.772911,0 -76.341302,38.751901,0 -76.340543,38.730338,0 -76.347998,38.686234,0 -76.340504,38.674106,0 -76.322418,38.679304,0 -76.321865,38.689512,0 -76.32784100000001,38.703727,0 -76.325546,38.717698,0 -76.316146,38.729586,0 -76.31275599999999,38.730708,0 -76.30880531423129,38.7297279459415,0 -76.299401,38.727395,0 -76.295957,38.724162,0 -76.299171,38.719287,0 -76.29849900000001,38.718005,0 -76.275015,38.712714,0 -76.271596,38.713216,0 -76.27027699999999,38.724385,0 -76.255093,38.736476,0 -76.2416106058046,38.7356197923725,0 -76.238685,38.735434,0 -76.23703999999999,38.724518,0 -76.239841,38.719756,0 -76.238725,38.712845,0 -76.212808,38.681892,0 -76.200334,38.670774,0 -76.196716,38.67286,0 -76.1880681792392,38.6730108364154,0 -76.1849097370839,38.6730659263746,0 -76.1802091485439,38.6731479146517,0 -76.17515899999999,38.673236,0 -76.15561099999999,38.658083,0 -76.147158,38.63684,0 -76.127644,38.635268,0 -76.115285,38.623385,0 -76.085219,38.624592,0 -76.052775,38.602399,0 -76.034712,38.583915,0 -76.0291249890344,38.5722674448223,0 -76.026512,38.56682,0 -76.03960794236821,38.5582320388942,0 -76.04104599999999,38.557289,0 -76.056816,38.568028,0 -76.078445,38.582986,0 -76.08042373168919,38.5843569973054,0 -76.088903,38.590232,0 -76.111126,38.584008,0 -76.126931,38.591439,0 -76.13869699999999,38.601749,0 -76.151079,38.594711,0 -76.16591099999999,38.598684,0 -76.165435,38.6102,0 -76.17006600000001,38.629225,0 -76.174969,38.628791,0 -76.19090199999999,38.621092,0 -76.20259799999999,38.613011,0 -76.203065,38.610741,0 -76.21242700000001,38.606738,0 -76.23118700000001,38.61401,0 -76.23665,38.628598,0 -76.24651,38.626282,0 -76.264155,38.615109,0 -76.271827,38.615661,0 -76.279589,38.60952,0 -76.26863299999999,38.597753,0 -76.27349599999999,38.59139,0 -76.305172,38.575293,0 -76.30832100000001,38.571769,0 -76.290043,38.569158,0 -76.27964,38.557231,0 -76.275913,38.548809,0 -76.277461,38.541851,0 -76.281047,38.53613,0 -76.27810599999999,38.532468,0 -76.274057,38.531207,0 -76.253624,38.539393,0 -76.248885,38.539023,0 -76.24439599999999,38.536966,0 -76.2451708699335,38.53345773902,0 -76.2473,38.523818,0 -76.26035,38.506255,0 -76.26396800000001,38.503452,0 -76.281761,38.502165,0 -76.28359500000001,38.504157,0 -76.289507,38.503906,0 -76.318054,38.498199,0 -76.327257,38.500121,0 -76.33636,38.492235,0 -76.331559,38.473548,0 -76.320843,38.459862,0 -76.30148800000001,38.439767,0 -76.28301999999999,38.413512,0 -76.280551,38.403143,0 -76.28227099999999,38.393118,0 -76.270195,38.374591,0 -76.25,38.362304,0 -76.2520818500072,38.3594420587823,0 -76.2609093840852,38.3473067543454,0 -76.265548,38.34093,0 -76.257667,38.324855,0 -76.23011,38.319778,0 -76.217613,38.305683,0 -76.199744,38.286221,0 -76.189277,38.272415,0 -76.18254,38.26107,0 -76.16548899999999,38.242797,0 -76.149787,38.234493,0 -76.135513,38.232185,0 -76.12571699999999,38.239017,0 -76.1200587030707,38.24220124757,0 -76.09972,38.253647,0 -76.07489700000001,38.252181,0 -76.069502,38.238455,0 -76.05801,38.227079,0 -76.04458,38.223845,0 -76.035695,38.230556,0 -76.04410799999999,38.241682,0 -76.044251,38.249373,0 -76.038935,38.254932,0 -76.02748699999999,38.280108,0 -76.03053199999999,38.28796,0 -76.05022,38.304101,0 -76.04958000000001,38.309594,0 -76.045599,38.318246,0 -76.041618,38.322137,0 -76.033947,38.323211,0 -76.016682,38.332429,0 -76.010217,38.353211,0 -76.01214899999999,38.357077,0 -76.011869,38.360582,0 -76.00694900000001,38.370216,0 -75.999574,38.374297,0 -75.973876,38.36585,0 -75.96194800000001,38.341431,0 -75.961944,38.332572,0 -75.964237,38.324285,0 -75.96929,38.320164,0 -75.981345,38.315147,0 -76.010307,38.31217,0 -76.01460299999999,38.309822,0 -76.013983,38.305677,0 -75.990385,38.282915,0 -75.985815,38.276466,0 -75.984274,38.265155,0 -75.96764400000001,38.254671,0 -75.963998,38.246939,0 -75.96555499999999,38.239309,0 -75.956152,38.236222,0 -75.94363199999999,38.241304,0 -75.941625,38.247675,0 -75.95381999999999,38.261024,0 -75.951497,38.266949,0 -75.938577,38.272329,0 -75.940828,38.298436,0 -75.92728,38.321376,0 -75.914565,38.339275,0 -75.88984600000001,38.351671,0 -75.870752,38.356279,0 -75.8647693776753,38.350458774595,0 -75.8618,38.34757,0 -75.87164900000001,38.332259,0 -75.88247800000001,38.329114,0 -75.893055,38.309161,0 -75.903156,38.297877,0 -75.90137300000001,38.286031,0 -75.90767200000001,38.272597,0 -75.917297,38.263126,0 -75.911143,38.257951,0 -75.908272,38.252045,0 -75.90845,38.246648,0 -75.90004,38.232133,0 -75.895689,38.228561,0 -75.890669,38.228009,0 -75.885676,38.231006,0 -75.88935600000001,38.2395,0 -75.888513,38.241423,0 -75.88343500000001,38.244445,0 -75.874653,38.244514,0 -75.870318,38.243432,0 -75.86462826010489,38.2383201947882,0 -75.85139599999999,38.226432,0 -75.8494117773778,38.2201243148162,0 -75.846377,38.210477,0 -75.864104,38.200858,0 -75.877751,38.198292,0 -75.884603,38.199751,0 -75.886217,38.203309,0 -75.88807300000001,38.203813,0 -75.942375,38.187066,0 -75.951566,38.178093,0 -75.951972,38.176239,0 -75.94728000000001,38.170792,0 -75.947534,38.168274,0 -75.951273,38.161887,0 -75.959616,38.137141,0 -75.948733,38.115185,0 -75.93727800000001,38.11458,0 -75.929659,38.127129,0 -75.900355,38.14115,0 -75.888031,38.142266,0 -75.880621,38.13694,0 -75.868636,38.134381,0 -75.85954,38.140542,0 -75.849919,38.144414,0 -75.834096,38.145082,0 -75.82976903449961,38.13723659572,0 -75.827674,38.133438,0 -75.837563,38.113753,0 -75.84260399999999,38.113111,0 -75.86381,38.100968,0 -75.880515,38.075011,0 -75.874189,38.060288,0 -75.871503,38.05887,0 -75.85995699999999,38.06008,0 -75.858684,38.068104,0 -75.844157,38.07249,0 -75.819591,38.066814,0 -75.81291299999999,38.058932,0 -75.8130601296337,38.0564512478564,0 -75.813395,38.050805,0 -75.82577000000001,38.046609,0 -75.829375,38.043152,0 -75.83079499999999,38.035954,0 -75.838927,38.031352,0 -75.843673200168,38.0324135058112,0 -75.847154,38.033192,0 -75.850531,38.036697,0 -75.857507,38.038778,0 -75.87318999999999,38.034375,0 -75.875399,38.028241,0 -75.875297,38.011965,0 -75.882768,38.002995,0 -75.898956,37.974514,0 -75.8924406496201,37.95866521881,0 -75.890871,37.954847,0 -75.894065,37.93079,0 -75.89831599999999,37.925114,0 -75.892686,37.916848,0 -75.885032,37.911717,0 -75.860727,37.91831,0 -75.832414,37.933313,0 -75.82990100000001,37.938556,0 -75.783815,37.972594,0 -75.759091,37.970663,0 -75.750244,37.968873,0 -75.73799699999999,37.963526,0 -75.727952,37.967256,0 -75.722662,37.97131,0 -75.72208500000001,37.973416,0 -75.71315,37.976623,0 -75.68599500000001,37.967607,0 -75.67168100000001,37.966576,0 -75.663095,37.961195,0 -75.665057,37.956282,0 -75.66983,37.950564,0 -75.69394200000001,37.930362,0 -75.704318,37.92901,0 -75.712065,37.936082,0 -75.757694,37.903912,0 -75.759835,37.899333,0 -75.758796,37.897615,0 -75.75304800000001,37.896605,0 -75.726699,37.897299,0 -75.72450499999999,37.900184,0 -75.72049,37.901926,0 -75.709626,37.900622,0 -75.687584,37.88634,0 -75.685293,37.873341,0 -75.689837,37.861817,0 -75.697208861969,37.8549632034244,0 -75.70291400000001,37.849659,0 -75.709114,37.8477,0 -75.71448700000001,37.837777,0 -75.71659,37.826696,0 -75.723224,37.820124,0 -75.7297499183195,37.8182867807386,0 -75.73587999999999,37.816561,0 -75.74309700000001,37.806656,0 -75.770607,37.804602,0 -75.784599,37.806826,0 -75.79339899999999,37.804493,0 -75.81812499999999,37.791698,0 -75.81212499999999,37.776589,0 -75.80063,37.759414,0 -75.802976,37.752915,0 -75.82481,37.741671,0 -75.827922,37.737986,0 -75.83143800000001,37.73169,0 -75.83077299999999,37.725486,0 -75.83768499999999,37.712985,0 -75.845579,37.707993,0 -75.859262,37.703111,0 -75.86835499999999,37.687609,0 -75.864278,37.67569,0 -75.8652420325418,37.6739775405765,0 -75.868481,37.668224,0 -75.877059,37.660641,0 -75.8955812307866,37.6390192979381,0 -75.9028347873752,37.6305519463942,0 -75.909586,37.622671,0 -75.924756,37.600215,0 -75.941182,37.563839,0 -75.941153,37.558436,0 -75.937299,37.551729,0 -75.9376646225106,37.5496523755582,0 -75.940318,37.534582,0 -75.949974,37.521876,0 -75.958966,37.500133,0 -75.963326,37.481785,0 -75.96349600000001,37.475352,0 -75.9621126302945,37.4712372806391,0 -75.960877,37.467562,0 -75.976491,37.444878,0 -75.981624,37.434116,0 -75.98310499999999,37.415802,0 -75.97996999999999,37.404608,0 -75.987122,37.368548,0 -75.997778,37.351739,0 -76.014251,37.331943,0 -76.01864500000001,37.31782,0 -76.023475,37.289067,0 -76.02163485946269,37.2871748976629,0 -76.015507,37.280874,0 -76.023664,37.268971,0 -76.02575299999999,37.257407,0 -76.014026,37.235381,0 -76.0107030308277,37.2317620000593,0 -76.010535,37.231579,0 -76.013778,37.219263,0 -76.013071,37.205366,0 -76.006094,37.19481,0 -75.99864700000001,37.188739,0 -75.978083,37.157338,0 -75.970004,37.128861,0 -75.97042999999999,37.118608,0 -75.979608,37.100448,0 -75.97996000000001,37.09217,0 -75.97187599999999,37.085376,0 -75.955241,37.083827,0 -75.94239899999999,37.089607,0 -75.943417,37.10066,0 -75.952983,37.105724,0 -75.955122,37.11975,0 -75.94587199999999,37.120514,0 -75.942539,37.125142,0 -75.927789,37.130268,0 -75.911508,37.122877,0 -75.915786,37.112169,0 -75.9088558281837,37.1137185655939,0 -75.906734,37.114193,0 -75.89729800000001,37.118037,0 -75.8969856647082,37.1182670004052,0 -75.886369,37.126085,0 -75.87766999999999,37.135604,0 -75.85636599999999,37.158497,0 -75.834692,37.173261,0 -75.830934,37.183591,0 -75.817387,37.193437,0 -75.81560399999999,37.202241,0 -75.81988200000001,37.212463,0 -75.8099,37.216249,0 -75.80137999999999,37.229936,0 -75.805808,37.241847,0 -75.79698500000001,37.25602,0 -75.79240799999999,37.278812,0 -75.79844799999999,37.296285,0 -75.79191299999999,37.300589,0 -75.784634,37.300976,0 -75.77919300000001,37.298557,0 -75.777244,37.298511,0 -75.76310100000001,37.307874,0 -75.735829,37.335426,0 -75.726691,37.350127,0 -75.725634,37.358416,0 -75.727335,37.360346,0 -75.72367045285201,37.3674478657053,0 -75.72073899999999,37.373129,0 -75.697914,37.405301,0 -75.677542,37.428612,0 -75.66595700000001,37.439209,0 -75.658379,37.451815,0 -75.66444,37.464456,0 -75.6765221891521,37.4637005550846,0 -75.684048,37.46323,0 -75.686306,37.478604,0 -75.672877,37.483696,0 -75.64247400000001,37.517112,0 -75.615816,37.551659,0 -75.60216800000001,37.567107,0 -75.600504,37.573889,0 -75.612863,37.57728,0 -75.61305994949301,37.5808648117808,0 -75.613339,37.585944,0 -75.614527,37.609296,0 -75.603831,37.628028,0 -75.591953,37.663178,0 -75.583629,37.69313,0 -75.576379,37.699431,0 -75.568696,37.723987,0 -75.562951,37.736469,0 -75.55189799999999,37.748122,0 -75.54265093370191,37.7626006334837,0 -75.520881,37.796687,0 -75.5015533993456,37.8185574968337,0 -75.48927,37.832457,0 -75.469114,37.851506,0 -75.453987,37.864164,0 -75.432076,37.878594,0 -75.421117,37.883314,0 -75.41091413413599,37.8795211058458,0 -75.400092,37.875498,0 -75.391346,37.864175,0 -75.389056,37.856169,0 -75.386056,37.852424,0 -75.380638,37.851702,0 -75.373321,37.856155,0 -75.364777,37.863166,0 -75.35245999999999,37.87483,0 -75.338623,37.894986,0 -75.319335,37.922484,0 -75.3159537205092,37.9279868577682,0 -75.2987927337136,37.955915477616,0 -75.296871,37.959043,0 -75.242469,38.027028,0 -75.216117,38.061786,0 -75.19379600000001,38.096013,0 -75.17739400000001,38.130014,0 -75.15897,38.184242,0 -75.14322900000001,38.220475,0 -75.1233359433414,38.2609922540021,0 -75.116837,38.274229,0 -75.11222460817871,38.2866137203288,0 -75.102947,38.311525,0 -75.09388800000001,38.323432,0 -75.08746600000001,38.322769,0 -75.0858036075409,38.3240499297131,0 -75.08551799999999,38.32427,0 -75.07247599999999,38.355278,0 -75.0708856392738,38.3601736647313,0 -75.06137,38.389466,0 -75.054591,38.41483,0 -75.0540262391028,38.4184704695273,0 -75.048939,38.451263,0 -75.04955111416901,38.477838893785,0 -75.04974799999999,38.486387,0 -75.0520750361717,38.5138394195283,0 -75.05417132822249,38.5385697135952,0 -75.05557807515351,38.5551653331172,0 -75.06003200000001,38.607709,0 -75.060478,38.608012,0 -75.0610007060148,38.608406873942,0 -75.06125900000001,38.608602,0 -75.06192,38.608869,0 -75.065217,38.632394,0 -75.06551,38.66103,0 -75.0749827428339,38.7143719538125,0 -75.0753980054082,38.7167103385283,0 -75.0780984061267,38.7319165626308,0 -75.07921362866659,38.7381964912907,0 -75.079221,38.738238,0 -75.080217,38.750112,0 -75.08215300000001,38.772157,0 -75.089473,38.797198,0 -75.093805,38.803812,0 -75.098545,38.802926,0 -75.1002064590875,38.79795294545,0 -75.1021324584525,38.7921880728889,0 -75.10354053710211,38.7879734328849,0 -75.10412100000001,38.786236,0 -75.113331,38.782998,0 -75.1304728737877,38.7823716766428,0 -75.1331672680772,38.7822732298745,0 -75.134022,38.782242,0 -75.13541806671169,38.782686005057,0 -75.15902199999999,38.790193,0 -75.160748,38.791224,0 -75.16342627443549,38.7926291864632,0 -75.190552,38.806861,0 -75.20532900000001,38.823386,0 -75.22724246307671,38.8405129718159,0 -75.232029,38.844254,0 -75.263115,38.877351,0 -75.304078,38.91316,0 -75.312282,38.924594,0 -75.30255200000001,38.939002,0 -75.311542,38.944633,0 -75.311882,38.945698,0 -75.3119225616126,38.9459168127958,0 -75.312546,38.94928,0 -75.312546,38.951065,0 -75.311607,38.967637,0 -75.31495099999999,38.980775,0 -75.318354,38.988191,0 -75.34089,39.01996,0 -75.34576300000001,39.024857,0 -75.379873,39.04879,0 -75.38791399999999,39.051174,0 -75.396277,39.057884,0 -75.39580599999999,39.059211,0 -75.400294,39.065645,0 -75.402035,39.066885,0 -75.40119300000001,39.088762,0 -75.410625,39.156246,0 -75.408266,39.174625,0 -75.400144,39.186456,0 -75.398584,39.186616,0 -75.39479,39.188354,0 -75.39301500000001,39.204512,0 -75.39689199999999,39.216141,0 -75.40474500000001,39.222666,0 -75.405716,39.223834,0 -75.40592700000001,39.243631,0 -75.40482299999999,39.245898,0 -75.402964,39.254626,0 -75.408376,39.264698,0 -75.427953,39.285049,0 -75.435374,39.296676,0 -75.435551,39.297546,0 -75.436936,39.309379,0 -75.439027,39.313384,0 -75.46042300000001,39.328236,0 -75.469324,39.33082,0 -75.479963,39.336577,0 -75.479845,39.337472,0 -75.490377,39.342818,0 -75.491688,39.343963,0 -75.49314800000001,39.345527,0 -75.494122,39.34658,0 -75.49179700000001,39.351845,0 -75.494158,39.354613,0 -75.50527599999999,39.359169,0 -75.511788,39.365191,0 -75.5123720823948,39.3656561384634,0 -75.512996,39.366153,0 -75.521682,39.387871,0 -75.523583,39.391583,0 -75.535977,39.409384,0 -75.538512,39.416502,0 -75.55589000000001,39.430351,0 -75.57183000000001,39.438897,0 -75.5714550448173,39.4404895611251,0 -75.57098499999999,39.442486,0 -75.578914,39.44788,0 -75.57959306867551,39.4494326149262,0 -75.580185,39.450786,0 -75.589439,39.460812,0 -75.589901,39.462022,0 -75.593068,39.477996,0 -75.593068,39.479186,0 -75.587729,39.495369,0 -75.587729,39.496353,0 -75.576436,39.509195,0 -75.57251599999999,39.517095,0 -75.570362,39.527223,0 -75.569418,39.539124,0 -75.56935900000001,39.540589,0 -75.56635900000001,39.556607,0 -75.564649,39.559922,0 -75.564682901266,39.5606062648161,0 -75.564812,39.563212,0 -75.57159900000001,39.567728,0 -75.59952800000001,39.588756,0 -75.612548,39.596912,0 -75.61325815382931,39.6068605112988,0 -75.613665,39.61256,0 -75.614929,39.615952,0 -75.613377,39.620288,0 -75.6004824600961,39.6353917683571,0 -75.59174320845359,39.6456283206814,0 -75.587147,39.651012,0 -75.562246,39.656712,0 -75.561293686326,39.6577639049047,0 -75.5502658044667,39.6699450625759,0 -75.5300418313125,39.6922840220309,0 -75.52974399999999,39.692613,0 -75.5256230383179,39.6912738213712,0 -75.509742,39.686113,0 -75.51002699999999,39.679209,0 -75.511743,39.674313,0 -75.518343,39.663913,0 -75.5239682865341,39.6571335636494,0 -75.526,39.654685,0 -75.535144,39.647212,0 -75.54247100000001,39.644656,0 -75.549654,39.637658,0 -75.555255,39.634658,0 -75.558269,39.629885,0 -75.561325,39.629724,0 -75.572191,39.629523,0 -75.576688,39.6231,0 -75.571496,39.607683,0 -75.565721,39.604907,0 -75.56172007559969,39.6052794340346,0 -75.55587,39.605824,0 -75.55350199999999,39.602,0 -75.545405,39.596784,0 -75.543965,39.596,0 -75.53994899999999,39.594384,0 -75.53954,39.594251,0 -75.53721299999999,39.592944,0 -75.534477,39.590384,0 -75.531133,39.587984,0 -75.525677,39.584048,0 -75.521596,39.583088,0 -75.519628,39.583248,0 -75.51522799999999,39.580752,0 -75.51297342967359,39.5782661916914,0 -75.512732,39.578,0 -75.511932,39.567616,0 -75.51475600000001,39.562612,0 -75.519026,39.555401,0 -75.526003,39.548488,0 -75.532342,39.54328,0 -75.534014,39.540702,0 -75.531575,39.536825,0 -75.527676,39.535278,0 -75.526787,39.53144,0 -75.52665399999999,39.526638,0 -75.529978,39.510817,0 -75.53014,39.505373,0 -75.52936800000001,39.501229,0 -75.5277902467532,39.5004376437464,0 -75.527141,39.500112,0 -75.528088,39.498114,0 -75.542693,39.496568,0 -75.54436800000001,39.479602,0 -75.542894,39.470447,0 -75.53643099999999,39.460559,0 -75.50838299999999,39.459131,0 -75.505672,39.452927,0 -75.483572,39.440824,0 -75.47627900000001,39.438126,0 -75.46521199999999,39.43893,0 -75.442393,39.402291,0 -75.431803,39.391625,0 -75.422099,39.386521,0 -75.40729390305999,39.3819544443261,0 -75.399304,39.37949,0 -75.39518099999999,39.371398,0 -75.39433099999999,39.363753,0 -75.3905579998705,39.3589334550776,0 -75.39003,39.358259,0 -75.365016,39.341388,0 -75.3649690074763,39.3414199726041,0 -75.3616164392439,39.343700980912,0 -75.355558,39.347823,0 -75.34196900000001,39.348697,0 -75.333743,39.345335,0 -75.32746299999999,39.33927,0 -75.32675399999999,39.332473,0 -75.315201,39.310593,0 -75.30601,39.301712,0 -75.288898,39.289557,0 -75.28533299999999,39.292212,0 -75.28261999999999,39.299055,0 -75.2810488374668,39.2997677482841,0 -75.271629,39.304041,0 -75.251806,39.299913,0 -75.24435699999999,39.2857,0 -75.2437131455592,39.2834639580871,0 -75.242881,39.280574,0 -75.244056,39.27769,0 -75.24163900000001,39.274097,0 -75.21250999999999,39.262755,0 -75.20585699999999,39.262619,0 -75.191863,39.2457,0 -75.17750599999999,39.242746,0 -75.166667,39.222577,0 -75.163974,39.21132,0 -75.168351,39.202555,0 -75.151405,39.189996,0 -75.136667,39.181883,0 -75.12707,39.189766,0 -75.12407,39.199567,0 -75.110997,39.212459,0 -75.10762480141049,39.2121824206275,0 -75.090794,39.210802,0 -75.04848699999999,39.215222,0 -75.037554,39.221667,0 -75.02944084557301,39.2155147727015,0 -75.026383,39.213196,0 -75.023437,39.204791,0 -75.026179,39.193621,0 -74.998002,39.191253,0 -74.976266,39.192271,0 -74.96238200000001,39.190238,0 -74.9149362674663,39.1775531240776,0 -74.905181,39.174945,0 -74.8922417396501,39.1633661792583,0 -74.88716700000001,39.158825,0 -74.885914,39.143627,0 -74.89254699999999,39.113183,0 -74.897784,39.098811,0 -74.90366400000001,39.087437,0 -74.91920247489681,39.0640091263185,0 -74.9280889368377,39.0506107130758,0 -74.9357173945474,39.0391090345137,0 -74.93832,39.035185,0 -74.9411336661513,39.0302521259259,0 -74.94947000000001,39.015637,0 -74.95536300000001,39.001262,0 -74.95674386336449,38.9962064725836,0 -74.96475850608481,38.9668637823164,0 -74.97199500000001,38.94037,0 -74.967274,38.933413,0 -74.963463,38.931194,0 -74.939395299898,38.9290402097627,0 -74.933571,38.928519,0 -74.92041399999999,38.929136,0 -74.90705,38.931994,0 -74.88230900000001,38.941759,0 -74.870497,38.943543,0 -74.86846800607429,38.9427373756898,0 -74.86519800000001,38.941439,0 -74.864458,38.94041,0 -74.850748,38.954538,0 -74.8468823738838,38.9575995699736,0 -74.82247012264141,38.9769340356324,0 -74.819354,38.979402,0 -74.802391,38.988215,0 -74.802087778161,38.9884589169473,0 -74.787722,39.000015,0 -74.787007,39.002445,0 -74.795114,39.022987,0 -74.7939741613542,39.0262564626632,0 -74.79310099999999,39.028761,0 -74.78644300000001,39.031888,0 -74.78222268187091,39.032135376678,0 -74.770031,39.03285,0 -74.74756225232071,39.0625180985832,0 -74.738316,39.074727,0 -74.705876,39.102937,0 -74.704409,39.107858,0 -74.714135,39.114631,0 -74.71532000000001,39.116893,0 -74.7148773833744,39.1182090949921,0 -74.714341,39.119804,0 -74.67143,39.179802,0 -74.6695714587235,39.181547933407,0 -74.651443,39.198578,0 -74.64838670595491,39.2070408076034,0 -74.646595,39.212002,0 -74.636306,39.220834,0 -74.61858121135469,39.2401830533551,0 -74.614481,39.244659,0 -74.60578453493871,39.2521119125695,0 -74.597921,39.258851,0 -74.58640184941839,39.2670021969586,0 -74.581008,39.270819,0 -74.5709063113537,39.2747778583802,0 -74.560957,39.278677,0 -74.55669395811221,39.2833483140558,0 -74.553439,39.286915,0 -74.551151,39.293539,0 -74.54118058483181,39.300426310362,0 -74.52179700000001,39.313816,0 -74.5156870820488,39.3168954862943,0 -74.5073726130435,39.3210860979442,0 -74.50149463274251,39.3240486843357,0 -74.4900363668031,39.3298238147383,0 -74.48176421569551,39.3339930975607,0 -74.4749778499921,39.3374135232258,0 -74.4694732529277,39.3401879191098,0 -74.4641193165421,39.3428863798505,0 -74.45989400000001,39.345016,0 -74.4565575850675,39.3461328034391,0 -74.4402718752102,39.3515841448176,0 -74.43235447046349,39.3542343502114,0 -74.41406163505729,39.3603575398944,0 -74.41269200000001,39.360816,0 -74.408237,39.365071,0 -74.4076833075961,39.3684602105969,0 -74.4072118069405,39.3713463166859,0 -74.406792,39.373916,0 -74.40669200000001,39.377516,0 -74.3973517194332,39.3832800978834,0 -74.38343918593949,39.3918658362122,0 -74.36699,39.402017,0 -74.3623064191993,39.4063801543754,0 -74.33480400000001,39.432001,0 -74.325892,39.446124,0 -74.3263775409871,39.450089040106,0 -74.32704099999999,39.455507,0 -74.312995,39.474237,0 -74.319428,39.49303,0 -74.32897699999999,39.502504,0 -74.3270375917743,39.5063732086258,0 -74.326151,39.508142,0 -74.2942837642026,39.5126891800844,0 -74.28478200000001,39.514045,0 -74.26471087499409,39.5301190304101,0 -74.262989,39.531498,0 -74.249043,39.547994,0 -74.240506,39.554911,0 -74.2300396168032,39.5697461240632,0 -74.190974,39.625118,0 -74.1834209570504,39.6349835401675,0 -74.1570656575892,39.6694079790589,0 -74.141733,39.689435,0 -74.11365499999999,39.740719,0 -74.101443,39.756173,0 -74.09892000000001,39.759538,0 -74.0973588108717,39.7622448880019,0 -74.096906,39.76303,0 -74.097071,39.767847,0 -74.090945,39.799978,0 -74.0780396444941,39.9045671539478,0 -74.077247,39.910991,0 -74.07691180893499,39.9127335742937,0 -74.0752419072568,39.9214149743694,0 -74.0722587427327,39.9369236986638,0 -74.0700752870604,39.9482749371753,0 -74.0679535459002,39.9593053374133,0 -74.0651327809269,39.9739697871668,0 -74.0651183785677,39.9740446614212,0 -74.06413499999999,39.979157,0 -74.0639004125034,39.9801278509003,0 -74.0587949381741,40.0012570859248,0 -74.0581899005599,40.0037610612904,0 -74.0578154869942,40.0053105886634,0 -74.05327870509819,40.0240862644877,0 -74.04521033335431,40.0574775836578,0 -74.042472192152,40.0688095041146,0 -74.040830195621,40.0756049805729,0 -74.039421,40.081437,0 -74.0357809789315,40.0926395907982,0 -74.0357406191014,40.0927638028984,0 -74.033546,40.099518,0 -74.031318,40.100541,0 -74.03186057056659,40.101046639623,0 -74.03408,40.103115,0 -74.0312737738178,40.1172929557741,0 -74.030181,40.122814,0 -74.0252631854017,40.1381257621969,0 -74.0201597678563,40.1540154046968,0 -74.0158370034508,40.167474460399,0 -74.0127829292411,40.1769834113965,0 -74.0093984688103,40.187521029732,0 -74.006848271452,40.1954611451485,0 -74.00263434458719,40.2085813319266,0 -74.00003449955631,40.2166760268496,0 -73.9995756406196,40.2181046978133,0 -73.9975542545686,40.224398343477,0 -73.99565004724479,40.230327149684,0 -73.9954023930525,40.2310982283864,0 -73.993292,40.237669,0 -73.9870578044889,40.2600811771617,0 -73.9825781679685,40.2761856459961,0 -73.98168099999999,40.279411,0 -73.9785201025979,40.2942960752398,0 -73.977442,40.299373,0 -73.97644742818871,40.3073540244487,0 -73.9746011832669,40.3221693708044,0 -73.9718131529123,40.3445421529124,0 -73.97138099999999,40.34801,0 -73.97138099999999,40.371709,0 -73.97698200000001,40.408508,0 -73.98225600000001,40.420779,0 -73.982855,40.448569,0 -73.9869297167658,40.4561575118242,0 -73.99794300000001,40.476668,0 -74.00407549290129,40.477047830529,0 -74.018383,40.477934,0 -74.019334,40.471244,0 -74.005363,40.459622,0 -74.003674,40.448489,0 -73.991682,40.442908,0 -73.995486,40.419472,0 -73.99850499999999,40.410911,0 -74.0013937142123,40.4109832361894,0 -74.006383,40.411108,0 -74.047884,40.418908,0 -74.0480359798751,40.4189600291464,0 -74.0489282950962,40.4192655064293,0 -74.058984,40.422708,0 -74.0683028872767,40.4280150661858,0 -74.0686681488444,40.4282230810762,0 -74.07687,40.432894,0 -74.088903,40.438322,0 -74.0925949502042,40.4392411620846,0 -74.113513,40.444449,0 -74.1169329336954,40.4461123059368,0 -74.12450699999999,40.449796,0 -74.127319324398,40.4514436433646,0 -74.133492,40.45506,0 -74.13629299999999,40.455754,0 -74.13892300000001,40.454623,0 -74.142702,40.450497,0 -74.1475467589721,40.4491401864286,0 -74.149597,40.448566,0 -74.158078,40.447071,0 -74.164433,40.448102,0 -74.16960400000001,40.450843,0 -74.17474300000001,40.455242,0 -74.177008,40.45754,0 -74.180797,40.457703,0 -74.185558,40.452917,0 -74.1881901426713,40.4474623245908,0 -74.18887599999999,40.446041,0 -74.19390799999999,40.440995,0 -74.202128,40.43894,0 -74.2024865071141,40.4390960300667,0 -74.204699065436,40.4400589834053,0 -74.206188,40.440707,0 -74.209788,40.447407,0 -74.22494582655941,40.4532664936393,0 -74.236689,40.457806,0 -74.2579619285372,40.4636307304328,0 -74.261889,40.464706,0 -74.26648,40.476924,0 -74.26771464116869,40.4804167984455,0 -74.2700135809131,40.4869204963369,0 -74.270825,40.489216,0 -74.2655778729649,40.4950559772778,0 -74.259089,40.502278,0 -74.2587502214828,40.502050919215,0 -74.252838,40.498088,0 -74.24668800000001,40.496103,0 -74.23324,40.501299,0 -74.2219090685098,40.5023973077873,0 -74.219787,40.502603,0 -74.210474,40.509448,0 -74.199923,40.511729,0 -74.182157,40.520634,0 -74.17875521713999,40.5212582571977,0 -74.17038100000001,40.522795,0 -74.1602236311203,40.5278534345019,0 -74.155333,40.530289,0 -74.144428,40.53516,0 -74.1428630087495,40.5340529434371,0 -74.137241,40.530076,0 -74.127289,40.53814,0 -74.11281430603179,40.547455426348,0 -74.112585,40.547603,0 -74.107838671339,40.5516371925195,0 -74.0995582924497,40.5586751886129,0 -74.0946572315009,40.5628408974859,0 -74.08591199999999,40.570274,0 -74.08446962663319,40.5714939667277,0 -74.07628306785131,40.578418199772,0 -74.06433004534919,40.5885281269824,0 -74.06231200000001,40.590235,0 -74.0596877161933,40.5940750182011,0 -74.05312499999999,40.603678,0 -74.0566394561688,40.608152106985,0 -74.062742,40.615921,0 -74.067598,40.623865,0 -74.067741922667,40.6250530124618,0 -74.0693147000503,40.6380355340503,0 -74.0697,40.641216,0 -74.07356576729831,40.645519979277,0 -74.075884,40.648101,0 -74.086806,40.651596,0 -74.0801900504204,40.6630204644497,0 -74.08017700000001,40.663043,0 -74.071521,40.660467,0 -74.0675953606189,40.6653987237643,0 -74.0661495472435,40.6672150781182,0 -74.064123,40.669761,0 -74.071597,40.673645,0 -74.06702900000001,40.691067,0 -74.0524945210624,40.6906518133042,0 -74.047285,40.690503,0 -74.046144,40.68927,0 -74.04439600000001,40.688542,0 -74.025442,40.684191,0 -74.0220537924917,40.6804990456477,0 -74.020467,40.67877,0 -74.0196741591005,40.6716358767167,0 -74.0186609575167,40.6625189088442,0 -74.018272,40.659019,0 -74.01828201157601,40.6590098985673,0 -74.02921763183301,40.6490684256064,0 -74.032066,40.646479,0 -74.033516831553,40.6443027526706,0 -74.0335492307693,40.6442541538461,0 -74.033668923077,40.6440746153846,0 -74.0350596923077,40.6419884615385,0 -74.0354890769231,40.6413443846154,0 -74.03585910791369,40.6407893381295,0 -74.038336,40.637074,0 -74.0387807086057,40.6357399832871,0 -74.0394205611599,40.6338205826048,0 -74.0410427721954,40.6289543474893,0 -74.04201162652561,40.626048022196,0 -74.042412,40.624847,0 -74.0418649828308,40.6225377811708,0 -74.04142132889621,40.6206649075623,0 -74.04056574715889,40.6170530913903,0 -74.04024720753191,40.6157083845955,0 -74.03959898735479,40.6129719398858,0 -74.03959,40.612934,0 -74.03657076143389,40.609117133663,0 -74.032856,40.604421,0 -74.0213585246369,40.6010516468648,0 -74.0169413144407,40.5997571765091,0 -74.01655346053759,40.5996435153163,0 -74.0157629336493,40.5994118501754,0 -74.0137834128018,40.5988317484954,0 -74.01105372666279,40.5980318097037,0 -74.00920604888,40.59749034484,0 -74.00659927757749,40.5967264264333,0 -74.004477683297,40.5961046899116,0 -74.003281,40.595754,0 -74.002724390789,40.5934301814371,0 -74.00221122365591,40.5912877316065,0 -74.0011507867541,40.5868604549672,0 -74.00080083153161,40.5853994075643,0 -74.0005364624953,40.5842956786611,0 -74.000486,40.584085,0 -74.0021335535718,40.5827200841292,0 -74.0039737651073,40.581195560755,0 -74.012022,40.574528,0 -74.00241425348879,40.5725865623465,0 -73.9973014334914,40.5715534146415,0 -73.99134599999999,40.57035,0 -73.9594143543065,40.5734102323355,0 -73.9523685080139,40.5740854849317,0 -73.9303639396485,40.5761943362038,0 -73.929564,40.576271,0 -73.92350399999999,40.571879,0 -73.92495233477381,40.5682727745844,0 -73.926329,40.564845,0 -73.9307175557489,40.5618629914617,0 -73.939995,40.555559,0 -73.939806,40.548264,0 -73.93035,40.546696,0 -73.905141,40.556401,0 -73.901173699598,40.5575676386038,0 -73.88048985314229,40.5636500047734,0 -73.86811128193411,40.5672900918774,0 -73.8636654694172,40.5685974434722,0 -73.8576250481637,40.5703737114387,0 -73.8474630238719,40.5733619927964,0 -73.8415419499204,40.5751031650666,0 -73.8355512890075,40.5768648003286,0 -73.834408,40.577201,0 -73.8208225064008,40.5802977068295,0 -73.80122325986579,40.5847652015255,0 -73.7955380853039,40.586061092526,0 -73.7884275639563,40.5876818801594,0 -73.774928,40.590759,0 -73.769692489162,40.5910726668176,0 -73.76375925010051,40.5914281355145,0 -73.756868,40.591841,0 -73.7525625582977,40.5903078960234,0 -73.7503555869235,40.5895220262279,0 -73.74268600000001,40.586791,0 -73.7011288904604,40.5851709161886,0 -73.6902927822468,40.5847484757521,0 -73.6812357799112,40.5843953928976,0 -73.6581573219007,40.5834956903767,0 -73.6466391390051,40.5830466595887,0 -73.640902,40.582823,0 -73.63740474743349,40.583391337025,0 -73.610873,40.587703,0 -73.570083,40.584012,0 -73.559093,40.582027,0 -73.50732499999999,40.593411,0 -73.48490146547201,40.5978245108009,0 -73.424026728554,40.6098061771414,0 -73.417311,40.611128,0 -73.351465,40.6305,0 -73.326262,40.6331,0 -73.30639600000001,40.620756,0 -73.2644932067679,40.6214371923939,0 -73.262106,40.621476,0 -73.23914000000001,40.6251,0 -73.20844,40.630884,0 -73.14526632896499,40.645491035999,0 -73.054963,40.666371,0 -73.012545,40.679651,0 -72.923214,40.713282,0 -72.863164,40.732962,0 -72.8078273390868,40.7496337037705,0 -72.768152,40.761587,0 -72.757176,40.764371,0 -72.753112,40.763571,0 -72.74520800000001,40.767091,0 -72.728173,40.7716689200894,0 -72.6805612431548,40.7844639196875,0 -72.6341866678758,40.7969264438912,0 -72.6136952950209,40.8024332162688,0 -72.573441,40.813251,0 -72.56625476464821,40.8152995755164,0 -72.47624344623379,40.8409590444972,0 -72.4717405048463,40.842242695119,0 -72.46999599999999,40.84274,0 -72.42139781309329,40.8584181030778,0 -72.39585,40.86666,0 -72.35189200706149,40.8831285091277,0 -72.29011852546449,40.9062714480455,0 -72.2450065625916,40.9231722827442,0 -72.22837814508181,40.9294019858592,0 -72.15478578110221,40.9569727741711,0 -72.114448,40.972085,0 -72.029357,40.999909,0 -72.02654006444681,41.000939713074,0 -71.935689,41.034182,0 -71.90349399999999,41.040891,0 -71.87391,41.052278,0 -71.86792458749851,41.0587004209606,0 -71.856365,41.071104,0 -71.857316,41.073151,0 -71.86402,41.075795,0 -71.869558,41.075046,0 -71.889543,41.075701,0 -71.89549599999999,41.077381,0 -71.904173,41.084106,0 -71.917075,41.080523,0 -71.93825,41.077413,0 -71.95959499999999,41.071237,0 -71.961563,41.064021,0 -71.956620302232,41.0501936967897,0 -71.95656,41.050025,0 -71.95898099999999,41.045743,0 -71.96975399999999,41.040515,0 -71.978188,41.043098,0 -71.98186200000001,41.047724,0 -71.990798,41.047695,0 -72.020025,41.022247,0 -72.037812,41.019979,0 -72.049086,41.022625,0 -72.05585000000001,41.021995,0 -72.056685,41.017963,0 -72.05669745766509,41.0179603401506,0 -72.061111,41.017018,0 -72.06094400000001,41.011536,0 -72.07823,41.007881,0 -72.07989999999999,41.005675,0 -72.07995099999999,41.003429,0 -72.081988,40.998806,0 -72.091758,40.994268,0 -72.101946,40.993449,0 -72.110715,40.99515,0 -72.11636799999999,40.999796,0 -72.1227272942113,41.007083453164,0 -72.13740900000001,41.023908,0 -72.135137,41.031284,0 -72.137297,41.039684,0 -72.153857,41.051859,0 -72.16037,41.053827,0 -72.162898,41.053187,0 -72.174882,41.046147,0 -72.17949,41.038435,0 -72.1828913757433,41.0358983808016,0 -72.183266,41.035619,0 -72.18760190844191,41.0338126190677,0 -72.190563,41.032579,0 -72.201859,41.032275,0 -72.217476,41.040611,0 -72.229364,41.044355,0 -72.241252,41.04477,0 -72.2604866287648,41.0420689840207,0 -72.260515,41.042065,0 -72.26527797299561,41.0454964281177,0 -72.273657,41.051533,0 -72.28309299999999,41.067874,0 -72.276709,41.076722,0 -72.280373,41.080402,0 -72.297718,41.081042,0 -72.317238,41.088659,0 -72.321462,41.100641,0 -72.335177,41.106917,0 -72.3373746965127,41.1090623948225,0 -72.33946299999999,41.111101,0 -72.33503899999999,41.120985,0 -72.321157,41.131901,0 -72.309105,41.134659,0 -72.299999,41.132741,0 -72.281676,41.122604,0 -72.261608,41.129645,0 -72.254806,41.134852,0 -72.250792,41.143838,0 -72.242875,41.153326,0 -72.237731,41.156434,0 -72.23821100000001,41.15949,0 -72.24534800000001,41.161217,0 -72.2681,41.154146,0 -72.272997,41.15501,0 -72.278789,41.158722,0 -72.29110900000001,41.155874,0 -72.304427,41.149212,0 -72.313348,41.148876,0 -72.325123,41.144999,0 -72.338853,41.142012,0 -72.35008999999999,41.140533,0 -72.35396,41.139252,0 -72.35775700000001,41.130709,0 -72.3608518244102,41.1277330261557,0 -72.368928,41.119967,0 -72.375281,41.118655,0 -72.382238,41.114237,0 -72.385566,41.107253,0 -72.394835,41.097044,0 -72.4027199128368,41.0939429193953,0 -72.417945,41.087955,0 -72.44524199999999,41.086116,0 -72.460778,41.067012,0 -72.4747347903279,41.0545143900742,0 -72.477306,41.052212,0 -72.5208361982544,41.0378862532755,0 -72.521548,41.037652,0 -72.549408,41.019567,0 -72.55911898962189,41.0134610589695,0 -72.565406,41.009508,0 -72.58532700000001,40.997587,0 -72.5917415388551,40.9955911954353,0 -72.63556199999999,40.981957,0 -72.6590136460338,40.9800572041941,0 -72.663707,40.979677,0 -72.685761,40.980288,0 -72.70806899999999,40.977851,0 -72.7084540400645,40.9777546452272,0 -72.745656,40.968445,0 -72.7604914806209,40.9668122001609,0 -72.77410399999999,40.965314,0 -72.7793812038223,40.9657690627129,0 -72.82605700000001,40.969794,0 -72.86379897774439,40.9656479836967,0 -72.88825,40.962962,0 -72.91383399999999,40.962466,0 -72.9248979499642,40.9634511517305,0 -72.9548590657224,40.9661189372077,0 -72.955163,40.966146,0 -72.9840495357432,40.966395412789,0 -72.995931,40.966498,0 -73.04044500000001,40.964498,0 -73.0431581444803,40.9625706341576,0 -73.043701,40.962185,0 -73.081582,40.973058,0 -73.0934142916261,40.9703434166215,0 -73.10070399999999,40.968671,0 -73.116557,40.975238,0 -73.11993099999999,40.975458,0 -73.13272600000001,40.966762,0 -73.150419,40.965622,0 -73.153509,40.961494,0 -73.143289,40.951442,0 -73.1444725295853,40.9448818874863,0 -73.146242,40.935074,0 -73.14848903048041,40.9300312455499,0 -73.148994,40.928898,0 -73.229285,40.905121,0 -73.2310560123055,40.9056427127502,0 -73.256960552761,40.9132737884924,0 -73.29505899999999,40.924497,0 -73.33136,40.929597,0 -73.344161,40.927297,0 -73.345561,40.925297,0 -73.3486076105678,40.9258893964993,0 -73.352761,40.926697,0 -73.365961,40.931697,0 -73.372298,40.935365,0 -73.392906,40.954675,0 -73.401094,40.954693,0 -73.40243599999999,40.950855,0 -73.403462,40.942197,0 -73.402963,40.925097,0 -73.406074,40.920235,0 -73.40710199999999,40.915966,0 -73.40631332681571,40.9131182460967,0 -73.4055411957948,40.9103302229049,0 -73.404088,40.905083,0 -73.4056313865249,40.9049129207347,0 -73.414805,40.903902,0 -73.426191,40.90618,0 -73.4332253845991,40.9069672163236,0 -73.43523399999999,40.907192,0 -73.428836,40.921506,0 -73.42941448314011,40.9249963857607,0 -73.429875,40.927775,0 -73.43713099999999,40.934269,0 -73.46437,40.936968,0 -73.478365,40.942297,0 -73.485365,40.946397,0 -73.491765,40.942097,0 -73.49664199999999,40.923476,0 -73.48962299999999,40.919633,0 -73.487055,40.916194,0 -73.481065,40.90195,0 -73.473516,40.895464,0 -73.47059900000001,40.876669,0 -73.47386388878461,40.8748958887846,0 -73.47888500000001,40.872169,0 -73.48868899999999,40.876846,0 -73.48939,40.884259,0 -73.49440800000001,40.895023,0 -73.507364,40.893788,0 -73.50771988786531,40.897958017712,0 -73.508531,40.907462,0 -73.514999,40.912821,0 -73.519267,40.914298,0 -73.548068,40.908698,0 -73.5578979632616,40.9125537394154,0 -73.566169,40.915798,0 -73.569969,40.915398,0 -73.59083808710309,40.9086903453222,0 -73.59517,40.907298,0 -73.60187000000001,40.902798,0 -73.617571,40.897898,0 -73.62101786155981,40.8984476059439,0 -73.62697199999999,40.899397,0 -73.633771,40.898198,0 -73.64107199999999,40.892599,0 -73.654372,40.878199,0 -73.6558698097119,40.8639198807468,0 -73.655872,40.863899,0 -73.647914,40.854303,0 -73.6485667089716,40.8534338281626,0 -73.653025,40.847497,0 -73.657115,40.841156,0 -73.6597249047186,40.841156,0 -73.665907,40.841156,0 -73.675573,40.856999,0 -73.713674,40.870099,0 -73.729575,40.8665,0 -73.73067500000001,40.8654,0 -73.726675,40.8568,0 -73.728275,40.8529,0 -73.74384909725831,40.8373628632787,0 -73.7544,40.826837,0 -73.754032,40.820941,0 -73.76830099999999,40.800797,0 -73.7691495733027,40.8001908918927,0 -73.7756062170033,40.7955791228441,0 -73.776032,40.795275,0 -73.781369,40.794907,0 -73.7817380382981,40.7953853187613,0 -73.7864227032759,40.8014572174264,0 -73.797332,40.815597,0 -73.7988399130861,40.816215819328,0 -73.804518,40.818546,0 -73.81188899999999,40.825363,0 -73.8120889264041,40.8257073846865,0 -73.81520500000001,40.831075,0 -73.815574,40.835129,0 -73.8153051029247,40.8362582898877,0 -73.81281,40.846737,0 -73.8093235331539,40.848371429166,0 -73.80691400000001,40.849501,0 -73.799543,40.848027,0 -73.79792848225929,40.8477468007216,0 -73.791044,40.846552,0 -73.785399,40.838004,0 -73.78317800000001,40.836838,0 -73.781206,40.838891,0 -73.78031,40.84456,0 -73.775413,40.846426,0 -73.77535593269199,40.8464072853256,0 -73.76991200000001,40.844622,0 -73.76715,40.845771,0 -73.769076,40.852904,0 -73.765822,40.855192,0 -73.769875,40.859683,0 -73.7831404707734,40.859947316013,0 -73.784831,40.859981,0 -73.78670301054051,40.8607900667404,0 -73.79256599999999,40.863324,0 -73.79076999999999,40.868547,0 -73.785107,40.876903,0 -73.7793088073049,40.8799816152526,0 -73.778615,40.88035,0 -73.7723621798763,40.880116984866,0 -73.770189,40.880036,0 -73.766276,40.881099,0 -73.76717600000001,40.886299,0 -73.7687925363464,40.8875275676233,0 -73.77295100000001,40.890688,0 -73.773504,40.893612,0 -73.7618002025536,40.9068963138519,0 -73.756776,40.912599,0 -73.7549857400997,40.9134869333932,0 -73.7365164541155,40.9226473328254,0 -73.731775,40.924999,0 -73.721739,40.932037,0 -73.71350231634111,40.9346575581799,0 -73.712079678126,40.9351101804203,0 -73.7029486198861,40.9380152900922,0 -73.697974,40.939598,0 -73.68647300000001,40.945198,0 -73.683273,40.948998,0 -73.678073,40.962798,0 -73.664472,40.967198,0 -73.66207199999999,40.966198,0 -73.659972,40.968398,0 -73.65597200000001,40.979597,0 -73.657336,40.985171,0 -73.65117499999999,40.995229,0 -73.643478,41.002171,0 -73.64197415757531,41.0026611584263,0 -73.60395200000001,41.015054,0 -73.5967420568665,41.0158760715483,0 -73.595699,41.015995,0 -73.584988,41.010537,0 -73.5848697644485,41.0094195581216,0 -73.583968,41.000897,0 -73.57006800000001,41.001597,0 -73.567668,41.010897,0 -73.56196799999999,41.016797,0 -73.5528704814779,41.023345232971,0 -73.55149400000001,41.024336,0 -73.53950242372019,41.0299651232054,0 -73.5369860172089,41.0311463826125,0 -73.535338,41.03192,0 -73.53440988338011,41.0318290794847,0 -73.532786,41.03167,0 -73.53018899999999,41.028776,0 -73.53116900000001,41.021919,0 -73.52886599999999,41.016397,0 -73.522666,41.019297,0 -73.516766,41.029497,0 -73.5167739824754,41.0300354383577,0 -73.516903,41.038738,0 -73.49570843204231,41.0472199625331,0 -73.49332699999999,41.048173,0 -73.47736399999999,41.035997,0 -73.468239,41.051347,0 -73.45036399999999,41.057096,0 -73.44684360823069,41.0570039696289,0 -73.435063,41.056696,0 -73.43185231323061,41.0544222821405,0 -73.43165265955869,41.0542808930383,0 -73.4287836129833,41.0522491151333,0 -73.42216500000001,41.047562,0 -73.387227,41.058247,0 -73.3837797226888,41.0611087959786,0 -73.354231,41.085639,0 -73.37229600000001,41.10402,0 -73.3703110570288,41.1043048981457,0 -73.3472200066355,41.1076191482454,0 -73.33065999999999,41.109996,0 -73.31186,41.116296,0 -73.2983961626033,41.1244606391542,0 -73.296359,41.125696,0 -73.286759,41.127896,0 -73.286319387982,41.1277086320648,0 -73.26235800000001,41.117496,0 -73.247958,41.126396,0 -73.2452085929616,41.1301471289826,0 -73.235058,41.143996,0 -73.2348411938807,41.143951311588,0 -73.228295,41.142602,0 -73.220273079983,41.1474497564937,0 -73.202656,41.158096,0 -73.181592663831,41.165376996479,0 -73.177774,41.166697,0 -73.175855,41.1662216588435,0 -73.17070099999999,41.164945,0 -73.170074,41.160532,0 -73.1643702089446,41.1585646568859,0 -73.130253,41.146797,0 -73.111052,41.150797,0 -73.108352,41.153718,0 -73.10995200000001,41.156997,0 -73.11035200000001,41.159697,0 -73.10798699999999,41.168738,0 -73.105493,41.172194,0 -73.1054827137207,41.1722026187037,0 -73.10432780864031,41.173170294615,0 -73.0912196053502,41.1841534418713,0 -73.09046761606039,41.1847835212897,0 -73.07944999999999,41.194015,0 -73.077609688953,41.1951761355571,0 -73.07450052034081,41.1971378507979,0 -73.05934999999999,41.206697,0 -73.0549471812157,41.2084682489362,0 -73.05065,41.210197,0 -73.0489759860141,41.2100182860055,0 -73.04560240211011,41.2096581297224,0 -73.03521955656301,41.2085496803206,0 -73.022549,41.207197,0 -73.020449,41.206397,0 -73.020149,41.204097,0 -73.014948,41.204297,0 -73.0134651172266,41.2054792984274,0 -73.007548,41.210197,0 -73.0042965792038,41.2144306208285,0 -73.00363879341811,41.2152871127369,0 -72.99794799999999,41.222697,0 -72.98624700000001,41.233497,0 -72.98509519017691,41.234358477595,0 -72.983751012303,41.2353638337734,0 -72.9757148317574,41.2413743655037,0 -72.962047,41.251597,0 -72.9613450175145,41.2517804657456,0 -72.9600281292533,41.2521246394134,0 -72.9569835813667,41.2529203433798,0 -72.93564600000001,41.258497,0 -72.9334722145705,41.2600244933098,0 -72.9309452490463,41.2618001620949,0 -72.928206,41.263725,0 -72.9323135566152,41.2694226362281,0 -72.932799,41.270096,0 -72.9365637084817,41.2765857274661,0 -72.9366261407483,41.2766933502467,0 -72.9368653758693,41.2771057515635,0 -72.93856,41.280027,0 -72.9383006377417,41.2800722298846,0 -72.93708650078079,41.2802839618266,0 -72.9328842765443,41.2810167828566,0 -72.927229,41.282003,0 -72.9263143765707,41.2831215180123,0 -72.91982299999999,41.29106,0 -72.913087,41.296737,0 -72.90762100000001,41.296201,0 -72.9074802137974,41.2950600909234,0 -72.90595500000001,41.2827,0 -72.90315,41.274921,0 -72.90548099999999,41.270125,0 -72.897496,41.265756,0 -72.89636989147159,41.2639488595268,0 -72.893845,41.259897,0 -72.894729565167,41.2562604543135,0 -72.894745,41.256197,0 -72.90304500000001,41.252797,0 -72.90407,41.248666,0 -72.903627,41.247744,0 -72.9005105361891,41.2466362746353,0 -72.897702,41.245638,0 -72.894392,41.242408,0 -72.887614,41.244749,0 -72.881231,41.242942,0 -72.8810669299239,41.2429614290254,0 -72.861344,41.245297,0 -72.8597720961375,41.2458238433442,0 -72.854055,41.24774,0 -72.85021,41.255544,0 -72.847767,41.25669,0 -72.826883,41.256755,0 -72.8258872110133,41.2563978364359,0 -72.819372,41.254061,0 -72.818737,41.252244,0 -72.7861552551193,41.2647908955896,0 -72.786142,41.264796,0 -72.75747699999999,41.266913,0 -72.75444400000001,41.266913,0 -72.760341,41.241235,0 -72.7357129368613,41.2528680593206,0 -72.72243899999999,41.259138,0 -72.71245999999999,41.254167,0 -72.711208,41.251018,0 -72.713674,41.249007,0 -72.710595,41.24448,0 -72.7018060024966,41.2447516931914,0 -72.6954697789697,41.2449475640846,0 -72.694744,41.24497,0 -72.690439,41.246697,0 -72.68553900000001,41.251297,0 -72.684939,41.257597,0 -72.6743188044356,41.2655200030401,0 -72.67233899999999,41.266997,0 -72.667176267786,41.2681924542544,0 -72.66283799999999,41.269197,0 -72.66220345945941,41.2689643351351,0 -72.6547149283877,41.2662185404088,0 -72.65383799999999,41.265897,0 -72.641538,41.266998,0 -72.617237,41.271998,0 -72.6078629918826,41.2703869262649,0 -72.59803599999999,41.268698,0 -72.5909667135432,41.2701407115218,0 -72.5851726267595,41.2713231782123,0 -72.583336,41.271698,0 -72.571136,41.268098,0 -72.57065498189741,41.2677438124101,0 -72.547235,41.250499,0 -72.54683296416719,41.2507177835384,0 -72.5377762161873,41.2556463675281,0 -72.53674599999999,41.256207,0 -72.533247,41.26269,0 -72.529416,41.264421,0 -72.5218958750572,41.2655150556895,0 -72.52131199999999,41.2656,0 -72.51866,41.261253,0 -72.50663400000001,41.260099,0 -72.499534,41.265866,0 -72.48622740610119,41.2706873690053,0 -72.485693,41.270881,0 -72.472539,41.270103,0 -72.451925,41.278885,0 -72.4166389811008,41.2785113878421,0 -72.40593,41.278398,0 -72.39868800000001,41.278172,0 -72.3981541706389,41.2774471536646,0 -72.386629,41.261798,0 -72.348068,41.269698,0 -72.348643,41.277446,0 -72.341460181784,41.2801099104781,0 -72.333894,41.282916,0 -72.32928529009931,41.2796557346694,0 -72.327595,41.27846,0 -72.31776000000001,41.277782,0 -72.261487,41.282926,0 -72.251323,41.289997,0 -72.25125935602399,41.2903427096669,0 -72.25051499999999,41.294386,0 -72.251895,41.29862,0 -72.2488103721913,41.2993370479212,0 -72.248161,41.299488,0 -72.23553099999999,41.300413,0 -72.22527599999999,41.299047,0 -72.224856841323,41.298786315337,0 -72.212924,41.291365,0 -72.20402199999999,41.299097,0 -72.203022,41.313197,0 -72.20142199999999,41.315697,0 -72.191022,41.323197,0 -72.184122,41.323997,0 -72.177622,41.322497,0 -72.17746505792979,41.3222891577989,0 -72.173922,41.317597,0 -72.16158,41.310262,0 -72.1549595273715,41.3076330729692,0 -72.134221,41.299398,0 -72.11181999999999,41.299098,0 -72.1031192511964,41.3048259929624,0 -72.09981999999999,41.306998,0 -72.094443,41.314164,0 -72.084487,41.319634,0 -72.0823518315876,41.3195386169314,0 -72.05471900000001,41.318304192398,0 -72.02189799999999,41.316838,0 -71.988153,41.320577,0 -71.98219400000001,41.329861,0 -71.9802752216186,41.3299490109487,0 -71.97944699999999,41.329987,0 -71.970955,41.324526,0 -71.95674699999999,41.329871,0 -71.945652,41.337799,0 -71.93755544038289,41.3379372845366,0 -71.936284,41.337959,0 -71.923282,41.335113,0 -71.92209200000001,41.334518,0 -71.91670999999999,41.332217,0 -71.886302,41.33641,0 -71.8823535856847,41.3352147889583,0 -71.868235,41.330941,0 -71.859566,41.3224,0 -71.860513,41.320248,0 -71.862109,41.316612,0 -71.86277200000001,41.309791,0 -71.857432,41.306318,0 -71.833755,41.315631,0 -71.785957,41.325739,0 -71.773702,41.327977,0 -71.7298465320865,41.3309497187381,0 -71.72074000000001,41.331567,0 -71.70163100000001,41.336968,0 -71.68807,41.342823,0 -71.63894164737719,41.3567712321999,0 -71.625738570642,41.3605197718969,0 -71.624505,41.36087,0 -71.555381,41.373316,0 -71.526724,41.376636,0 -71.52324019767249,41.3761302825414,0 -71.513401,41.374702,0 -71.483295,41.371722,0 -71.474918,41.386104,0 -71.4699780960476,41.3916279382305,0 -71.455371,41.407962,0 -71.455845,41.432986,0 -71.448948,41.438479,0 -71.441199,41.441602,0 -71.4404734588792,41.4415403218089,0 -71.43767,41.441302,0 -71.433612,41.444995,0 -71.428652,41.454158,0 -71.42793500000001,41.459529,0 -71.430926,41.465655,0 -71.430744,41.470636,0 -71.422991,41.472682,0 -71.42115699999999,41.469888,0 -71.418404,41.472652,0 -71.417621,41.477934,0 -71.417957,41.482073,0 -71.419971,41.484758,0 -71.421425,41.498629,0 -71.419580644601,41.5036532196857,0 -71.41493699999999,41.516303,0 -71.41482499999999,41.523126,0 -71.41739800000001,41.534536,0 -71.421649,41.537892,0 -71.4389436752021,41.5603664792055,0 -71.442567,41.565075,0 -71.446669540274,41.5772949085907,0 -71.447712,41.5804,0 -71.4316315513171,41.5836646143257,0 -71.40376999999999,41.589321,0 -71.4048441101543,41.6035574252957,0 -71.4053761434109,41.6106090779422,0 -71.4071698133634,41.6343826622251,0 -71.4086362699643,41.6538193091689,0 -71.409302,41.662643,0 -71.42545200000001,41.670785,0 -71.430038,41.667541,0 -71.44232369441799,41.6648744168456,0 -71.444468,41.664409,0 -71.44931800000001,41.687401,0 -71.44592299999999,41.691144,0 -71.441896,41.690025,0 -71.443082,41.688303,0 -71.44133600000001,41.686446,0 -71.4301172816065,41.6853668969027,0 -71.418069,41.684208,0 -71.4015669618488,41.6841408356613,0 -71.39149060457331,41.68409982425,0 -71.390551,41.684096,0 -71.389432,41.683425,0 -71.390775,41.680629,0 -71.38988000000001,41.671903,0 -71.38204899999999,41.667317,0 -71.37791,41.666646,0 -71.37298800000001,41.672575,0 -71.36867673141759,41.6858402593489,0 -71.365717,41.694947,0 -71.365717,41.711615,0 -71.36520798601209,41.7132664358317,0 -71.36393700000001,41.71739,0 -71.37653400000001,41.721648,0 -71.38105,41.727324,0 -71.3810337558028,41.7281108880245,0 -71.38081200000001,41.738853,0 -71.380574,41.745947,0 -71.382356298451,41.7510750353869,0 -71.38458238293001,41.7574799334983,0 -71.385566,41.76031,0 -71.38549500000001,41.768664,0 -71.39083100000001,41.778833,0 -71.3907732971236,41.7798596478917,0 -71.390557,41.783708,0 -71.38247156425049,41.7850991833895,0 -71.381287,41.785303,0 -71.3716853333333,41.7833826666667,0 -71.37154200000001,41.783354,0 -71.3663143294948,41.7785890561345,0 -71.36512500000001,41.777505,0 -71.36465,41.764742,0 -71.360134,41.749494,0 -71.3553095594246,41.7467674899196,0 -71.35229,41.745061,0 -71.344447,41.736193,0 -71.34021704415861,41.7304787955841,0 -71.33613099999999,41.724959,0 -71.31482,41.723808,0 -71.30575899999999,41.718662,0 -71.29534393063921,41.7072055669443,0 -71.291217,41.702666,0 -71.293119,41.688347,0 -71.298935,41.681524,0 -71.302627,41.681747,0 -71.306095,41.672575,0 -71.303746,41.654788,0 -71.301396,41.649978,0 -71.299159,41.649531,0 -71.29498068124479,41.6456960093985,0 -71.2901512815459,41.6412634365047,0 -71.285346,41.636853,0 -71.27269200000001,41.638535,0 -71.2698691597587,41.6417449354172,0 -71.267055,41.644945,0 -71.25469699999999,41.649059,0 -71.253416,41.660593,0 -71.24155,41.667205,0 -71.23535200000001,41.672134,0 -71.23648203106519,41.6768367705434,0 -71.237635,41.681635,0 -71.245335,41.694855,0 -71.2428492200865,41.6965081809783,0 -71.24099099999999,41.697744,0 -71.227875,41.705498,0 -71.22479800000001,41.710498,0 -71.20831607029599,41.690483178443,0 -71.2012176289109,41.6818631903586,0 -71.19564,41.67509,0 -71.2036782105998,41.6608347358895,0 -71.204984,41.658519,0 -71.2158376586551,41.6548119781927,0 -71.21919,41.653667,0 -71.233234,41.64023,0 -71.251082,41.63878,0 -71.2555062363864,41.6356302332483,0 -71.271862,41.623986,0 -71.275234,41.619444,0 -71.272412,41.615041,0 -71.273445,41.60699,0 -71.2790127357333,41.5927753045905,0 -71.28514199999999,41.577127,0 -71.288376,41.573274,0 -71.294363,41.571416,0 -71.30145707260409,41.5626402449893,0 -71.303652,41.559925,0 -71.3056506764502,41.5561475276509,0 -71.31053300000001,41.54692,0 -71.313079,41.534672,0 -71.313658272477,41.5341398472535,0 -71.3206551509205,41.5277121155243,0 -71.330831,41.518364,0 -71.33069399999999,41.507699,0 -71.3339903565867,41.5048221164848,0 -71.341122,41.498598,0 -71.343013,41.495615,0 -71.3323953201842,41.4867873193948,0 -71.327822,41.482985,0 -71.3276342495909,41.4801882393913,0 -71.3275149640227,41.4784113421808,0 -71.32737899999999,41.476386,0 -71.335992,41.469647,0 -71.34707,41.47123,0 -71.36152,41.464831,0 -71.36274299999999,41.460379,0 -71.351096,41.450802,0 -71.337695,41.448902,0 -71.32141,41.4556,0 -71.312718,41.454597,0 -71.31269399999999,41.451402,0 -71.31139400000001,41.450802,0 -71.304394,41.454502,0 -71.2977731270131,41.4757903568796,0 -71.29511100000001,41.48435,0 -71.2926197230934,41.485258716397,0 -71.285639,41.487805,0 -71.264793,41.488902,0 -71.252692,41.485902,0 -71.245992,41.481302,0 -71.246703,41.47196,0 -71.24071000000001,41.474872,0 -71.236751,41.483369,0 -71.23717499999999,41.486546,0 -71.238586,41.486845,0 -71.24061399999999,41.500557,0 -71.2334289412223,41.5140568056013,0 -71.229444,41.521544,0 -71.22798899999999,41.528297,0 -71.234775,41.532538,0 -71.236642,41.535852,0 -71.2362069481748,41.5689184878444,0 -71.23613,41.574767,0 -71.2436,41.587508,0 -71.2434396046432,41.5892676885274,0 -71.241237626944,41.6134254632372,0 -71.240709,41.619225,0 -71.2373851902248,41.6200732491442,0 -71.21679074337609,41.6253290318444,0 -71.21616,41.62549,0 -71.21200399999999,41.62299,0 -71.2122770662031,41.6198824669378,0 -71.212417,41.61829,0 -71.212656,41.610072,0 -71.20778,41.60066,0 -71.20865000000001,41.571028,0 -71.21356299999999,41.545818,0 -71.21328588058221,41.5451358415396,0 -71.200788,41.514371,0 -71.206382,41.499215,0 -71.199692,41.495511,0 -71.19938999999999,41.491769,0 -71.190167,41.484285,0 -71.190016,41.478275,0 -71.196607,41.464756,0 -71.19685699999999,41.461116,0 -71.19496700000001,41.459037,0 -71.19302,41.457931,0 -71.170131,41.463974,0 -71.167345,41.471405,0 -71.140224,41.485855,0 -71.141093,41.489937,0 -71.136867,41.493942,0 -71.12057,41.497448,0 -71.085663,41.509292,0 -71.058418,41.505967,0 -71.03551400000001,41.499047,0 -71.0235227155905,41.5063263626273,0 -71.01935400000001,41.508857,0 -71.003275,41.511912,0 -70.986538,41.513023,0 -70.98335400000001,41.520616,0 -70.979225,41.530427,0 -70.969786,41.533951,0 -70.95686000000001,41.526979,0 -70.947929,41.529802,0 -70.941785,41.540121,0 -70.93207700000001,41.544304,0 -70.93783000000001,41.565239,0 -70.9473,41.573659,0 -70.948797,41.579038,0 -70.946911,41.581089,0 -70.9445749147645,41.5815556770158,0 -70.931338,41.5842,0 -70.928888,41.592655,0 -70.93387199999999,41.607126,0 -70.93307474210491,41.6081057566516,0 -70.9324891310428,41.6088254188047,0 -70.929119,41.612967,0 -70.92656492148041,41.612662878171,0 -70.92157512894769,41.6120687285317,0 -70.918806,41.611739,0 -70.9167964863105,41.6080237289979,0 -70.91242200000001,41.599936,0 -70.90508699999999,41.598014,0 -70.8998846845538,41.6006773380497,0 -70.896846,41.602233,0 -70.900386586704,41.6128251047974,0 -70.902338,41.618663,0 -70.90208828178019,41.618867907187,0 -70.89746291730231,41.6226632667125,0 -70.886623,41.631558,0 -70.87397799999999,41.627291,0 -70.870937,41.625083,0 -70.869489,41.615292,0 -70.866252,41.600053,0 -70.860567,41.590034,0 -70.85168899999999,41.588365,0 -70.84603,41.594558,0 -70.84091600000001,41.595322,0 -70.83855800000001,41.594146,0 -70.830838,41.585891,0 -70.82182400000001,41.585555,0 -70.81652800000001,41.591037,0 -70.82384500000001,41.602675,0 -70.832081,41.607994,0 -70.8509,41.612144,0 -70.85271666677269,41.6243590711829,0 -70.852863,41.625343,0 -70.84356699999999,41.629335,0 -70.84326324341571,41.6291586074387,0 -70.835296,41.624532,0 -70.81027899999999,41.624873,0 -70.801063,41.629513,0 -70.80021499999999,41.631753,0 -70.804664,41.641157,0 -70.816351,41.645995,0 -70.815729,41.652796,0 -70.81328600000001,41.65567,0 -70.809118,41.656437,0 -70.779809,41.651546,0 -70.77365399999999,41.645033,0 -70.766837,41.642507,0 -70.760632,41.64603,0 -70.757622,41.654265,0 -70.75819799999999,41.661225,0 -70.76236,41.667735,0 -70.7614971774321,41.6766410172446,0 -70.761481,41.676808,0 -70.755347,41.694326,0 -70.74439599999999,41.696967,0 -70.728025,41.686788,0 -70.71850999999999,41.687365,0 -70.716081,41.692628,0 -70.72130199999999,41.712968,0 -70.728933,41.723433,0 -70.72822033756189,41.7259796315718,0 -70.726331,41.732731,0 -70.7246106713291,41.7334128320562,0 -70.718739,41.73574,0 -70.70819299999999,41.730959,0 -70.67045299999999,41.721912,0 -70.65659599999999,41.715401,0 -70.651093,41.715715,0 -70.64464099999999,41.71898,0 -70.6429143296187,41.7184094322972,0 -70.626529,41.712995,0 -70.62365200000001,41.707398,0 -70.6250500374333,41.7005899955642,0 -70.62544,41.698691,0 -70.645962,41.693794,0 -70.65328,41.686252,0 -70.64286300000001,41.67486,0 -70.645358,41.665679,0 -70.6388637240029,41.6612151374411,0 -70.63598,41.659233,0 -70.638695,41.649427,0 -70.6392539604697,41.64917788976,0 -70.650419,41.644202,0 -70.652614,41.637829,0 -70.645251,41.633547,0 -70.64000299999999,41.624616,0 -70.65198599999999,41.610184,0 -70.652449,41.60521,0 -70.6423112509916,41.5836430565815,0 -70.64203999999999,41.583066,0 -70.64094799999999,41.577325,0 -70.6411970181086,41.5766415836351,0 -70.642748,41.572385,0 -70.64878,41.56987,0 -70.653899,41.56516,0 -70.655365,41.557498,0 -70.654302,41.549926,0 -70.658659,41.543385,0 -70.6950042011368,41.5257550044626,0 -70.707322,41.51978,0 -70.745053,41.500966,0 -70.787769,41.474609,0 -70.80218600000001,41.460864,0 -70.833698,41.457155,0 -70.855265,41.448892,0 -70.88030000000001,41.437969,0 -70.901011,41.434453,0 -70.923698,41.430716,0 -70.92816500000001,41.431265,0 -70.949287,41.418308,0 -70.950186,41.410962,0 -70.941987,41.407539,0 -70.918564,41.41833,0 -70.90276299999999,41.421061,0 -70.866946,41.422378,0 -70.857528,41.425767,0 -70.831872,41.442274,0 -70.81747799999999,41.445562,0 -70.79027000000001,41.446339,0 -70.75782100000001,41.465699,0 -70.734306,41.486335,0 -70.705181,41.496677,0 -70.67537900000001,41.512623,0 -70.6703974895493,41.514122019032,0 -70.654104,41.519025,0 -70.643627,41.532357,0 -70.633607,41.538254,0 -70.61671512805469,41.5418046975788,0 -70.611081,41.542989,0 -70.5888103294529,41.5453035168779,0 -70.5740227985975,41.5468403358828,0 -70.55968900000001,41.54833,0 -70.5594821312779,41.5483335159156,0 -70.5277851527204,41.5488722339013,0 -70.522327,41.548965,0 -70.493244,41.552044,0 -70.48557099999999,41.554244,0 -70.47625600000001,41.558502,0 -70.46127799999999,41.57182,0 -70.4478226553918,41.5886465442142,0 -70.445289,41.591815,0 -70.437246,41.605329,0 -70.43274866316629,41.6056447894555,0 -70.408535,41.607345,0 -70.400581,41.606382,0 -70.37915099999999,41.611361,0 -70.369854,41.615888,0 -70.364744,41.623671,0 -70.3647634467566,41.624071760863,0 -70.364892,41.626721,0 -70.36035200000001,41.631069,0 -70.351634,41.634687,0 -70.338067,41.636338,0 -70.32992400000001,41.634578,0 -70.3223718358594,41.6308907029688,0 -70.32158800000001,41.630508,0 -70.31168700000001,41.627408,0 -70.300653,41.62951,0 -70.29062,41.635196,0 -70.28131999999999,41.635125,0 -70.2763896560496,41.6335308699613,0 -70.274522,41.632927,0 -70.271423,41.629422,0 -70.2714504798741,41.6275502755861,0 -70.271654,41.613688,0 -70.264934,41.610474,0 -70.256435,41.612244,0 -70.253237,41.62195,0 -70.245867,41.628479,0 -70.2204154537478,41.6362715217332,0 -70.191061,41.645259,0 -70.158621,41.650438,0 -70.140877,41.650423,0 -70.1177579189868,41.6559700751516,0 -70.08923799999999,41.662813,0 -70.08657216433301,41.662973511535,0 -70.05552299999999,41.664843,0 -70.0374699588711,41.6673482970401,0 -70.029841,41.668407,0 -70.014016,41.672819,0 -70.007189,41.67219,0 -69.996359,41.667184,0 -69.975719,41.653738,0 -69.973556,41.647363,0 -69.98237899999999,41.632247,0 -69.992215,41.603319,0 -69.998879,41.579915,0 -70.013606,41.551046,0 -70.011229,41.543931,0 -69.998341,41.542737,0 -69.988215,41.554704,0 -69.976806,41.579393,0 -69.97187099999999,41.602382,0 -69.96374900000001,41.628272,0 -69.95207329330469,41.6405690579665,0 -69.950633,41.642086,0 -69.94689,41.647357,0 -69.939464,41.670699,0 -69.93645601965039,41.6763377213534,0 -69.92826100000001,41.6917,0 -69.92850412276201,41.7225100584581,0 -69.928652,41.74125,0 -69.935952,41.809422,0 -69.93611308916429,41.8100380000088,0 -69.945314,41.845222,0 -69.9503025394217,41.8594647471086,0 -69.957460195804,41.8799005262265,0 -69.968598,41.9117,0 -69.986085,41.949597,0 -69.9971252233437,41.9667576121419,0 -70.011898,41.98972,0 -70.033501,42.017736,0 -70.058531,42.040363,0 -70.082624,42.054657,0 -70.115968,42.067638,0 -70.1542553579408,42.0771582964788,0 -70.160166,42.078628,0 -70.189305,42.082337,0 -70.20689900000001,42.0819,0 -70.22562600000001,42.078601,0 -70.23808699999999,42.072878,0 -70.245385,42.063733,0 -70.24354,42.060569,0 -70.233256,42.057714,0 -70.218701,42.045848,0 -70.20905,42.029495,0 -70.19794400000001,42.019074,0 -70.183752,42.018807,0 -70.17961200000001,42.023871,0 -70.181828,42.02927,0 -70.18796399999999,42.031849,0 -70.193105,42.041157,0 -70.18681599999999,42.05045,0 -70.178468,42.05642,0 -70.169781,42.059736,0 -70.155415,42.062409,0 -70.14829400000001,42.06195,0 -70.1474110493532,42.0615904697418,0 -70.123043,42.051668,0 -70.10805999999999,42.043601,0 -70.095595,42.032832,0 -70.089578,42.024896,0 -70.083775,42.012041,0 -70.077421,41.985497,0 -70.07701183497321,41.9578830406822,0 -70.076809,41.944194,0 -70.077907,41.900968,0 -70.070476,41.895959,0 -70.06205300000001,41.898662,0 -70.05889500000001,41.913179,0 -70.055162,41.926796,0 -70.044901,41.931107,0 -70.030537,41.929154,0 -70.020296,41.898057,0 -70.015458,41.892933,0 -70.000013,41.890328,0 -69.998577,41.884511,0 -70.004599679905,41.8799599408077,0 -70.009013,41.876625,0 -70.0049926157462,41.8430560792113,0 -70.004486,41.838826,0 -70.00384200000001,41.80852,0 -70.00846199999999,41.800786,0 -70.008881569031,41.8004399174327,0 -70.0234458272774,41.7884265525001,0 -70.024734,41.787364,0 -70.036646540923,41.7829941621612,0 -70.064314,41.772845,0 -70.09606100000001,41.766549,0 -70.1219620657409,41.7588457390234,0 -70.121978,41.758841,0 -70.141533,41.760072,0 -70.180725996303,41.7511909093793,0 -70.182076,41.750885,0 -70.18925400000001,41.751982,0 -70.21607299999999,41.742981,0 -70.23484999999999,41.733733,0 -70.2470496867638,41.7238254818517,0 -70.25920499999999,41.713954,0 -70.26112780866271,41.7140235824218,0 -70.263654,41.714115,0 -70.272289,41.721346,0 -70.275203,41.726143,0 -70.29095700000001,41.734312,0 -70.37534100000001,41.738779,0 -70.38337176702569,41.739993941407,0 -70.412476,41.744397,0 -70.471552,41.761563,0 -70.4757828206242,41.7638800212522,0 -70.49404800000001,41.773883,0 -70.517411,41.790953,0 -70.5194131967539,41.7927710655732,0 -70.532656,41.804796,0 -70.5372893339932,41.8108590611294,0 -70.54103000000001,41.815754,0 -70.5421333110942,41.8202394911275,0 -70.54316799999999,41.824446,0 -70.54206499999999,41.831263,0 -70.535487,41.839381,0 -70.5349259875577,41.8404752570309,0 -70.534559080229,41.8411909112549,0 -70.525567,41.85873,0 -70.532084,41.889568,0 -70.54594899999999,41.907158,0 -70.54741,41.911934,0 -70.546386,41.916751,0 -70.552941,41.929641,0 -70.5599144089019,41.9342774939341,0 -70.583572,41.950007,0 -70.598078,41.947772,0 -70.608166,41.940701,0 -70.616491,41.940204,0 -70.623513,41.943273,0 -70.63125100000001,41.950475,0 -70.63406247591919,41.9523144353083,0 -70.648365,41.961672,0 -70.651673,41.958701,0 -70.6570611949732,41.9596441710353,0 -70.662476,41.960592,0 -70.6736891437598,41.9687353133602,0 -70.6934584197196,41.983092340479,0 -70.698981,41.987103,0 -70.71003399999999,41.999544,0 -70.7110208234907,42.0032011587613,0 -70.712204,42.007586,0 -70.695809,42.013346,0 -70.686798,42.012764,0 -70.678798,42.00551,0 -70.670934,42.007786,0 -70.667512,42.01232,0 -70.671666,42.02139,0 -70.66936,42.037116,0 -70.650874,42.046247,0 -70.65036781827649,42.0462197434654,0 -70.64433699999999,42.045895,0 -70.643208,42.050821,0 -70.64819,42.068441,0 -70.6477037799946,42.0730025646163,0 -70.64734900000001,42.076331,0 -70.6440083705761,42.0783077305464,0 -70.63848,42.081579,0 -70.640169,42.088633,0 -70.6629711094275,42.1075400769316,0 -70.66393100000001,42.108336,0 -70.6794649147252,42.1262707559227,0 -70.68046436794729,42.1274246794449,0 -70.685315,42.133025,0 -70.6900746845005,42.139866549462,0 -70.706264,42.163137,0 -70.71430100000001,42.168783,0 -70.7186705976755,42.1847202298334,0 -70.71870699999999,42.184853,0 -70.72120644705289,42.2010664260538,0 -70.722269,42.207959,0 -70.73056,42.21094,0 -70.74723,42.221816,0 -70.7487847258233,42.2232848281854,0 -70.75448799999999,42.228673,0 -70.764757,42.244062,0 -70.77096400000001,42.249197,0 -70.7807224462788,42.2517921093342,0 -70.788724,42.25392,0 -70.79138190981971,42.2549609704155,0 -70.811742,42.262935,0 -70.8246607239285,42.2659346457723,0 -70.831075,42.267424,0 -70.85109300000001,42.26827,0 -70.857337473493,42.2727549004601,0 -70.861807,42.275965,0 -70.870873,42.285668,0 -70.8758586416714,42.2928779235087,0 -70.881242,42.300663,0 -70.88276399999999,42.30886,0 -70.907556,42.307889,0 -70.91749,42.305686,0 -70.935272,42.302101,0 -70.94864,42.291637,0 -70.9538625145905,42.2847655203842,0 -70.957432,42.280069,0 -70.956219,42.270794,0 -70.96735099999999,42.268168,0 -70.98909,42.267449,0 -70.9905184057819,42.2682181415749,0 -70.99609700000001,42.271222,0 -71.00490000000001,42.28272,0 -71.0053038941746,42.2844505163762,0 -71.0054662371948,42.285146087822,0 -71.006158,42.28811,0 -71.0054733439859,42.2899991971493,0 -71.003561,42.295276,0 -70.986667,42.306265,0 -70.9917773371543,42.313099521268,0 -70.997838,42.321205,0 -71.01405200000001,42.319159,0 -71.01568,42.326019,0 -71.0143661405213,42.3291562630061,0 -71.0096963582367,42.3403068734369,0 -71.0095039930528,42.3407662073192,0 -71.0076445567796,42.3452062107797,0 -71.006877,42.347039,0 -70.99825300000001,42.352788,0 -70.9856450783315,42.3571927953199,0 -70.985135,42.357371,0 -70.9764788430747,42.3570456366433,0 -70.97584999999999,42.357022,0 -70.97242410537579,42.3538720735611,0 -70.96298899999999,42.345197,0 -70.953087,42.345718,0 -70.950092,42.351712,0 -70.9587963332836,42.3618303482405,0 -70.970406,42.375326,0 -70.9706682871406,42.3813522687953,0 -70.97082,42.384838,0 -70.971159,42.389498,0 -70.98033599999999,42.391513,0 -70.9804663697433,42.3917126893188,0 -70.98342599999999,42.396246,0 -70.98477099999999,42.401227,0 -70.9876993993044,42.4024189846864,0 -70.98985399999999,42.403296,0 -70.9911627968677,42.407235899739,0 -70.991501,42.408254,0 -70.987694,42.416696,0 -70.9868150009499,42.4180612538438,0 -70.98370424420381,42.4228928547472,0 -70.98299400000001,42.423996,0 -70.961146,42.440578,0 -70.9607797547703,42.4437802675437,0 -70.960222,42.448657,0 -70.952234,42.45177,0 -70.95084362010481,42.4513751891606,0 -70.94336300000001,42.449251,0 -70.94237800000001,42.432371,0 -70.939886,42.422512,0 -70.933418,42.417899,0 -70.912201,42.416702,0 -70.90693400000001,42.420532,0 -70.90839200000001,42.425197,0 -70.912171,42.428654,0 -70.91950300000001,42.430549,0 -70.9196926639799,42.4311064872949,0 -70.925916,42.449399,0 -70.92697906542119,42.4561980043886,0 -70.9275723313453,42.4599923311921,0 -70.927713,42.460892,0 -70.9267917206023,42.4618268086756,0 -70.921993,42.466696,0 -70.9219289266685,42.4667153710072,0 -70.917693,42.467996,0 -70.908092,42.466896,0 -70.89429199999999,42.460896,0 -70.887292,42.464896,0 -70.886493,42.470197,0 -70.8796990602452,42.4787870732174,0 -70.87969200000001,42.478796,0 -70.8609191317033,42.4886534487655,0 -70.85779100000001,42.490296,0 -70.847391,42.491496,0 -70.838165,42.491505,0 -70.83195499999999,42.501896,0 -70.8366873854405,42.51011277697,0 -70.842091,42.519495,0 -70.86627900000001,42.522617,0 -70.8664061180024,42.5230422952581,0 -70.8714771570143,42.54000833315,0 -70.87166539601481,42.5406381192762,0 -70.87235699999999,42.542952,0 -70.871382,42.546404,0 -70.8576364111594,42.5486805193226,0 -70.84849199999999,42.550195,0 -70.8461553643105,42.5503155359468,0 -70.823291,42.551495,0 -70.81539100000001,42.554195,0 -70.804091,42.561595,0 -70.7936634681151,42.5635687637263,0 -70.757283,42.570455,0 -70.737044,42.576863,0 -70.729688,42.57151,0 -70.71606354381341,42.5740860967971,0 -70.69857399999999,42.577393,0 -70.68450199999999,42.588858,0 -70.681428,42.593173,0 -70.6804307087295,42.5935263625419,0 -70.676743,42.594833,0 -70.67069499999999,42.593725,0 -70.667676,42.589216,0 -70.66514599999999,42.581893,0 -70.65876299999999,42.580359,0 -70.653642,42.581971,0 -70.63563499999999,42.600243,0 -70.61967729752691,42.6265660251019,0 -70.61842,42.62864,0 -70.605611,42.634898,0 -70.595015,42.635826,0 -70.591469,42.639821,0 -70.594959,42.656657,0 -70.602009,42.659429,0 -70.61481999999999,42.65765,0 -70.62279100000001,42.660873,0 -70.62381499999999,42.665481,0 -70.62375408243911,42.666154167873,0 -70.62286400000001,42.67599,0 -70.620622,42.687206,0 -70.62998,42.691879,0 -70.6436827444975,42.6896533574839,0 -70.645101,42.689423,0 -70.66354800000001,42.677603,0 -70.681594,42.662342,0 -70.68259399999999,42.654525,0 -70.6847572992523,42.654141783358,0 -70.689402,42.653319,0 -70.726250207424,42.6631824326492,0 -70.72884500000001,42.663877,0 -70.72982,42.669602,0 -70.744427,42.682092,0 -70.748752,42.683878,0 -70.764421,42.68565,0 -70.778671,42.693622,0 -70.778552,42.69852,0 -70.770453,42.704824,0 -70.772267,42.711064,0 -70.7881561419957,42.7388730837628,0 -70.792867,42.747118,0 -70.79502420036179,42.7531741570913,0 -70.80522000000001,42.781798,0 -70.8104548576603,42.8105916000238,0 -70.81200651638611,42.8191262811214,0 -70.8125498842839,42.822115,0 -70.81773099999999,42.850613,0 -70.817296,42.87229,0 -70.81698900000001,42.879864,0 -70.81586,42.88625,0 -70.813975,42.889766,0 -70.8135053708169,42.8901777145627,0 -70.810999,42.892375,0 -70.810681,42.906887,0 -70.810069,42.909549,0 -70.808712,42.912787,0 -70.8084577191825,42.9131359983346,0 -70.805971,42.916549,0 -70.798153,42.920926,0 -70.798636,42.924288,0 -70.7982963982116,42.926640253833,0 -70.79780599999999,42.930037,0 -70.79399600000001,42.93989,0 -70.7911654362705,42.9423515825794,0 -70.790682,42.942772,0 -70.786564,42.947378,0 -70.78513,42.950792,0 -70.78389592861809,42.9520934032731,0 -70.780383,42.955798,0 -70.779068,42.956802,0 -70.775597,42.957213,0 -70.77172899999999,42.961321,0 -70.769673,42.964419,0 -70.771913,42.966457,0 -70.7718,42.968064,0 -70.77047706199831,42.9695291266863,0 -70.76522199999999,42.975349,0 -70.764567,42.980201,0 -70.76147400000001,42.986681,0 -70.759175,42.989475,0 -70.75670100000001,42.991337,0 -70.755138,42.991789,0 -70.752804,42.991255,0 -70.74996899999999,42.991689,0 -70.749194,42.992677,0 -70.74902400000001,42.995467,0 -70.743793,43.008027,0 -70.74036,43.011171,0 -70.735477,43.012201,0 -70.734363,43.013307,0 -70.73268400000001,43.016916,0 -70.732135,43.022416,0 -70.73042599999999,43.025392,0 -70.728443,43.027597,0 -70.723178,43.029298,0 -70.718936,43.03235,0 -70.71355,43.042077,0 -70.71417599999999,43.046266,0 -70.7137950390816,43.0530618962366,0 -70.71362999999999,43.056006,0 -70.703799,43.059574,0 -70.703818,43.059825,0 -70.673114,43.070314,0 -70.665958,43.076234,0 -70.656223,43.093164,0 -70.655322,43.098008,0 -70.654212952007,43.0990652135462,0 -70.638355,43.114182,0 -70.634311,43.122162,0 -70.634455,43.127603,0 -70.62251000000001,43.134573,0 -70.62357900000001,43.152907,0 -70.61996132492619,43.1613144246086,0 -70.618872,43.163846,0 -70.596709,43.162549,0 -70.590823,43.169939,0 -70.605149,43.185191,0 -70.6026137639235,43.1877265499793,0 -70.58899599999999,43.201346,0 -70.577967,43.217565,0 -70.577934,43.223657,0 -70.5843371956398,43.2306012969828,0 -70.591022,43.237851,0 -70.593907,43.249295,0 -70.5862558097959,43.2675550570525,0 -70.585184,43.270113,0 -70.5777544840989,43.2776946092729,0 -70.57271829168729,43.2828339001226,0 -70.570041,43.285566,0 -70.56277900000001,43.310614,0 -70.5561236986798,43.3190194405021,0 -70.553854,43.321886,0 -70.5367023241991,43.3356045757279,0 -70.53524400000001,43.336771,0 -70.517695,43.344037,0 -70.501312,43.340144,0 -70.48531199999999,43.346391,0 -70.47621649113491,43.3446136322042,0 -70.472933,43.343972,0 -70.465975,43.340246,0 -70.460717,43.34325,0 -70.442438,43.356487,0 -70.428534,43.354818,0 -70.41631099999999,43.361059,0 -70.41846099999999,43.372538,0 -70.424421,43.379656,0 -70.427672,43.389254,0 -70.42128200000001,43.395777,0 -70.40641599999999,43.400942,0 -70.40166600000001,43.401262,0 -70.4006674635357,43.4004446816801,0 -70.400035,43.399927,0 -70.39089,43.402607,0 -70.38398100000001,43.41294,0 -70.38494900000001,43.418839,0 -70.370514,43.434133,0 -70.362015,43.439077,0 -70.343813,43.440114,0 -70.332836,43.446432,0 -70.327303,43.458521,0 -70.35754900000001,43.457833,0 -70.36736399999999,43.452264,0 -70.3769735739485,43.4611992833839,0 -70.380233,43.46423,0 -70.38292800000001,43.469674,0 -70.385615,43.487031,0 -70.384885,43.49604,0 -70.3845266011234,43.4967342811976,0 -70.37912300000001,43.507202,0 -70.3684818448582,43.5202668120642,0 -70.361214,43.52919,0 -70.35339193799,43.535405312744,0 -70.35282599999999,43.535855,0 -70.328796,43.540749,0 -70.32859343170649,43.5403932658106,0 -70.321116,43.527262,0 -70.307405,43.529032,0 -70.30776400000001,43.544315,0 -70.272497,43.562616,0 -70.27099787521421,43.5613508123617,0 -70.261917,43.553687,0 -70.244331,43.551849,0 -70.245499,43.539635,0 -70.22937209572061,43.5383800661788,0 -70.227842,43.538261,0 -70.2261487800662,43.5411105391164,0 -70.21678199999999,43.556874,0 -70.20612300000001,43.557627,0 -70.196911,43.565146,0 -70.20112,43.586515,0 -70.2117237741984,43.5896603568269,0 -70.214369,43.590445,0 -70.21708700000001,43.596717,0 -70.207491,43.623483,0 -70.20661071889801,43.6292215055781,0 -70.205934,43.633633,0 -70.190704,43.645582,0 -70.176664,43.659768,0 -70.168227,43.675136,0 -70.151724,43.681689,0 -70.115908,43.682978,0 -70.096039,43.672276,0 -70.088455,43.681454,0 -70.09192899999999,43.698111,0 -70.0854759026811,43.7026420501421,0 -70.079285,43.706989,0 -70.071304,43.713772,0 -70.0634503950829,43.7158149447231,0 -70.04667000000001,43.72018,0 -70.0373654370692,43.7134546996372,0 -70.03621200000001,43.712621,0 -70.001273,43.710388,0 -69.992615,43.724793,0 -69.98368499999999,43.744395,0 -69.97184,43.750642,0 -69.958056,43.767786,0 -69.95324599999999,43.768806,0 -69.948539,43.765948,0 -69.92701099999999,43.780174,0 -69.915593,43.775112,0 -69.903164,43.77239,0 -69.8873902869984,43.7770524049583,0 -69.884066,43.778035,0 -69.869732,43.775656,0 -69.862155,43.758962,0 -69.868673,43.742701,0 -69.858947,43.740531,0 -69.85559499999999,43.73266,0 -69.857927,43.723915,0 -69.855081,43.704746,0 -69.851297,43.703581,0 -69.833471,43.701281,0 -69.82895499999999,43.70678,0 -69.835323,43.721125,0 -69.770724,43.737183,0 -69.7650534498605,43.7394613795215,0 -69.754091,43.743866,0 -69.74101400000001,43.769288,0 -69.72804600000001,43.776318,0 -69.719723,43.786685,0 -69.717074,43.792403,0 -69.717804,43.801047,0 -69.714873,43.810264,0 -69.705838,43.823024,0 -69.70373635758401,43.8235228315119,0 -69.69785772172339,43.824918144431,0 -69.697239,43.825065,0 -69.692429,43.824336,0 -69.6909267105075,43.8235048062516,0 -69.685579,43.820546,0 -69.685473,43.816328,0 -69.664922,43.791033,0 -69.65818899999999,43.779163,0 -69.648616,43.791206,0 -69.650818,43.803785,0 -69.65315,43.817194,0 -69.649798,43.836287,0 -69.63493200000001,43.845907,0 -69.62968499999999,43.843429,0 -69.630268,43.837016,0 -69.62108600000001,43.826814,0 -69.61511,43.831623,0 -69.613069,43.837453,0 -69.613215,43.845032,0 -69.60461599999999,43.858004,0 -69.60057489315039,43.8583603643816,0 -69.594705,43.858878,0 -69.589167,43.851299,0 -69.59237299999999,43.830895,0 -69.598495,43.825502,0 -69.60461599999999,43.825793,0 -69.60592800000001,43.814862,0 -69.604179,43.813551,0 -69.588551,43.81836,0 -69.57852699999999,43.823316,0 -69.57546600000001,43.841972,0 -69.57269700000001,43.844012,0 -69.57148317548091,43.8441333269247,0 -69.568325,43.844449,0 -69.558122,43.84066,0 -69.552606,43.841347,0 -69.545028,43.861241,0 -69.55061600000001,43.872579,0 -69.55090800000001,43.877971,0 -69.54944999999999,43.880012,0 -69.54391200000001,43.881615,0 -69.5437920851829,43.8815777521728,0 -69.52467300000001,43.875639,0 -69.520301,43.868498,0 -69.513267,43.84479,0 -69.516212,43.837222,0 -69.514889,43.831298,0 -69.50329000000001,43.837673,0 -69.486243,43.869118,0 -69.483498,43.88028,0 -69.43806600000001,43.909539,0 -69.427277,43.912261,0 -69.422048,43.923047,0 -69.420146,43.935885,0 -69.42822700000001,43.957276,0 -69.393288,43.95642,0 -69.3761515503429,43.9617924632472,0 -69.366702,43.964755,0 -69.362802,43.946174,0 -69.3723,43.930388,0 -69.368735,43.920287,0 -69.34492299999999,43.924011,0 -69.340576,43.933846,0 -69.339285,43.942153,0 -69.32768900000001,43.945811,0 -69.315372,43.940743,0 -69.307776,43.943451,0 -69.3029121059743,43.940018019196,0 -69.298136,43.936647,0 -69.314666,43.917285,0 -69.322935,43.901644,0 -69.315245,43.882835,0 -69.321658,43.868797,0 -69.321246,43.859079,0 -69.31165900000001,43.856627,0 -69.286624,43.866462,0 -69.28586799999999,43.885273,0 -69.2900005982507,43.8895573496165,0 -69.30002899999999,43.899954,0 -69.291151,43.913898,0 -69.2801120191714,43.9141014273295,0 -69.273949,43.914215,0 -69.242812,43.918818,0 -69.220195,43.914937,0 -69.21293900000001,43.921404,0 -69.20366799999999,43.941806,0 -69.184724,43.959671,0 -69.17498000000001,43.976949,0 -69.14622,43.981567,0 -69.131536,43.976089,0 -69.1208922821213,43.9770509168633,0 -69.09775372835129,43.9791420437908,0 -69.094999,43.979391,0 -69.077028,43.973654,0 -69.067156,43.990529,0 -69.050347,43.99859,0 -69.04391200000001,44.006336,0 -69.046954,44.013794,0 -69.0489100448048,44.0161952812062,0 -69.0673869974719,44.0388779718469,0 -69.068112,44.039768,0 -69.073767,44.046135,0 -69.07980499999999,44.055256,0 -69.067876,44.067596,0 -69.06429900000001,44.069911,0 -69.056093,44.06949,0 -69.050622,44.068017,0 -69.050566,44.063152,0 -69.048917,44.062506,0 -69.03187800000001,44.079036,0 -69.043403,44.092164,0 -69.050814,44.094888,0 -69.056303,44.095162,0 -69.076452,44.090634,0 -69.089078,44.085326,0 -69.092,44.085734,0 -69.1006050028731,44.0931673542992,0 -69.101107,44.093601,0 -69.10086727721909,44.1043374366793,0 -69.100863,44.104529,0 -69.0828618011101,44.1161852409527,0 -69.080331,44.117824,0 -69.075667,44.129991,0 -69.07960799999999,44.143962,0 -69.080978,44.156768,0 -69.079835,44.160953,0 -69.077776,44.165043,0 -69.06124,44.165498,0 -69.054546,44.171542,0 -69.0523131804819,44.1914366177679,0 -69.05181,44.19592,0 -69.042807,44.215173,0 -69.043599,44.225029,0 -69.040193,44.233673,0 -69.02943399999999,44.248558,0 -69.02859006825911,44.2491392040609,0 -69.017051,44.257086,0 -69.005071,44.274071,0 -69.003682,44.294582,0 -68.979005,44.296327,0 -68.958889,44.314353,0 -68.954465,44.32405,0 -68.94816400000001,44.355882,0 -68.961111,44.375076,0 -68.96729999999999,44.381106,0 -68.978815,44.38634,0 -68.9829941066975,44.3942204089257,0 -68.984404,44.396879,0 -68.99076700000001,44.415033,0 -68.998384,44.425586,0 -68.982449,44.426195,0 -68.9577349606673,44.4282021931462,0 -68.94658200000001,44.429108,0 -68.931934,44.43869,0 -68.927452,44.448039,0 -68.92161299999999,44.45664,0 -68.899635,44.451764,0 -68.892775,44.44663,0 -68.88649100000001,44.430676,0 -68.87635899999999,44.42969,0 -68.858993,44.444923,0 -68.82915300000001,44.462242,0 -68.829241,44.469801,0 -68.833663,44.486634,0 -68.815538,44.499466,0 -68.80871500000001,44.509039,0 -68.807436,44.522027,0 -68.8014672012801,44.5230583576326,0 -68.794837,44.524204,0 -68.78565999999999,44.51209,0 -68.7808527716289,44.4966918899667,0 -68.778728,44.489886,0 -68.78367900000001,44.473879,0 -68.785898,44.462611,0 -68.78557600000001,44.454731,0 -68.797472,44.449792,0 -68.80163400000001,44.434803,0 -68.815325,44.42808,0 -68.82176699999999,44.40894,0 -68.818703,44.375077,0 -68.8182569370644,44.3736004766704,0 -68.81481100000001,44.362194,0 -68.816852991741,44.355641049776,0 -68.81764699999999,44.353093,0 -68.82131099999999,44.349594,0 -68.825419,44.334547,0 -68.828377,44.316549,0 -68.827197,44.31216,0 -68.795063,44.30786,0 -68.771489,44.320523,0 -68.76619700000001,44.327015,0 -68.762021,44.329597,0 -68.74616399999999,44.331148,0 -68.725657,44.321591,0 -68.7336145983279,44.3160677287594,0 -68.742165,44.310133,0 -68.74898399999999,44.299407,0 -68.72456,44.28166,0 -68.700242,44.270999,0 -68.678704,44.264705,0 -68.69731,44.247076,0 -68.71123,44.231795,0 -68.733774,44.221006,0 -68.731666,44.202246,0 -68.71782899999999,44.18709,0 -68.718531,44.165634,0 -68.681899,44.138212,0 -68.657635,44.127062,0 -68.6581179652792,44.1200404599176,0 -68.658794,44.110212,0 -68.651267,44.101422,0 -68.64641399999999,44.079914,0 -68.669383,44.076359,0 -68.660825,44.047892,0 -68.661801,44.021386,0 -68.657031,44.003823,0 -68.634355,44.017603,0 -68.617085,44.010097,0 -68.601696,44.012514,0 -68.604741,44.038857,0 -68.584101,44.071589,0 -68.601325,44.08632,0 -68.617858,44.097238,0 -68.62155498129241,44.1128752221504,0 -68.623099,44.119406,0 -68.610888,44.124674,0 -68.60549899999999,44.135461,0 -68.578879,44.146036,0 -68.611743,44.155246,0 -68.598634,44.174602,0 -68.57944500000001,44.185263,0 -68.564143,44.191641,0 -68.564618,44.211917,0 -68.5527273443555,44.2152171884468,0 -68.52910300000001,44.221774,0 -68.525302,44.227554,0 -68.52348000000001,44.235819,0 -68.528153,44.241263,0 -68.529802,44.249594,0 -68.519819,44.260209,0 -68.519516,44.265046,0 -68.528611,44.276117,0 -68.53226600000001,44.28634,0 -68.531532,44.290388,0 -68.538595,44.299902,0 -68.556236,44.300819,0 -68.56400499999999,44.308022,0 -68.566203,44.313007,0 -68.566936,44.317603,0 -68.563209,44.333039,0 -68.5624272603448,44.3341457109064,0 -68.553873,44.346256,0 -68.545434,44.355,0 -68.550051,44.371788,0 -68.559285,44.374307,0 -68.564741,44.385219,0 -68.56641999999999,44.394453,0 -68.565161,44.39907,0 -68.560964,44.402847,0 -68.555088,44.403687,0 -68.534522,44.397811,0 -68.529905,44.39907,0 -68.51452,44.41334,0 -68.505562,44.411661,0 -68.499686,44.414179,0 -68.494649,44.429709,0 -68.485415,44.434326,0 -68.480379,44.432647,0 -68.472824,44.404106,0 -68.48079799999999,44.397391,0 -68.483317,44.388157,0 -68.47828,44.378084,0 -68.466109,44.377245,0 -68.461072,44.378504,0 -68.461072,44.385639,0 -68.46426200000001,44.391081,0 -68.464106,44.398078,0 -68.458849,44.412141,0 -68.46382,44.436592,0 -68.460003,44.443317,0 -68.455095,44.447498,0 -68.44800600000001,44.449497,0 -68.4428259617749,44.4486337592459,0 -68.43928099999999,44.448043,0 -68.429648,44.439136,0 -68.43255600000001,44.426594,0 -68.43390100000001,44.401534,0 -68.427874,44.3968,0 -68.421783,44.396411,0 -68.41641199999999,44.397973,0 -68.39255900000001,44.41807,0 -68.39093200000001,44.427387,0 -68.38767799999999,44.430936,0 -68.37909999999999,44.430049,0 -68.372445,44.42369,0 -68.37121454200761,44.4217707875524,0 -68.359082,44.402847,0 -68.35809999999999,44.392337,0 -68.36031800000001,44.389674,0 -68.36372,44.388935,0 -68.367565,44.39071,0 -68.39803499999999,44.376191,0 -68.41114615859421,44.3748924576723,0 -68.42222700000001,44.373795,0 -68.4354,44.369718,0 -68.44671700000001,44.360113,0 -68.456879,44.344288,0 -68.452122,44.336171,0 -68.445724,44.324921,0 -68.43587532377769,44.3167670828694,0 -68.430853,44.312609,0 -68.43094600000001,44.298624,0 -68.426107,44.295102,0 -68.421302,44.284468,0 -68.41965,44.274612,0 -68.401268,44.252244,0 -68.389848,44.247066,0 -68.377982,44.247563,0 -68.369759,44.243311,0 -68.365364,44.237871,0 -68.343132,44.229505,0 -68.33949800000001,44.222893,0 -68.32041780549331,44.2248158238006,0 -68.317588,44.225101,0 -68.297704,44.242574,0 -68.274427,44.237099,0 -68.26666899999999,44.234033,0 -68.248913,44.235443,0 -68.19898499999999,44.236698,0 -68.193068,44.23901,0 -68.207122,44.263516,0 -68.22949,44.266918,0 -68.2251613937005,44.2862166801796,0 -68.224261,44.290231,0 -68.1966471804709,44.3042731699086,0 -68.191924,44.306675,0 -68.173608,44.328397,0 -68.17468700000001,44.343604,0 -68.182667,44.356885,0 -68.189155,44.373833,0 -68.1854685827976,44.3796823268927,0 -68.181954,44.385259,0 -68.149154,44.386957,0 -68.13686,44.380193,0 -68.125624,44.387127,0 -68.120164,44.396133,0 -68.10565800000001,44.395619,0 -68.10138000000001,44.379653,0 -68.103757,44.364362,0 -68.10328199999999,44.358245,0 -68.094725,44.351447,0 -68.076066,44.347925,0 -68.067047,44.335692,0 -68.060356,44.331988,0 -68.049334,44.33073,0 -68.043037,44.343667,0 -68.04471599999999,44.351222,0 -68.044296,44.357938,0 -68.03967900000001,44.360876,0 -68.034223,44.360456,0 -68.01399000000001,44.390255,0 -68.019533,44.396971,0 -68.015463,44.405918,0 -68.006462,44.408582,0 -68.000646,44.406624,0 -67.997288,44.399909,0 -67.985668,44.386917,0 -67.978876,44.387034,0 -67.961613,44.39907,0 -67.961613,44.4125,0 -67.9570893342113,44.4154085107811,0 -67.955737,44.416278,0 -67.94734200000001,44.415858,0 -67.936531,44.411187,0 -67.931453,44.411848,0 -67.927616,44.421314,0 -67.930554,44.428869,0 -67.926357,44.431807,0 -67.92131999999999,44.433066,0 -67.913346,44.430128,0 -67.91166699999999,44.419216,0 -67.89957099999999,44.394078,0 -67.892033,44.409668,0 -67.88732299999999,44.426351,0 -67.88732299999999,44.433066,0 -67.87850899999999,44.435585,0 -67.86885599999999,44.424672,0 -67.855108,44.419434,0 -67.851697,44.424282,0 -67.851764,44.428695,0 -67.830634,44.456655,0 -67.83793799999999,44.46467,0 -67.8329826500151,44.4717386266933,0 -67.82519600000001,44.482846,0 -67.80618200000001,44.485898,0 -67.79595500000001,44.476177,0 -67.782414,44.475045,0 -67.793589,44.494779,0 -67.776472,44.514209,0 -67.78088099999999,44.531151,0 -67.775046,44.543183,0 -67.767285,44.548278,0 -67.75889100000001,44.546599,0 -67.753854,44.543661,0 -67.742942,44.526453,0 -67.740076,44.508944,0 -67.742789,44.506176,0 -67.743353,44.497418,0 -67.733986,44.496252,0 -67.722876,44.498524,0 -67.71419,44.495238,0 -67.703489,44.504837,0 -67.69887199999999,44.51575,0 -67.70264899999999,44.527922,0 -67.696354,44.533798,0 -67.685861,44.537155,0 -67.660678,44.537575,0 -67.656901,44.535896,0 -67.65312299999999,44.525823,0 -67.6512381730641,44.5173814284258,0 -67.64885099999999,44.50669,0 -67.634806,44.487054,0 -67.595286,44.462195,0 -67.58772500000001,44.447446,0 -67.54724299999999,44.463066,0 -67.53144399999999,44.474212,0 -67.509208,44.496986,0 -67.521168,44.50991,0 -67.56815899999999,44.531117,0 -67.562321,44.539435,0 -67.569836,44.556788,0 -67.575056,44.560659,0 -67.53765300000001,44.571538,0 -67.53327899999999,44.564354,0 -67.51841,44.554241,0 -67.49175099999999,44.556123,0 -67.49079999999999,44.575258,0 -67.48152899999999,44.580414,0 -67.457747,44.598014,0 -67.44851300000001,44.600322,0 -67.447464,44.60326,0 -67.443686,44.605779,0 -67.42836699999999,44.609136,0 -67.4240495087036,44.6084359714691,0 -67.420602,44.607877,0 -67.41892300000001,44.60347,0 -67.411815,44.596954,0 -67.405492,44.594236,0 -67.39898700000001,44.602631,0 -67.395839,44.612914,0 -67.388704,44.626554,0 -67.386605,44.626974,0 -67.377554,44.619757,0 -67.368269,44.624672,0 -67.363158,44.631825,0 -67.36729800000001,44.652472,0 -67.374014,44.662965,0 -67.37905000000001,44.665483,0 -67.38114899999999,44.66947,0 -67.40499800000001,44.681654,0 -67.396441,44.693313,0 -67.37267300000001,44.691624,0 -67.355966,44.69906,0 -67.347782,44.69948,0 -67.3267605293448,44.7037513588575,0 -67.308538,44.707454,0 -67.299176,44.705705,0 -67.29929861743879,44.704570915362,0 -67.300144,44.696752,0 -67.307909,44.691295,0 -67.30962700000001,44.659316,0 -67.29844900000001,44.654377,0 -67.292462,44.648455,0 -67.293665,44.634316,0 -67.310745,44.613212,0 -67.322491,44.612458,0 -67.32297,44.609394,0 -67.314938,44.598215,0 -67.30242699999999,44.597323,0 -67.293403,44.599265,0 -67.261668,44.604598,0 -67.275141,44.623433,0 -67.24637300000001,44.626384,0 -67.234275,44.637201,0 -67.213025,44.63922,0 -67.18942699999999,44.645533,0 -67.19143800000001,44.64775,0 -67.19206800000001,44.655515,0 -67.186612,44.66265,0 -67.181785,44.663699,0 -67.16985699999999,44.662105,0 -67.15447899999999,44.668114,0 -67.155119,44.66944,0 -67.148061,44.684114,0 -67.13920899999999,44.693849,0 -67.128792,44.695421,0 -67.10395699999999,44.717444,0 -67.09893099999999,44.741311,0 -67.09254199999999,44.742693,0 -67.083477,44.739899,0 -67.07343899999999,44.741957,0 -67.06330800000001,44.758238,0 -67.06223900000001,44.769543,0 -67.05516,44.771442,0 -67.04335,44.765071,0 -67.02615,44.768199,0 -67.01994999999999,44.771427,0 -66.995154,44.791073,0 -66.989351,44.79878,0 -66.98620699999999,44.801749,0 -66.980874,44.803673,0 -66.972933,44.805932,0 -66.970026,44.805713,0 -66.961068,44.807269,0 -66.950569,44.814539,0 -66.949895,44.817419,0 -66.952112,44.82007,0 -66.96646800000001,44.819063,0 -66.975009,44.815495,0 -66.97503500000001,44.812983,0 -66.98240300000001,44.811466,0 -66.986318,44.820657,0 -66.996523,44.844654,0 -66.99296,44.849181,0 -66.97814200000001,44.856963,0 -66.981008,44.862813,0 -66.9862818608579,44.8739545461429,0 -66.990351,44.882551,0 -66.98923499999999,44.89648,0 -66.985901,44.89715,0 -66.983558,44.903277,0 -66.984466,44.912557,0 -66.990937,44.917835,0 -67.002118,44.918836,0 -67.033474,44.939923,0 -67.03829899999999,44.945433,0 -67.03927280626409,44.9479005609527,0 -67.05461,44.986764,0 -67.068274,45.001014,0 -67.07275300000001,45.008329,0 -67.07491400000001,45.019254,0 -67.08207400000001,45.029608,0 -67.099749,45.04500999999999,0 -67.117688,45.05673000000001,0 -67.10589899999999,45.065786,0 -67.09078599999999,45.068721,0 -67.094735,45.075458,0 -67.112414,45.112323,0 -67.1227728932442,45.1247660867642,0 -67.128935,45.132168,0 -67.145652,45.146667,0 -67.15791900000001,45.161004,0 -67.159406,45.162193,0 -67.161247,45.162879,0 -67.16786999999999,45.164595,0 -67.19116699999999,45.165876,0 -67.20393300000001,45.171407,0 -67.223156,45.16370000000001,0 -67.227324,45.163652,0 -67.23020099999999,45.16554900000001,0 -67.233047,45.168587,0 -67.24064300000001,45.171167,0 -67.242293,45.17224,0 -67.244012,45.17827400000001,0 -67.246697,45.18076499999999,0 -67.257795,45.185132,0 -67.26154200000001,45.187785,0 -67.27107599999999,45.191081,0 -67.283619,45.192022,0 -67.289794,45.18866299999999,0 -67.290603,45.187589,0 -67.29374199999999,45.177966,0 -67.29348400000001,45.17611399999999,0 -67.291707,45.174491,0 -67.291417,45.17145000000001,0 -67.29591000000001,45.1704,0 -67.299238,45.168937,0 -67.30256799999999,45.16134799999999,0 -67.30172899999999,45.157119,0 -67.29697899999999,45.15526700000001,0 -67.294363,45.153506,0 -67.294881,45.149666,0 -67.29617399999999,45.147952,0 -67.298209,45.146672,0 -67.30547199999999,45.144826,0 -67.3055634300256,45.1447878302518,0 -67.318462,45.139403,0 -67.329829,45.131654,0 -67.33986899999999,45.125594,0 -67.340806,45.125435,0 -67.345585,45.12639200000001,0 -67.35343399999999,45.129475,0 -67.357117,45.131782,0 -67.383635,45.152259,0 -67.390579,45.154114,0 -67.404629,45.159926,0 -67.40537,45.162852,0 -67.40537,45.164864,0 -67.404658,45.166944,0 -67.407139,45.17942500000001,0 -67.428889,45.193213,0 -67.42908300000001,45.199066,0 -67.43141,45.21003900000001,0 -67.437101,45.222658,0 -67.43998000000001,45.227047,0 -67.453473,45.241127,0 -67.46023599999999,45.241926,0 -67.462081,45.242748,0 -67.46357,45.24409699999999,0 -67.48767005410519,45.2788817887243,0 -67.489333,45.28128199999999,0 -67.489464,45.282653,0 -67.486524,45.290633,0 -67.48568299999999,45.29143299999999,0 -67.484258,45.291868,0 -67.482315,45.291412,0 -67.47969000000001,45.289767,0 -67.46647900000001,45.293817,0 -67.46609100000001,45.29416,0 -67.465833,45.297223,0 -67.460554,45.300379,0 -67.45333599999999,45.314256,0 -67.45226700000001,45.31683900000001,0 -67.452268,45.319628,0 -67.456384,45.323925,0 -67.456676,45.32564,0 -67.456288,45.32644000000001,0 -67.453469,45.328246,0 -67.44202900000001,45.334601,0 -67.434996,45.340133,0 -67.43048899999999,45.348751,0 -67.427797,45.355471,0 -67.433536,45.361324,0 -67.434281,45.365438,0 -67.43123199999999,45.37078700000001,0 -67.430097,45.371862,0 -67.427243,45.37369,0 -67.423773,45.373461,0 -67.42150100000001,45.374078,0 -67.41900699999999,45.376026,0 -67.418747,45.37726,0 -67.430001,45.392965,0 -67.448106,45.407823,0 -67.458495,45.41596,0 -67.471255,45.42347700000001,0 -67.473366,45.425328,0 -67.4772,45.43159,0 -67.484328,45.451955,0 -67.48485100000001,45.456001,0 -67.48192899999999,45.458288,0 -67.482353,45.460825,0 -67.486907,45.46802399999999,0 -67.49435099999999,45.473048,0 -67.49976700000001,45.47805,0 -67.503157,45.485367,0 -67.503771,45.488522,0 -67.50308800000001,45.48968799999999,0 -67.49944499999999,45.491013,0 -67.488001,45.493762,0 -67.476855,45.49724000000001,0 -67.470732,45.50006700000001,0 -67.47091,45.504279,0 -67.470416,45.505307,0 -67.46288199999999,45.508691,0 -67.449968,45.504933,0 -67.429681,45.50159200000001,0 -67.427713,45.50133599999999,0 -67.425674,45.502917,0 -67.42424200000001,45.50590699999999,0 -67.42264900000001,45.50586299999999,0 -67.42096600000001,45.505054,0 -67.417417,45.501985,0 -67.416462,45.502147,0 -67.416416,45.503515,0 -67.420543,45.51111299999999,0 -67.43220700000001,45.519996,0 -67.435044,45.528783,0 -67.435275,45.530781,0 -67.43455899999999,45.53591200000001,0 -67.432236,45.541023,0 -67.43067000000001,45.54139,0 -67.429057,45.541207,0 -67.428338,45.54062600000001,0 -67.425399,45.540795,0 -67.420976,45.55002899999999,0 -67.42364600000001,45.572153,0 -67.42545200000001,45.579086,0 -67.429716,45.583773,0 -67.449674,45.60286,0 -67.455406,45.604665,0 -67.476704,45.604157,0 -67.48979300000001,45.60117999999999,0 -67.491061,45.59891700000001,0 -67.489018,45.59694399999999,0 -67.488452,45.594643,0 -67.490923,45.59148799999999,0 -67.499444,45.58701400000001,0 -67.51858,45.58792499999999,0 -67.534919,45.59542800000001,0 -67.54612,45.598059,0 -67.55634499999999,45.59725999999999,0 -67.55693100000001,45.595066,0 -67.561359,45.59490599999999,0 -67.583341,45.602493,0 -67.606172,45.606533,0 -67.63176199999999,45.621409,0 -67.639741,45.624771,0 -67.644206,45.62322,0 -67.640238,45.616178,0 -67.64581,45.61359699999999,0 -67.666456,45.624461,0 -67.675417,45.630959,0 -67.692623,45.650366,0 -67.69797,45.659738,0 -67.706092,45.673635,0 -67.710464,45.67937199999999,0 -67.727648,45.68846800000001,0 -67.72990799999999,45.689012,0 -67.734605,45.688987,0 -67.73372000000001,45.684233,0 -67.730845,45.678223,0 -67.7236,45.670384,0 -67.718056,45.667986,0 -67.71799,45.66524299999999,0 -67.719651,45.662819,0 -67.720401,45.662522,0 -67.73035,45.663239,0 -67.754245,45.667791,0 -67.768648,45.677581,0 -67.803313,45.67788600000001,0 -67.8054831422691,45.6802407212124,0 -67.817892,45.693705,0 -67.80314799999999,45.696127,0 -67.809833,45.729274,0 -67.781892,45.731189,0 -67.793083,45.75055900000001,0 -67.806308,45.75540500000001,0 -67.809083,45.76749700000001,0 -67.805457,45.76976,0 -67.80362599999999,45.781624,0 -67.80659799999999,45.794723,0 -67.80198900000001,45.803546,0 -67.78044300000001,45.816206,0 -67.780507,45.817622,0 -67.78008199999999,45.818194,0 -67.77763,45.819222,0 -67.772758,45.81938000000001,0 -67.766842,45.818533,0 -67.765534,45.818807,0 -67.763767,45.820315,0 -67.75506799999999,45.82366999999999,0 -67.762812,45.82852,0 -67.763955,45.82998299999999,0 -67.76503,45.83403000000001,0 -67.76917899999999,45.839335,0 -67.77205600000001,45.841348,0 -67.777975,45.843704,0 -67.783108,45.846517,0 -67.78968,45.85175399999999,0 -67.796514,45.859961,0 -67.803678,45.869379,0 -67.80472399999999,45.874043,0 -67.80390800000001,45.882895,0 -67.803318,45.883718,0 -67.78534399999999,45.89564799999999,0 -67.783314,45.89516699999999,0 -67.779157,45.89511999999999,0 -67.768745,45.897951,0 -67.767827,45.898568,0 -67.768709,45.90199700000001,0 -67.765002,45.909791,0 -67.76372499999999,45.91042999999999,0 -67.759665,45.90992500000001,0 -67.755701,45.911684,0 -67.75186600000001,45.914973,0 -67.750422,45.917898,0 -67.75752,45.925926,0 -67.77356399999999,45.934823,0 -67.774907,45.935007,0 -67.77687299999999,45.93407,0 -67.777626,45.93420700000001,0 -67.779984,45.93816300000001,0 -67.78109499999999,45.943032,0 -67.781378,45.963948,0 -67.780462,46.004447,0 -67.780438,46.03845200000001,0 -67.7808396186477,46.0961856391308,0 -67.7814655522744,46.18616509184051,0 -67.78211400000001,46.27938100000001,0 -67.784509,46.437576,0 -67.7851977227088,46.4665986724436,0 -67.7883613858839,46.599914967787,0 -67.78840599999999,46.601795,0 -67.78928399999999,46.758219,0 -67.78937999999999,46.765528,0 -67.789799,46.794868,0 -67.78928819858029,46.8721839442437,0 -67.78923,46.88099299999999,0 -67.7895822099251,46.95922237274339,0 -67.789766,47.00004400000001,0 -67.78926,47.003644,0 -67.78955999999999,47.015444,0 -67.78896,47.02584399999999,0 -67.78966,47.040544,0 -67.789461,47.062544,0 -67.789761,47.06574400000001,0 -67.790515,47.067921,0 -67.79444599999999,47.069871,0 -67.804512,47.07339,0 -67.810716,47.07609,0 -67.816345,47.081188,0 -67.82082800000001,47.083518,0 -67.82330399999999,47.084318,0 -67.832373,47.08555100000001,0 -67.83689,47.087036,0 -67.849008,47.093455,0 -67.864574,47.099207,0 -67.870367,47.10089600000001,0 -67.878124,47.10242599999999,0 -67.88130200000001,47.103913,0 -67.883844,47.105834,0 -67.88565,47.10732,0 -67.88865800000001,47.111664,0 -67.88919300000001,47.113401,0 -67.889155,47.118772,0 -67.89002600000001,47.124678,0 -67.892166,47.128643,0 -67.893266,47.129943,0 -67.901166,47.135143,0 -67.90336600000001,47.137643,0 -67.91036699999999,47.148143,0 -67.91976699999999,47.15124300000001,0 -67.9218630899794,47.1522908703446,0 -67.92576800000001,47.15424300000001,0 -67.935868,47.16484299999999,0 -67.939168,47.17144199999999,0 -67.94306899999999,47.176142,0 -67.944669,47.177042,0 -67.949369,47.182542,0 -67.950569,47.18514199999999,0 -67.951269,47.192442,0 -67.952269,47.19614200000001,0 -67.955669,47.199542,0 -67.96347,47.202842,0 -67.96907,47.20634200000001,0 -67.97136999999999,47.207142,0 -67.986071,47.20934200000001,0 -67.990171,47.21104199999999,0 -67.991871,47.212042,0 -67.998171,47.217842,0 -68.006314,47.226444,0 -68.016103,47.234446,0 -68.019724,47.238036,0 -68.033916,47.24364,0 -68.037335,47.24567800000001,0 -68.061842,47.256451,0 -68.074061,47.259764,0 -68.076009,47.262095,0 -68.077521,47.26666599999999,0 -68.080175,47.26991,0 -68.08289600000001,47.27192099999999,0 -68.092501,47.27669600000001,0 -68.119682,47.28729,0 -68.12146300000001,47.28827199999999,0 -68.125407,47.292155,0 -68.128226,47.29419,0 -68.13705899999999,47.29606799999999,0 -68.14545200000001,47.30409299999999,0 -68.15230200000001,47.30987799999999,0 -68.15327499999999,47.311729,0 -68.153509,47.314038,0 -68.152462,47.321534,0 -68.15357,47.324162,0 -68.15515000000001,47.32542,0 -68.161333,47.327752,0 -68.17605500000001,47.32924000000001,0 -68.17890196590641,47.330341275846,0 -68.20234600000001,47.33940999999999,0 -68.204263,47.33973,0 -68.21122200000001,47.339112,0 -68.214551,47.339637,0 -68.21771200000001,47.340847,0 -68.222893,47.344526,0 -68.22413899999999,47.346696,0 -68.224174,47.349827,0 -68.22464600000001,47.350787,0 -68.22760700000001,47.35304899999999,0 -68.234604,47.355035,0 -68.240168,47.35421700000001,0 -68.24798699999999,47.35251400000001,0 -68.26513799999999,47.352543,0 -68.26971,47.35373299999999,0 -68.27250100000001,47.35492300000001,0 -68.278284,47.35860399999999,0 -68.28410100000001,47.360389,0 -68.289315,47.360207,0 -68.29267900000001,47.359476,0 -68.300718,47.356095,0 -68.30377799999999,47.355524,0 -68.309933,47.356233,0 -68.32318600000001,47.359888,0 -68.32987900000001,47.36023,0 -68.336236,47.359795,0 -68.3534974688999,47.3573108435304,0 -68.355171,47.35707,0 -68.361559,47.355605,0 -68.365728,47.35379700000001,0 -68.370265,47.351052,0 -68.374487,47.34750799999999,0 -68.37861599999999,47.34314400000001,0 -68.380334,47.340242,0 -68.384281,47.326943,0 -68.38462199999999,47.32230299999999,0 -68.381308,47.309161,0 -68.38174600000001,47.30781300000001,0 -68.38470599999999,47.305094,0 -68.38494300000001,47.30292300000001,0 -68.38410500000001,47.301506,0 -68.37866699999999,47.29741199999999,0 -68.376955,47.295628,0 -68.376319,47.294257,0 -68.375615,47.292268,0 -68.375848,47.290065,0 -68.376829,47.28852,0 -68.37867799999999,47.287561,0 -68.383146,47.286672,0 -68.38986300000001,47.286652,0 -68.41314,47.288488,0 -68.41586100000001,47.287803,0 -68.42523300000001,47.283188,0 -68.428861,47.28195400000001,0 -68.43255499999999,47.28193,0 -68.443235,47.28348399999999,0 -68.44884399999999,47.28254699999999,0 -68.45825000000001,47.284625,0 -68.460064,47.286065,0 -68.46190492174171,47.2889986740063,0 -68.463964,47.29227999999999,0 -68.46628,47.294873,0 -68.470282,47.296804,0 -68.474851,47.297534,0 -68.478983,47.296893,0 -68.48674200000001,47.29465,0 -68.491075,47.294099,0 -68.496719,47.29446200000001,0 -68.504006,47.296337,0 -68.50743199999999,47.296636,0 -68.517982,47.296092,0 -68.523492,47.294768,0 -68.52907,47.292644,0 -68.539587,47.285173,0 -68.54664099999999,47.28298,0 -68.55174700000001,47.28222600000001,0 -68.55389599999999,47.28224999999999,0 -68.560378,47.28369000000001,0 -68.571094,47.287049,0 -68.578551,47.287551,0 -68.582984,47.285493,0 -68.588725,47.281721,0 -68.590605,47.280052,0 -68.592516,47.27472599999999,0 -68.59688,47.271731,0 -68.598726,47.269879,0 -68.598657,47.267868,0 -68.595028,47.263161,0 -68.594053,47.261218,0 -68.59408500000001,47.259275,0 -68.595427,47.257698,0 -68.60481900000001,47.249418,0 -68.607906,47.24749700000001,0 -68.619749,47.243218,0 -68.62496400000001,47.242392,0 -68.639,47.241394,0 -68.64802899999999,47.239706,0 -68.653902,47.239479,0 -68.658467,47.237149,0 -68.661957,47.236327,0 -68.66407100000001,47.236762,0 -68.67591299999999,47.24262599999999,0 -68.687662,47.244215,0 -68.690414,47.243987,0 -68.693434,47.243072,0 -68.69784986749249,47.2412112396745,0 -68.705314,47.238066,0 -68.70856999999999,47.238705,0 -68.710919,47.24032700000001,0 -68.713638,47.240989,0 -68.717867,47.240919,0 -68.73538000000001,47.235793,0 -68.74524099999999,47.23108,0 -68.752104,47.226645,0 -68.764487,47.222331,0 -68.769721,47.22135,0 -68.780557,47.221605,0 -68.80353700000001,47.216033,0 -68.812157,47.215461,0 -68.83096999999999,47.204945,0 -68.848505,47.197558,0 -68.85343,47.193443,0 -68.857519,47.19095000000001,0 -68.862848,47.18953,0 -68.87109599999999,47.189252,0 -68.874487,47.188405,0 -68.877914,47.186601,0 -68.88240999999999,47.18335700000001,0 -68.890154,47.182241,0 -68.893204,47.182974,0 -68.895685,47.182883,0 -68.89877,47.181353,0 -68.90098500000001,47.17851899999999,0 -68.90242499999999,47.178839,0 -68.90524000000001,47.180919,0 -68.909729,47.186292,0 -68.91686900000001,47.189333,0 -68.919752,47.18985900000001,0 -68.920253,47.19504799999999,0 -68.924645,47.197791,0 -68.926421,47.19786,0 -68.92793,47.19696900000001,0 -68.92980799999999,47.197266,0 -68.93571,47.20224900000001,0 -68.94248399999999,47.20638600000001,0 -68.94892299999999,47.202819,0 -68.950397,47.20247599999999,0 -68.951769,47.20292,0 -68.952511,47.206087,0 -68.95335,47.206749,0 -68.958414,47.205491,0 -68.96113,47.205582,0 -68.96643299999999,47.212712,0 -68.97216899999999,47.21431,0 -68.975089,47.216687,0 -68.98109599999999,47.219884,0 -68.99264100000001,47.224564,0 -69.004102,47.23016199999999,0 -69.023826,47.238353,0 -69.030067,47.24054899999999,0 -69.033456,47.240984,0 -69.0402,47.2451,0 -69.05033400000001,47.256621,0 -69.050737,47.25733,0 -69.05036699999999,47.259821,0 -69.04932599999999,47.262107,0 -69.04808300000001,47.263044,0 -69.047076,47.26708900000001,0 -69.04784600000001,47.274243,0 -69.049593,47.276804,0 -69.050465,47.280575,0 -69.04939,47.284689,0 -69.050094,47.29150000000001,0 -69.05069899999999,47.29255199999999,0 -69.052278,47.293078,0 -69.05274799999999,47.294403,0 -69.05261400000001,47.298289,0 -69.051337,47.29977399999999,0 -69.04911800000001,47.306471,0 -69.05462799999999,47.31591099999999,0 -69.053284,47.327568,0 -69.05388499999999,47.377878,0 -69.046448,47.383934,0 -69.043958,47.383682,0 -69.03928000000001,47.385052,0 -69.039818,47.386309,0 -69.04288,47.387841,0 -69.044259,47.389259,0 -69.04540299999999,47.39191,0 -69.04324800000001,47.397189,0 -69.04173299999999,47.397326,0 -69.04079,47.39808,0 -69.042002,47.399269,0 -69.042371,47.40114299999999,0 -69.03913799999999,47.404068,0 -69.03688200000001,47.407977,0 -69.03930099999999,47.42216999999999,0 -69.04270200000001,47.426651,0 -69.043947,47.427634,0 -69.055465,47.43227400000001,0 -69.06119200000001,47.43305200000001,0 -69.066715,47.43024,0 -69.080656,47.42406799999999,0 -69.082508,47.423976,0 -69.096756,47.427013,0 -69.097364,47.43032599999999,0 -69.098511,47.431217,0 -69.108215,47.435831,0 -69.122404,47.44188100000001,0 -69.146439,47.44886,0 -69.156074,47.451035,0 -69.164362,47.45103700000001,0 -69.17841199999999,47.456615,0 -69.181951,47.45561,0 -69.203886,47.452203,0 -69.21999599999999,47.457159,0 -69.22441999999999,47.459686,0 -69.439198,47.250033,0 -69.566383,47.125032,0 -69.818552,46.87503,0 -69.87451299999999,46.81802700000001,0 -69.943121,46.750034,0 -69.95,46.742523,0 -69.994248,46.698564,0 -69.997086,46.69523,0 -70.019747,46.59216600000001,0 -70.02336092837631,46.5735207117177,0 -70.026521,46.55721699999999,0 -70.056433,46.41659,0 -70.056433,46.41556099999999,0 -70.057061,46.415036,0 -70.076128,46.409389,0 -70.080292,46.41053099999999,0 -70.089248,46.41066600000001,0 -70.09628600000001,46.40943000000001,0 -70.100413,46.405017,0 -70.100607,46.399303,0 -70.100177,46.398435,0 -70.11044,46.38611000000001,0 -70.11859699999999,46.38423299999999,0 -70.12545900000001,46.381352,0 -70.12754200000001,46.378747,0 -70.12755199999999,46.37194300000001,0 -70.129734,46.369384,0 -70.13336700000001,46.368906,0 -70.141164,46.362669,0 -70.148529,46.358923,0 -70.161337,46.360984,0 -70.171969,46.359294,0 -70.17470899999999,46.358472,0 -70.188739,46.349993,0 -70.191412,46.348072,0 -70.207415,46.331316,0 -70.208733,46.32896100000001,0 -70.20704600000001,46.319247,0 -70.204373,46.31650499999999,0 -70.203119,46.31438,0 -70.205719,46.299865,0 -70.214423,46.295314,0 -70.232682,46.284428,0 -70.24842099999999,46.267072,0 -70.252906,46.259075,0 -70.254591,46.254231,0 -70.255492,46.246444,0 -70.258599,46.235588,0 -70.260645,46.231452,0 -70.272054,46.209833,0 -70.285526,46.19699099999999,0 -70.292736,46.191599,0 -70.290896,46.185838,0 -70.27803400000001,46.17500100000001,0 -70.273594,46.17248500000001,0 -70.271192,46.17207199999999,0 -70.26626,46.16934999999999,0 -70.240264,46.15007600000001,0 -70.23794700000001,46.147378,0 -70.239566,46.142762,0 -70.243629,46.12879400000001,0 -70.251282,46.117947,0 -70.25506900000001,46.1102,0 -70.255038,46.108348,0 -70.252411,46.10622100000001,0 -70.252413,46.10062499999999,0 -70.25402099999999,46.0996,0 -70.26634900000001,46.100993,0 -70.272689,46.102298,0 -70.284554,46.098713,0 -70.28977999999999,46.094325,0 -70.310609,46.06454400000001,0 -70.308967,46.062464,0 -70.30673400000001,46.06134400000001,0 -70.292845,46.06067899999999,0 -70.287295,46.062576,0 -70.284176,46.062758,0 -70.27889,46.06065399999999,0 -70.27816900000001,46.05967100000001,0 -70.278334,46.057019,0 -70.27965,46.052196,0 -70.293639,46.04184500000001,0 -70.31759599999999,46.019492,0 -70.317629,46.01908,0 -70.303625,45.999479,0 -70.303034,45.998976,0 -70.292868,45.997397,0 -70.284932,45.99561299999999,0 -70.284571,45.995384,0 -70.28775400000001,45.99182,0 -70.295986,45.985969,0 -70.301298,45.985353,0 -70.307463,45.982541,0 -70.309725,45.98020999999999,0 -70.312055,45.971544,0 -70.31686999999999,45.96389,0 -70.316936,45.963456,0 -70.31628000000001,45.963113,0 -70.31297000000001,45.96185599999999,0 -70.289632,45.963201,0 -70.28081400000001,45.965211,0 -70.274325,45.964295,0 -70.26541,45.962692,0 -70.25296299999999,45.955234,0 -70.240177,45.943729,0 -70.240162,45.940944,0 -70.24092,45.939095,0 -70.252526,45.933176,0 -70.262198,45.925203,0 -70.263313,45.923832,0 -70.26331500000001,45.920152,0 -70.26282399999999,45.919832,0 -70.261055,45.920311,0 -70.25788,45.918138,0 -70.25389699999999,45.906524,0 -70.253704,45.902981,0 -70.259117,45.89075499999999,0 -70.262655,45.887853,0 -70.284204,45.872034,0 -70.306162,45.85974,0 -70.317154,45.856448,0 -70.329748,45.85379499999999,0 -70.34244,45.852192,0 -70.36702,45.834993,0 -70.380752,45.824639,0 -70.387916,45.819043,0 -70.39662,45.808486,0 -70.39815900000001,45.80412,0 -70.396362,45.802703,0 -70.39590699999999,45.798885,0 -70.39963400000001,45.796235,0 -70.40185700000001,45.795915,0 -70.404275,45.796259,0 -70.406334,45.797494,0 -70.408,45.797586,0 -70.416922,45.79527900000001,0 -70.41767400000001,45.79456999999999,0 -70.417641,45.79377,0 -70.415684,45.786158,0 -70.406548,45.761813,0 -70.401749,45.75788,0 -70.39613300000001,45.756255,0 -70.38850100000001,45.74971699999999,0 -70.38355199999999,45.734869,0 -70.390379,45.728539,0 -70.40040399999999,45.71983399999999,0 -70.430787,45.707222,0 -70.438878,45.704387,0 -70.44690300000001,45.704044,0 -70.451503,45.704432,0 -70.469869,45.701639,0 -70.49660299999999,45.687021,0 -70.510171,45.679323,0 -70.51894799999999,45.672286,0 -70.51947,45.671738,0 -70.519537,45.670001,0 -70.525831,45.66655100000001,0 -70.541415,45.666715,0 -70.55279299999999,45.667836,0 -70.5528308290872,45.6678281400238,0 -70.55840000000001,45.666671,0 -70.563779,45.662693,0 -70.56374700000001,45.661939,0 -70.56201900000001,45.660591,0 -70.564789,45.65514999999999,0 -70.591275,45.630551,0 -70.592252,45.629865,0 -70.601275,45.62716499999999,0 -70.606193,45.626386,0 -70.617198,45.616379,0 -70.635306,45.610211,0 -70.644687,45.607083,0 -70.650424,45.599267,0 -70.64957800000001,45.59814699999999,0 -70.65928599999999,45.58688,0 -70.678462,45.57067700000001,0 -70.685686,45.565419,0 -70.688214,45.56398099999999,0 -70.687605,45.549099,0 -70.700613,45.53154299999999,0 -70.702433,45.52955399999999,0 -70.716606,45.518488,0 -70.721611,45.515058,0 -70.72284500000001,45.51277199999999,0 -70.72339599999999,45.510394,0 -70.723167,45.507606,0 -70.71704699999999,45.48773199999999,0 -70.707945,45.480877,0 -70.70462999999999,45.479575,0 -70.691762,45.47123300000001,0 -70.681074,45.45841,0 -70.674903,45.452399,0 -70.662954,45.446546,0 -70.649739,45.442771,0 -70.635498,45.42781699999999,0 -70.631354,45.41634000000001,0 -70.63466099999999,45.383608,0 -70.64595199999999,45.378675,0 -70.65117499999999,45.377123,0 -70.66002899999999,45.377901,0 -70.660775,45.378176,0 -70.66116,45.386039,0 -70.677995,45.394362,0 -70.683543,45.395208,0 -70.684614,45.395071,0 -70.687307,45.393243,0 -70.692497,45.392579,0 -70.71228600000001,45.390611,0 -70.722734,45.39527,0 -70.729972,45.399359,0 -70.743775,45.411925,0 -70.744787,45.417182,0 -70.744077,45.421091,0 -70.75397700000001,45.427789,0 -70.755567,45.428361,0 -70.781471,45.431159,0 -70.79500899999999,45.428145,0 -70.798028,45.426706,0 -70.798677,45.424146,0 -70.802216,45.417975,0 -70.812797,45.411369,0 -70.82561200000001,45.400305,0 -70.826033,45.398408,0 -70.82515600000001,45.393265,0 -70.82405300000001,45.39109400000001,0 -70.82226799999999,45.390522,0 -70.812406,45.383346,0 -70.807664,45.378118,0 -70.80624400000001,45.376558,0 -70.802745,45.366556,0 -70.802648,45.36493300000001,0 -70.803848,45.364247,0 -70.80757699999999,45.363425,0 -70.808712,45.362647,0 -70.81444999999999,45.356544,0 -70.81947099999999,45.341435,0 -70.819828,45.340109,0 -70.81904900000001,45.335057,0 -70.818141,45.332589,0 -70.816585,45.330554,0 -70.81302100000001,45.328018,0 -70.810266,45.327744,0 -70.808322,45.32582399999999,0 -70.807058,45.322464,0 -70.80861299999999,45.311606,0 -70.812338,45.302006,0 -70.81622400000001,45.29812,0 -70.817099,45.29777700000001,0 -70.829661,45.290369,0 -70.82979,45.286941,0 -70.831535,45.27955699999999,0 -70.8347140662076,45.2751422184342,0 -70.83904200000001,45.26913199999999,0 -70.84108000000001,45.267144,0 -70.84327999999999,45.265658,0 -70.84855399999999,45.26332500000001,0 -70.849261,45.256398,0 -70.848319,45.24470699999999,0 -70.8411,45.238926,0 -70.83877,45.237555,0 -70.84443,45.23451300000001,0 -70.85704200000001,45.22916,0 -70.878495,45.23327,0 -70.885029,45.23487300000001,0 -70.892822,45.239172,0 -70.89689799999999,45.242031,0 -70.898482,45.244088,0 -70.896627,45.253107,0 -70.898565,45.258502,0 -70.907978,45.269316,0 -70.915194,45.274735,0 -70.921474,45.27887299999999,0 -70.9217,45.279445,0 -70.919951,45.28495299999999,0 -70.918753,45.287033,0 -70.913732,45.292746,0 -70.912111,45.29619700000001,0 -70.91790399999999,45.311924,0 -70.921435,45.313867,0 -70.929923,45.318462,0 -70.939188,45.32017700000001,0 -70.943887,45.32433600000001,0 -70.949365,45.33153600000001,0 -70.950824,45.33453,0 -70.96718799999999,45.332401,0 -70.985595,45.332188,0 -70.989324,45.334655,0 -70.990233,45.336277,0 -70.99272999999999,45.338173,0 -71.00177100000001,45.343658,0 -71.004848,45.345419,0 -71.01081000000001,45.34725000000001,0 -71.01275699999999,45.34476,0 -71.01291999999999,45.343297,0 -71.011144,45.33467900000001,0 -71.005087,45.331545,0 -71.00239999999999,45.328482,0 -71.00256299999999,45.32781900000001,0 -71.00905,45.31902199999999,0 -71.014268,45.316761,0 -71.021753,45.314409,0 -71.030565,45.31265199999999,0 -71.03821000000001,45.31192200000001,0 -71.042485,45.313043,0 -71.059265,45.313753,0 -71.066197,45.311353,0 -71.07374299999999,45.307718,0 -71.078407,45.30623199999999,0 -71.083924,45.305451,0 -71.08556400000001,45.305476,0 -71.089483,45.30458400000001,0 -71.09777200000001,45.30190600000001,0 -71.10515100000001,45.294635,0 -71.10867500000001,45.288965,0 -71.110743,45.284576,0 -71.110159,45.28299899999999,0 -71.10934899999999,45.282222,0 -71.10569099999999,45.282498,0 -71.107339,45.278612,0 -71.11073500000001,45.27545600000001,0 -71.113162,45.274861,0 -71.116332,45.27232200000001,0 -71.12011200000001,45.265738,0 -71.11991399999999,45.262287,0 -71.124517,45.25527,0 -71.127962,45.253672,0 -71.131953,45.245423,0 -71.133994,45.244167,0 -71.13943,45.24295800000001,0 -71.144801,45.242251,0 -71.14816500000001,45.242412,0 -71.155734,45.24646000000001,0 -71.158192,45.248746,0 -71.162845,45.250332,0 -71.167446,45.247491,0 -71.17126399999999,45.246143,0 -71.173367,45.246348,0 -71.177508,45.243629,0 -71.17857600000001,45.24138900000001,0 -71.179838,45.240178,0 -71.180905,45.239858,0 -71.182587,45.241069,0 -71.182782,45.24271499999999,0 -71.183785,45.244932,0 -71.18744100000001,45.247697,0 -71.191744,45.249694,0 -71.194878,45.25051500000001,0 -71.196658,45.25359399999999,0 -71.19827600000001,45.25425700000001,0 -71.203033,45.254302,0 -71.2118,45.250457,0 -71.220634,45.251121,0 -71.221994,45.253543,0 -71.22581099999999,45.25169100000001,0 -71.228048,45.24969,0 -71.231122,45.249712,0 -71.23302700000001,45.251551,0 -71.231572,45.253472,0 -71.235364,45.26034899999999,0 -71.236271,45.261126,0 -71.239346,45.261925,0 -71.244499,45.268139,0 -71.245503,45.26887,0 -71.250393,45.269191,0 -71.256441,45.27333000000001,0 -71.259614,45.27324,0 -71.262136,45.276098,0 -71.263042,45.277401,0 -71.26381499999999,45.282726,0 -71.26675400000001,45.29123000000001,0 -71.264939,45.293446,0 -71.26655700000001,45.294589,0 -71.27231999999999,45.296694,0 -71.279219,45.29498199999999,0 -71.28073999999999,45.295188,0 -71.282747,45.297497,0 -71.282552,45.29927900000001,0 -71.28368399999999,45.30197700000001,0 -71.284396,45.302434,0 -71.296509,45.29919,0 -71.301107,45.296563,0 -71.304896,45.292449,0 -71.306872,45.288861,0 -71.30900800000001,45.287238,0 -71.314318,45.287033,0 -71.318397,45.284655,0 -71.320922,45.282324,0 -71.328464,45.281135,0 -71.331733,45.279969,0 -71.333674,45.27676899999999,0 -71.33396500000001,45.275306,0 -71.336392,45.27306599999999,0 -71.34402900000001,45.271167,0 -71.347622,45.272125,0 -71.35166599999999,45.269199,0 -71.35344600000001,45.268695,0 -71.35499900000001,45.268626,0 -71.360664,45.269835,0 -71.362831,45.267617,0 -71.363218,45.266429,0 -71.362245,45.264738,0 -71.35955800000001,45.26268200000001,0 -71.356835,45.257175,0 -71.356736,45.25477600000001,0 -71.357253,45.253336,0 -71.359224,45.250912,0 -71.363013,45.248205,0 -71.368381,45.246579,0 -71.37194,45.246349,0 -71.37669099999999,45.24491100000001,0 -71.37763,45.244203,0 -71.379833,45.240616,0 -71.38015799999999,45.238857,0 -71.38317000000001,45.234904,0 -71.384917,45.23335100000001,0 -71.38562899999999,45.233214,0 -71.38941199999999,45.235021,0 -71.391901,45.237216,0 -71.39442200000001,45.24121600000001,0 -71.402638,45.242589,0 -71.40697299999999,45.241516,0 -71.411924,45.23882,0 -71.417132,45.235575,0 -71.433014,45.23765600000001,0 -71.438546,45.239004,0 -71.44229799999999,45.238547,0 -71.443365,45.23772399999999,0 -71.443883,45.237061,0 -71.443882,45.235462,0 -71.44288,45.23479900000001,0 -71.440583,45.234982,0 -71.438545,45.232765,0 -71.431753,45.228743,0 -71.42137200000001,45.224036,0 -71.417233,45.221293,0 -71.416167,45.219533,0 -71.41607,45.218322,0 -71.415553,45.218001,0 -71.409119,45.216606,0 -71.407405,45.216812,0 -71.403267,45.215348,0 -71.3991,45.208628,0 -71.39800200000001,45.205953,0 -71.39781000000001,45.203553,0 -71.405636,45.198139,0 -71.40534599999999,45.196037,0 -71.408777,45.18797,0 -71.41294600000001,45.186279,0 -71.41485299999999,45.18490800000001,0 -71.415468,45.18330899999999,0 -71.41618099999999,45.177344,0 -71.41905800000001,45.17048799999999,0 -71.422031,45.167495,0 -71.424616,45.165872,0 -71.423616,45.16109600000001,0 -71.424004,45.15929,0 -71.42675,45.153257,0 -71.427688,45.152251,0 -71.429981,45.151474,0 -71.433179,45.149166,0 -71.43721600000001,45.14233300000001,0 -71.435795,45.139659,0 -71.433083,45.137899,0 -71.426755,45.129672,0 -71.42720799999999,45.12736400000001,0 -71.428828,45.123881,0 -71.432444,45.120453,0 -71.440577,45.114464,0 -71.44561299999999,45.113367,0 -71.448678,45.109001,0 -71.44835500000001,45.107882,0 -71.449257,45.10452200000001,0 -71.452451,45.102282,0 -71.45545199999999,45.101458,0 -71.45832299999999,45.098807,0 -71.459999,45.09505800000001,0 -71.462063,45.093526,0 -71.464837,45.093023,0 -71.46744700000001,45.086851,0 -71.47138200000001,45.084199,0 -71.475286,45.08442599999999,0 -71.480769,45.083556,0 -71.480897,45.08303,0 -71.479929,45.082139,0 -71.48021900000001,45.081316,0 -71.482862,45.079144,0 -71.486345,45.07850299999999,0 -71.48914600000001,45.073565,0 -71.48914499999999,45.072308,0 -71.497917,45.07058900000001,0 -71.49839900000001,45.069629,0 -71.496105,45.065082,0 -71.497738,45.054751,0 -71.500545,45.051943,0 -71.502768,45.05263,0 -71.504542,45.052379,0 -71.50509099999999,45.051465,0 -71.505222,45.048791,0 -71.500874,45.04511,0 -71.499527,45.04467199999999,0 -71.497179,45.04458200000001,0 -71.49315,45.045772,0 -71.491085,45.043671,0 -71.491148,45.041774,0 -71.49400900000001,45.034345,0 -71.499945,45.026323,0 -71.500969,45.01604,0 -71.500164,45.01537699999999,0 -71.500069,45.01421199999999,0 -71.501088,45.01337700000001,0 -71.560562,45.012555,0 -71.60984000000001,45.012709,0 -71.69189799999999,45.011419,0 -71.76745200000001,45.011437,0 -71.8993192187926,45.0081786803017,0 -71.915009,45.007791,0 -71.94720100000001,45.008359,0 -71.986705,45.00787200000001,0 -72.023292,45.006792,0 -72.02973900000001,45.006782,0 -72.033614,45.00887800000001,0 -72.0512675978507,45.0064908872537,0 -72.05216900000001,45.00636899999999,0 -72.103058,45.005598,0 -72.1419816540994,45.00599571941509,0 -72.160506,45.006185,0 -72.2426983849559,45.0046962530692,0 -72.270869,45.004186,0 -72.291866,45.004496,0 -72.310073,45.003822,0 -72.348583,45.00562500000001,0 -72.401298,45.00658900000001,0 -72.448865,45.008537,0 -72.481033,45.00887,0 -72.53250300000001,45.00786,0 -72.55388015463861,45.0082654618591,0 -72.55591200000001,45.008304,0 -72.58237099999999,45.011543,0 -72.586752,45.012881,0 -72.58987999999999,45.013237,0 -72.67477,45.015459,0 -72.7018381820675,45.01556829066249,0 -72.777306,45.015873,0 -72.83220224652889,45.01650449925761,0 -72.84563300000001,45.016659,0 -72.930599,45.01515200000001,0 -72.936365,45.014656,0 -72.93644,45.014267,0 -72.968039,45.014098,0 -72.9931447550706,45.0145718861038,0 -73.01476599999999,45.01498,0 -73.015539,45.015072,0 -73.04838599999999,45.01479,0 -73.052438,45.015721,0 -73.059685,45.015869,0 -73.06509800000001,45.014786,0 -73.084969,45.014751,0 -73.085972,45.015494,0 -73.17041498854191,45.0140010335447,0 -73.1923365087594,45.0136134573244,0 -73.241061,45.012752,0 -73.249323,45.012181,0 -73.343124,45.01084,0 -73.388666801074,45.01004653941921,0 -73.437371,45.009198,0 -73.5193118399268,45.0068760047337,0 -73.639718,45.003464,0 -73.67545800000001,45.002907,0 -73.762985,45.00323800000001,0 -73.81364086918499,45.0023234784754,0 -73.87459699999999,45.001223,0 -74.0273915898679,44.9957655091112,0 -74.14681400000001,44.9915,0 -74.23413600000001,44.992148,0 -74.335184,44.991905,0 -74.34281014441009,44.9922245792457,0 -74.45753000000001,44.997032,0 -74.54902,44.998699,0 -74.5716345178182,44.9988785760587,0 -74.661478,44.999592,0 -74.667338,45.001648,0 -74.673047,45.000942,0 -74.678428,45.000047,0 -74.68397299999999,44.99969,0 -74.702018,45.00332199999999,0 -74.72257399999999,44.998062,0 -74.7262280632075,44.9948630722006,0 -74.731301,44.990422,0 -74.74464,44.990577,0 -74.7571835295881,44.9940956311891,0 -74.760215,44.994946,0 -74.768749,45.003893,0 -74.793148,45.00464700000001,0 -74.79943400000001,45.009132,0 -74.805421,45.011003,0 -74.81326300000001,45.013543,0 -74.819641,45.01287399999999,0 -74.826578,45.01585,0 -74.83466900000001,45.014683,0 -74.846175,45.01029,0 -74.854443,45.00539,0 -74.86192699999999,45.00277100000001,0 -74.868663,45.001274,0 -74.87723200000001,45.001362,0 -74.887837,45.000046,0 -74.900733,44.992754,0 -74.907956,44.983359,0 -74.93944686876149,44.984420891934,0 -74.946686,44.984665,0 -74.972463,44.983402,0 -74.992756,44.977449,0 -74.99927,44.971638,0 -74.999655,44.965921,0 -75.005155,44.958402,0 -75.027125,44.946568,0 -75.059966,44.93457,0 -75.066245,44.930174,0 -75.096659,44.927067,0 -75.10516200000001,44.921193,0 -75.11975700000001,44.917825,0 -75.133977,44.911838,0 -75.1415211643378,44.9020929993895,0 -75.14295799999999,44.900237,0 -75.16512299999999,44.893324,0 -75.188283,44.88322,0 -75.19622699999999,44.881368,0 -75.203012,44.877548,0 -75.218548,44.87554,0 -75.228635,44.8679,0 -75.241303,44.866958,0 -75.255517,44.857651,0 -75.26824999999999,44.855119,0 -75.283136,44.849156,0 -75.30763,44.836813,0 -75.306487,44.826144,0 -75.3071363358831,44.8256731201136,0 -75.333744,44.806378,0 -75.34652699999999,44.805563,0 -75.36636,44.789472,0 -75.372347,44.78311,0 -75.387371,44.78003,0 -75.397007,44.773471,0 -75.41388499999999,44.76889,0 -75.42394299999999,44.756329,0 -75.4441105902894,44.7427691413918,0 -75.477642,44.720224,0 -75.47980690781471,44.7190639844649,0 -75.505903,44.705081,0 -75.5060580175778,44.7049641101042,0 -75.5208350538317,44.6938215915994,0 -75.580912,44.648521,0 -75.6103096123732,44.6258487625818,0 -75.618364,44.619637,0 -75.662381,44.591934,0 -75.696586,44.567583,0 -75.727052,44.542812,0 -75.738219006283,44.5351272367044,0 -75.76622999999999,44.515851,0 -75.807778,44.471644,0 -75.82083,44.432244,0 -75.8600508652205,44.4032885572263,0 -75.87149599999999,44.394839,0 -75.91298500000001,44.368084,0 -75.922247,44.36568,0 -75.92946499999999,44.359603,0 -75.93966399999999,44.355395,0 -75.94954,44.349129,0 -75.970185,44.342835,0 -75.97305299999999,44.343634,0 -75.974839,44.346172,0 -75.978281,44.34688,0 -75.982392,44.347404,0 -75.9832440710553,44.3474099534149,0 -76.000998,44.347534,0 -76.00836099999999,44.343856,0 -76.04522799999999,44.331724,0 -76.097351,44.299547,0 -76.111931,44.298031,0 -76.11813600000001,44.29485,0 -76.126565,44.294581,0 -76.13088399999999,44.296635,0 -76.161833,44.280777,0 -76.164265,44.239603,0 -76.191328,44.221244,0 -76.206777,44.214543,0 -76.245487,44.203669,0 -76.249661,44.204171,0 -76.286547,44.203773,0 -76.312647,44.199044,0 -76.3524,44.137226,0 -76.35567899999999,44.133258,0 -76.36619414748699,44.1103348805133,0 -76.370706,44.100499,0 -76.360798,44.087644,0 -76.361836,44.072721,0 -76.36198912105139,44.0723366277088,0 -76.3695516914219,44.05335267695,0 -76.370079,44.052029,0 -76.381388,44.04711,0 -76.38333799999999,44.037361,0 -76.37555999999999,44.031536,0 -76.36174800000001,44.032993,0 -76.3589745425606,44.0328706143598,0 -76.321297,44.031208,0 -76.3090298170178,44.0258672775257,0 -76.30767400000001,44.025277,0 -76.30188800000001,44.013435,0 -76.296487,44.008489,0 -76.28192799999999,44.009177,0 -76.269672,44.001148,0 -76.268702,43.987278,0 -76.279314,43.972462,0 -76.28363899999999,43.962648,0 -76.27199299999999,43.960766,0 -76.250379,43.96888,0 -76.233977,43.982532,0 -76.2325175761396,43.9823726114891,0 -76.2090156547147,43.9798058888531,0 -76.207982,43.979693,0 -76.15877,43.959924,0 -76.1577096669424,43.9598228880713,0 -76.138625,43.958003,0 -76.1385332019301,43.9427907484183,0 -76.13852,43.940603,0 -76.126524,43.932213,0 -76.12505231822389,43.9037043272095,0 -76.124742,43.897693,0 -76.14296400000001,43.888485,0 -76.15330299999999,43.889858,0 -76.190556,43.869048,0 -76.201365,43.85996,0 -76.214322,43.860127,0 -76.2170093088767,43.8643865299009,0 -76.21839,43.866575,0 -76.208083,43.89207,0 -76.21013312793561,43.8950505004073,0 -76.21167699999999,43.897295,0 -76.21693940751921,43.8974356158486,0 -76.22103300000001,43.897545,0 -76.25827220496851,43.8824706502207,0 -76.26476099999999,43.879844,0 -76.28600400000001,43.868084,0 -76.296758,43.857079,0 -76.296029,43.844291,0 -76.230732,43.81084,0 -76.213205,43.753513,0 -76.21243525488219,43.7500688141606,0 -76.20543600000001,43.718751,0 -76.20050022875679,43.6802307671866,0 -76.196596,43.649761,0 -76.19842840863051,43.6142178952223,0 -76.199138,43.600454,0 -76.203473,43.574978,0 -76.209853,43.560136,0 -76.217958,43.545156,0 -76.228701,43.532987,0 -76.235834,43.529256,0 -76.240112573377,43.5284495822406,0 -76.25985799999999,43.524728,0 -76.2706707520335,43.5212854543264,0 -76.29710300000001,43.51287,0 -76.330911,43.511978,0 -76.34549199999999,43.513437,0 -76.368849,43.525822,0 -76.3709178164322,43.5256901585622,0 -76.410636,43.523159,0 -76.417581,43.521285,0 -76.437473,43.509213,0 -76.472498,43.492781,0 -76.4814560515797,43.4819853834979,0 -76.48696200000001,43.47535,0 -76.513610431152,43.4664067798504,0 -76.52681031809681,43.4619768944953,0 -76.53180999999999,43.460299,0 -76.537309536705,43.4581191357596,0 -76.564393,43.447384,0 -76.600059,43.424413,0 -76.6168449427682,43.4173872862637,0 -76.618358,43.416754,0 -76.635167,43.407968,0 -76.642672,43.401241,0 -76.669624,43.366526,0 -76.684856,43.352691,0 -76.69835999999999,43.344436,0 -76.7224492905569,43.3430552931804,0 -76.730829,43.342575,0 -76.742971,43.332626,0 -76.765962,43.318265,0 -76.78582299999999,43.310871,0 -76.823194,43.30401,0 -76.8322298522047,43.3046891190256,0 -76.841675,43.305399,0 -76.852771,43.298043,0 -76.877385,43.291422,0 -76.8864028090335,43.2937587937136,0 -76.88691300000001,43.293891,0 -76.8877454087677,43.2938475358525,0 -76.898155,43.293304,0 -76.927798,43.281345,0 -76.947377,43.270732,0 -76.958568,43.269229,0 -76.9634577759204,43.2699540686079,0 -76.988322,43.273641,0 -77.001182,43.270033,0 -77.04168799999999,43.270011,0 -77.07347,43.280073,0 -77.112227,43.286269,0 -77.132200590495,43.284812460998,0 -77.134401,43.284652,0 -77.149841,43.288184,0 -77.156144,43.28568,0 -77.177153,43.280211,0 -77.189954,43.283769,0 -77.20067299999999,43.281923,0 -77.21440800000001,43.283538,0 -77.230666,43.280676,0 -77.24525,43.279558,0 -77.25231088078949,43.2778360769336,0 -77.254464,43.277311,0 -77.266593,43.27656,0 -77.282253,43.276892,0 -77.287088,43.2779,0 -77.2954131998797,43.2777397614158,0 -77.306727,43.277522,0 -77.313399,43.28029,0 -77.33493300000001,43.277441,0 -77.341595,43.279732,0 -77.351654,43.277749,0 -77.3760462764419,43.2761106190693,0 -77.396333,43.274748,0 -77.41451600000001,43.269263,0 -77.4262181324187,43.2675580194938,0 -77.43271799999999,43.266611,0 -77.45151133731591,43.2614385964208,0 -77.476642,43.254522,0 -77.50091999999999,43.250363,0 -77.50697719748059,43.2474869966027,0 -77.5335557204444,43.2348673119078,0 -77.534184,43.234569,0 -77.5342514410039,43.2345737823113,0 -77.5503264656882,43.2357136789424,0 -77.551022,43.235763,0 -77.577223,43.243263,0 -77.57725157523841,43.2432786824882,0 -77.6021611595269,43.2569494086968,0 -77.60367285296989,43.2577790470773,0 -77.62216716906499,43.2679289849014,0 -77.628315,43.271303,0 -77.6445213878321,43.2765138339433,0 -77.65375899999999,43.279484,0 -77.660359,43.282998,0 -77.701429,43.308261,0 -77.714129,43.323561,0 -77.73063,43.330161,0 -77.7484476069107,43.3350386384836,0 -77.75693099999999,43.337361,0 -77.760231,43.341161,0 -77.785132,43.339261,0 -77.797381,43.339857,0 -77.8088692218046,43.342078224172,0 -77.81653300000001,43.34356,0 -77.87533500000001,43.34966,0 -77.8906922298028,43.353460134828,0 -77.904836,43.35696,0 -77.922736,43.35696,0 -77.95293700000001,43.36346,0 -77.965238,43.368059,0 -77.9703240055676,43.368558518404,0 -77.9708723227786,43.3686123709872,0 -77.976438,43.369159,0 -77.994838,43.365259,0 -77.9955913220609,43.3652934573297,0 -78.02360899999999,43.366575,0 -78.10450899999999,43.375628,0 -78.145195,43.37551,0 -78.1624923708829,43.3742500743266,0 -78.19076136044499,43.37219098535,0 -78.233609,43.36907,0 -78.250641,43.370866,0 -78.26458252722441,43.3712687523642,0 -78.358711,43.373988,0 -78.370221,43.376505,0 -78.46550212002251,43.3712323915095,0 -78.473099,43.370812,0 -78.48252599999999,43.374425,0 -78.488857,43.374763,0 -78.54739499999999,43.369541,0 -78.63434599999999,43.357624,0 -78.6346574615591,43.3575424400214,0 -78.696856,43.341255,0 -78.747158,43.334555,0 -78.754355,43.332791087056,0 -78.777759,43.327055,0 -78.82036720824139,43.3198655932597,0 -78.83406100000001,43.317555,0 -78.8359799747443,43.3183400351227,0 -78.83626099999999,43.318455,0 -78.859362,43.310955,0 -78.9008152052445,43.3006784925348,0 -78.930764,43.293254,0 -78.97186600000001,43.281254,0 -79.019848,43.273686,0 -79.070469,43.262454,0 -79.06138799999999,43.251349,0 -79.0612462525025,43.2510204385452,0 -79.055868,43.238554,0 -79.052868,43.222054,0 -79.0529381513731,43.2184628900816,0 -79.05310900000001,43.209717,0 -79.05074399999999,43.197417,0 -79.052567,43.183655,0 -79.0527574549689,43.1798459006215,0 -79.053067,43.173655,0 -79.048467,43.164655,0 -79.0483774071688,43.1645465455201,0 -79.046567,43.162355,0 -79.044567,43.153255,0 -79.0444802395939,43.1530457543147,0 -79.042867,43.149155,0 -79.042366,43.143655,0 -79.044066,43.138055,0 -79.04946700000001,43.135055,0 -79.0521323988974,43.1320609902796,0 -79.05676699999999,43.126855,0 -79.06020599999999,43.124799,0 -79.062518,43.120182,0 -79.061967,43.115355,0 -79.06140000000001,43.111096,0 -79.0609678893646,43.1087751913146,0 -79.060281,43.105086,0 -79.06373182294,43.0959200649786,0 -79.06475399999999,43.093205,0 -79.069667,43.088355,0 -79.07467800000001,43.083141,0 -79.074467,43.077855,0 -79.0457270703715,43.0718019807408,0 -79.0399496698202,43.0705851817696,0 -79.0195783140304,43.0662946977452,0 -79.01053,43.064389,0 -79.00545,43.057231,0 -79.00516399999999,43.047056,0 -79.011764,43.028956,0 -79.02092,43.014287,0 -79.019964,42.994756,0 -79.011563,42.985256,0 -78.9832570780934,42.9724605228498,0 -78.97506199999999,42.968756,0 -78.961761,42.957756,0 -78.93236,42.955857,0 -78.918859,42.946857,0 -78.9142413486873,42.9403827672317,0 -78.9123653357821,42.9377524810966,0 -78.909159,42.933257,0 -78.905659,42.923357,0 -78.905668373643,42.9211414116553,0 -78.90570259384199,42.9130530009813,0 -78.90575800000001,42.899957,0 -78.9062204,42.8990322,0 -78.90802840000001,42.8954162,0 -78.912458,42.886557,0 -78.89473388767691,42.8850983795944,0 -78.891655,42.884845,0 -78.88813128485459,42.8780334394085,0 -78.88255700000001,42.867258,0 -78.872227,42.853306,0 -78.86939670472739,42.8529016111653,0 -78.86559200000001,42.852358,0 -78.85945599999999,42.841358,0 -78.860445,42.83511,0 -78.8622170997978,42.8322697433293,0 -78.865656,42.826758,0 -78.86365600000001,42.813058,0 -78.8609855598212,42.8053571957635,0 -78.85935600000001,42.800658,0 -78.85645599999999,42.800258,0 -78.851355,42.791758,0 -78.853455,42.783958,0 -78.868556,42.770258,0 -78.86870158005679,42.7701611442536,0 -78.90335757406579,42.7471041937427,0 -78.91815699999999,42.737258,0 -78.944158,42.731958,0 -78.9519954222114,42.7275224469091,0 -78.96978207675539,42.7174561714922,0 -78.991159,42.705358,0 -79.00615999999999,42.704558,0 -79.01886,42.701558,0 -79.04886,42.689158,0 -79.06226100000001,42.668358,0 -79.06265274588949,42.6621904196182,0 -79.0637300567011,42.6452294221833,0 -79.06376,42.644758,0 -79.073261,42.639958,0 -79.078761,42.640058,0 -79.08429808659309,42.6355230241707,0 -79.0897605481106,42.6310491676517,0 -79.111361,42.613358,0 -79.1122862397675,42.6104611183469,0 -79.113713,42.605994,0 -79.121921,42.594234,0 -79.126261,42.590937,0 -79.12963000000001,42.589824,0 -79.13111481924339,42.5856112261271,0 -79.1367251589718,42.5696934012929,0 -79.138569,42.564462,0 -79.148723,42.553672,0 -79.1782021546753,42.5485118729678,0 -79.19323199999999,42.545881,0 -79.223195,42.536087,0 -79.24288900000001,42.531757,0 -79.264624,42.523159,0 -79.28336400000001,42.511228,0 -79.29407375129961,42.5076938069949,0 -79.309184128171,42.5027074177923,0 -79.31774,42.499884,0 -79.32307900000001,42.494795,0 -79.33148300000001,42.489076,0 -79.33512899999999,42.488321,0 -79.33585710652569,42.4884570577521,0 -79.342316,42.489664,0 -79.351989,42.48892,0 -79.36212999999999,42.480195,0 -79.3636393503843,42.479151032016,0 -79.38194300000001,42.466491,0 -79.405458,42.453281,0 -79.4115494541459,42.4468703115385,0 -79.429119,42.42838,0 -79.45353299999999,42.411157,0 -79.474794,42.404291,0 -79.510999,42.382373,0 -79.5280058560065,42.3732307840098,0 -79.546262,42.363417,0 -79.593992,42.341641,0 -79.6446771543812,42.3159757571262,0 -79.645358,42.315631,0 -79.717825,42.284711,0 -79.761951,42.26986,0 -79.798447,42.255939,0 -79.844661,42.235486,0 -79.86797900000001,42.230999,0 -79.88618700000001,42.224933,0 -79.90105,42.216701,0 -79.9071161551684,42.2142731058596,0 -79.923924,42.207546,0 -79.931324,42.206737,0 -79.9844556297835,42.1794779083379,0 -79.989186,42.177051,0 -80.0210990936056,42.1627603758097,0 -80.04168391739719,42.1535425298539,0 -80.0610571489906,42.1448672326397,0 -80.06108,42.144857,0 -80.0657851137026,42.1453749941691,0 -80.07198,42.146057,0 -80.07628099999999,42.147857,0 -80.07878100000001,42.151457,0 -80.0770651096154,42.1524411136029,0 -80.07198099999999,42.155357,0 -80.080028,42.163625,0 -80.073381,42.168658,0 -80.077388,42.171262,0 -80.08851199999999,42.173184,0 -80.117368,42.166341,0 -80.13043,42.156331,0 -80.136213,42.149937,0 -80.1536670685007,42.1155777515051,0 -80.154084,42.114757,0 -80.16588400000001,42.105857,0 -80.1742126001193,42.1015053148784,0 -80.188085,42.094257,0 -80.21209172665461,42.0850282166111,0 -80.230486,42.077957,0 -80.296758,42.049076,0 -80.2988678931987,42.0482561282013,0 -80.329976,42.036168,0 -80.344249036261,42.0317618237979,0 -80.349169,42.030243,0 -80.36325100000001,42.027973,0 -80.36481958101569,42.0272436771722,0 -80.371869,42.023966,0 -80.37306599999999,42.024102,0 -80.3857048536655,42.0197901230371,0 -80.40977599999999,42.011578,0 -80.435451,42.005611,0 -80.519425,41.977523,0 -80.5489023999165,41.9692068627651,0 -80.553836,41.967815,0 -80.5754903938308,41.9599356913983,0 -80.58188199999999,41.95761,0 -80.619327376283,41.9474043871311,0 -80.71313899802669,41.9218363413759,0 -80.720816,41.919744,0 -80.75794500000001,41.913352,0 -80.77811817701119,41.9077310919656,0 -80.78205199999999,41.906635,0 -80.784682,41.911525,0 -80.79840793678309,41.9099148944563,0 -80.800794,41.909635,0 -80.808697,41.901606,0 -80.814943,41.897694,0 -80.8555098642565,41.884021761601,0 -80.90034199999999,41.868912,0 -80.9221219690215,41.8649323722138,0 -80.936244,41.862352,0 -80.9689295805309,41.8586584404728,0 -81.0021167069681,41.8549082048937,0 -81.00266338814301,41.8548464284336,0 -81.01049,41.853962,0 -81.024525,41.846469,0 -81.049176142394,41.8402492994624,0 -81.05192,41.839557,0 -81.0746951159954,41.8303070515509,0 -81.092716,41.822988,0 -81.09559188672419,41.8222155929206,0 -81.09893073700231,41.8213188428607,0 -81.11288500000001,41.817571,0 -81.18436800000001,41.786671,0 -81.1910767684098,41.7840231314033,0 -81.248672,41.761291,0 -81.2637509287717,41.7582387579878,0 -81.264224,41.758143,0 -81.27992500000001,41.759944,0 -81.2803247678181,41.7599610757968,0 -81.286925,41.760243,0 -81.2888924294224,41.758944852568,0 -81.301626,41.750543,0 -81.353229,41.727743,0 -81.3674980429726,41.7194406522839,0 -81.388632,41.707144,0 -81.40884210659689,41.694463713727,0 -81.43144085111059,41.68028474102,0 -81.43701369949871,41.6767882076109,0 -81.442645,41.673255,0 -81.4477341651078,41.6680105036441,0 -81.4626061642158,41.6526845821079,0 -81.466038,41.649148,0 -81.48864,41.631348,0 -81.50044,41.623448,0 -81.50935941136041,41.6207388756703,0 -81.529742,41.614548,0 -81.5322700550356,41.6124860412692,0 -81.5499645816715,41.5980538460954,0 -81.56214765485321,41.5881169603232,0 -81.562844,41.587549,0 -81.5671058051559,41.5844424081594,0 -81.5748726549935,41.5787808559649,0 -81.58796236224801,41.5692392705885,0 -81.59974699999999,41.560649,0 -81.62701774213831,41.5444088125788,0 -81.633652,41.540458,0 -81.6522000254113,41.5351026805056,0 -81.664851,41.53145,0 -81.6648836288106,41.531430135203,0 -81.706864,41.505872,0 -81.7106122758163,41.5020934739753,0 -81.710953,41.50175,0 -81.7303531320979,41.4925390891414,0 -81.738755,41.48855,0 -81.744755,41.48715,0 -81.75100164001201,41.4883160774828,0 -81.76857576943451,41.4915966885891,0 -81.768856,41.491649,0 -81.782258,41.49605,0 -81.794157,41.496648,0 -81.7944488471141,41.4966304199076,0 -81.80691521078811,41.4958794793815,0 -81.81075800000001,41.495648,0 -81.81104000000001,41.4955807413138,0 -81.83635860008231,41.4895421038063,0 -81.854835689862,41.4851352074135,0 -81.86026200000001,41.483841,0 -81.8736224346312,41.4835315642699,0 -81.87736,41.483445,0 -81.9074839815126,41.487427208921,0 -81.92255387057411,41.4894193574899,0 -81.937862,41.491443,0 -81.9540779841534,41.4971096603524,0 -81.95846299999999,41.498642,0 -81.962664,41.501341,0 -81.964912,41.505446,0 -81.96813028729009,41.5064221331362,0 -81.99456499999999,41.51444,0 -81.9971128813055,41.5146155594325,0 -82.011966,41.515639,0 -82.0185004621532,41.5140014694919,0 -82.0467396910045,41.5069247434072,0 -82.066564451494,41.5019566757445,0 -82.09416899999999,41.495039,0 -82.094391256514,41.4949747021806,0 -82.1306623131218,41.4844816470845,0 -82.1532157770958,41.4779570304281,0 -82.165373,41.47444,0 -82.17427207647199,41.4729009671137,0 -82.18159799999999,41.471634,0 -82.184774,41.47404,0 -82.18617399999999,41.47344,0 -82.18885,41.468097,0 -82.1907712664984,41.466586735926,0 -82.193375,41.46454,0 -82.19978350852369,41.4613935031229,0 -82.2266164915214,41.4482188468215,0 -82.254678,41.434441,0 -82.268479,41.430842,0 -82.2834882732142,41.4292826624945,0 -82.29158,41.428442,0 -82.334182,41.430243,0 -82.3480756474318,41.4284314197845,0 -82.361784,41.426644,0 -82.3906774829415,41.4165366136336,0 -82.39808600000001,41.413945,0 -82.431315,41.396866,0 -82.460599,41.386316,0 -82.4688086926687,41.3843351602554,0 -82.48121399999999,41.381342,0 -82.499099,41.381541,0 -82.51382700000001,41.384257,0 -82.51936331587839,41.3862271693095,0 -82.5505246637223,41.3973163362777,0 -82.55808,41.400005,0 -82.5930031797852,41.4168638933533,0 -82.616952,41.428425,0 -82.617745,41.431833,0 -82.65830200000001,41.461878,0 -82.687921,41.492324,0 -82.6947220531314,41.493945145473,0 -82.710013,41.49759,0 -82.713904,41.501697,0 -82.71981100000001,41.510296,0 -82.721914,41.516677,0 -82.71163199999999,41.527201,0 -82.71093500000001,41.536648,0 -82.717878,41.54193,0 -82.74990699999999,41.54647,0 -82.77200999999999,41.54058,0 -82.78549599999999,41.540675,0 -82.794324,41.546486,0 -82.8142310191504,41.5650816770475,0 -82.820207,41.570664,0 -82.834101,41.587587,0 -82.847657,41.585639,0 -82.852957,41.583327,0 -82.859531,41.576371,0 -82.855197,41.564114,0 -82.8557675803323,41.5583639431484,0 -82.85677,41.548262,0 -82.869422,41.533962,0 -82.875229,41.529684,0 -82.8760404649443,41.5292350698913,0 -82.8882,41.522508,0 -82.897728,41.519241,0 -82.9076685206785,41.5179149099621,0 -82.934369,41.514353,0 -82.93834011326889,41.5154648621791,0 -82.96964199999999,41.524229,0 -82.999916,41.538534,0 -83.02807199999999,41.555656,0 -83.04307900000001,41.567963,0 -83.0488794361865,41.5747163614646,0 -83.066593,41.59534,0 -83.08603599999999,41.60668,0 -83.103928,41.613558,0 -83.145887,41.617904,0 -83.1657126966893,41.6232455286596,0 -83.194524,41.631008,0 -83.23166000000001,41.644218,0 -83.238191,41.651167,0 -83.27845499999999,41.672078,0 -83.301924,41.679712,0 -83.304925,41.687491,0 -83.329556,41.702731,0 -83.33739799999999,41.702078,0 -83.339056,41.697259,0 -83.34352,41.692034,0 -83.357073,41.687763,0 -83.37573,41.686647,0 -83.3758283145624,41.6866778323775,0 -83.39263,41.691947,0 -83.409531,41.691247,0 -83.4299631146995,41.6934640805001,0 -83.462577,41.697003,0 -83.4632167112876,41.6975023968945,0 -83.4674098523798,41.7007758136377,0 -83.47094300000001,41.703534,0 -83.468121961864,41.715748936866,0 -83.468091,41.715883,0 -83.455626,41.727445,0 -83.45383200000001,41.732647,0 -83.451897,41.734486,0 -83.43436,41.737058,0 -83.424076,41.740738,0 -83.427308,41.750214,0 -83.437516,41.769694,0 -83.443364,41.789118,0 -83.44166800000001,41.808646,0 -83.439612,41.813162,0 -83.43420399999999,41.818562,0 -83.422316,41.822278,0 -83.4172955803799,41.8254540469091,0 -83.40959599999999,41.830325,0 -83.39622,41.852965,0 -83.39382221682629,41.8559758021175,0 -83.381955,41.870877,0 -83.372445,41.874477,0 -83.3721976899804,41.8741224353634,0 -83.366187,41.865505,0 -83.359467,41.867849,0 -83.3507121522839,41.8737671988441,0 -83.34155699999999,41.879956,0 -83.335961,41.889721,0 -83.3356584729891,41.8920091948129,0 -83.333642,41.907261,0 -83.3270600236078,41.922553856674,0 -83.326024,41.924961,0 -83.315859,41.935893,0 -83.3034645640566,41.9427623207313,0 -83.302904,41.943073,0 -83.295982,41.944742,0 -83.28713,41.944397,0 -83.269521,41.939042,0 -83.25729200000001,41.950745,0 -83.257009,41.959686,0 -83.24920400000001,41.972402,0 -83.2487413873797,41.9727347137138,0 -83.22850200000001,41.987291,0 -83.223354,41.989191,0 -83.216897,41.988561,0 -83.2168066369848,41.9886472403078,0 -83.209379,41.995736,0 -83.208647,42.00504,0 -83.190535,42.006172,0 -83.187246,42.007573,0 -83.18147500000001,42.019301,0 -83.18587599999999,42.027466,0 -83.18681083286791,42.0299372333272,0 -83.187646,42.032145,0 -83.186455,42.052528,0 -83.190275,42.059264,0 -83.191721,42.074492,0 -83.18952267704429,42.0777839169233,0 -83.18520599999999,42.084248,0 -83.1832187439519,42.0851870274172,0 -83.173632,42.089717,0 -83.13242099999999,42.091458,0 -83.121323,42.125742,0 -83.12437977552931,42.1376289751894,0 -83.13268970477699,42.1699440476715,0 -83.133923,42.17474,0 -83.1313434350721,42.2027602562811,0 -83.1307924385023,42.2087453993292,0 -83.12839649351061,42.2347711031117,0 -83.128022,42.238839,0 -83.11399333590801,42.2567226753533,0 -83.110922,42.260638,0 -83.0985115774597,42.2860603640677,0 -83.096521,42.290138,0 -83.07972100000001,42.308638,0 -83.0788935306815,42.3091206904358,0 -83.0740698183008,42.3119345226578,0 -83.064175127195,42.3177064258029,0 -83.064121,42.317738,0 -83.04079896726191,42.323848952051,0 -83.02374266187169,42.3283181278548,0 -83.01832,42.329739,0 -83.00795231960529,42.330681484666,0 -82.988619,42.332439,0 -82.959416,42.339638,0 -82.948029529745,42.3458992980854,0 -82.945415,42.347337,0 -82.929197,42.351095,0 -82.92983099999999,42.358297,0 -82.9292040809901,42.3592411516114,0 -82.91911399999999,42.374437,0 -82.915114,42.378137,0 -82.9119107582213,42.3795371356197,0 -82.9063545138457,42.3819657676742,0 -82.90016434769829,42.3846714866656,0 -82.89841300000001,42.385437,0 -82.894013,42.389437,0 -82.888413,42.398237,0 -82.8863404125068,42.4071581374705,0 -82.88611299999999,42.408137,0 -82.8833737560231,42.4155647190952,0 -82.870347,42.450888,0 -82.870426085074,42.4510101015721,0 -82.8788119107746,42.4639572033392,0 -82.8820969136501,42.4690290076019,0 -82.883915,42.471836,0 -82.88367554370321,42.4762086606701,0 -82.883121028174,42.4863345511863,0 -82.882557918939,42.4966173695425,0 -82.882400318612,42.4994952757025,0 -82.882316,42.501035,0 -82.8789284898432,42.5106829719654,0 -82.8750850766627,42.52162940191,0 -82.874416,42.523535,0 -82.8720737953256,42.5263890772192,0 -82.8675835889541,42.5318605869698,0 -82.8602182960978,42.5408355133642,0 -82.85931600000001,42.541935,0 -82.851016,42.548935,0 -82.849316,42.555734,0 -82.845916,42.560634,0 -82.84560920318449,42.5608231913696,0 -82.8359093361134,42.5668047760634,0 -82.834216,42.567849,0 -82.821016,42.570734,0 -82.8124041748942,42.5707875776859,0 -82.810086,42.570802,0 -82.796655,42.569356,0 -82.785251,42.565623,0 -82.781387,42.567816,0 -82.780627,42.574954,0 -82.788736,42.586197,0 -82.788977,42.592661,0 -82.7886315726127,42.5940483682599,0 -82.78757299999999,42.5983,0 -82.789017,42.603434,0 -82.80463705413921,42.6087583084541,0 -82.81101700000001,42.610933,0 -82.819017,42.616333,0 -82.82011799999999,42.626333,0 -82.8179763247643,42.6310381955936,0 -82.813518,42.640833,0 -82.8072611418157,42.6459307945169,0 -82.797318,42.654032,0 -82.792418,42.655132,0 -82.78524439919801,42.6533387543896,0 -82.780817,42.652232,0 -82.76558300000001,42.655725,0 -82.7566188060066,42.6659615453501,0 -82.753317,42.669732,0 -82.733324377579,42.6794022840666,0 -82.726366,42.682768,0 -82.7078409351836,42.6835096985073,0 -82.706135,42.683578,0 -82.700964,42.689548,0 -82.6855,42.690036,0 -82.67428700000001,42.687049,0 -82.659781,42.678618,0 -82.65324099999999,42.672232,0 -82.641479,42.675095,0 -82.625997,42.667873,0 -82.625529252058,42.664883153435,0 -82.62382100000001,42.653964,0 -82.632637,42.640553,0 -82.636959,42.639746,0 -82.64567,42.632429,0 -82.65129399999999,42.634094,0 -82.6546962919597,42.6339240057945,0 -82.658359,42.633741,0 -82.682503,42.625868,0 -82.676947,42.613502,0 -82.70177700000001,42.605577,0 -82.71323099999999,42.598609,0 -82.707401,42.592651,0 -82.688813,42.591187,0 -82.67859300000001,42.582097,0 -82.68103600000001,42.574695,0 -82.68843699999999,42.559786,0 -82.666826,42.534854,0 -82.661677,42.541875,0 -82.653254,42.547687,0 -82.64306999999999,42.554321,0 -82.63306300000001,42.55684,0 -82.62490699999999,42.557229,0 -82.616848,42.554601,0 -82.61086,42.550026,0 -82.60574200000001,42.548167,0 -82.58998099999999,42.550978,0 -82.583996,42.554041,0 -82.58013099999999,42.564111,0 -82.577702,42.566947,0 -82.564306,42.576562,0 -82.554104,42.584739,0 -82.548142,42.591752,0 -82.53836455311171,42.5977185538864,0 -82.524833,42.605976,0 -82.51859899999999,42.614755,0 -82.5157082134015,42.6222752492085,0 -82.511586666319,42.6329972655627,0 -82.509935,42.637294,0 -82.51027676882489,42.6532268282604,0 -82.510533,42.665172,0 -82.4969149080744,42.6954362186286,0 -82.494491,42.700823,0 -82.48387,42.71798,0 -82.48369074769781,42.728522191784,0 -82.483604,42.733624,0 -82.467483,42.76191,0 -82.467394,42.769298,0 -82.471159,42.784002,0 -82.480394,42.802272,0 -82.481576,42.805519,0 -82.4817774311761,42.8068547163275,0 -82.482045,42.808629,0 -82.47864,42.825187,0 -82.47268099999999,42.836784,0 -82.47167348546731,42.8409901023366,0 -82.46896099999999,42.852314,0 -82.46822,42.859107,0 -82.46971064548281,42.877463657452,0 -82.470032,42.881421,0 -82.46991199999999,42.887459,0 -82.46404,42.901456,0 -82.455027,42.926866,0 -82.44762512287021,42.9370850024648,0 -82.447142,42.937752,0 -82.428603,42.952001,0 -82.416737,42.966613,0 -82.41642301693091,42.9674810316661,0 -82.4149554010483,42.9715383748326,0 -82.412965,42.977041,0 -82.420346,42.984451,0 -82.42089917037779,42.9853144706955,0 -82.423086,42.988728,0 -82.42455,42.993393,0 -82.424206,42.996938,0 -82.4232626324908,42.9987379685005,0 -82.422586,43.000029,0 -82.415937,43.005555,0 -82.422768,43.007956,0 -82.4270049891678,43.0145143373097,0 -82.443432654641,43.0399423398644,0 -82.457221,43.061285,0 -82.4611359231365,43.0687276560727,0 -82.46884576263911,43.0833848234788,0 -82.471053,43.087581,0 -82.486042,43.102486,0 -82.49061399999999,43.118172,0 -82.49476,43.145031,0 -82.501335,43.159746,0 -82.503516311734,43.1689297273788,0 -82.507206,43.184464,0 -82.508881,43.196748,0 -82.51912299999999,43.212737,0 -82.52308600000001,43.225361,0 -82.526416294084,43.2541242241679,0 -82.53239600000001,43.30577,0 -82.529416,43.316243,0 -82.530128,43.333805,0 -82.5346716092324,43.3438280683712,0 -82.536794,43.34851,0 -82.53562700000001,43.368062,0 -82.53993,43.422378,0 -82.538578,43.431594,0 -82.539517,43.437539,0 -82.55354,43.464111,0 -82.5570356013292,43.473738,0 -82.565505,43.497063,0 -82.565691,43.502904,0 -82.58565400000001,43.543969,0 -82.593785,43.581467,0 -82.597911,43.590016,0 -82.6005,43.602935,0 -82.605783,43.669489,0 -82.60483000000001,43.678884,0 -82.6062330164376,43.6904373489092,0 -82.612224,43.739771,0 -82.61721300000001,43.746788,0 -82.619079,43.756088,0 -82.61795499999999,43.768596,0 -82.633641,43.831224,0 -82.644345,43.837539,0 -82.647784,43.842684,0 -82.64746700000001,43.84449,0 -82.642899,43.846419,0 -82.64316599999999,43.852468,0 -82.6511605905674,43.8625002870073,0 -82.65545,43.867883,0 -82.678642,43.88373,0 -82.693505,43.91798,0 -82.709839,43.948226,0 -82.71223500000001,43.94961,0 -82.728528,43.972615,0 -82.738992,43.989506,0 -82.746255,43.996037,0 -82.765018,44.006845,0 -82.783198,44.009366,0 -82.788298,44.013712,0 -82.793205,44.023247,0 -82.8302080198542,44.0358639001478,0 -82.83310299999999,44.036851,0 -82.875889,44.045046,0 -82.889831,44.050952,0 -82.915976,44.070503,0 -82.928884,44.069389,0 -82.947368,44.062187,0 -82.956658,44.063306,0 -82.958688,44.065774,0 -82.967439,44.066138,0 -82.990728,44.048846,0 -82.99928300000001,44.04651,0 -83.024604,44.045174,0 -83.02986799999999,44.041175,0 -83.03692603904911,44.030418344043,0 -83.046577,44.01571,0 -83.058741,44.006224,0 -83.06602599999999,44.003366,0 -83.079297,44.001079,0 -83.10782,44.003245,0 -83.120659,44.00095,0 -83.1262407719143,43.9978875217095,0 -83.13488099999999,43.993147,0 -83.14540700000001,43.989441,0 -83.180618,43.982109,0 -83.195688,43.983137,0 -83.20543867894661,43.9824744319735,0 -83.227093,43.981003,0 -83.26152999999999,43.973525,0 -83.26185,43.969021,0 -83.26898,43.956132,0 -83.2737360707458,43.9496736626729,0 -83.28231,43.938031,0 -83.30569,43.922489,0 -83.318656,43.91762,0 -83.40054600000001,43.918607,0 -83.40080500000001,43.907027,0 -83.3301753503797,43.9008235126192,0 -83.327437,43.900583,0 -83.325104,43.893391,0 -83.327696,43.880965,0 -83.34790700000001,43.868595,0 -83.363698,43.854475,0 -83.382895,43.853167,0 -83.391108,43.84807,0 -83.389359,43.832056,0 -83.398391,43.812164,0 -83.408373,43.808048,0 -83.43071500000001,43.785059,0 -83.44735300000001,43.756568,0 -83.4494663831473,43.7541634070154,0 -83.46636700000001,43.734934,0 -83.4709175460179,43.730378076902,0 -83.472291,43.729003,0 -83.479996,43.716012,0 -83.496602,43.697386,0 -83.513987,43.697634,0 -83.514854,43.709512,0 -83.52843300000001,43.714283,0 -83.534385,43.70909,0 -83.53984699999999,43.70864,0 -83.559775,43.68511,0 -83.58498940439431,43.6607935842475,0 -83.586871,43.658979,0 -83.62585,43.624234,0 -83.670534,43.588093,0 -83.69238300000001,43.588862,0 -83.69935797780521,43.5954425563009,0 -83.70535508003491,43.6011005339988,0 -83.712366,43.607715,0 -83.758475,43.625955,0 -83.815994,43.641437,0 -83.837385,43.650381,0 -83.849550387709,43.6458604873389,0 -83.852076,43.644922,0 -83.8833800066818,43.6582082212262,0 -83.89707799999999,43.664022,0 -83.911869,43.675161,0 -83.92967865740189,43.7012690175301,0 -83.939297,43.715369,0 -83.9492264180073,43.7386440836188,0 -83.954347,43.750647,0 -83.956784,43.761008,0 -83.954336,43.764152,0 -83.943046,43.764446,0 -83.92937499999999,43.777091,0 -83.926345,43.787398,0 -83.922237,43.816452,0 -83.9220547524798,43.824468399597,0 -83.92128599999999,43.858283,0 -83.9091502504761,43.9104820912927,0 -83.907388,43.918062,0 -83.890912,43.923314,0 -83.890145,43.934672,0 -83.885328,43.946691,0 -83.876127,43.961365,0 -83.865669,43.963418,0 -83.856128,43.972632,0 -83.85530794283061,43.9756678543792,0 -83.85493,43.977067,0 -83.848276,43.981594,0 -83.850458,43.98668,0 -83.83667199999999,43.996598,0 -83.82526300000001,43.992152,0 -83.81242899999999,43.995572,0 -83.8067185869489,43.9946382835803,0 -83.80197099999999,43.993862,0 -83.80006899999999,43.987706,0 -83.786759,43.987364,0 -83.763774,43.985158,0 -83.751583,43.992152,0 -83.747305,44.002753,0 -83.728765,44.003437,0 -83.707374,43.99865,0 -83.685508,43.9901,0 -83.680108,43.994196,0 -83.68789200000001,44.020709,0 -83.679654,44.036365,0 -83.650116,44.052404,0 -83.621078,44.056186,0 -83.601173,44.054686,0 -83.58409,44.056748,0 -83.59043699999999,44.069569,0 -83.59136100000001,44.079237,0 -83.5884660336843,44.0857228628716,0 -83.588004,44.086758,0 -83.573071,44.101298,0 -83.568203,44.119359,0 -83.569532,44.128736,0 -83.56828,44.155614,0 -83.5655860924962,44.1635099872301,0 -83.55383399999999,44.197956,0 -83.55287199999999,44.210718,0 -83.54909600000001,44.227282,0 -83.53771,44.248171,0 -83.53596763668691,44.2499801225993,0 -83.524817,44.261558,0 -83.5142939317321,44.2695619334498,0 -83.50883899999999,44.273711,0 -83.50039200000001,44.27661,0 -83.47953099999999,44.28009,0 -83.4758518664174,44.2798105269236,0 -83.463049,44.278838,0 -83.44580499999999,44.273378,0 -83.44273099999999,44.265361,0 -83.429689,44.269708,0 -83.42576200000001,44.272487,0 -83.419236,44.2878,0 -83.41430099999999,44.294543,0 -83.401822,44.301831,0 -83.3906961710359,44.3120648698956,0 -83.37360700000001,44.327784,0 -83.364312,44.33259,0 -83.352115,44.332366,0 -83.343738,44.329763,0 -83.33698800000001,44.332919,0 -83.332533,44.340464,0 -83.33524800000001,44.357995,0 -83.33375700000001,44.372486,0 -83.3320082915165,44.3771095569252,0 -83.321648,44.404502,0 -83.32155299999999,44.409119,0 -83.32461600000001,44.415039,0 -83.32717100000001,44.429234,0 -83.326824,44.444411,0 -83.3232115819134,44.4607390199751,0 -83.31761,44.486058,0 -83.3182138699829,44.5116552271657,0 -83.318279,44.514416,0 -83.308471,44.539902,0 -83.30891800000001,44.54836,0 -83.313649,44.564588,0 -83.31534590251459,44.5910671476833,0 -83.315603,44.595079,0 -83.314517,44.608725,0 -83.30750399999999,44.629816,0 -83.28944199999999,44.652968,0 -83.276836,44.689354,0 -83.273393,44.713901,0 -83.284128,44.721766,0 -83.290665,44.729265,0 -83.29730000000001,44.746134,0 -83.298287,44.754907,0 -83.296971,44.758495,0 -83.295518,44.793397,0 -83.300648,44.829831,0 -83.314429,44.84222,0 -83.321241,44.852962,0 -83.3210931197444,44.8584942845224,0 -83.320503,44.880571,0 -83.35281500000001,44.886164,0 -83.39396000000001,44.903056,0 -83.39887899999999,44.906417,0 -83.404596,44.918761,0 -83.42531099999999,44.926741,0 -83.433032,44.93289,0 -83.438856,44.940843,0 -83.443718,44.952247,0 -83.44605900000001,44.981311,0 -83.462199,44.993897,0 -83.46116499999999,45.000774,0 -83.43654100000001,45.005602,0 -83.43571300000001,45.012624,0 -83.450684,45.021894,0 -83.45352,45.02862400000001,0 -83.453363,45.035331,0 -83.4483905293628,45.04224392553891,0 -83.442052,45.051056,0 -83.433798,45.057616,0 -83.4306422738637,45.0587806121294,0 -83.399255,45.070364,0 -83.391959,45.068506,0 -83.3867248123087,45.0724115162349,0 -83.380385,45.077142,0 -83.365191,45.07285,0 -83.36747,45.062268,0 -83.357609,45.050613,0 -83.34025699999999,45.041545,0 -83.302153,45.032315,0 -83.28797400000001,45.02646200000001,0 -83.271506,45.023417,0 -83.265896,45.026844,0 -83.27146399999999,45.038114,0 -83.27703700000001,45.044767,0 -83.280272,45.045962,0 -83.30380700000001,45.04809300000001,0 -83.313936,45.053389,0 -83.30927699999999,45.06612500000001,0 -83.31089799999999,45.07070399999999,0 -83.31657,45.078858,0 -83.30725099999999,45.088013,0 -83.30178100000001,45.093877,0 -83.310472,45.10752099999999,0 -83.312074,45.111633,0 -83.316007,45.124071,0 -83.317173,45.129209,0 -83.316118,45.141958,0 -83.337822,45.14712,0 -83.34868400000001,45.16151600000001,0 -83.35989499999999,45.16302,0 -83.36367799999999,45.16646899999999,0 -83.36804600000001,45.172478,0 -83.36889600000001,45.182168,0 -83.381647,45.20335699999999,0 -83.384265,45.203472,0 -83.3875874543432,45.2071069175998,0 -83.405914,45.227157,0 -83.41240999999999,45.238905,0 -83.411483,45.254044,0 -83.390568,45.253375,0 -83.381743,45.268983,0 -83.385104,45.27419500000001,0 -83.388274,45.276916,0 -83.40109099999999,45.279572,0 -83.422389,45.290775,0 -83.42514,45.296808,0 -83.43304000000001,45.30368799999999,0 -83.445672,45.310612,0 -83.467445,45.33151099999999,0 -83.48220499999999,45.33037,0 -83.487075,45.34365,0 -83.514717,45.34646,0 -83.520258,45.34723900000001,0 -83.53830600000001,45.35816700000001,0 -83.54572899999999,45.358397,0 -83.54679899999999,45.35263700000001,0 -83.550268,45.350832,0 -83.57036100000001,45.347198,0 -83.5733415329474,45.3477508707179,0 -83.599273,45.352561,0 -83.64379,45.37171000000001,0 -83.667934,45.384675,0 -83.697316,45.39623899999999,0 -83.72181500000001,45.413304,0 -83.73732099999999,45.410943,0 -83.7438294843178,45.4109754568212,0 -83.75556899999999,45.411034,0 -83.773171,45.417302,0 -83.788777,45.416415,0 -83.806622,45.419159,0 -83.835069867709,45.43229743276,0 -83.841543,45.435287,0 -83.85856,45.446865,0 -83.88181299999999,45.467907,0 -83.90947199999999,45.485784,0 -83.939261,45.493189,0 -83.97801699999999,45.494138,0 -83.99835,45.49115800000001,0 -84.00958199999999,45.495069,0 -84.028813,45.497225,0 -84.036286,45.496245,0 -84.039958,45.493733,0 -84.056138,45.489349,0 -84.07579200000001,45.490537,0 -84.095905,45.49729800000001,0 -84.109238,45.505171,0 -84.116687,45.51305000000001,0 -84.122309,45.523788,0 -84.126971,45.54242800000001,0 -84.126532,45.55661599999999,0 -84.128867,45.56228400000001,0 -84.13946199999999,45.573714,0 -84.157121,45.585305,0 -84.180514,45.60463900000001,0 -84.196043,45.621456,0 -84.20421771114169,45.6271160041616,0 -84.21526799999999,45.634767,0 -84.27023800000001,45.64479,0 -84.28968500000001,45.653296,0 -84.329537,45.66438,0 -84.376403,45.655565,0 -84.39350201551311,45.6611357847861,0 -84.400283,45.66334499999999,0 -84.413642,45.66942699999999,0 -84.42749499999999,45.669201,0 -84.43541500000001,45.664106,0 -84.442348,45.65477099999999,0 -84.46168,45.652404,0 -84.4661638630284,45.6546064966238,0 -84.5304726868641,45.6861953222589,0 -84.53899800000001,45.690383,0 -84.55331099999999,45.69856599999999,0 -84.55549600000001,45.702268,0 -84.57363100000001,45.71038099999999,0 -84.60471200000001,45.721668,0 -84.644822,45.73999000000001,0 -84.679546,45.749095,0 -84.681967,45.756197,0 -84.715996,45.766174,0 -84.71890399999999,45.777599,0 -84.726192,45.78690499999999,0 -84.7323927268157,45.7879288720768,0 -84.734065,45.788205,0 -84.742,45.78413400000001,0 -84.751571,45.78273300000001,0 -84.77276500000001,45.78930099999999,0 -84.78031300000001,45.787224,0 -84.793153,45.78046299999999,0 -84.792337,45.77849700000001,0 -84.77979999999999,45.76965,0 -84.781373,45.76108000000001,0 -84.788821,45.75228299999999,0 -84.799558,45.74713000000001,0 -84.806642,45.746171,0 -84.840981,45.74475100000001,0 -84.86697599999999,45.752066,0 -84.910398,45.75001,0 -84.92466400000001,45.756897,0 -84.938312,45.759892,0 -84.975256,45.75862100000001,0 -84.97595200000001,45.751451,0 -84.95084,45.736893,0 -84.942125,45.72845999999999,0 -84.94052600000001,45.721832,0 -84.94375599999999,45.71029,0 -84.97095,45.686334,0 -84.996336,45.669685,0 -85.001154,45.661225,0 -85.007026,45.65636,0 -85.01534100000001,45.651564,0 -85.0178188402744,45.6509164979767,0 -85.061488,45.639505,0 -85.07491,45.62924199999999,0 -85.075686,45.62368800000001,0 -85.079528,45.617083,0 -85.093525,45.600121,0 -85.111909,45.58582899999999,0 -85.11863700000001,45.575175,0 -85.119737,45.569026,0 -85.11547899999999,45.53940600000001,0 -85.109252,45.52162599999999,0 -85.088386,45.47692800000001,0 -85.06957300000001,45.459239,0 -85.040936,45.436701,0 -84.994975,45.42339999999999,0 -84.9949062647471,45.423430578165,0 -84.990785,45.425264,0 -84.99004100000001,45.427618,0 -84.980953,45.429382,0 -84.922006,45.42191400000001,0 -84.91616500000001,45.41763899999999,0 -84.91295599999999,45.409776,0 -84.912537,45.402828,0 -84.91585000000001,45.393115,0 -84.9177278749422,45.3923710370644,0 -84.959119,45.375973,0 -84.96076046366019,45.3757318584163,0 -84.9768264725991,45.373371658228,0 -85.022234,45.366701,0 -85.032813,45.361251,0 -85.04310099999999,45.361506,0 -85.054805,45.364091,0 -85.0959851261272,45.3670008533623,0 -85.14365100000001,45.370369,0 -85.18247100000001,45.360824,0 -85.196704,45.360641,0 -85.209673,45.356937,0 -85.235629,45.339374,0 -85.25219300000001,45.33086300000001,0 -85.25505,45.325675,0 -85.262996,45.319507,0 -85.27378899999999,45.315443,0 -85.289568,45.314052,0 -85.294848,45.31640800000001,0 -85.30764600000001,45.31314,0 -85.3165267886956,45.3078071667759,0 -85.323941,45.303355,0 -85.335016,45.294027,0 -85.35547800000001,45.282774,0 -85.371593,45.270834,0 -85.388593,45.23524,0 -85.3874719173436,45.2077725742102,0 -85.386726,45.189497,0 -85.380464,45.180876,0 -85.376948,45.142881,0 -85.37257099999999,45.126241,0 -85.366908,45.11693799999999,0 -85.366412,45.06902299999999,0 -85.37758599999999,45.055713,0 -85.38065899999999,45.046319,0 -85.38160063382669,45.01990404183759,0 -85.381654,45.018407,0 -85.378286,44.998587,0 -85.39579999999999,44.931018,0 -85.406173,44.911773,0 -85.42300299999999,44.895019,0 -85.425804,44.881646,0 -85.44225025921131,44.8598168798166,0 -85.46044500000001,44.835667,0 -85.46291600000001,44.825067,0 -85.474796,44.814959,0 -85.499591,44.803838,0 -85.50925100000001,44.787334,0 -85.505244,44.781594,0 -85.503935,44.772951,0 -85.504775,44.768082,0 -85.50777115371559,44.7654321776751,0 -85.52659819465541,44.7487813919912,0 -85.527216,44.748235,0 -85.538285,44.746821,0 -85.554326,44.748744,0 -85.57130100000001,44.755293,0 -85.5749340020528,44.7586844919448,0 -85.576566,44.760208,0 -85.56048800000001,44.789679,0 -85.56041219911759,44.795693814769,0 -85.560231,44.810072,0 -85.555894,44.818256,0 -85.539924,44.834166,0 -85.519096,44.845339,0 -85.508617,44.847872,0 -85.502182,44.855802,0 -85.498007,44.865451,0 -85.488624,44.901707,0 -85.49249,44.90822,0 -85.491286,44.927585,0 -85.48574000000001,44.953626,0 -85.472258,44.959391,0 -85.46665,44.958844,0 -85.464944,44.961062,0 -85.470462,44.980745,0 -85.47520400000001,44.991053,0 -85.4926,44.989834,0 -85.520034,44.973996,0 -85.52209999999999,44.966727,0 -85.520205,44.960347,0 -85.533553,44.925762,0 -85.539703,44.916779,0 -85.564509,44.895246,0 -85.559524,44.888113,0 -85.537272,44.89582,0 -85.530649,44.889763,0 -85.532931,44.87319,0 -85.545891,44.864024,0 -85.581717,44.807784,0 -85.590985,44.783914,0 -85.593571,44.768783,0 -85.599256,44.765919,0 -85.6054385999032,44.7655116568293,0 -85.610776,44.76516,0 -85.6196480173069,44.7663707111843,0 -85.6227779121794,44.7667978292338,0 -85.627982,44.767508,0 -85.63609700000001,44.771329,0 -85.6369780993289,44.7721250743723,0 -85.6402156770347,44.7750502299767,0 -85.640781,44.775561,0 -85.637,44.790078,0 -85.6381734262276,44.795308978742,0 -85.64165199999999,44.810816,0 -85.65143500000001,44.831624,0 -85.652355,44.849092,0 -85.648932,44.87401,0 -85.64614144416809,44.8817450418413,0 -85.645456,44.883645,0 -85.639842,44.890255,0 -85.625497,44.921107,0 -85.621403,44.923123,0 -85.6047260766194,44.926239860067,0 -85.602034,44.926743,0 -85.602356,44.974272,0 -85.60430100000001,44.990983,0 -85.606588,44.990662,0 -85.620797,44.974242,0 -85.63351299999999,44.966843,0 -85.641475,44.968189,0 -85.6456920505195,44.9713532665188,0 -85.64931799999999,44.974074,0 -85.6450961814469,44.9799946170474,0 -85.63565199999999,44.993239,0 -85.629829,45.002483,0 -85.621878,45.004529,0 -85.609123,45.013103,0 -85.59965200000001,45.021749,0 -85.5962310413675,45.0407647347796,0 -85.595343,45.045701,0 -85.590498,45.051614,0 -85.58234899999999,45.051769,0 -85.576859,45.041895,0 -85.564356,45.043551,0 -85.564877,45.059377,0 -85.573353,45.068382,0 -85.583198,45.071304,0 -85.60926600000001,45.11351000000001,0 -85.61431899999999,45.127562,0 -85.599801,45.149286,0 -85.590434,45.153175,0 -85.573893,45.155488,0 -85.570178,45.15514499999999,0 -85.568489,45.153762,0 -85.56649299999999,45.153762,0 -85.564897,45.153962,0 -85.5639,45.154361,0 -85.563102,45.155358,0 -85.56210400000001,45.156954,0 -85.56168,45.15894,0 -85.552179,45.167352,0 -85.53689199999999,45.173385,0 -85.53146099999999,45.177247,0 -85.526734,45.189316,0 -85.540497,45.210169,0 -85.551072,45.210742,0 -85.561809,45.200524,0 -85.564654,45.192546,0 -85.58598600000001,45.180381,0 -85.593064,45.178527,0 -85.60696299999999,45.17847700000001,0 -85.611684,45.181104,0 -85.613174,45.184624,0 -85.618639,45.186771,0 -85.656024,45.145788,0 -85.67486100000001,45.11621599999999,0 -85.67567099999999,45.10553999999999,0 -85.681096,45.092693,0 -85.6912220724692,45.081449658573,0 -85.69571500000001,45.076461,0 -85.712262,45.065622,0 -85.740836,45.055575,0 -85.746444,45.051229,0 -85.761943,45.02345400000001,0 -85.771395,45.015181,0 -85.776207,45.000574,0 -85.778278,44.983075,0 -85.780439,44.977932,0 -85.80740299999999,44.949814,0 -85.81161388955751,44.9476253629449,0 -85.815451,44.945631,0 -85.83615,44.940256,0 -85.854304,44.938147,0 -85.86985199999999,44.939031,0 -85.8728181757922,44.9402884325864,0 -85.87993400000001,44.943305,0 -85.891543,44.957783,0 -85.897626,44.962014,0 -85.915851,44.968307,0 -85.9316,44.968788,0 -85.93858899999999,44.964559,0 -85.942099,44.954317,0 -85.9518983796292,44.9418080762199,0 -85.952721,44.940758,0 -85.961603,44.935567,0 -85.967169,44.929484,0 -85.972824,44.914781,0 -85.98021900000001,44.906136,0 -85.992535,44.900026,0 -86.009355,44.899454,0 -86.021513,44.902774,0 -86.031194,44.907349,0 -86.038332,44.915696,0 -86.058862,44.911012,0 -86.066745,44.905685,0 -86.07098999999999,44.895876,0 -86.072468,44.884788,0 -86.071112,44.86542,0 -86.066031,44.834852,0 -86.065966,44.821522,0 -86.071746,44.804717,0 -86.0730864826986,44.7781251744663,0 -86.07350599999999,44.769803,0 -86.077933,44.758234,0 -86.089186,44.741496,0 -86.106182,44.731088,0 -86.12112500000001,44.727972,0 -86.15607829999421,44.7281657732442,0 -86.160268,44.728189,0 -86.172201,44.720623,0 -86.232482,44.70605,0 -86.248474,44.699046,0 -86.25499600000001,44.691935,0 -86.2553890871318,44.6908068399317,0 -86.25679599999999,44.686769,0 -86.2582342156833,44.6718812456249,0 -86.259029,44.663654,0 -86.25395,44.64808,0 -86.2435062828568,44.6296809859768,0 -86.23182799999999,44.609107,0 -86.22545,44.59459,0 -86.220697,44.566742,0 -86.223788,44.549043,0 -86.2335026627983,44.5182776275632,0 -86.238743,44.501682,0 -86.243745,44.488929,0 -86.248914,44.483004,0 -86.251605,44.465443,0 -86.25184299999999,44.451632,0 -86.24832000000001,44.434758,0 -86.24820118690231,44.4278337531453,0 -86.24808299999999,44.420946,0 -86.251926,44.400984,0 -86.26459423887989,44.3589729075277,0 -86.26871,44.345324,0 -86.300264,44.308197,0 -86.30922341844381,44.2945614711495,0 -86.316025,44.28421,0 -86.3246466428933,44.2680162855512,0 -86.327287,44.263057,0 -86.3431915729638,44.2500980395135,0 -86.34379300000001,44.249608,0 -86.35163799999999,44.229429,0 -86.3520838379428,44.2285811561611,0 -86.362847,44.208113,0 -86.380062,44.189472,0 -86.3868622138079,44.1786936792853,0 -86.400645,44.156848,0 -86.421108,44.12948,0 -86.42987100000001,44.119782,0 -86.446883,44.10597,0 -86.50045299999999,44.075607,0 -86.508764,44.067881,0 -86.514702,44.058119,0 -86.514742,44.04792,0 -86.508827,44.032755,0 -86.50744392229799,44.0306395095891,0 -86.501738,44.021912,0 -86.48333100000001,44.001179,0 -86.46313600000001,43.970976,0 -86.4592692133924,43.9575404344447,0 -86.45769404718121,43.9520673501922,0 -86.44791499999999,43.918089,0 -86.445455,43.889726,0 -86.433915,43.855608,0 -86.43119799999999,43.84072,0 -86.4310644927959,43.8194062208693,0 -86.431043,43.815975,0 -86.43739100000001,43.789334,0 -86.445123,43.771564,0 -86.46155400000001,43.746685,0 -86.4733111109186,43.7342039290495,0 -86.481854,43.725135,0 -86.510319,43.698625,0 -86.529179,43.677889,0 -86.538482,43.658795,0 -86.54049973616441,43.6463629440318,0 -86.54078699999999,43.644593,0 -86.540916,43.633158,0 -86.53849700000001,43.617501,0 -86.529507,43.593462,0 -86.520205,43.576718,0 -86.479276,43.515335,0 -86.46874699999999,43.491963,0 -86.46219506947671,43.4723275153535,0 -86.44874299999999,43.432013,0 -86.442552707461,43.415962965501,0 -86.435124,43.396702,0 -86.4250752935307,43.3752489027136,0 -86.4091805995798,43.3413151405216,0 -86.407832,43.338436,0 -86.39575000000001,43.316225,0 -86.3841457334649,43.2985449566701,0 -86.3579958465502,43.2587034783377,0 -86.3486637035289,43.2444851998727,0 -86.3429270221846,43.2357448995332,0 -86.3298364585293,43.2158003617258,0 -86.321518347634,43.2031270436313,0 -86.32118111656099,43.2026132446795,0 -86.316259,43.195114,0 -86.31133638772759,43.1869197216944,0 -86.2990483363467,43.1664647869407,0 -86.28724407096939,43.1468151719916,0 -86.280756,43.136015,0 -86.2719958131653,43.1183651191642,0 -86.2566508678469,43.0874483748738,0 -86.25464599999999,43.083409,0 -86.250517,43.066993,0 -86.2500994733383,43.0581354701061,0 -86.250069,43.057489,0 -86.244277,43.049681,0 -86.2387803052051,43.0335667052077,0 -86.232707,43.015762,0 -86.226305,42.988284,0 -86.2196505566011,42.9426223641696,0 -86.21620900000001,42.919007,0 -86.2154333201981,42.9057286801843,0 -86.21413800000001,42.883555,0 -86.21073699999999,42.859128,0 -86.210888686267,42.8554847153744,0 -86.211815,42.833236,0 -86.2117789575003,42.8313655759927,0 -86.2116599375877,42.8251890426282,0 -86.21125401926091,42.8041239281132,0 -86.210863,42.783832,0 -86.21078963526389,42.7832275308762,0 -86.2095525672933,42.7730350401541,0 -86.2088855875804,42.7675396391758,0 -86.208309,42.762789,0 -86.20787162454999,42.7499301617704,0 -86.2068477374041,42.7198278796801,0 -86.206834,42.719424,0 -86.208654,42.69209,0 -86.2093519645706,42.6894674687184,0 -86.2115332073686,42.6812716695165,0 -86.21602,42.664413,0 -86.22663799999999,42.644922,0 -86.22905,42.637693,0 -86.2273820667437,42.6168605767163,0 -86.225613,42.594765,0 -86.22597815249939,42.593083730817,0 -86.228082,42.583397,0 -86.23528,42.564958,0 -86.24064199999999,42.54,0 -86.24472011750341,42.5131117678324,0 -86.24970999999999,42.480212,0 -86.261573,42.443894,0 -86.27389328086269,42.4192800027482,0 -86.276878,42.413317,0 -86.284969,42.401814,0 -86.284694381957,42.3979920126104,0 -86.284448,42.394563,0 -86.29233819090869,42.3720114449154,0 -86.297168,42.358207,0 -86.3113806699032,42.3308235957261,0 -86.321803,42.310743,0 -86.356218,42.254166,0 -86.3648801403901,42.2431332189299,0 -86.38517899999999,42.217279,0 -86.4021828119479,42.1985422641055,0 -86.404146,42.196379,0 -86.43714775545151,42.1634532193541,0 -86.4429222466036,42.1576920219144,0 -86.4636848643097,42.1369772027518,0 -86.466262,42.134406,0 -86.47903070428239,42.1235188293796,0 -86.485223,42.118239,0 -86.490122,42.105139,0 -86.501322,42.08454,0 -86.5088562951768,42.0729856546607,0 -86.50900980184031,42.07275024193,0 -86.52336730159939,42.0507320562162,0 -86.5239648141887,42.0498157307153,0 -86.5321611984015,42.0372460275771,0 -86.5376055223722,42.028896792802,0 -86.556421,42.000042,0 -86.56279570045039,41.9857471497233,0 -86.58219699999999,41.942241,0 -86.597899,41.918291,0 -86.6143231613766,41.8996398983003,0 -86.616624503965,41.8970265183122,0 -86.61944200000001,41.893827,0 -86.679355,41.844793,0 -86.70396115028819,41.8281782001504,0 -86.717037,41.819349,0 -86.7493573803978,41.8007649155144,0 -86.777227,41.78474,0 -86.824828,41.76024,0 -86.83755882856541,41.754629237212,0 -86.875429,41.737939,0 -86.8754548899211,41.7379305487664,0 -86.90913,41.726938,0 -86.9110121740089,41.7256710112702,0 -86.9327468138127,41.7110403004295,0 -86.93483000000001,41.709638,0 -87.0096398161518,41.6815198055455,0 -87.027888,41.674661,0 -87.066033,41.661845,0 -87.0674720713681,41.6614170612248,0 -87.120322,41.645701,0 -87.12036176105531,41.6457341834963,0 -87.125835,41.650302,0 -87.14454335843671,41.6476699075672,0 -87.16078400000001,41.645385,0 -87.160625,41.637266,0 -87.18354124087691,41.6308106850516,0 -87.187651,41.629653,0 -87.2027844197244,41.627224519153,0 -87.22066,41.624356,0 -87.22264400451991,41.6241608806593,0 -87.2614749690392,41.6203420021642,0 -87.26153600000001,41.620336,0 -87.278437,41.619736,0 -87.287637,41.622236,0 -87.2888354648169,41.6222621238618,0 -87.324338,41.623036,0 -87.3436496961268,41.6260900868792,0 -87.36543899999999,41.629536,0 -87.39453899999999,41.637235,0 -87.3955623368214,41.637433286779,0 -87.42344,41.642835,0 -87.4331129109751,41.648969750454,0 -87.434083,41.649585,0 -87.433612,41.656452,0 -87.42115200000001,41.659516,0 -87.405205,41.673733,0 -87.40764299999999,41.681008,0 -87.41650199999999,41.688376,0 -87.424877,41.690073,0 -87.4289413641396,41.6879224073214,0 -87.436307,41.684025,0 -87.44627262079629,41.6840496064711,0 -87.44886200000001,41.684056,0 -87.4622100421866,41.6759099511205,0 -87.46658499999999,41.67324,0 -87.47534899999999,41.673374,0 -87.5002768033668,41.6887502525118,0 -87.502358,41.690034,0 -87.502872022782,41.6909819265306,0 -87.511,41.705971,0 -87.516954,41.708634,0 -87.524044,41.708335,0 -87.524141,41.72399,0 -87.5246146643851,41.7257289450361,0 -87.5268451019725,41.7339174609819,0 -87.530745,41.748235,0 -87.542845,41.752135,0 -87.5457649881302,41.7542355514566,0 -87.5599139038649,41.7644138550082,0 -87.560238,41.764647,0 -87.56164334782881,41.7662929961352,0 -87.5666069903366,41.7721066005806,0 -87.5727855810057,41.7793431979228,0 -87.57319774459511,41.7798259393917,0 -87.5741729899309,41.7809681833408,0 -87.576391,41.783566,0 -87.57694639517121,41.7857569614888,0 -87.5770408594239,41.7861296106408,0 -87.57793770009729,41.7896675300876,0 -87.57906635908181,41.7941199425267,0 -87.5793487532429,41.7952339506486,0 -87.5798157849716,41.7970763298852,0 -87.5798296821732,41.7971311525322,0 -87.57998588963611,41.7977473705934,0 -87.5801647915273,41.7984531152129,0 -87.5803988378084,41.799376397256,0 -87.5807145662821,41.800621904892,0 -87.5807236182811,41.800657613847,0 -87.58084581673,41.8011396707848,0 -87.58121302118781,41.8025882444623,0 -87.58148799999999,41.803673,0 -87.5833563603928,41.8059431446251,0 -87.5869967575341,41.8103663961749,0 -87.5877141566486,41.8112380694078,0 -87.5924053300118,41.8169380628547,0 -87.5994238363037,41.8254658738678,0 -87.600549,41.826833,0 -87.6027326375136,41.8313469793563,0 -87.60621150740771,41.8385384416698,0 -87.60636969504939,41.8388654445467,0 -87.6091047759773,41.8445193586094,0 -87.60945,41.845233,0 -87.60945385949999,41.8452464495149,0 -87.6101624993552,41.8477159046786,0 -87.6105285394044,41.8489914743253,0 -87.61061917397799,41.8493073160241,0 -87.6107391453487,41.8497253900553,0 -87.61162174507869,41.8528010573982,0 -87.6160358283245,41.8681831736937,0 -87.61623804997269,41.8688878719826,0 -87.61625100000001,41.868933,0 -87.6163137789071,41.8718882182731,0 -87.61634325884771,41.8732759400953,0 -87.6165055073929,41.8809135350739,0 -87.61653699999999,41.882396,0 -87.613556,41.88448,0 -87.6141841884039,41.8883972318036,0 -87.614188,41.888421,0 -87.61268,41.889248,0 -87.6117629987361,41.8905592848632,0 -87.611659,41.890708,0 -87.611659,41.892216,0 -87.6122656951875,41.8932901960677,0 -87.612291,41.893335,0 -87.613920082771,41.8934072296314,0 -87.614163,41.893418,0 -87.614279324517,41.8935821349607,0 -87.61590298654779,41.8958731369821,0 -87.61654967757801,41.8967856239587,0 -87.61743300000001,41.898032,0 -87.6189305946935,41.9001121646012,0 -87.61985199999999,41.901392,0 -87.622944,41.90202,0 -87.62405200000001,41.904232,0 -87.6241335473986,41.9045735041036,0 -87.6247627757383,41.9072085858333,0 -87.6257043444929,41.9111516863999,0 -87.62677903342301,41.9156522674863,0 -87.6270382696468,41.9167378966513,0 -87.6272017704332,41.91742260506,0 -87.6274958084083,41.9186539769597,0 -87.6275253481619,41.9187776835064,0 -87.6293807230397,41.9265476203227,0 -87.63092473354411,41.9330136257679,0 -87.63095300000001,41.933132,0 -87.63242174790651,41.9368400776909,0 -87.63272141309881,41.9375966280895,0 -87.63398630929331,41.9407900510992,0 -87.6345721136217,41.9422690033085,0 -87.6355825499074,41.9448200035396,0 -87.6370303782961,41.9484752667229,0 -87.6371017709578,41.9486555083662,0 -87.63928079528711,41.9541567870183,0 -87.6393737178545,41.9543913841862,0 -87.63958175561881,41.9549166071936,0 -87.63966419425439,41.9551247360794,0 -87.6397604929662,41.9553678568377,0 -87.6415737543747,41.9599457113128,0 -87.64543948984389,41.9697053490207,0 -87.64843961133521,41.9772796124613,0 -87.64897494619311,41.9786311468089,0 -87.6507127618402,41.9830185269735,0 -87.6511144351671,41.9840326124377,0 -87.6523965399422,41.9872694811288,0 -87.65271573237079,41.9880753310086,0 -87.6527805566725,41.9882389898271,0 -87.6535565321052,41.9901980579407,0 -87.6536387482162,41.9904056250295,0 -87.6536699624132,41.9904844300218,0 -87.654224790638,41.9918851783416,0 -87.65441841387791,41.992374009688,0 -87.6545768579935,41.992774025979,0 -87.654789991163,41.9933121131128,0 -87.6551288379531,41.9941675834201,0 -87.65602045210061,41.9964185990739,0 -87.6567377830909,41.9982296103648,0 -87.6625274064686,42.0128463959887,0 -87.6650693453165,42.0192639075925,0 -87.6665974088512,42.023121736617,0 -87.668982,42.029142,0 -87.6697048615022,42.0338162726947,0 -87.67082741042159,42.0410750625817,0 -87.6710944310462,42.0428017103708,0 -87.67189399999999,42.047972,0 -87.67118320848181,42.0505477191918,0 -87.67109002360409,42.0508853963752,0 -87.6706981790512,42.0523053366945,0 -87.670512,42.05298,0 -87.67146200000001,42.058334,0 -87.67347352031609,42.0615450118289,0 -87.679843229159,42.0717130475563,0 -87.6807493988709,42.0731595761548,0 -87.68217858149011,42.0754409959641,0 -87.68235900000001,42.075729,0 -87.6915811140132,42.0820485067496,0 -87.6977889013932,42.0863024288103,0 -87.7023701809056,42.0894417769857,0 -87.7109451793023,42.0953178440315,0 -87.71096,42.095328,0 -87.724661,42.107727,0 -87.7339293407406,42.118902871136,0 -87.7389949284653,42.1250110146779,0 -87.74131766822249,42.1278118008095,0 -87.74166200000001,42.128227,0 -87.7503962137154,42.1401604985934,0 -87.7543577925119,42.1455731775746,0 -87.75924911868979,42.1522561642711,0 -87.77590990066111,42.1750196807934,0 -87.7783786434711,42.1783927078122,0 -87.7870584390966,42.1902518553282,0 -87.79096469106619,42.1955889416308,0 -87.7914228472811,42.1962149174454,0 -87.796593838099,42.203280008095,0 -87.800066,42.208024,0 -87.80836990657841,42.2242214160036,0 -87.8092058748485,42.2258520371708,0 -87.8119283267694,42.2311623915077,0 -87.81226700000001,42.231823,0 -87.81561261846861,42.2396419619699,0 -87.82531309715149,42.2623127101813,0 -87.8261592973234,42.2642903436219,0 -87.8265759875102,42.2652641799258,0 -87.8268897878384,42.2659975548924,0 -87.82802861983291,42.2686590909099,0 -87.828569,42.269922,0 -87.8327384833925,42.2911729153555,0 -87.83346809851029,42.2948915988591,0 -87.83476899999999,42.301522,0 -87.83433507727599,42.30482488259,0 -87.83169622045639,42.3249110264225,0 -87.83143222486559,42.3269204773977,0 -87.8312191945934,42.3285419964799,0 -87.830986,42.330317,0 -87.82848351446241,42.341237125661,0 -87.826048382119,42.3518633413937,0 -87.82500260567031,42.356426808419,0 -87.8248038676843,42.357294043713,0 -87.82375500000001,42.361871,0 -87.82361428785249,42.3619088750522,0 -87.8218310680076,42.362388858805,0 -87.816529,42.363816,0 -87.8054574437877,42.3845571849285,0 -87.80537,42.384721,0 -87.8037502138481,42.4137961614259,0 -87.8035050696482,42.4181964998154,0 -87.80337,42.420621,0 -87.80114690171639,42.4420590679928,0 -87.80099686592619,42.4435059124686,0 -87.8003541315513,42.4497040114599,0 -87.79807099999999,42.471721,0 -87.7981664052873,42.4725219523684,0 -87.7991276941589,42.4805922241548,0 -87.800477,42.49192,0 -87.80967200000001,42.51482,0 -87.812273,42.52982,0 -87.812492466363,42.5406616383327,0 -87.81280730032709,42.5562144361601,0 -87.813273,42.57922,0 -87.8128387039711,42.5806857490975,0 -87.810873,42.58732,0 -87.8116715044183,42.588612508937,0 -87.815074,42.59412,0 -87.819374,42.60662,0 -87.81967400000001,42.61582,0 -87.8176622646787,42.6271661872118,0 -87.814674,42.64402,0 -87.8058558866897,42.6678889603301,0 -87.803074,42.675419,0 -87.79487399999999,42.689919,0 -87.78677399999999,42.700719,0 -87.78507399999999,42.700819,0 -87.78371953516481,42.7045312369557,0 -87.782374,42.708219,0 -87.7788864656559,42.7259777817683,0 -87.778627,42.727299,0 -87.779708701045,42.7335263288242,0 -87.7809194215564,42.7404964198425,0 -87.782174,42.747719,0 -87.7801016393456,42.7555421614704,0 -87.77817400000001,42.762819,0 -87.77264814614171,42.7699894532209,0 -87.769774,42.773719,0 -87.76667500000001,42.784896,0 -87.77369899999999,42.793481,0 -87.7788304447964,42.7967043176689,0 -87.793976,42.806218,0 -87.7941020446296,42.8063431757123,0 -87.823278,42.835318,0 -87.8270210768063,42.8422224134625,0 -87.834879,42.856717,0 -87.84092710960221,42.8719528355138,0 -87.84778,42.889216,0 -87.84741658891549,42.893128780651,0 -87.846088663949,42.9074263057854,0 -87.8439732246942,42.9302028531653,0 -87.842681,42.944116,0 -87.845181,42.962015,0 -87.8485183695376,42.9664644552622,0 -87.85718199999999,42.978015,0 -87.86954501389251,42.9862949590741,0 -87.8722101710389,42.9880799115372,0 -87.878683,42.992415,0 -87.8831866347617,42.9964677708817,0 -87.887683,43.000514,0 -87.88774967175939,43.0006399199998,0 -87.89578400000001,43.015814,0 -87.8978706743921,43.025167338077,0 -87.898684,43.028813,0 -87.895084,43.042313,0 -87.88266,43.052554,0 -87.87018399999999,43.064412,0 -87.866484,43.074412,0 -87.866583134424,43.074666021635,0 -87.8694210722746,43.0819379417585,0 -87.87608400000001,43.099011,0 -87.87610641491671,43.0990306610579,0 -87.893185,43.114011,0 -87.900485,43.12591,0 -87.90138361259589,43.1331987466112,0 -87.901385,43.13321,0 -87.900285,43.13731,0 -87.892285,43.14871,0 -87.88153714676839,43.169724931957,0 -87.881085,43.170609,0 -87.887586,43.186608,0 -87.89208978939629,43.192043607892,0 -87.896286,43.197108,0 -87.9048104713781,43.221073,0 -87.910087,43.235907,0 -87.9100892629107,43.2359262999662,0 -87.9117598283184,43.2501742575225,0 -87.9117853411353,43.2503918518361,0 -87.911787,43.250406,0 -87.90296835441001,43.2803139840528,0 -87.901847,43.284117,0 -87.889207,43.307652,0 -87.882392,43.352099,0 -87.87761896456379,43.3686424335021,0 -87.877448,43.369235,0 -87.87275769221139,43.3796164802043,0 -87.87250400000001,43.380178,0 -87.86675863431741,43.390497465829,0 -87.865048,43.39357,0 -87.855608,43.405441,0 -87.827319,43.434849,0 -87.8116316030538,43.4559747481314,0 -87.807799,43.461136,0 -87.793239,43.492783,0 -87.797336,43.510623,0 -87.797608,43.52731,0 -87.79432058247539,43.543034,0 -87.79013500000001,43.563054,0 -87.781255,43.578493,0 -87.74183268817789,43.6294657980885,0 -87.734312,43.63919,0 -87.706204,43.679542,0 -87.702685,43.687596,0 -87.7029098447106,43.7016855190514,0 -87.702985,43.706395,0 -87.708185,43.722895,0 -87.7093699472067,43.7318866582154,0 -87.709885,43.735795,0 -87.708285,43.742895,0 -87.705185,43.745095,0 -87.7034115548595,43.7488031125664,0 -87.702985,43.749695,0 -87.7002650271973,43.7606686833764,0 -87.700085,43.761395,0 -87.70025099999999,43.76735,0 -87.7118168291392,43.7864060256443,0 -87.71452331637521,43.7908652727553,0 -87.7235524545366,43.8057418100342,0 -87.72640699999999,43.810445,0 -87.7296,43.831782,0 -87.72869799999999,43.852524,0 -87.736017,43.873721,0 -87.736178,43.880421,0 -87.73132238580069,43.8921842757007,0 -87.726803,43.903133,0 -87.719041,43.937781,0 -87.716037,43.943705,0 -87.703951,43.956651,0 -87.69892,43.965936,0 -87.69695925481049,43.9795045632865,0 -87.695503,43.989582,0 -87.683361,44.020139,0 -87.6808919285282,44.0236670356248,0 -87.6714238510398,44.037195892549,0 -87.671316,44.03735,0 -87.656083,44.051794,0 -87.65348299999999,44.067194,0 -87.65518299999999,44.081894,0 -87.65139486097431,44.0919369732309,0 -87.64658300000001,44.104694,0 -87.6415542910847,44.1080859776499,0 -87.621082,44.121895,0 -87.620107777698,44.1223676425029,0 -87.600882,44.131695,0 -87.563181,44.144195,0 -87.5626421132562,44.1445542810161,0 -87.5441885178501,44.1568574719639,0 -87.53994,44.15969,0 -87.5268236374538,44.1727416862023,0 -87.51966,44.17987,0 -87.51290299999999,44.192808,0 -87.507419,44.210803,0 -87.508419,44.229669,0 -87.521755,44.259957,0 -87.541155,44.293143,0 -87.54471599999999,44.306864,0 -87.545382,44.321385,0 -87.5429498405866,44.3275124998493,0 -87.53358299999999,44.351111,0 -87.521047,44.367526,0 -87.51759699999999,44.375696,0 -87.517965,44.394356,0 -87.511635,44.414043,0 -87.506362,44.423804,0 -87.4989389953147,44.4593592284159,0 -87.498662,44.460686,0 -87.49002400000001,44.477224,0 -87.483914,44.504425,0 -87.48369599999999,44.511354,0 -87.468093,44.551925,0 -87.446963,44.586274,0 -87.4458571829303,44.5884689359513,0 -87.437493,44.605071,0 -87.4219896112873,44.6176545108282,0 -87.41802800000001,44.62087,0 -87.40541,44.627191,0 -87.401629,44.631191,0 -87.39352100000001,44.640655,0 -87.3732583322394,44.6755406746472,0 -87.368263,44.684141,0 -87.35378900000001,44.701915,0 -87.343508,44.719228,0 -87.33758400000001,44.737751,0 -87.31898200000001,44.771335,0 -87.320397,44.784963,0 -87.31521080556649,44.7918324055971,0 -87.313751,44.793766,0 -87.304824,44.804603,0 -87.282561,44.814729,0 -87.27603000000001,44.83318,0 -87.2747688360771,44.8351873782733,0 -87.26744100000001,44.846851,0 -87.26678539979029,44.8471505939524,0 -87.204545,44.875593,0 -87.20628499999999,44.885928,0 -87.217195,44.897839,0 -87.215977,44.906597,0 -87.204238,44.916819,0 -87.18673200000001,44.925463,0 -87.17492,44.927749,0 -87.1717,44.931476,0 -87.17524,44.939753,0 -87.18837499999999,44.948077,0 -87.189407,44.968632,0 -87.181901,44.980887,0 -87.163529,45.00489,0 -87.154084,45.00911700000001,0 -87.1501339874083,45.0100435063549,0 -87.13938400000001,45.012565,0 -87.124808,45.04216700000001,0 -87.124701,45.052936,0 -87.121156,45.058311,0 -87.091639,45.05514500000001,0 -87.08186600000001,45.05910299999999,0 -87.07955200000001,45.070783,0 -87.063157,45.07931599999999,0 -87.057444,45.087467,0 -87.048213,45.089124,0 -87.048951,45.108718,0 -87.05104900000001,45.11617200000001,0 -87.05434200000001,45.119968,0 -87.05004240443741,45.12748203604309,0 -87.045748,45.134987,0 -87.033114,45.14175299999999,0 -87.028847,45.14637,0 -87.045225,45.158401,0 -87.04589900000001,45.173902,0 -87.040909,45.211535,0 -87.032546,45.22227399999999,0 -87.00754000000001,45.222127,0 -87.005359,45.213694,0 -87.00280600000001,45.211773,0 -86.985973,45.215872,0 -86.978759,45.227333,0 -86.973022,45.24639899999999,0 -86.97671099999999,45.246146,0 -86.982669,45.249117,0 -86.98497500000001,45.25867400000001,0 -86.984398,45.264366,0 -86.97452800000001,45.271823,0 -86.970355,45.278455,0 -86.97778,45.290684,0 -86.983355,45.29536800000001,0 -86.994112,45.298061,0 -87.017036,45.29925399999999,0 -87.034206,45.287758,0 -87.04389500000001,45.284767,0 -87.0517,45.285888,0 -87.057627,45.292838,0 -87.07103499999999,45.280355,0 -87.078316,45.26572299999999,0 -87.108743,45.25700299999999,0 -87.116432,45.24152,0 -87.12281900000001,45.22299700000001,0 -87.12160900000001,45.20978299999999,0 -87.119405,45.20544,0 -87.1196111176796,45.2002281672429,0 -87.119972,45.191103,0 -87.123689,45.18989,0 -87.13303000000001,45.192843,0 -87.14770900000001,45.190711,0 -87.163169,45.18533100000001,0 -87.167179,45.183594,0 -87.175068,45.17305,0 -87.195213,45.16311000000001,0 -87.21437,45.165735,0 -87.221971,45.175039,0 -87.23121399999999,45.17288700000001,0 -87.238224,45.167259,0 -87.242924,45.14937700000001,0 -87.240308,45.137886,0 -87.25048700000001,45.131289,0 -87.25744899999999,45.121644,0 -87.260595,45.10600699999999,0 -87.260542,45.09258499999999,0 -87.2629402440986,45.0863755670673,0 -87.264877,45.081361,0 -87.28428,45.063694,0 -87.302831,45.05244700000001,0 -87.32211700000001,45.03420100000001,0 -87.336457,45.01353,0 -87.360288,44.987643,0 -87.37480499999999,44.956631,0 -87.3825014847378,44.9459902141438,0 -87.387253,44.939421,0 -87.393405,44.934393,0 -87.398368,44.925226,0 -87.405005,44.911806,0 -87.406199,44.90449,0 -87.393399,44.898199,0 -87.385396,44.889964,0 -87.38363099999999,44.885115,0 -87.384821,44.865532,0 -87.3959275092529,44.8625918840129,0 -87.405541,44.860047,0 -87.410015,44.86199,0 -87.419951,44.87594,0 -87.419106,44.885378,0 -87.420327,44.887596,0 -87.433128,44.892741,0 -87.437084,44.892718,0 -87.478489,44.863572,0 -87.50157799999999,44.864285,0 -87.515142,44.869596,0 -87.5183467564719,44.8671386225678,0 -87.53099899999999,44.857437,0 -87.55028799999999,44.85129,0 -87.57317500000001,44.853118,0 -87.581306,44.851791,0 -87.610063,44.838384,0 -87.63710399999999,44.813575,0 -87.6463,44.798739,0 -87.68820700000001,44.758892,0 -87.70585199999999,44.738225,0 -87.720889,44.724548,0 -87.721816,44.718969,0 -87.71840899999999,44.707811,0 -87.71978,44.693246,0 -87.72983600000001,44.682015,0 -87.7360584417798,44.6770254546693,0 -87.748409,44.667122,0 -87.750096,44.662172,0 -87.750899,44.656192,0 -87.754649,44.650366,0 -87.7623848956045,44.6445645998177,0 -87.76577399999999,44.642023,0 -87.77516,44.639281,0 -87.808819,44.636338,0 -87.830848,44.623583,0 -87.866884,44.608434,0 -87.891717,44.588982,0 -87.901179,44.584545,0 -87.903689,44.581317,0 -87.8992404407614,44.5746622296498,0 -87.898888,44.574135,0 -87.901177,44.568925,0 -87.917,44.548093,0 -87.929001,44.535993,0 -87.94380099999999,44.529693,0 -87.9449577541135,44.5297187572475,0 -87.95530237840811,44.5299490992404,0 -87.970702,44.530292,0 -87.9789993730063,44.5324187738025,0 -88.0049737322687,44.5390764938754,0 -88.005518,44.539216,0 -88.03536364901839,44.5613583718175,0 -88.04241399999999,44.566589,0 -88.041202,44.572581,0 -88.036103,44.576792,0 -88.027103,44.578992,0 -88.01640399999999,44.592092,0 -88.0163861969242,44.5921379442809,0 -88.012395,44.602438,0 -88.001943,44.603909,0 -87.998716,44.609288,0 -88.009463,44.630398,0 -88.009766,44.637081,0 -88.00208499999999,44.664035,0 -87.99011,44.668455,0 -87.989912015149,44.6775869882811,0 -87.989717,44.686582,0 -87.98349399999999,44.720196,0 -87.96634684498829,44.7415377253059,0 -87.964714,44.74357,0 -87.95156,44.753107,0 -87.941453,44.75608,0 -87.926816,44.778555,0 -87.904484,44.818723,0 -87.90113700000001,44.827365,0 -87.878218,44.839016,0 -87.8741076245541,44.8395186041256,0 -87.866237,44.840481,0 -87.854681,44.857771,0 -87.852789,44.86486,0 -87.846664,44.871874,0 -87.84627,44.880416,0 -87.836185,44.883431,0 -87.83416,44.889454,0 -87.8308659648667,44.8938049014384,0 -87.830504,44.894283,0 -87.839561,44.905607,0 -87.842719,44.912077,0 -87.84429900000001,44.918524,0 -87.843433,44.924355,0 -87.839028,44.931718,0 -87.819525,44.951109,0 -87.812989,44.954013,0 -87.771856,44.965086,0 -87.7625326398761,44.9662175850413,0 -87.69649200000001,44.974233,0 -87.65793600000001,44.973494,0 -87.646956,44.983884,0 -87.628702,44.985801,0 -87.62469299999999,45.014176,0 -87.62573357246551,45.0447333228013,0 -87.625748,45.045157,0 -87.610395,45.075617,0 -87.601849,45.082297,0 -87.594718,45.085134,0 -87.591583,45.08379200000001,0 -87.587992,45.085271,0 -87.587147,45.089495,0 -87.590208,45.095264,0 -87.59027,45.096406,0 -87.60012,45.10301100000001,0 -87.610073,45.114141,0 -87.612019,45.123377,0 -87.60928,45.13232000000001,0 -87.6035706865175,45.1420925896266,0 -87.600796,45.146842,0 -87.585651,45.166394,0 -87.5706624624671,45.17830986711479,0 -87.563417,45.18407000000001,0 -87.548964,45.191591,0 -87.512336,45.22425199999999,0 -87.46520099999999,45.273351,0 -87.438908,45.293405,0 -87.437257,45.3055,0 -87.431684,45.31638300000001,0 -87.399973,45.349322,0 -87.3925,45.369028,0 -87.364368,45.388532,0 -87.359512,45.39982899999999,0 -87.350852,45.407743,0 -87.34965075604541,45.40836544049,0 -87.336152,45.41536,0 -87.327749,45.425307,0 -87.325834,45.43004,0 -87.329958,45.431937,0 -87.33324,45.43689700000001,0 -87.334249,45.442315,0 -87.333147,45.447208,0 -87.319703,45.464929,0 -87.306122,45.47551300000001,0 -87.288726,45.501606,0 -87.26423095029681,45.5505475712946,0 -87.263488,45.552032,0 -87.234612,45.588817,0 -87.223647,45.599338,0 -87.19685200000001,45.636275,0 -87.172241,45.66178800000001,0 -87.129412,45.68171,0 -87.111638,45.685905,0 -87.09972500000001,45.69523099999999,0 -87.099401,45.698614,0 -87.095455,45.70103900000001,0 -87.059533,45.70849699999999,0 -87.0656669659014,45.7142784132733,0 -87.070442,45.71877899999999,0 -87.06172100000001,45.732821,0 -87.057444,45.73682199999999,0 -87.052908,45.747983,0 -87.05555,45.751535,0 -87.062406,45.753296,0 -87.064302,45.758828,0 -87.063975,45.76651,0 -87.0597726018175,45.775594596071,0 -87.058127,45.779152,0 -87.05884399999999,45.80151,0 -87.057439,45.812483,0 -87.052043,45.821879,0 -87.03984199999999,45.834245,0 -87.0375491851913,45.8350612715264,0 -87.031435,45.837238,0 -87.018902,45.838886,0 -87.0062248533862,45.8323117135778,0 -87.00508000000001,45.831718,0 -86.988438,45.81062099999999,0 -86.981624,45.79222099999999,0 -86.981341,45.76616,0 -86.975224,45.75313,0 -86.977655,45.728768,0 -86.98241299999999,45.71987300000001,0 -86.984588,45.705812,0 -86.98134899999999,45.696463,0 -86.969765,45.691895,0 -86.967315,45.684923,0 -86.966885,45.675001,0 -86.964275,45.672761,0 -86.944158,45.69583300000001,0 -86.92106,45.69786799999999,0 -86.904089,45.709546,0 -86.895342,45.71146400000001,0 -86.876904,45.711891,0 -86.870392,45.710087,0 -86.838746,45.72230700000001,0 -86.841818,45.72905100000001,0 -86.8404687205649,45.7345078959433,0 -86.838658,45.741831,0 -86.821814,45.757164,0 -86.820868,45.760776,0 -86.82374299999999,45.765486,0 -86.821523,45.770356,0 -86.80147599999999,45.780027,0 -86.78572200000001,45.794517,0 -86.773279,45.811385,0 -86.774612,45.821696,0 -86.777225,45.827183,0 -86.782259,45.82995,0 -86.784177,45.854641,0 -86.78207999999999,45.860195,0 -86.758449,45.867274,0 -86.749638,45.867796,0 -86.74246599999999,45.864719,0 -86.72852,45.848759,0 -86.721113,45.845431,0 -86.64599800000001,45.833888,0 -86.63247800000001,45.84330899999999,0 -86.633168,45.860068,0 -86.625736,45.868295,0 -86.613536,45.875982,0 -86.60329299999999,45.876626,0 -86.59318399999999,45.88511,0 -86.583304,45.898784,0 -86.567719,45.9005,0 -86.553608,45.896476,0 -86.541464,45.890234,0 -86.532989,45.882665,0 -86.529573,45.874974,0 -86.52822399999999,45.85697400000001,0 -86.529208,45.85304300000001,0 -86.538831,45.840083,0 -86.545602,45.836495,0 -86.549723,45.836039,0 -86.55518600000001,45.831696,0 -86.559044,45.822323,0 -86.555547,45.813499,0 -86.557215,45.808172,0 -86.56339199999999,45.804469,0 -86.571172,45.80545200000001,0 -86.576858,45.801473,0 -86.58175900000001,45.794797,0 -86.58107099999999,45.791802,0 -86.576869,45.78850200000001,0 -86.58339100000001,45.778242,0 -86.597661,45.775385,0 -86.612137,45.779356,0 -86.61733599999999,45.78353800000001,0 -86.631018,45.782019,0 -86.634902,45.76353600000001,0 -86.633138,45.74765399999999,0 -86.647319,45.732618,0 -86.662762,45.728964,0 -86.67148,45.72053,0 -86.669263,45.71086,0 -86.665511,45.70903000000001,0 -86.665677,45.702217,0 -86.67618400000001,45.691862,0 -86.68910200000001,45.687862,0 -86.705184,45.69090099999999,0 -86.71578100000001,45.683949,0 -86.718191,45.67731999999999,0 -86.717828,45.66810599999999,0 -86.708038,45.649202,0 -86.695275,45.648175,0 -86.688772,45.639969,0 -86.687208,45.63425299999999,0 -86.666127,45.621689,0 -86.648439,45.615992,0 -86.633224,45.618249,0 -86.62387,45.61326199999999,0 -86.616893,45.60679600000001,0 -86.616972,45.62058100000001,0 -86.627938,45.65929300000001,0 -86.62513199999999,45.663819,0 -86.62043,45.667098,0 -86.611306,45.669733,0 -86.593613,45.66562499999999,0 -86.58752800000001,45.666456,0 -86.584771,45.682007,0 -86.585847,45.704922,0 -86.58093599999999,45.71192000000001,0 -86.570627,45.716412,0 -86.54143000000001,45.70811,0 -86.53725799999999,45.708361,0 -86.53328,45.71084900000001,0 -86.525166,45.720797,0 -86.523197,45.73649799999999,0 -86.518281,45.747688,0 -86.51457000000001,45.752337,0 -86.504216,45.75423,0 -86.496251,45.749255,0 -86.486028,45.74660799999999,0 -86.47905,45.757416,0 -86.46603899999999,45.759741,0 -86.4598661599231,45.7580422203082,0 -86.455534,45.75685,0 -86.439661,45.760669,0 -86.431921,45.767756,0 -86.42829399999999,45.77562,0 -86.427183,45.77905,0 -86.428946,45.782524,0 -86.428423,45.78558700000001,0 -86.42482800000001,45.789747,0 -86.415971,45.79379300000001,0 -86.401656,45.795412,0 -86.395809,45.78974,0 -86.369918,45.78925399999999,0 -86.36380800000001,45.790057,0 -86.351658,45.798132,0 -86.355062,45.80535499999999,0 -86.34913400000001,45.83416,0 -86.33262499999999,45.851813,0 -86.32423199999999,45.90608,0 -86.31598099999999,45.915247,0 -86.2780561200242,45.9420223208024,0 -86.278007,45.942057,0 -86.254768,45.94864,0 -86.248008,45.944849,0 -86.2479181832219,45.94485494618889,0 -86.24725767990201,45.9448986738488,0 -86.23361300000001,45.94580199999999,0 -86.22906,45.94857,0 -86.220546,45.958883,0 -86.20825499999999,45.962978,0 -86.196618,45.963185,0 -86.19639380445921,45.96312823248141,0 -86.159415,45.953765,0 -86.150173,45.954494,0 -86.145714,45.957372,0 -86.12356699999999,45.964748,0 -86.094753,45.966704,0 -86.072067,45.96531300000001,0 -86.050956,45.96220499999999,0 -85.998868,45.950968,0 -85.954063,45.936629,0 -85.920581,45.920994,0 -85.913769,45.919439,0 -85.910264,45.922112,0 -85.917238,45.927782,0 -85.926017,45.932104,0 -85.926213,45.938093,0 -85.922737,45.948287,0 -85.9091,45.95907400000001,0 -85.893196,45.967253,0 -85.882442,45.96861999999999,0 -85.86540196294369,45.9682573438202,0 -85.86115700000001,45.96816700000001,0 -85.842404,45.965247,0 -85.83260300000001,45.967742,0 -85.825819,45.976292,0 -85.81755800000001,45.979447,0 -85.81044199999999,45.980087,0 -85.790639,45.977594,0 -85.770938,45.971349,0 -85.743618,45.965173,0 -85.72424599999999,45.96540900000001,0 -85.697203,45.960158,0 -85.663966,45.96701299999999,0 -85.654686,45.97368600000001,0 -85.64858099999999,45.983695,0 -85.617709,46.008458,0 -85.603785,46.030363,0 -85.540858,46.079581,0 -85.52157,46.09125699999999,0 -85.51269600000001,46.09472700000001,0 -85.5001,46.09694,0 -85.480603,46.096379,0 -85.44699,46.08516399999999,0 -85.440191,46.092593,0 -85.44229300000001,46.09394099999999,0 -85.44193199999999,46.09579300000001,0 -85.42691600000001,46.101964,0 -85.412064,46.101437,0 -85.393832,46.095465,0 -85.381394,46.08204400000001,0 -85.36662200000001,46.086778,0 -85.35621399999999,46.092086,0 -85.3422122549679,46.0924370263617,0 -85.335911,46.092595,0 -85.316264,46.086608,0 -85.287693,46.072276,0 -85.266385,46.065779,0 -85.222511,46.060689,0 -85.197523,46.044878,0 -85.19063,46.047622,0 -85.152027,46.050725,0 -85.140835,46.049601,0 -85.130433,46.046076,0 -85.10289899999999,46.03248799999999,0 -85.088818,46.028378,0 -85.055581,46.02314800000001,0 -85.0421735250854,46.0191590578107,0 -85.01399000000001,46.010774,0 -85.003597,46.00613,0 -84.973556,45.986134,0 -84.937134,45.955949,0 -84.917484,45.93067,0 -84.902913,45.923673,0 -84.879835,45.915847,0 -84.873254,45.90981499999999,0 -84.85291599999999,45.900111,0 -84.842243,45.89819399999999,0 -84.83762400000001,45.889054,0 -84.838472,45.881512,0 -84.831396,45.872038,0 -84.79276299999999,45.85869100000001,0 -84.746985,45.835597,0 -84.725734,45.837045,0 -84.7240973534487,45.8423219452442,0 -84.722764,45.846621,0 -84.72083600000001,45.848107,0 -84.706383,45.84865799999999,0 -84.70229500000001,45.850464,0 -84.701183,45.853092,0 -84.715481,45.865934,0 -84.721276,45.873908,0 -84.7294818962413,45.8952629325568,0 -84.73025195687541,45.8972669297344,0 -84.734002,45.907026,0 -84.7249988894891,45.9109398865558,0 -84.713251,45.916047,0 -84.71361400000001,45.920366,0 -84.71895499999999,45.927449,0 -84.733041,45.932837,0 -84.73936999999999,45.941816,0 -84.738849,45.945792,0 -84.73017900000001,45.961198,0 -84.723039,45.96727899999999,0 -84.703948,45.970901,0 -84.687712,45.97125999999999,0 -84.685254,45.973454,0 -84.68436800000001,45.97749900000001,0 -84.686269,45.97914400000001,0 -84.6922042800344,46.0140478027712,0 -84.6927,46.016963,0 -84.692735,46.02701900000001,0 -84.68732199999999,46.03488,0 -84.67583500000001,46.04600899999999,0 -84.66670999999999,46.050486,0 -84.656567,46.05265399999999,0 -84.647609,46.04970399999999,0 -84.60906300000001,46.026418,0 -84.586592,46.02658399999999,0 -84.581081,46.031041,0 -84.563891,46.032459,0 -84.56310235179539,46.0320705039456,0 -84.544405,46.02286,0 -84.540995,46.019501,0 -84.53448981678881,46.0076569083322,0 -84.53342600000001,46.00572,0 -84.530444,45.991385,0 -84.534648,45.978132,0 -84.53442200000001,45.972762,0 -84.532392,45.969448,0 -84.525052,45.968578,0 -84.514071,45.971292,0 -84.514123,45.987242,0 -84.50720099999999,45.991169,0 -84.484009,45.98825,0 -84.48244200000001,45.98544100000001,0 -84.483062,45.982242,0 -84.480436,45.977764,0 -84.463128,45.96892500000001,0 -84.443138,45.977863,0 -84.43763300000001,45.97375,0 -84.42868900000001,45.958371,0 -84.376429,45.93196199999999,0 -84.353272,45.941663,0 -84.330021,45.956247,0 -84.254952,45.956068,0 -84.238174,45.967595,0 -84.17806,45.96917500000001,0 -84.17225000000001,45.966072,0 -84.140816,45.975308,0 -84.11428388180209,45.97832175217499,0 -84.11117400000001,45.97867500000001,0 -84.107204,45.977161,0 -84.10536999999999,45.972948,0 -84.090391,45.967256,0 -84.080071,45.970822,0 -84.0761359189062,45.9700806389313,0 -84.017565,45.95904599999999,0 -83.996471,45.96146100000001,0 -83.985141,45.96713299999999,0 -83.95218300000001,45.965498,0 -83.921257,45.958075,0 -83.910838,45.965613,0 -83.881055,45.968185,0 -83.879616,45.966196,0 -83.864859,45.959465,0 -83.84643699999999,45.95318099999999,0 -83.840869,45.952726,0 -83.835505,45.941843,0 -83.827566,45.941236,0 -83.82281,45.943985,0 -83.80814700000001,45.945693,0 -83.803332,45.943362,0 -83.80104,45.937582,0 -83.78610999999999,45.933375,0 -83.768854,45.93206899999999,0 -83.766233,45.935221,0 -83.742778,45.938002,0 -83.732986,45.937641,0 -83.719433,45.934078,0 -83.68769500000001,45.935389,0 -83.65766000000001,45.945463,0 -83.632214,45.93228700000001,0 -83.583052,45.915919,0 -83.56183799999999,45.91256199999999,0 -83.526347,45.91863600000001,0 -83.517242,45.92361400000001,0 -83.510623,45.929324,0 -83.488809,45.96874,0 -83.481765,45.97187300000001,0 -83.473221,45.98442200000001,0 -83.473946,45.98855799999999,0 -83.480639,45.996164,0 -83.488348,45.999543,0 -83.49484,45.999541,0 -83.53291299999999,46.011328,0 -83.540845,46.02124700000001,0 -83.54336600000001,46.037196,0 -83.547202,46.047868,0 -83.554059,46.05888199999999,0 -83.56535100000001,46.061898,0 -83.572574,46.069895,0 -83.57264000000001,46.074922,0 -83.57608999999999,46.083513,0 -83.581315,46.089613,0 -83.598612,46.090085,0 -83.615343,46.095976,0 -83.62555399999999,46.102212,0 -83.63498,46.103953,0 -83.66116100000001,46.100258,0 -83.703861,46.103366,0 -83.719791,46.101031,0 -83.72329999999999,46.09381,0 -83.728165,46.090957,0 -83.75599099999999,46.09215900000001,0 -83.771821,46.090999,0 -83.779996,46.09351499999999,0 -83.792867,46.10197100000001,0 -83.81241,46.108598,0 -83.815826,46.108529,0 -83.82403600000001,46.10363799999999,0 -83.81252000000001,46.073469,0 -83.796555,46.056688,0 -83.773785,46.051471,0 -83.76523299999999,46.031935,0 -83.765277,46.018363,0 -83.776436,46.004202,0 -83.794055,45.995801,0 -83.818202,46.002425,0 -83.830146,46.022324,0 -83.845399,46.025679,0 -83.868233,45.99507500000001,0 -83.873147,45.993426,0 -83.900535,45.998918,0 -83.90858299999999,46.011471,0 -83.92624187079331,46.0164735129726,0 -83.931175,46.017871,0 -83.93547,46.020385,0 -83.93901200000001,46.029226,0 -83.943933,46.031465,0 -83.95141,46.029042,0 -83.963808,46.027833,0 -83.989526,46.03282299999999,0 -84.00608200000001,46.044586,0 -84.027861,46.054784,0 -84.05171199999999,46.07918899999999,0 -84.06625699999999,46.087438,0 -84.071741,46.09244099999999,0 -84.07239800000001,46.09669,0 -84.069147,46.103978,0 -84.061329,46.113482,0 -84.0519,46.11981,0 -84.038696,46.12562,0 -84.031036,46.123186,0 -84.02653599999999,46.13164799999999,0 -84.060383,46.146138,0 -84.089309,46.146432,0 -84.09581799999999,46.147733,0 -84.100126,46.15077,0 -84.113259,46.16886,0 -84.114941,46.17411400000001,0 -84.125022,46.18020899999999,0 -84.17164,46.18173099999999,0 -84.17729799999999,46.183993,0 -84.196669,46.16615000000001,0 -84.221001,46.163062,0 -84.251424,46.17588799999999,0 -84.247687,46.17989,0 -84.245233,46.192571,0 -84.24916399999999,46.206461,0 -84.23311699999999,46.224037,0 -84.219494,46.231992,0 -84.182732,46.23545,0 -84.1767642513329,46.2348808728526,0 -84.159485,46.233233,0 -84.15249900000001,46.227875,0 -84.15223,46.226254,0 -84.15204199999999,46.224937,0 -84.15166600000001,46.224184,0 -84.15072499999999,46.223808,0 -84.14922,46.223808,0 -84.14715,46.224184,0 -84.14595,46.224995,0 -84.134652,46.23214,0 -84.125024,46.232885,0 -84.11817499999999,46.233968,0 -84.10808900000001,46.241238,0 -84.09776599999999,46.256512,0 -84.11556299999999,46.26822500000001,0 -84.119629,46.315013,0 -84.106247,46.321963,0 -84.119122,46.337014,0 -84.13890600000001,46.372221,0 -84.14617200000001,46.41851999999999,0 -84.12502600000001,46.470143,0 -84.111225,46.504119,0 -84.117925,46.517619,0 -84.12332499999999,46.52091899999999,0 -84.128925,46.53011899999999,0 -84.139426,46.532219,0 -84.14652599999999,46.53111899999999,0 -84.15302699999999,46.52831999999999,0 -84.166028,46.52622,0 -84.17742800000001,46.52692,0 -84.193729,46.53992,0 -84.226131,46.53392,0 -84.254434,46.500821,0 -84.26426600000001,46.49505499999999,0 -84.26539099999999,46.494393,0 -84.275814,46.492821,0 -84.29301599999999,46.49280300000001,0 -84.3069418399508,46.4959096825148,0 -84.325371,46.500021,0 -84.3294661503401,46.5018616807936,0 -84.337732,46.50557700000001,0 -84.343599,46.507713,0 -84.373968,46.509098,0 -84.37504,46.508669,0 -84.3882747512292,46.5023309761322,0 -84.39472499999999,46.49924200000001,0 -84.42027400000001,46.501077,0 -84.445149,46.489016,0 -84.46332200000001,46.467435,0 -84.45572584490139,46.4630558627314,0 -84.45525600000001,46.462785,0 -84.455527,46.45389699999999,0 -84.462597,46.44094,0 -84.47184799999999,46.434289,0 -84.479513,46.432573,0 -84.49340100000001,46.440313,0 -84.503719,46.43919000000001,0 -84.551496,46.418522,0 -84.574518241454,46.41489132746441,0 -84.583309,46.413505,0 -84.59626299999999,46.415144,0 -84.60108,46.424444,0 -84.604225,46.431774,0 -84.599132,46.44021200000001,0 -84.591874,46.44532400000001,0 -84.607945,46.456747,0 -84.616489,46.47187000000001,0 -84.63102000000001,46.484868,0 -84.65388,46.48225,0 -84.678423,46.487694,0 -84.689672,46.48392299999999,0 -84.723338,46.468266,0 -84.76915099999999,46.453523,0 -84.800101,46.44621899999999,0 -84.829491,46.44407099999999,0 -84.843907,46.448661,0 -84.849767,46.460245,0 -84.861448,46.46993000000001,0 -84.87506999999999,46.46678099999999,0 -84.893423,46.465406,0 -84.915184,46.46751500000001,0 -84.916101307831,46.4678476889376,0 -84.921931,46.469962,0 -84.934432,46.480315,0 -84.937145,46.489252,0 -84.94726900000001,46.487399,0 -84.955307,46.480269,0 -84.969464,46.47629,0 -85.01521099999999,46.47971199999999,0 -85.025598,46.483028,0 -85.033766,46.48767,0 -85.049847,46.503963,0 -85.05494299999999,46.51475,0 -85.056133,46.52652,0 -85.052954,46.532827,0 -85.045534,46.537694,0 -85.027083,46.543038,0 -85.025491,46.546397,0 -85.02737399999999,46.55375600000001,0 -85.029594,46.554419,0 -85.031507,46.56870300000001,0 -85.035476,46.581547,0 -85.03705600000001,46.60099499999999,0 -85.035504,46.62502099999999,0 -85.028291,46.675125,0 -85.030078,46.684769,0 -85.027513,46.697451,0 -85.02015900000001,46.71246300000001,0 -85.007616,46.728339,0 -84.987539,46.74548299999999,0 -84.95158000000001,46.769488,0 -84.954009,46.77136200000001,0 -84.964652,46.772845,0 -84.989497,46.772403,0 -85.00924000000001,46.76922399999999,0 -85.036286,46.760435,0 -85.06355600000001,46.75785599999999,0 -85.173042,46.763634,0 -85.2378731773596,46.75570278125651,0 -85.25686,46.75338,0 -85.289846,46.744644,0 -85.369805,46.71375399999999,0 -85.482096,46.68043200000001,0 -85.50951000000001,46.675786,0 -85.542517,46.674263,0 -85.587345,46.67462700000001,0 -85.624573,46.678862,0 -85.668753,46.680404,0 -85.714415,46.677156,0 -85.750606,46.677368,0 -85.794923,46.681083,0 -85.84105700000001,46.688896,0 -85.864549264065,46.6901824613954,0 -85.87790800000001,46.69091399999999,0 -85.924047,46.684733,0 -85.95367,46.67686900000001,0 -85.99504399999999,46.67367599999999,0 -86.036969,46.667627,0 -86.074219,46.657799,0 -86.09984300000001,46.654615,0 -86.112126,46.655044,0 -86.119862,46.65725599999999,0 -86.138295,46.67293500000001,0 -86.161681,46.669475,0 -86.188024,46.654008,0 -86.34989,46.57803500000001,0 -86.39040900000001,46.563194,0 -86.437167,46.54896,0 -86.44439,46.548137,0 -86.45993,46.551928,0 -86.469306,46.551422,0 -86.481956,46.542709,0 -86.484003,46.53596499999999,0 -86.495054,46.524874,0 -86.524959,46.505381,0 -86.557731,46.487434,0 -86.586168,46.463324,0 -86.5980228089407,46.4669082771993,0 -86.609039,46.470239,0 -86.606932,46.478531,0 -86.609393,46.492976,0 -86.612173,46.493295,0 -86.618061,46.489452,0 -86.620603,46.483873,0 -86.627441,46.47754,0 -86.63667100000001,46.47829800000001,0 -86.646393,46.485776,0 -86.645528,46.492039,0 -86.641088,46.500438,0 -86.63453,46.504523,0 -86.632109,46.50886500000001,0 -86.629086,46.518144,0 -86.62738,46.53371000000001,0 -86.65286500000001,46.56055500000001,0 -86.656479,46.55845299999999,0 -86.67092700000001,46.55648899999999,0 -86.675764,46.557061,0 -86.67818200000001,46.561039,0 -86.695645,46.555026,0 -86.70932500000001,46.543914,0 -86.70192900000001,46.511571,0 -86.696001,46.50316,0 -86.683819,46.49807899999999,0 -86.686468,46.47165500000001,0 -86.688816,46.463152,0 -86.686412,46.454965,0 -86.698139,46.438624,0 -86.70323,46.439378,0 -86.710573,46.444908,0 -86.730829,46.468057,0 -86.73109599999999,46.47176000000001,0 -86.735929,46.475231,0 -86.750157,46.479109,0 -86.76851600000001,46.479072,0 -86.78790499999999,46.477729,0 -86.803557,46.466669,0 -86.808817,46.460611,0 -86.81096700000001,46.449663,0 -86.81602599999999,46.437892,0 -86.83744799999999,46.434186,0 -86.850111,46.434114,0 -86.875151,46.43727999999999,0 -86.88391900000001,46.441514,0 -86.883976,46.450976,0 -86.889094,46.458499,0 -86.90374199999999,46.466138,0 -86.927725,46.464566,0 -86.94707699999999,46.472064,0 -86.94952600000001,46.476315,0 -86.946218,46.479059,0 -86.94698,46.484567,0 -86.96284199999999,46.509646,0 -86.964534,46.516549,0 -86.976958,46.52658099999999,0 -87.008724,46.53272299999999,0 -87.01713599999999,46.53354999999999,0 -87.029892,46.525599,0 -87.04602199999999,46.519956,0 -87.077279,46.515339,0 -87.09876,46.50360899999999,0 -87.10755899999999,46.49612400000001,0 -87.1166178679302,46.4951625689184,0 -87.12744000000001,46.49401400000001,0 -87.175065,46.497548,0 -87.202404,46.490827,0 -87.25873199999999,46.488255,0 -87.310755,46.492017,0 -87.3155133332648,46.4930476023928,0 -87.351071,46.500749,0 -87.3643402934912,46.5062897077944,0 -87.366042742188,46.5070005799121,0 -87.366767,46.507303,0 -87.381349,46.517292,0 -87.38929,46.52447200000001,0 -87.393985,46.53318300000001,0 -87.3924727475908,46.5370381150968,0 -87.3904326455674,46.5422388527922,0 -87.3903,46.542577,0 -87.375613,46.54714,0 -87.3778065094094,46.549316208865,0 -87.382206,46.55368099999999,0 -87.3839282884264,46.5564651663123,0 -87.39282799999999,46.570852,0 -87.392974,46.572523,0 -87.381649,46.58005899999999,0 -87.383961,46.59307,0 -87.40327499999999,46.595215,0 -87.404989002316,46.59661669424069,0 -87.41116700000001,46.601669,0 -87.442612,46.602776,0 -87.451368,46.60592299999999,0 -87.464108,46.614811,0 -87.467563,46.626228,0 -87.466537,46.631555,0 -87.46796500000001,46.635623,0 -87.46855922022669,46.6357886035321,0 -87.49285999999999,46.642561,0 -87.50302499999999,46.647497,0 -87.524444,46.677586,0 -87.523308,46.688488,0 -87.57320300000001,46.720471,0 -87.582745,46.730527,0 -87.590767,46.753009,0 -87.59530700000001,46.78295,0 -87.60798800000001,46.788408,0 -87.62808099999999,46.80515700000001,0 -87.63330000000001,46.812107,0 -87.641887,46.81373300000001,0 -87.65151,46.812411,0 -87.662261,46.815157,0 -87.672015,46.820415,0 -87.674345,46.82405,0 -87.673177,46.827593,0 -87.674541,46.836964,0 -87.680668,46.842496,0 -87.687164,46.841742,0 -87.68792999999999,46.839159,0 -87.685698,46.83253,0 -87.69459000000001,46.827182,0 -87.71373699999999,46.825534,0 -87.727358,46.827656,0 -87.731522,46.83119599999999,0 -87.734325,46.83695500000001,0 -87.736732,46.847216,0 -87.73487,46.85012,0 -87.74101400000001,46.865247,0 -87.746646,46.865427,0 -87.75586800000001,46.860453,0 -87.765989,46.861316,0 -87.776804,46.866823,0 -87.778752,46.870422,0 -87.776313,46.872591,0 -87.77692999999999,46.876726,0 -87.782461,46.879859,0 -87.793194,46.880822,0 -87.813226,46.88802299999999,0 -87.816794,46.891154,0 -87.827162,46.88971299999999,0 -87.841228,46.884363,0 -87.84619499999999,46.883905,0 -87.874538,46.892578,0 -87.900339,46.909686,0 -87.956,46.909051,0 -87.986113,46.90595699999999,0 -88.00429800000001,46.906982,0 -88.032408,46.90889,0 -88.0445508065543,46.91247276500119,0 -88.065192,46.91856299999999,0 -88.08187,46.920458,0 -88.101315,46.917207,0 -88.12692699999999,46.90984,0 -88.161913,46.90494100000001,0 -88.175197,46.90458,0 -88.211287,46.884102,0 -88.24194799999999,46.860055,0 -88.25157400000001,46.84355600000001,0 -88.267697,46.821701,0 -88.283423,46.822987,0 -88.28282900000001,46.83201199999999,0 -88.251217,46.871186,0 -88.242661,46.885077,0 -88.228837,46.89831399999999,0 -88.212,46.909032,0 -88.187522,46.918999,0 -88.150114,46.94363,0 -88.132876,46.962204,0 -88.143688,46.966665,0 -88.15537399999999,46.965069,0 -88.167227,46.958855,0 -88.19985106914019,46.9464987552925,0 -88.2025932715743,46.9454601563315,0 -88.244437,46.92961199999999,0 -88.261593,46.915516,0 -88.281244,46.906632,0 -88.31028999999999,46.889748,0 -88.350936,46.85668200000001,0 -88.35851099999999,46.855217,0 -88.38056,46.865955,0 -88.394784,46.86417900000001,0 -88.397274,46.853099,0 -88.38021999999999,46.84237,0 -88.381119,46.83683700000001,0 -88.41522500000001,46.811715,0 -88.433835,46.793502,0 -88.438427,46.786714,0 -88.455004,46.75934300000001,0 -88.4585060033655,46.7577300909655,0 -88.476395,46.74949099999999,0 -88.49647899999999,46.756494,0 -88.497073,46.76471599999999,0 -88.48209900000001,46.782622,0 -88.462349,46.786711,0 -88.473342,46.806226,0 -88.482579,46.82619700000001,0 -88.48374800000001,46.83172700000001,0 -88.477935,46.85056,0 -88.475859,46.886042,0 -88.455404,46.923321,0 -88.4508233189607,46.9390376826177,0 -88.44857,46.94676900000001,0 -88.443901,46.97225100000001,0 -88.43432891470439,46.9739263194834,0 -88.411145,46.97798400000001,0 -88.404498,46.983353,0 -88.385606,47.004522,0 -88.373966,47.012262,0 -88.36762400000001,47.01921300000001,0 -88.359054,47.03973899999999,0 -88.35395200000001,47.058047,0 -88.353191,47.069063,0 -88.349952,47.076377,0 -88.346709,47.07937199999999,0 -88.340052,47.080494,0 -88.297625,47.098505,0 -88.288347,47.11454700000001,0 -88.287173,47.12042,0 -88.28787,47.125374,0 -88.28954299999999,47.12660400000001,0 -88.28904,47.129689,0 -88.281701,47.138212,0 -88.27201700000001,47.143511,0 -88.262972,47.145174,0 -88.255303,47.14364,0 -88.25078499999999,47.140209,0 -88.249571,47.136231,0 -88.24762800000001,47.135981,0 -88.239895,47.13943600000001,0 -88.232164,47.145975,0 -88.231797,47.149609,0 -88.236721,47.14928700000001,0 -88.23947,47.151137,0 -88.24266,47.15842599999999,0 -88.242006,47.174767,0 -88.236892,47.189236,0 -88.228987,47.199042,0 -88.2275522695528,47.199937822012,0 -88.212361,47.209423,0 -88.204849,47.21049799999999,0 -88.19421800000001,47.209242,0 -88.163059,47.216278,0 -88.13194300000001,47.239554,0 -88.117456,47.255174,0 -88.108833,47.259131,0 -88.096851,47.261351,0 -88.071476,47.286768,0 -88.06009,47.295796,0 -88.054849,47.29824,0 -88.01647800000001,47.306275,0 -87.989133,47.322633,0 -87.968604,47.332582,0 -87.958386,47.33443500000001,0 -87.946352,47.33425400000001,0 -87.94336,47.335899,0 -87.93825,47.342299,0 -87.938787,47.346777,0 -87.947397,47.35546099999999,0 -87.954796,47.356809,0 -87.96256700000001,47.362543,0 -87.965598,47.36864499999999,0 -87.965063,47.37442999999999,0 -87.957058,47.38726,0 -87.941613,47.39007300000001,0 -87.882245,47.39558799999999,0 -87.8567,47.395387,0 -87.848252,47.394864,0 -87.834822,47.390478,0 -87.82711500000001,47.38615999999999,0 -87.815371,47.38479,0 -87.80029399999999,47.392148,0 -87.765019,47.39865200000001,0 -87.759057,47.403013,0 -87.75138,47.40506599999999,0 -87.742417,47.405823,0 -87.72127399999999,47.401032,0 -87.71242100000001,47.4014,0 -87.710471,47.4062,0 -87.715942,47.439816,0 -87.73080400000001,47.449112,0 -87.756739,47.460717,0 -87.80118400000001,47.473301,0 -87.816958,47.471998,0 -87.898036,47.474872,0 -87.902416,47.477045,0 -87.92926900000001,47.478737,0 -87.978934,47.47942,0 -88.040291,47.475999,0 -88.04807700000001,47.474973,0 -88.048226,47.470008,0 -88.04932599999999,47.469785,0 -88.07638799999999,47.467752,0 -88.085252,47.468961,0 -88.139651,47.46269299999999,0 -88.150571,47.460093,0 -88.18182,47.45765699999999,0 -88.217822,47.448738,0 -88.216977,47.44549299999999,0 -88.218424,47.441585,0 -88.227446,47.43509300000001,0 -88.239161,47.42996899999999,0 -88.285195,47.422392,0 -88.30344700000001,47.41220400000001,0 -88.324083,47.40354200000001,0 -88.389459,47.384431,0 -88.4079101029816,47.376066929459,0 -88.40893163881719,47.3756038569913,0 -88.418673,47.37118799999999,0 -88.459262,47.339903,0 -88.470484,47.327653,0 -88.477733,47.31346,0 -88.50078000000001,47.29350300000001,0 -88.51242122067799,47.2859484572122,0 -88.57399700000001,47.245989,0 -88.584912,47.242361,0 -88.60983,47.238894,0 -88.62357900000001,47.232352,0 -88.628920477466,47.2305757609573,0 -88.640323,47.226784,0 -88.65635899999999,47.225624,0 -88.67239499999999,47.219137,0 -88.69965999999999,47.20483100000001,0 -88.729688,47.185834,0 -88.764351,47.15576200000001,0 -88.77802200000001,47.150465,0 -88.789813,47.150925,0 -88.814834,47.141399,0 -88.848176,47.115065,0 -88.855372,47.114263,0 -88.88914,47.100575,0 -88.903706,47.086161,0 -88.91418899999999,47.059246,0 -88.924492,47.042156,0 -88.9333293525611,47.0322004757907,0 -88.944045,47.020129,0 -88.95940899999999,47.00849599999999,0 -88.972802,47.00209600000001,0 -88.98719699999999,46.99723900000001,0 -88.998417,46.995314,0 -89.022994,46.99512,0 -89.02893,47.00114,0 -89.03949,46.999419,0 -89.063103,46.988522,0 -89.086742,46.985298,0 -89.10627700000001,46.98648,0 -89.113158,46.989356,0 -89.11833900000001,46.99422,0 -89.128698,46.992599,0 -89.142595,46.984859,0 -89.168244,46.965536,0 -89.1974812653892,46.9353144036752,0 -89.201511,46.931149,0 -89.227914,46.91295400000001,0 -89.249143,46.903326,0 -89.3455204342678,46.8672969060187,0 -89.372032,46.857386,0 -89.415154,46.843983,0 -89.43704700000001,46.83951199999999,0 -89.47154,46.837359,0 -89.491252,46.838448,0 -89.49908000000001,46.841621,0 -89.513938,46.841835,0 -89.53568300000001,46.83587800000001,0 -89.56980799999999,46.83185900000001,0 -89.61932899999999,46.81889000000001,0 -89.63493800000001,46.81948799999999,0 -89.64225500000001,46.82534,0 -89.660625,46.83105599999999,0 -89.67337499999999,46.833229,0 -89.720277,46.830413,0 -89.790663,46.81846899999999,0 -89.83195600000001,46.804053,0 -89.848652,46.795711,0 -89.88911913036701,46.7655034812035,0 -89.89235499999999,46.763088,0 -89.918466,46.740324,0 -89.95710099999999,46.716929,0 -89.973803,46.710322,0 -89.985817,46.70319,0 -89.99603399999999,46.693225,0 -90.028392,46.67439,0 -90.04541999999999,46.668272,0 -90.100695,46.655132,0 -90.16402600000001,46.645515,0 -90.23760900000001,46.624485,0 -90.265294,46.618516,0 -90.30660899999999,46.602741,0 -90.327626,46.607744,0 -90.34840700000001,46.60063499999999,0 -90.418136,46.566094,0 -90.437596,46.56149200000001,0 -90.47376,46.574178,0 -90.505909,46.589614,0 -90.525498,46.586926,0 -90.53796200000001,46.58108099999999,0 -90.5495962766133,46.58413846414,0 -90.55814100000002,46.58638400000001,0 -90.586249,46.599863,0 -90.62788500000002,46.623839,0 -90.69472099999999,46.664402,0 -90.73218399999999,46.688679,0 -90.73968600000001,46.688734,0 -90.74808999999999,46.66981700000001,0 -90.756495,46.664591,0 -90.755287,46.646289,0 -90.77019199999998,46.636127,0 -90.794775,46.624941,0 -90.8222218860254,46.6178300964072,0 -90.829031,46.616066,0 -90.86712,46.601911,0 -90.873154,46.60122299999999,0 -90.8823390368488,46.5962083178115,0 -90.8966479580052,46.5883961888847,0 -90.90557199999999,46.583524,0 -90.90981499999998,46.582703,0 -90.918266,46.58306999999999,0 -90.927053941312,46.5850564223325,0 -90.9327567045426,46.5863454723883,0 -90.94193,46.58841899999999,0 -90.95147599999999,46.597033,0 -90.951543,46.60062099999999,0 -90.94962099999998,46.602975,0 -90.93868000000001,46.60832199999999,0 -90.924487,46.62541699999999,0 -90.920936,46.63158399999999,0 -90.920835,46.637351,0 -90.91515200000001,46.65841,0 -90.911281,46.66308299999999,0 -90.885869,46.670374,0 -90.86846799999998,46.680375,0 -90.853829,46.693457,0 -90.852704,46.699582,0 -90.870396,46.723293,0 -90.8783156742891,46.7377275202004,0 -90.883396,46.746987,0 -90.88502099999999,46.756341,0 -90.866586,46.764408,0 -90.86233300000001,46.768135,0 -90.85944499999999,46.773985,0 -90.863542,46.780565,0 -90.856531,46.78888499999999,0 -90.835607,46.789759,0 -90.82805700000002,46.79741499999999,0 -90.82569600000001,46.803858,0 -90.798936,46.823143,0 -90.78097200000001,46.85898899999999,0 -90.77016999999998,46.876296,0 -90.761567,46.88317,0 -90.754734,46.88488,0 -90.751031,46.88796299999999,0 -90.75085799999998,46.893035,0 -90.75455200000002,46.89826999999999,0 -90.76831799999999,46.907581,0 -90.781989,46.909966,0 -90.785606,46.92643099999999,0 -90.79696800000002,46.93658500000001,0 -90.805984,46.937876,0 -90.81427400000001,46.93152,0 -90.820673,46.929534,0 -90.828817,46.932215,0 -90.830562,46.93579,0 -90.830271,46.950882,0 -90.837716,46.957438,0 -90.855874,46.96223200000001,0 -90.871126,46.961129,0 -90.879621,46.958088,0 -90.880881,46.950783,0 -90.908598,46.941305,0 -90.913838,46.9334,0 -90.92181100000002,46.931322,0 -90.954537,46.938429,0 -90.964865,46.94378,0 -90.968419,46.94391,0 -90.973755,46.941304,0 -90.984617,46.925602,0 -90.995149,46.917577,0 -90.99884800000001,46.915975,0 -91.005199,46.916203,0 -91.01914099999999,46.911502,0 -91.03451800000002,46.90305299999999,0 -91.03662199999999,46.893594,0 -91.03988999999999,46.88923,0 -91.05299099999999,46.881325,0 -91.06822,46.878309,0 -91.08095099999998,46.88360899999999,0 -91.09091599999999,46.88267,0 -91.09371400000001,46.879882,0 -91.096565,46.86153,0 -91.11107400000002,46.855913,0 -91.126214,46.856928,0 -91.13135964749121,46.86157721909141,0 -91.13452700000002,46.86443899999999,0 -91.14889087557231,46.8644122160018,0 -91.14954299999999,46.864411,0 -91.15469643218681,46.8585493496138,0 -91.164511,46.847386,0 -91.178292,46.84425899999999,0 -91.200107,46.85401700000001,0 -91.20443899999998,46.858816,0 -91.20752400000001,46.865835,0 -91.211647,46.86682399999999,0 -91.22679599999999,46.86360999999999,0 -91.232733,46.860035,0 -91.250806,46.841135,0 -91.256705,46.836887,0 -91.265866,46.83394400000001,0 -91.302295,46.830343,0 -91.314815,46.826825,0 -91.33824999999999,46.817704,0 -91.352191,46.807417,0 -91.36080399999999,46.798136,0 -91.368819,46.793836,0 -91.38861300000001,46.789521,0 -91.402913,46.792724,0 -91.40864999999999,46.792664,0 -91.42371300000001,46.78217,0 -91.449327,46.773303,0 -91.47018100000001,46.768911,0 -91.492429,46.766663,0 -91.499696,46.761243,0 -91.511077,46.757453,0 -91.537115,46.754788,0 -91.551408,46.755666,0 -91.551445,46.755674,0 -91.574291,46.757488,0 -91.59068400000001,46.754331,0 -91.64550199999999,46.734733,0 -91.74965000000002,46.709129,0 -91.790132,46.694675,0 -91.82002699999998,46.690176,0 -91.84028799999999,46.689693,0 -91.857462,46.692362,0 -91.8787301388513,46.6908112808152,0 -91.88696299999999,46.69021100000001,0 -91.9198812747937,46.6841755422815,0 -91.942988,46.67993899999999,0 -91.9615637320348,46.6824942565097,0 -91.96188899999999,46.682539,0 -91.97338899999998,46.68643899999999,0 -91.987889,46.69273900000001,0 -92.00798899999999,46.705039,0 -92.01413700000001,46.707028,0 -92.050832,46.736374,0 -92.088289,46.773639,0 -92.09065890631722,46.7794411844318,0 -92.094089,46.787839,0 -92.0927825732218,46.7889004717573,0 -92.086089,46.794339,0 -92.07624713079311,46.7983161796774,0 -92.06795607171971,46.80166666432189,0 -92.062088,46.80403799999999,0 -92.0598090682092,46.80823978048929,0 -92.05888800000001,46.809938,0 -92.0417432972877,46.8189052038525,0 -92.02785854519261,46.82616735383359,0 -92.01340500000002,46.833727,0 -91.99798700000001,46.838737,0 -91.985086,46.849637,0 -91.952985,46.867037,0 -91.914984,46.883836,0 -91.91479855570532,46.8839974266299,0 -91.90648299999999,46.891236,0 -91.88323800000002,46.905728,0 -91.87128599999998,46.908352,0 -91.84134899999999,46.925215,0 -91.834852,46.927135,0 -91.82606800000001,46.927199,0 -91.80685099999999,46.93372699999999,0 -91.7943921455694,46.9395118760983,0 -91.780675,46.94588100000001,0 -91.7773,46.951799,0 -91.737098,46.982853,0 -91.70464899999999,47.005246,0 -91.6886348777843,47.0090431240746,0 -91.666477,47.014297,0 -91.660248,47.019288,0 -91.644564,47.026491,0 -91.637164,47.040429,0 -91.6330586161783,47.0442103999533,0 -91.626824,47.049953,0 -91.613173,47.059192,0 -91.604949,47.06330899999999,0 -91.60096900000001,47.063425,0 -91.59150799999999,47.068684,0 -91.57381700000001,47.089917,0 -91.518793,47.108121,0 -91.506998,47.118489,0 -91.5051062689212,47.1193396134688,0 -91.49790199999998,47.12257899999999,0 -91.47735099999998,47.12566700000001,0 -91.456965,47.139156,0 -91.45203100000001,47.14515800000001,0 -91.41880499999999,47.172152,0 -91.405705454393,47.1797246316718,0 -91.398455,47.183916,0 -91.38702100000002,47.187293,0 -91.37419100000001,47.1978,0 -91.357803,47.206743,0 -91.35384999999999,47.212686,0 -91.326019,47.238993,0 -91.28847800000001,47.26596000000001,0 -91.270697,47.277134,0 -91.26595,47.27947900000001,0 -91.26251199999999,47.27929,0 -91.25016299999999,47.29049,0 -91.238658,47.304976,0 -91.206248,47.329182,0 -91.188772,47.340082,0 -91.18498463804001,47.34537520979771,0 -91.17003699999999,47.366266,0 -91.156513,47.378816,0 -91.146958,47.381464,0 -91.13126800000001,47.393567,0 -91.128131,47.39961900000001,0 -91.106218,47.411806,0 -91.09756899999999,47.413888,0 -91.07771200000001,47.428767,0 -91.045646,47.456525,0 -91.032945,47.458236,0 -91.023124,47.464964,0 -90.939072,47.514532,0 -90.92797499999999,47.519008,0 -90.919375,47.51978400000001,0 -90.914247,47.522639,0 -90.909801,47.52621500000001,0 -90.910127,47.530178,0 -90.907494,47.532873,0 -90.86827,47.55689999999999,0 -90.735927,47.62434300000001,0 -90.68638199999999,47.64359399999999,0 -90.647837,47.65617599999999,0 -90.58495399999998,47.68074,0 -90.55129100000001,47.690266,0 -90.537105,47.703055,0 -90.51760098396531,47.70759908400001,0 -90.458365,47.7214,0 -90.44191200000002,47.72640400000001,0 -90.437712,47.73161200000001,0 -90.42138999999999,47.73514999999999,0 -90.39382300000001,47.738271,0 -90.386234,47.7411,0 -90.332686,47.746387,0 -90.330254,47.750892,0 -90.323446,47.753771,0 -90.3213795468868,47.75440478779079,0 -90.313958,47.756681,0 -90.30634000000001,47.756627,0 -90.295952,47.759054,0 -90.260992393084,47.76921688331169,0 -90.24879399999999,47.772763,0 -90.229145,47.77619799999999,0 -90.187636,47.77813,0 -90.17875499999998,47.786414,0 -90.16079000000001,47.792807,0 -90.13207800000001,47.79572,0 -90.11680000000001,47.79538,0 -90.08816,47.803041,0 -90.082354,47.803619,0 -90.075559,47.803303,0 -90.07224100000001,47.80772700000001,0 -90.072025,47.811105,0 -90.04276099999998,47.817568,0 -90.01373,47.821373,0 -89.974296,47.83051399999999,0 -89.94555803256419,47.8420712200649,0 -89.933899,47.84676,0 -89.92752,47.850825,0 -89.93084399999999,47.857723,0 -89.923649,47.862062,0 -89.87157999999999,47.87419400000001,0 -89.85396,47.873997,0 -89.793539,47.891358,0 -89.758714,47.906993,0 -89.737539,47.91818299999999,0 -89.72973,47.925245,0 -89.697619,47.941288,0 -89.660616,47.951216,0 -89.639545,47.95359,0 -89.638285,47.954275,0 -89.639844,47.959826,0 -89.640129,47.96793,0 -89.63701500000001,47.973465,0 -89.63182500000001,47.980039,0 -89.624559,47.98315299999999,0 -89.611412,47.980731,0 -89.59589,47.971046,0 -89.58823,47.9662,0 -89.572315,47.967238,0 -89.555015,47.974849,0 -89.55293899999999,47.980731,0 -89.55155499999999,47.987305,0 -89.541521,47.992841,0 -89.495344,48.002356,0 -89.491739,48.005212,0 -89.489226,48.01452800000001,0 -89.564288,48.00293,0 -89.570671,47.99801999999999,0 -89.581007,47.995899,0 -89.582117,47.99631399999999,0 -89.586,47.999885,0 -89.58899599999999,48.001821,0 -89.59474899999999,48.004332,0 -89.601659,48.004764,0 -89.607821,48.006566,0 -89.60973,48.009398,0 -89.608507,48.012482,0 -89.609396,48.01668399999999,0 -89.61035099999999,48.01778,0 -89.611678,48.017529,0 -89.614161,48.01549499999999,0 -89.616133,48.012364,0 -89.617867,48.010947,0 -89.620454,48.01074,0 -89.62508699999999,48.011517,0 -89.637173,48.00930799999999,0 -89.638774,48.00816600000001,0 -89.637652,48.00665800000001,0 -89.63717699999999,48.004945,0 -89.63728,48.00409999999999,0 -89.637995,48.00378,0 -89.639833,48.003964,0 -89.641465,48.005906,0 -89.645447,48.006204,0 -89.64783,48.005132,0 -89.649057,48.00385300000001,0 -89.651065,48.003625,0 -89.65320800000001,48.004608,0 -89.655793,48.007532,0 -89.657051,48.00995399999999,0 -89.663212,48.010618,0 -89.664813,48.0079,0 -89.66712800000001,48.00742099999999,0 -89.669374,48.008312,0 -89.67162,48.010162,0 -89.671892,48.010939,0 -89.67379800000001,48.01151,0 -89.676896,48.01123699999999,0 -89.67979,48.01027799999999,0 -89.68493100000001,48.009821,0 -89.685986,48.00979800000001,0 -89.68649499999999,48.010643,0 -89.688879,48.01078,0 -89.701438,48.006211,0 -89.702528,48.006325,0 -89.706068,48.007992,0 -89.70708999999999,48.00952199999999,0 -89.708145,48.010162,0 -89.713183,48.010024,0 -89.715906,48.009246,0 -89.71641700000001,48.010251,0 -89.716114,48.016441,0 -89.717102,48.017172,0 -89.719245,48.01634899999999,0 -89.721287,48.01443,0 -89.72404400000001,48.013675,0 -89.724318,48.016485,0 -89.72301899999999,48.017553,0 -89.721569,48.017499,0 -89.72103799999999,48.017965,0 -89.72221,48.02016199999999,0 -89.723164,48.020481,0 -89.72411700000001,48.020207,0 -89.72357100000001,48.019156,0 -89.724048,48.018996,0 -89.731163,48.018788,0 -89.7313,48.019747,0 -89.736851,48.021321,0 -89.739131,48.020384,0 -89.742569,48.019834,0 -89.74304600000001,48.019971,0 -89.74420600000001,48.022186,0 -89.749314,48.023325,0 -89.76396699999999,48.022969,0 -89.773944,48.021694,0 -89.779427,48.018361,0 -89.782696,48.017837,0 -89.791853,48.018204,0 -89.794237,48.017656,0 -89.795224,48.01715399999999,0 -89.796212,48.01487,0 -89.79774399999999,48.014505,0 -89.80492599999999,48.013775,0 -89.806016,48.014026,0 -89.807445,48.017224,0 -89.819802,48.01509899999999,0 -89.820483,48.014665,0 -89.822594,48.01073700000001,0 -89.83038500000001,48.00028399999999,0 -89.83182499999999,47.99940000000001,0 -89.83404899999999,47.999516,0 -89.838689,48.002214,0 -89.841673,48.0029,0 -89.84218300000001,48.002773,0 -89.842629,48.002391,0 -89.842629,48.001945,0 -89.842568,48.001368,0 -89.842709,47.99742200000001,0 -89.846244,47.992717,0 -89.847571,47.992442,0 -89.86815300000001,47.989898,0 -89.871245,47.985945,0 -89.87328599999999,47.985419,0 -89.88070999999999,47.98640499999999,0 -89.886528,47.986305,0 -89.897414,47.987599,0 -89.900237,47.988765,0 -89.90350100000001,47.991667,0 -89.90482799999999,47.992261,0 -89.911258,47.993267,0 -89.915341,47.994866,0 -89.921633,47.999886,0 -89.930745,48.00816,0 -89.93261699999999,48.010398,0 -89.932991,48.013161,0 -89.934489,48.015628,0 -89.95059000000001,48.015901,0 -89.954605,48.011516,0 -89.96348999999999,48.01464299999999,0 -89.968255,48.014482,0 -89.973433,48.02035,0 -89.97718,48.023501,0 -89.98433199999999,48.026079,0 -89.98521700000001,48.026215,0 -89.98729299999999,48.025484,0 -89.988894,48.025666,0 -89.99305,48.02840400000001,0 -89.994687,48.03073299999999,0 -89.996702,48.035391,0 -89.995994,48.041649,0 -89.99382199999999,48.04902700000001,0 -89.99785199999999,48.05756699999999,0 -90.00844600000001,48.068396,0 -90.010013,48.068853,0 -90.01086599999999,48.067917,0 -90.015057,48.06718800000001,0 -90.018835,48.072032,0 -90.023595,48.084708,0 -90.02962599999999,48.087588,0 -90.04557699999999,48.09136000000001,0 -90.04902,48.09168099999999,0 -90.057644,48.096364,0 -90.07387300000001,48.101138,0 -90.09163900000001,48.10463,0 -90.11625900000001,48.104303,0 -90.122603,48.105602,0 -90.12390000000001,48.107131,0 -90.12508999999999,48.107702,0 -90.128647,48.108436,0 -90.132645,48.111768,0 -90.13619099999998,48.11213599999999,0 -90.143762,48.112641,0 -90.14523,48.111637,0 -90.150721,48.110269,0 -90.164227,48.109725,0 -90.176605,48.112445,0 -90.18867899999999,48.107947,0 -90.19508999999999,48.10838099999999,0 -90.211426,48.106278,0 -90.21640399999998,48.106505,0 -90.224692,48.108148,0 -90.23379700000001,48.107071,0 -90.25387000000001,48.102245,0 -90.26498599999999,48.103301,0 -90.274636,48.10325999999999,0 -90.289337,48.098993,0 -90.29332599999999,48.09913099999999,0 -90.29809899999999,48.102512,0 -90.305634,48.10511699999999,0 -90.312386,48.1053,0 -90.31723000000001,48.103793,0 -90.33005199999999,48.102399,0 -90.33717700000001,48.09977099999999,0 -90.33843800000001,48.096207,0 -90.342939,48.09559,0 -90.343484,48.095064,0 -90.34423399999999,48.094447,0 -90.346689,48.09410399999999,0 -90.353713,48.09501599999999,0 -90.36765800000001,48.09457700000001,0 -90.37226099999999,48.093639,0 -90.373042,48.09121700000001,0 -90.37454200000002,48.09094200000001,0 -90.38225799999999,48.093182,0 -90.384575,48.09459900000001,0 -90.385597,48.095833,0 -90.386413,48.098209,0 -90.39016200000002,48.100061,0 -90.393469,48.10035899999999,0 -90.40321900000002,48.105114,0 -90.410347,48.10504799999999,0 -90.43844900000001,48.098747,0 -90.443462,48.100575,0 -90.44738400000001,48.10343,0 -90.452022,48.105006,0 -90.46321,48.107357,0 -90.465495,48.10865900000001,0 -90.46771200000001,48.10881800000001,0 -90.471019,48.10607599999999,0 -90.47763500000001,48.10545800000001,0 -90.48029399999999,48.102099,0 -90.483361,48.100363,0 -90.48707700000001,48.099082,0 -90.489873,48.099012,0 -90.49379700000001,48.10131800000001,0 -90.49539800000001,48.099787,0 -90.49563699999999,48.09944399999999,0 -90.49614800000001,48.098781,0 -90.50548499999999,48.099644,0 -90.50814099999998,48.099238,0 -90.51087099999999,48.097389,0 -90.51707500000001,48.099402,0 -90.556838,48.096008,0 -90.564341,48.098773,0 -90.56748199999998,48.101178,0 -90.56976299999999,48.106951,0 -90.55584500000001,48.117069,0 -90.55929,48.121683,0 -90.566113,48.12262,0 -90.570481,48.121501,0 -90.57590500000001,48.120907,0 -90.577065,48.121272,0 -90.57989699999999,48.123922,0 -90.582217,48.12378399999999,0 -90.590574,48.119762,0 -90.59146000000001,48.117546,0 -90.606402,48.11596600000001,0 -90.61615399999999,48.112491,0 -90.62035,48.111895,0 -90.62688599999998,48.111846,0 -90.64159600000002,48.103515,0 -90.68661699999998,48.10051,0 -90.70370199999999,48.096009,0 -90.74151999999999,48.094583,0 -90.7515776317224,48.0909788823675,0 -90.751608,48.090968,0 -90.76162500000001,48.09828300000001,0 -90.761555,48.100133,0 -90.76761500000002,48.110302,0 -90.76910999999998,48.116585,0 -90.772998,48.11752299999999,0 -90.77419100000002,48.118575,0 -90.774225,48.118894,0 -90.77596200000001,48.122229,0 -90.776133,48.122481,0 -90.77681399999999,48.124103,0 -90.78347100000002,48.126885,0 -90.787122,48.127709,0 -90.789919,48.12990199999999,0 -90.78756300000001,48.132872,0 -90.78730499999999,48.133665,0 -90.78730499999999,48.134196,0 -90.78810099999998,48.135081,0 -90.790312,48.135788,0 -90.793841,48.135569,0 -90.79530799999999,48.135523,0 -90.79797000000001,48.136894,0 -90.796809,48.139521,0 -90.785781,48.145504,0 -90.77803100000001,48.148723,0 -90.77751200000002,48.156696,0 -90.77627900000002,48.161927,0 -90.777917,48.163801,0 -90.781263,48.164693,0 -90.78337999999999,48.16393900000001,0 -90.78587400000001,48.160902,0 -90.79659599999999,48.159373,0 -90.800693,48.163235,0 -90.80420700000002,48.177833,0 -90.81062799999999,48.179661,0 -90.81769799999999,48.179569,0 -90.819304,48.18269900000001,0 -90.82111500000001,48.184709,0 -90.825726,48.183567,0 -90.825418,48.181237,0 -90.82613499999999,48.17714700000001,0 -90.83258900000001,48.173765,0 -90.836313,48.17696299999999,0 -90.834166,48.18865999999999,0 -90.83485400000001,48.202161,0 -90.837323,48.225621,0 -90.8377,48.226512,0 -90.83961499999998,48.2277,0 -90.83982,48.228294,0 -90.837772,48.234714,0 -90.83917599999999,48.239511,0 -90.84362400000001,48.243576,0 -90.847352,48.24444299999999,0 -90.867079,48.23817699999999,0 -90.875107,48.23778399999999,0 -90.881451,48.240459,0 -90.88548000000002,48.24578399999999,0 -90.906829,48.23733899999999,0 -90.91497099999999,48.230603,0 -90.92509200000001,48.229897,0 -90.976955,48.219452,0 -91.004239,48.202628,0 -91.003353,48.200183,0 -91.01241100000001,48.198062,0 -91.022667,48.19247,0 -91.024208,48.190072,0 -91.031589,48.188452,0 -91.03206828700991,48.188527229104,0 -91.0348,48.188956,0 -91.03555000000001,48.189459,0 -91.03585800000002,48.189436,0 -91.04361299999999,48.18916299999999,0 -91.056562,48.187566,0 -91.062918,48.185213,0 -91.065549,48.181215,0 -91.07566,48.179204,0 -91.08040800000001,48.179272,0 -91.08116,48.180414,0 -91.08273099999998,48.180756,0 -91.088708,48.177351,0 -91.092258,48.17310100000001,0 -91.097892,48.171157,0 -91.108887,48.16843600000001,0 -91.114862,48.166057,0 -91.117965,48.162081,0 -91.120047,48.16041200000001,0 -91.13858,48.155844,0 -91.13940199999999,48.154738,0 -91.13940199999999,48.15318599999999,0 -91.138482,48.151458,0 -91.13831099999999,48.151024,0 -91.137733,48.14915,0 -91.15610700000001,48.140475,0 -91.176181,48.12581099999999,0 -91.183207,48.122235,0 -91.190461,48.12489100000001,0 -91.214428,48.10294,0 -91.22620300000001,48.099671,0 -91.234932,48.095923,0 -91.25011200000002,48.084087,0 -91.26638000000001,48.078713,0 -91.275961,48.078488,0 -91.290215,48.073945,0 -91.30262500000001,48.073033,0 -91.311829,48.072942,0 -91.31469300000001,48.073422,0 -91.32478399999999,48.07259899999999,0 -91.32788600000001,48.07138800000001,0 -91.328738,48.070588,0 -91.33003299999999,48.069811,0 -91.33258900000001,48.069331,0 -91.336578,48.069627,0 -91.33671500000001,48.070884,0 -91.34015899999999,48.073236,0 -91.35052099999999,48.07168,0 -91.36514300000002,48.066968,0 -91.37087200000001,48.06941,0 -91.379463,48.06529500000001,0 -91.39112799999999,48.05707499999999,0 -91.41386200000001,48.053518,0 -91.42964200000002,48.048608,0 -91.43758200000002,48.049248,0 -91.43887700000001,48.049979,0 -91.43809299999999,48.052104,0 -91.447125,48.063186,0 -91.44657999999998,48.06739,0 -91.45032999999999,48.068806,0 -91.46549899999998,48.06677000000001,0 -91.488646,48.068065,0 -91.542512,48.053268,0 -91.56725400000001,48.043719,0 -91.575672,48.048791,0 -91.573015,48.05729199999999,0 -91.57547099999999,48.066294,0 -91.56974599999999,48.093348,0 -91.55296199999999,48.103012,0 -91.55927200000001,48.108268,0 -91.575853,48.106509,0 -91.588953,48.102166,0 -91.615255,48.10190600000001,0 -91.640175,48.09692600000001,0 -91.653571,48.109567,0 -91.651624,48.112742,0 -91.652204,48.113725,0 -91.65326100000001,48.114137,0 -91.66264700000001,48.111489,0 -91.66309200000001,48.10886099999999,0 -91.66520800000001,48.107011,0 -91.66752700000001,48.10835900000001,0 -91.67151900000002,48.10836,0 -91.67687599999999,48.107264,0 -91.680902,48.108111,0 -91.687623,48.111698,0 -91.683801,48.117731,0 -91.682845,48.122118,0 -91.69236600000001,48.11933,0 -91.691512,48.117617,0 -91.692843,48.11636,0 -91.703524,48.113548,0 -91.71198600000001,48.11471299999999,0 -91.712498,48.115718,0 -91.712226,48.116883,0 -91.70809899999999,48.12298500000001,0 -91.70414299999999,48.124894,0 -91.69998099999999,48.13184,0 -91.69817399999999,48.141643,0 -91.69844799999998,48.143791,0 -91.699336,48.14472799999999,0 -91.701691,48.144773,0 -91.703569,48.14538999999999,0 -91.708523,48.152701,0 -91.70726000000001,48.153661,0 -91.70510899999998,48.159716,0 -91.70531800000001,48.170775,0 -91.709383,48.172717,0 -91.71754799999999,48.171801,0 -91.72328499999999,48.16926300000001,0 -91.72458400000001,48.170657,0 -91.72257399999999,48.178335,0 -91.721413,48.180255,0 -91.71243,48.1875,0 -91.71161100000002,48.1891,0 -91.71051900000001,48.193898,0 -91.71493100000001,48.19913,0 -91.73886099999999,48.20417299999999,0 -91.742313,48.204491,0 -91.74193200000001,48.19912200000001,0 -91.744973,48.198458,0 -91.749075,48.19884399999999,0 -91.753939,48.20119800000001,0 -91.756637,48.20502199999999,0 -91.76087399999999,48.204789,0 -91.76323600000001,48.201499,0 -91.76467200000002,48.20058600000001,0 -91.781182,48.20043200000001,0 -91.78614,48.196412,0 -91.789011,48.196549,0 -91.79181,48.20249199999999,0 -91.79809899999998,48.20281299999999,0 -91.79825020612378,48.2028572325255,0 -91.809038,48.206013,0 -91.81447300000001,48.208664,0 -91.81577199999998,48.211748,0 -91.831975,48.20930199999999,0 -91.83440399999999,48.209804,0 -91.83946299999999,48.20964300000001,0 -91.845821,48.208636,0 -91.86438200000001,48.207031,0 -91.86788199999999,48.219095,0 -91.88469100000002,48.227321,0 -91.89346999999999,48.23769899999999,0 -91.90376700000002,48.23703999999999,0 -91.90599099999999,48.237132,0 -91.90696699999999,48.23777,0 -91.907597,48.23818300000001,0 -91.915772,48.238871,0 -91.92080199999999,48.236747,0 -91.92904499999999,48.235834,0 -91.93735599999999,48.234213,0 -91.94070899999998,48.232019,0 -91.941838,48.230602,0 -91.94515500000001,48.230442,0 -91.95129700000001,48.23264699999999,0 -91.95339800000001,48.232978,0 -91.957798,48.232989,0 -91.959166,48.23629600000001,0 -91.957798,48.23949,0 -91.957683,48.242683,0 -91.95220900000001,48.24439399999999,0 -91.952095,48.247131,0 -91.953806,48.249412,0 -91.954397,48.25119900000001,0 -91.954432,48.251678,0 -91.95956499999998,48.253551,0 -91.97024,48.25359399999999,0 -91.97177899999998,48.252977,0 -91.97256499999999,48.250396,0 -91.970371,48.24935799999999,0 -91.971056,48.247667,0 -91.975809,48.244535,0 -91.97690299999999,48.244626,0 -91.97772499999999,48.245723,0 -91.977486,48.24634,0 -91.977555,48.24714,0 -91.980772,48.24780100000001,0 -91.98954500000001,48.260214,0 -92.00657699999999,48.26542100000001,0 -92.00724599999999,48.280388,0 -92.01206599999999,48.28726799999999,0 -92.01298,48.29739099999999,0 -92.00013300000001,48.321355,0 -92.030872,48.32582399999999,0 -92.037721,48.333183,0 -92.04656199999999,48.33474,0 -92.04765500000001,48.343766,0 -92.045152,48.345776,0 -92.04573399999998,48.347901,0 -92.048648,48.348861,0 -92.055228,48.359213,0 -92.06626900000001,48.359602,0 -92.07796099999999,48.358253,0 -92.083513,48.353865,0 -92.09225600000002,48.354617,0 -92.14358300000001,48.356121,0 -92.145049,48.365651,0 -92.16216100000001,48.36327900000001,0 -92.17735399999998,48.357228,0 -92.17889699999999,48.35528500000001,0 -92.17841799999999,48.35188100000001,0 -92.19357100000001,48.348613,0 -92.194188,48.348728,0 -92.194874,48.350396,0 -92.20368400000001,48.352063,0 -92.207729,48.34781199999999,0 -92.207009,48.346891,0 -92.20680299999999,48.345596,0 -92.21698300000001,48.345114,0 -92.219658,48.34813,0 -92.22281300000002,48.34920300000001,0 -92.26227999999999,48.354933,0 -92.28899400000002,48.34299099999999,0 -92.295412,48.323957,0 -92.30456100000001,48.322977,0 -92.30630900000001,48.316442,0 -92.294527,48.306454,0 -92.30145099999999,48.288608,0 -92.29566800000001,48.27811800000001,0 -92.295053,48.276587,0 -92.29299899999999,48.276404,0 -92.294541,48.27156,0 -92.290368,48.265527,0 -92.273706,48.256747,0 -92.26974199999999,48.248241,0 -92.28072699999998,48.244269,0 -92.31466499999999,48.240527,0 -92.321746,48.23730400000001,0 -92.325304,48.23703,0 -92.33224700000001,48.233876,0 -92.33364899999999,48.23389800000001,0 -92.33539399999999,48.2352,0 -92.336831,48.23538299999999,0 -92.33943000000001,48.234537,0 -92.34120699999998,48.23248,0 -92.349177,48.231404,0 -92.353177,48.230328,0 -92.36209700000001,48.22287600000001,0 -92.369174,48.220268,0 -92.37280200000001,48.223717,0 -92.377903,48.229635,0 -92.37844900000002,48.23080099999999,0 -92.378343,48.233383,0 -92.378922,48.23578200000001,0 -92.383161,48.238367,0 -92.38435500000001,48.24072,0 -92.384387,48.242914,0 -92.38390599999998,48.244696,0 -92.386438,48.244194,0 -92.387191,48.244606,0 -92.38811200000001,48.24673199999999,0 -92.387049,48.249268,0 -92.38930499999999,48.253316,0 -92.393781,48.260562,0 -92.39764500000001,48.265546,0 -92.406706,48.27935099999999,0 -92.416285,48.29546300000001,0 -92.42607700000001,48.304491,0 -92.42891899999999,48.305771,0 -92.43200299999999,48.305063,0 -92.43782500000002,48.309839,0 -92.44128600000001,48.315597,0 -92.45369100000001,48.329514,0 -92.4585091112219,48.3361296042748,0 -92.469948,48.351836,0 -92.47675,48.37176,0 -92.456389,48.40113399999999,0 -92.45632500000002,48.414204,0 -92.475585,48.41879300000001,0 -92.48115199999999,48.425349,0 -92.480844,48.426583,0 -92.48208200000001,48.428662,0 -92.48407400000002,48.42953,0 -92.48918999999999,48.430328,0 -92.49207799999999,48.433709,0 -92.507285,48.447875,0 -92.51491,48.44831299999999,0 -92.53720200000001,48.44770299999999,0 -92.575636,48.440827,0 -92.65602699999999,48.436709,0 -92.66327099999999,48.440184,0 -92.68799799999999,48.443889,0 -92.71256199999999,48.463013,0 -92.70864699999998,48.470349,0 -92.709267,48.473091,0 -92.70129799999998,48.484586,0 -92.698824,48.494892,0 -92.68486600000001,48.49761100000001,0 -92.661418,48.496557,0 -92.65403899999998,48.50163499999999,0 -92.64711399999999,48.499905,0 -92.636696,48.499428,0 -92.63064400000002,48.500917,0 -92.62723699999999,48.503383,0 -92.62912599999999,48.505303,0 -92.631463,48.50679,0 -92.631137,48.50807699999999,0 -92.631117,48.508252,0 -92.62537399999999,48.512916,0 -92.62515099999999,48.513048,0 -92.62636500000001,48.51362,0 -92.626639,48.514374,0 -92.62554099999998,48.517549,0 -92.62573900000001,48.51818899999999,0 -92.627833,48.522167,0 -92.63493100000001,48.542873,0 -92.65788100000002,48.54626300000001,0 -92.72804600000002,48.53928999999999,0 -92.894687,48.594915,0 -92.90994700000002,48.596313,0 -92.929614,48.606874,0 -92.94983899999998,48.608269,0 -92.95012,48.630419,0 -92.95487600000001,48.631493,0 -92.98496299999999,48.62373099999999,0 -93.088438,48.62759700000001,0 -93.0885619747573,48.6275908612032,0 -93.14242,48.62492400000001,0 -93.178095,48.62333900000001,0 -93.17999,48.624926,0 -93.184091,48.628375,0 -93.207398,48.642474,0 -93.25485399999999,48.642784,0 -93.34752800000001,48.62662,0 -93.34818300000001,48.626414,0 -93.34909500000001,48.62493500000001,0 -93.35313800000002,48.615709,0 -93.35317438299361,48.6148775415873,0 -93.35324,48.613378,0 -93.35413500000001,48.61235000000001,0 -93.35541000000001,48.61159500000001,0 -93.35641,48.611778,0 -93.36213199999999,48.613832,0 -93.36702500000001,48.608283,0 -93.367666,48.60702,0 -93.371156,48.605085,0 -93.383807,48.605149,0 -93.395022,48.603303,0 -93.398974,48.60390499999999,0 -93.40366,48.607593,0 -93.40420500000002,48.609351,0 -93.405269,48.609344,0 -93.40855999999999,48.608415,0 -93.41402600000002,48.605605,0 -93.414701704481,48.6053511021392,0 -93.42548299999999,48.6013,0 -93.42832799999999,48.59977700000001,0 -93.434141,48.595138,0 -93.43849400000001,48.59338,0 -93.464308,48.591792,0 -93.465199,48.59065900000001,0 -93.466007,48.58729100000001,0 -93.461731,48.57402999999999,0 -93.45704600000002,48.567199,0 -93.45667500000002,48.561834,0 -93.458246,48.555291,0 -93.46079800000001,48.550552,0 -93.46539199999999,48.546668,0 -93.46750400000001,48.54566400000001,0 -93.481471,48.543146,0 -93.48296506066541,48.5429905319594,0 -93.500153,48.54120200000001,0 -93.51545699999998,48.534792,0 -93.518691,48.533997,0 -93.532087,48.532453,0 -93.540369,48.529877,0 -93.547191,48.528684,0 -93.56206199999998,48.528897,0 -93.57833299999999,48.52652,0 -93.58071099999999,48.526667,0 -93.587957,48.52888099999999,0 -93.594379,48.52879299999999,0 -93.598212,48.52715400000001,0 -93.603752,48.52332599999999,0 -93.60587,48.52247199999999,0 -93.610618,48.521661,0 -93.612844,48.52187600000001,0 -93.61832100000001,48.52397,0 -93.622333,48.52651,0 -93.62644700000001,48.530985,0 -93.62886500000002,48.53121,0 -93.632327,48.530092,0 -93.63547599999998,48.527702,0 -93.63819899999999,48.52253300000001,0 -93.64144,48.519238,0 -93.643091,48.518294,0 -93.64539700000002,48.517281,0 -93.65665199999999,48.515731,0 -93.67456800000001,48.51629700000001,0 -93.690901,48.514588,0 -93.694676,48.514774,0 -93.70330300000001,48.51715,0 -93.70914700000002,48.518029,0 -93.72368,48.51732899999999,0 -93.732139,48.517995,0 -93.74184299999999,48.517347,0 -93.752942,48.51512,0 -93.756483,48.515366,0 -93.763176,48.51611800000001,0 -93.77174100000001,48.515825,0 -93.784657,48.51549,0 -93.79445400000002,48.516021,0 -93.797436,48.518356,0 -93.80152,48.520551,0 -93.81214900000001,48.524778,0 -93.81517800000002,48.52650800000001,0 -93.818253,48.53004600000001,0 -93.818853,48.532669,0 -93.818375,48.534442,0 -93.81757199999998,48.535833,0 -93.812223,48.540509,0 -93.811201,48.542385,0 -93.811303,48.54554300000001,0 -93.81227800000002,48.549111,0 -93.81209800000001,48.550664,0 -93.80897299999999,48.55589700000001,0 -93.806748,48.561779,0 -93.805369,48.56839299999999,0 -93.80526999999998,48.570299,0 -93.80676299999999,48.577616,0 -93.807984,48.58029700000001,0 -93.812037,48.584944,0 -93.81851800000001,48.595314,0 -93.82006699999999,48.603755,0 -93.82264400000001,48.609067,0 -93.82414399999999,48.610724,0 -93.82795900000001,48.613001,0 -93.834323,48.624954,0 -93.83739199999999,48.627098,0 -93.84075400000002,48.628548,0 -93.844008,48.629395,0 -93.851618,48.630108,0 -93.886934,48.630779,0 -93.91152999999998,48.63467299999999,0 -93.91435700000001,48.63432,0 -93.915494,48.632667,0 -93.91664900000002,48.632156,0 -93.927004,48.63122000000001,0 -93.944221,48.632294,0 -93.954413,48.633744,0 -93.960632,48.636496,0 -93.963375,48.637151,0 -93.97653499999998,48.637573,0 -93.99008200000002,48.639738,0 -94.000675,48.642777,0 -94.006933,48.643193,0 -94.02949099999999,48.640861,0 -94.035616,48.641018,0 -94.04318700000002,48.643416,0 -94.05245199999999,48.64402,0 -94.06026699999998,48.64311499999999,0 -94.064243,48.643717,0 -94.065775,48.64610399999999,0 -94.07135700000001,48.645895,0 -94.07667499999999,48.644203,0 -94.091244,48.643669,0 -94.099898,48.645863,0 -94.11003100000002,48.644192,0 -94.12633599999999,48.644447,0 -94.138682,48.64571400000001,0 -94.157387,48.64576599999999,0 -94.16772499999999,48.648104,0 -94.18858100000001,48.650402,0 -94.199517,48.650996,0 -94.214448,48.64938200000001,0 -94.224276,48.64952700000001,0 -94.233575,48.652336,0 -94.24439399999999,48.653442,0 -94.246841,48.654224,0 -94.250191,48.656323,0 -94.250497,48.656654,0 -94.25457699999998,48.66137499999999,0 -94.254643,48.663888,0 -94.25062300000002,48.678236,0 -94.251169,48.683514,0 -94.25275299999998,48.686325,0 -94.25813000000001,48.691834,0 -94.260541,48.696381,0 -94.26447300000001,48.698919,0 -94.274345,48.699882,0 -94.28179700000001,48.70525499999999,0 -94.29073699999999,48.707747,0 -94.308446,48.71023900000001,0 -94.32843399999999,48.70448100000001,0 -94.34275799999999,48.703382,0 -94.35304600000001,48.70413200000001,0 -94.368583,48.70643400000001,0 -94.37821599999999,48.71027200000001,0 -94.384221,48.711806,0 -94.388848,48.711945,0 -94.406318,48.71053499999999,0 -94.41619099999998,48.710948,0 -94.418919,48.710172,0 -94.42140500000001,48.708756,0 -94.42420300000002,48.705352,0 -94.43029350488381,48.7009565694165,0 -94.43870099999998,48.694889,0 -94.44660399999998,48.6929,0 -94.452332,48.692444,0 -94.46448099999999,48.695503,0 -94.472938,48.69684899999999,0 -94.486503,48.698054,0 -94.500203,48.698175,0 -94.50886199999999,48.700362,0 -94.52460000000001,48.701556,0 -94.533057,48.701262,0 -94.538372,48.70284,0 -94.545514,48.712185,0 -94.549069,48.71465300000001,0 -94.555835,48.716207,0 -94.56836800000001,48.715522,0 -94.58714999999999,48.717599,0 -94.59101800000001,48.719494,0 -94.595855,48.724222,0 -94.60138400000001,48.72835600000001,0 -94.610539,48.731893,0 -94.61901000000002,48.737374,0 -94.6299298003532,48.7392765596265,0 -94.64080299999999,48.74117099999999,0 -94.64508300000001,48.744143,0 -94.64515,48.748991,0 -94.64625599999999,48.749975,0 -94.64516399999999,48.749975,0 -94.651765,48.755913,0 -94.66006299999999,48.760288,0 -94.66710999999999,48.76611499999999,0 -94.67281199999999,48.76931499999999,0 -94.687951,48.775896,0 -94.69086299999999,48.778047,0 -94.690889,48.778066,0 -94.694312,48.789352,0 -94.6948480433972,48.7927104101958,0 -94.695975,48.799771,0 -94.69497400000002,48.809206,0 -94.704284,48.824284,0 -94.70196799999999,48.831778,0 -94.69705500000001,48.835731,0 -94.685681,48.840119,0 -94.69304399999999,48.853392,0 -94.690246,48.863363,0 -94.690302,48.863711,0 -94.692527,48.86895,0 -94.684217,48.87239900000001,0 -94.683127,48.88337599999999,0 -94.683069,48.88392900000001,0 -94.718932,48.999991,0 -94.75022100000001,49.099763,0 -94.773223,49.120733,0 -94.77422799999999,49.124994,0 -94.79752700000002,49.197791,0 -94.79724400000002,49.214284,0 -94.82516000000001,49.294283,0 -94.824291,49.308834,0 -94.816222,49.320987,0 -94.836876,49.324068,0 -94.85424500000001,49.324154,0 -94.87845399999999,49.333193,0 -94.90703600000002,49.348508,0 -94.90927299999998,49.350176,0 -94.952111,49.36867900000001,0 -94.957465,49.370186,0 -94.97428600000002,49.367738,0 -94.988908,49.368897,0 -95.014415,49.35640500000001,0 -95.04938199999999,49.353056,0 -95.058404,49.35317,0 -95.08980599999998,49.361114,0 -95.10281800000001,49.363554,0 -95.10505700000002,49.36496200000001,0 -95.10953499999999,49.366315,0 -95.11586600000001,49.366518,0 -95.12646700000001,49.369439,0 -95.141808,49.378301,0 -95.14530600000001,49.37828,0 -95.14974699999999,49.38056499999999,0 -95.15023499999998,49.38296400000001,0 -95.15331399999998,49.384358,0 -95.15335,49.383079,0 -95.15329300000001,49.36910699999999,0 -95.15325900000001,49.367691,0 -95.15333,49.365886,0 -95.153407,49.354397,0 -95.153344,49.343662,0 -95.153284,49.343409,0 -95.15333,49.309287,0 -95.15333099999999,49.30844199999999,0 -95.153319,49.30772,0 -95.153333,49.305655,0 -95.153424,49.249995,0 -95.15330899999999,49.18488,0 -95.153711,48.998903,0 -95.319895,48.99877,0 -95.51651,48.999287,0 -95.74801099999999,48.99949800000001,0 -95.76641549766859,48.9995226594346,0 -96.10924300000002,48.999982,0 -96.405411,48.99985800000001,0 -96.8002732290056,48.99997089984181,0 -96.84259300000001,48.999983,0 -97.22872199999999,49.000562,0 -97.41229600000001,49.000461,0 -97.5569483089795,49.00045321706391,0 -97.9500120322531,49.0004320684913,0 -97.95128499999998,49.00043200000001,0 -98.48870400000001,49.000342,0 -98.9998170311145,49.0000063847683,0 -99.00040300000001,49.000006,0 -99.010398,48.999809,0 -99.263773,48.99945899999999,0 -99.525773876255,48.9992587689182,0 -99.52678,48.99925799999999,0 -99.6585296867576,48.9991249235612,0 -99.72379600000001,48.999059,0 -100.166407,48.999246,0 -100.182606057765,48.9992552821128,0 -100.431676,48.999398,0 -100.433981,48.99941,0 -100.820436,48.999348,0 -100.919019,48.99952199999999,0 -100.958344360559,48.9994285644822,0 -101.126514,48.999029,0 -101.206653,48.999227,0 -101.251515,48.99927000000001,0 -101.457817,48.999271,0 -101.496550807789,48.99936783451949,0 -101.497817,48.999371,0 -101.760177,48.99906599999999,0 -102.021216030294,48.99896638465229,0 -102.022224,48.998966,0 -102.196707,48.998538,0 -102.218073,48.998504,0 -102.372505,48.998727,0 -102.67765,48.999073,0 -102.938955609487,48.9992792883949,0 -102.939857,48.99927999999999,0 -103.356571,48.999535,0 -103.376547,48.998902,0 -103.500016,48.999276,0 -103.643422,48.999383,0 -103.806903,48.999326,0 -103.852287,48.99956100000001,0 -103.96942,48.999527,0 -103.980868,48.999581,0 -104.020463,48.99953,0 -104.048689,48.99959299999999,0 -104.304781547763,48.9992120071942,0 -104.365954,48.999121,0 -104.607565,48.998737,0 -104.882041,48.998832,0 -105.057642,48.999012,0 -105.231087,48.99923,0 -105.421313,48.999513,0 -105.633551,48.9997,0 -105.818138,48.999606,0 -106.050327,48.99938800000001,0 -106.112058,48.99946,0 -106.245459,48.999469,0 -106.474446,48.999672,0 -106.65777,48.999861,0 -106.962624,49.00002199999999,0 -107.179812,49.000103,0 -107.355588,49.000186,0 -107.4156,48.999456,0 -107.744901,48.99978299999999,0 -108.076923,48.999634,0 -108.236361401449,48.99957101248329,0 -108.236393,48.999571,0 -108.389033,48.99927999999999,0 -108.625696,48.99911299999999,0 -108.875089,48.999188,0 -108.998228,48.999121,0 -109.111867395492,48.99955976758029,0 -109.24039,49.000056,0 -109.489499,49.000292,0 -109.489549187555,49.0002919264177,0 -109.670245,49.000027,0 -110.031317,48.99957200000001,0 -110.363547,48.999132,0 -110.544065944888,48.9988849722054,0 -110.57693,48.99884,0 -110.743064,48.998606,0 -110.886706,48.998124,0 -110.887459,48.998087,0 -111.003916,48.997537,0 -111.269862,48.99723,0 -111.377133,48.99702800000001,0 -111.555528,48.99669799999999,0 -111.720587,48.997308,0 -111.836088,48.998034,0 -112.003567,48.998605,0 -112.19341,48.998475,0 -112.365030846174,48.99861204824731,0 -112.410052,48.998648,0 -112.568599,48.998718,0 -112.758678,48.998582,0 -112.920169,48.99860699999999,0 -113.115485,48.99832200000001,0 -113.356785,48.99781900000001,0 -113.507084,48.997771,0 -113.609141728736,48.9978307861811,0 -113.769969,48.997925,0 -114.06818,48.998857,0 -114.232151,49.000198,0 -114.309879,49.00075600000001,0 -114.438489,49.001078,0 -114.603277,49.00086499999999,0 -114.727045,49.000508,0 -114.727062852554,49.000507958201,0 -114.931628,49.000029,0 -115.055844286665,48.99976073729731,0 -115.129809,48.999601,0 -115.170704854158,48.999693487725,0 -115.412310975371,49.0002398903114,0 -115.649808,49.000777,0 -115.876045,49.001032,0 -116.049086,49.000846,0 -116.369128,49.00114600000001,0 -116.376039,49.000518,0 -116.417503,49.00009900000001,0 -116.504205083199,49.0000591875455,0 -116.757234,48.99994300000001,0 -116.757185,48.999791,0 -117.032351,48.999188,0 -117.126075,48.99888800000001,0 -117.268247,48.999818,0 -117.268192,48.999928,0 -117.429968,49.0003644833648,0 -117.607323,49.000843,0 -117.630906088335,49.00081694056319,0 -117.8761,49.000546,0 -117.884398,48.999912,0 -118.001106,48.999911,0 -118.002046,49.00043700000001,0 -118.197375052459,49.0004067514245,0 -118.836614034806,49.0003077591428,0 -119.132102,49.000262,0 -119.137274,49.000297,0 -119.180728023772,49.0002904387412,0 -119.428678,49.00025299999999,0 -119.442094954049,49.000256698423,0 -119.4577,49.00026099999999,0 -119.701218,49.000258,0 -119.702016,49.000269,0 -119.876195,49.00044800000001,0 -119.919261901541,49.0000931400868,0 -120.001199,48.99941800000001,0 -120.376216,49.000705,0 -120.716604,49.000188,0 -120.851560900318,49.0002800800193,0 -120.978955,49.000367,0 -121.059966,49.000621,0 -121.12624,49.001412,0 -121.2299,49.001158,0 -121.248949,49.000925,0 -121.251244,49.000167,0 -121.256933,49.00008800000001,0 -121.345295,49.000843,0 -121.395543,48.999851,0 -121.751252,48.99739900000001,0 -121.949474196605,49.0001098822036,0 -122.098357,49.002146,0 -122.136637429785,49.0022332368444,0 -122.251063,49.002494,0 -122.405989,49.002239,0 -122.407829,49.002193,0 -122.462812674208,49.0022187497268,0 -122.550708979903,49.002259912961,0 -122.595874846008,49.0022810648525,0 -122.705411895396,49.0023323627902,0 -122.735337881339,49.0023463776041,0 -122.75802,49.002357,0 -122.756037,48.999512,0 -122.756318,48.996881,0 -122.766307,48.991672,0 -122.768566651723,48.99149222597661,0 -122.774276,48.991038,0 -122.796887,48.97502599999999,0 -122.817226,48.95597,0 -122.822464,48.944911,0 -122.821631,48.941369,0 -122.818232,48.939062,0 -122.787539,48.931702,0 -122.770432,48.94252800000001,0 -122.766096,48.941955,0 -122.764799680231,48.9415471148168,0 -122.755624,48.93866,0 -122.749447152963,48.9332350753041,0 -122.746596,48.930731,0 -122.745371,48.921227,0 -122.747514,48.915582,0 -122.751289,48.911239,0 -122.769643769531,48.9018518173574,0 -122.783747,48.89463899999999,0 -122.792584,48.894732,0 -122.793175,48.892927,0 -122.785659,48.88506599999999,0 -122.722685,48.852855,0 -122.717073,48.84719,0 -122.711805,48.832408,0 -122.709470189612,48.8194947979333,0 -122.709169,48.817829,0 -122.7112,48.79145999999999,0 -122.709815,48.786205,0 -122.703106,48.786321,0 -122.699303,48.789063,0 -122.699507,48.794906,0 -122.698675,48.800522,0 -122.697219,48.80281,0 -122.693683,48.804475,0 -122.680246,48.80275,0 -122.664206026093,48.79007687425279,0 -122.659708,48.786523,0 -122.656528,48.784969,0 -122.646777,48.785011,0 -122.645743,48.781538,0 -122.647443,48.773998,0 -122.661111,48.75396200000001,0 -122.666953,48.74844499999999,0 -122.673472,48.733082,0 -122.646323,48.708001,0 -122.630422,48.696625,0 -122.620338,48.693651,0 -122.615169,48.693839,0 -122.606105,48.698556,0 -122.605733,48.701066,0 -122.612562,48.714932,0 -122.626287,48.72093,0 -122.638082,48.732486,0 -122.637146,48.735708,0 -122.627808,48.74466,0 -122.606787,48.75914299999999,0 -122.598033,48.76948900000001,0 -122.596844,48.771492,0 -122.573101158529,48.7777161422831,0 -122.567498,48.779185,0 -122.535803,48.776128,0 -122.530349352885,48.7706025943702,0 -122.528203,48.76842799999999,0 -122.511671051201,48.7582036284522,0 -122.510902,48.75772799999999,0 -122.496067316453,48.7529521885073,0 -122.490401,48.751128,0 -122.491277592376,48.74865922963599,0 -122.492758762182,48.7444877718132,0 -122.495301,48.73732800000001,0 -122.50504805766,48.72530822476419,0 -122.505684,48.72452400000001,0 -122.515511,48.720992,0 -122.519172,48.713095,0 -122.510556776073,48.68307038428529,0 -122.506718,48.669692,0 -122.500308,48.656163,0 -122.49399,48.651596,0 -122.48879395393,48.6454048731161,0 -122.486878,48.643122,0 -122.46425,48.625717,0 -122.448702,48.622624,0 -122.425271,48.599522,0 -122.433059,48.581609,0 -122.44456,48.570115,0 -122.454918004634,48.56680860969271,0 -122.478431,48.55930300000001,0 -122.482406,48.559653,0 -122.488421,48.56466499999999,0 -122.495904,48.575927,0 -122.512372,48.578067,0 -122.534787,48.57596,0 -122.534719,48.574246,0 -122.531978,48.568644,0 -122.52537,48.56734400000001,0 -122.504428,48.564775,0 -122.498463,48.556206,0 -122.485288,48.528106,0 -122.483872,48.521891,0 -122.484045737057,48.5199942674157,0 -122.484996,48.50962,0 -122.483501,48.49243,0 -122.478851,48.481736,0 -122.473763,48.47975,0 -122.46967,48.474975,0 -122.469634,48.472187,0 -122.471832,48.47072399999999,0 -122.500721,48.46088699999999,0 -122.511348,48.461825,0 -122.514738475078,48.4652346767976,0 -122.515056,48.46555399999999,0 -122.526943,48.468004,0 -122.527897016842,48.46768928112661,0 -122.532845,48.46605699999999,0 -122.537355,48.466749,0 -122.556763,48.496167,0 -122.585677672186,48.4965895827648,0 -122.586801,48.496606,0 -122.598469,48.512169,0 -122.599951,48.520946,0 -122.606961,48.522152,0 -122.615183,48.521427,0 -122.615515445461,48.5213237995311,0 -122.636455107596,48.5148235364621,0 -122.671386,48.50398,0 -122.676922,48.50448400000001,0 -122.678246531866,48.5064786245782,0 -122.679122,48.507797,0 -122.684521,48.509123,0 -122.701644,48.49762200000001,0 -122.708088689776,48.4869166636802,0 -122.712981,48.47879,0 -122.712322,48.464143,0 -122.710362,48.461584,0 -122.700603,48.457632,0 -122.695587,48.460558,0 -122.695725,48.46478499999999,0 -122.689121,48.476849,0 -122.685436165383,48.4770413791116,0 -122.670390626306,48.4778268817844,0 -122.664623,48.47812800000001,0 -122.657753,48.47294,0 -122.657537555961,48.4715437241439,0 -122.654844,48.454087,0 -122.667249,48.442503,0 -122.674085,48.44197900000001,0 -122.674188,48.44332699999999,0 -122.677072,48.444059,0 -122.678928,48.439466,0 -122.674158,48.424726,0 -122.665338,48.416453,0 -122.654805,48.411066,0 -122.612655,48.418328,0 -122.581607,48.429244,0 -122.575254,48.443333,0 -122.568348,48.44499,0 -122.557298,48.444438,0 -122.554397327933,48.4420642889274,0 -122.551221,48.43946500000001,0 -122.558403,48.426758,0 -122.554536,48.40603999999999,0 -122.547492,48.399889,0 -122.539449,48.39719000000001,0 -122.533452,48.383409,0 -122.529067134034,48.38024984017651,0 -122.507437,48.36466599999999,0 -122.497686,48.36183700000001,0 -122.492055249035,48.36180010849129,0 -122.482423,48.361737,0 -122.478597851197,48.36072439533439,0 -122.475529,48.359912,0 -122.442678,48.337934,0 -122.424102,48.334346,0 -122.408718,48.326413,0 -122.38431,48.304123,0 -122.378296248755,48.2976822178335,0 -122.376818,48.296099,0 -122.371693,48.287839,0 -122.392058,48.269628,0 -122.395328,48.257187,0 -122.405549275498,48.2521305998228,0 -122.406541,48.25164,0 -122.463962,48.27054099999999,0 -122.466803,48.269604,0 -122.474494,48.255227,0 -122.480925,48.251706,0 -122.483722625411,48.2517812854558,0 -122.493448,48.252043,0 -122.497727,48.253389,0 -122.499648,48.256611,0 -122.503786,48.257045,0 -122.530996,48.249821,0 -122.535209,48.240213,0 -122.534431,48.22300500000001,0 -122.538916,48.209683,0 -122.538273737685,48.1998604764597,0 -122.53722,48.183745,0 -122.522576,48.161712,0 -122.514236490523,48.139741406089,0 -122.512031,48.133931,0 -122.489986,48.12061700000001,0 -122.486736,48.12095,0 -122.477983,48.129048,0 -122.4675,48.130353,0 -122.44966,48.114041,0 -122.423703,48.102941,0 -122.400692,48.08525499999999,0 -122.393413,48.078472,0 -122.390787,48.069477,0 -122.38769,48.065189,0 -122.377114,48.05756800000001,0 -122.363107,48.05454600000001,0 -122.358375,48.056133,0 -122.360345,48.061527,0 -122.379481,48.087384,0 -122.411649,48.11321,0 -122.442383,48.13084099999999,0 -122.475803,48.166792,0 -122.476672361009,48.1692091219806,0 -122.478277636714,48.17367233939321,0 -122.479008,48.175703,0 -122.478535,48.188087,0 -122.47025,48.194007,0 -122.464801,48.19476699999999,0 -122.461888,48.193137,0 -122.45493,48.196639,0 -122.442051,48.20935,0 -122.441731,48.211776,0 -122.444508,48.214522,0 -122.449513,48.21473599999999,0 -122.453618,48.22683,0 -122.45371,48.22885899999999,0 -122.449605,48.232598,0 -122.433767,48.23655,0 -122.430578,48.236237,0 -122.425572,48.232887,0 -122.396121,48.22923300000001,0 -122.395414473614,48.2284583844901,0 -122.385703,48.217811,0 -122.382102,48.207106,0 -122.372492,48.193022,0 -122.362044,48.187568,0 -122.363479,48.174438,0 -122.370253,48.164809,0 -122.370144411735,48.1645428020481,0 -122.364744,48.151304,0 -122.363797,48.142759,0 -122.365078,48.125822,0 -122.363842,48.12393000000001,0 -122.363352975735,48.1233057172399,0 -122.343241,48.09763099999999,0 -122.326119,48.092877,0 -122.321709,48.085507,0 -122.305838,48.07341499999999,0 -122.288292842561,48.0566701529626,0 -122.281087,48.04979299999999,0 -122.231761,48.029876,0 -122.230698023635,48.0277992620409,0 -122.225797921293,48.01822592732779,0 -122.224979,48.016626,0 -122.228767,48.012468,0 -122.23022,48.007154,0 -122.232391,47.98771299999999,0 -122.23213500415,47.98723463289991,0 -122.228793778252,47.9809910451829,0 -122.226346,47.976417,0 -122.230046,47.97091699999999,0 -122.231323430498,47.970148291494,0 -122.249007,47.959507,0 -122.259748676706,47.9584010215789,0 -122.278047,47.95651700000001,0 -122.29110947348,47.9531839320453,0 -122.307048,47.949117,0 -122.311148,47.936717,0 -122.309747,47.92911700000001,0 -122.310747,47.92511699999999,0 -122.311931454886,47.9236977882892,0 -122.321847,47.911817,0 -122.327578483681,47.8999245349808,0 -122.328546,47.897917,0 -122.333543,47.880246,0 -122.332900747122,47.8793145632194,0 -122.330145,47.875318,0 -122.329545,47.869418,0 -122.331360874117,47.8645665967393,0 -122.33311603458,47.8598773998853,0 -122.33595,47.852306,0 -122.339944,47.846718,0 -122.346544,47.84241800000001,0 -122.353244,47.84061799999999,0 -122.360724053193,47.8342753775756,0 -122.380307756354,47.8176696086589,0 -122.392044,47.807718,0 -122.394944,47.803318,0 -122.394945223517,47.80330424403489,0 -122.397043,47.779719,0 -122.396421500938,47.7779269035131,0 -122.394442,47.772219,0 -122.385321560335,47.7634203222016,0 -122.380241,47.758519,0 -122.382641,47.749119,0 -122.375505766029,47.7341741356668,0 -122.37314,47.729219,0 -122.37644,47.71651899999999,0 -122.378704842612,47.71232904116761,0 -122.38044,47.70911900000001,0 -122.380750522799,47.7089367545376,0 -122.392112344898,47.7022685146318,0 -122.393248,47.701602,0 -122.400890239483,47.6928126670798,0 -122.403841,47.68941899999999,0 -122.405001724647,47.6867203151957,0 -122.407841,47.680119,0 -122.413140455014,47.6750122524411,0 -122.429841,47.658919,0 -122.423040998656,47.65034829548989,0 -122.414645,47.639766,0 -122.40424,47.63392,0 -122.393739,47.63102,0 -122.389682544218,47.63138876870751,0 -122.386039,47.63172,0 -122.367819,47.624213,0 -122.359485722108,47.61871635795741,0 -122.359288486165,47.61858626084621,0 -122.350885670021,47.6130437512726,0 -122.34628196318,47.6100071396417,0 -122.344937,47.60911999999999,0 -122.342325274609,47.60430150147729,0 -122.341170040241,47.6021701537044,0 -122.339570996203,47.59922,0 -122.339513,47.59911300000001,0 -122.342937,47.59121999999999,0 -122.344332321504,47.5906363742485,0 -122.358238,47.58482,0 -122.370167,47.583087,0 -122.375421,47.585181,0 -122.376127289296,47.5858162263948,0 -122.387139,47.59572000000001,0 -122.401839,47.58392,0 -122.421139,47.57601999999999,0 -122.409839,47.56892,0 -122.404874673949,47.56080511175011,0 -122.398338,47.55011999999999,0 -122.396563504357,47.5399166500525,0 -122.394102004157,47.52576302390219,0 -122.393938,47.52482,0 -122.395201602027,47.52015439251411,0 -122.396538,47.51522,0 -122.386637,47.50222,0 -122.376601347671,47.4957487135112,0 -122.365236,47.48842,0 -122.361336,47.481421,0 -122.366694804171,47.46366496229911,0 -122.368036,47.459221,0 -122.383136,47.45052100000001,0 -122.367036,47.447621,0 -122.361906243271,47.4451640960963,0 -122.355135,47.441921,0 -122.351191,47.430797,0 -122.351191,47.423078,0 -122.348035,47.415921,0 -122.335234,47.408421,0 -122.333942656139,47.4069397526296,0 -122.332614882331,47.4054167179676,0 -122.331790943794,47.4044716119986,0 -122.328434,47.400621,0 -122.327615210311,47.3978613754929,0 -122.325734,47.391521,0 -122.325326866647,47.3720906623781,0 -122.324833,47.348521,0 -122.336934,47.341421,0 -122.346735914462,47.3394529869178,0 -122.364168,47.335953,0 -122.380144804529,47.3314231842128,0 -122.381009603029,47.3311779926357,0 -122.382329434701,47.3308037879985,0 -122.405900494576,47.32412081463259,0 -122.418048132221,47.3206766615369,0 -122.423535,47.319121,0 -122.443008,47.306333,0 -122.444635,47.300421,0 -122.432335,47.296021,0 -122.424235,47.297521,0 -122.413735,47.293921,0 -122.409199,47.288556,0 -122.418074,47.281765,0 -122.429605,47.269707,0 -122.4442,47.266723,0 -122.448718006811,47.2684672021051,0 -122.451575765033,47.2695704558438,0 -122.46528862544,47.2748643832294,0 -122.471652,47.277321,0 -122.47732292256,47.2809338389858,0 -122.498925648899,47.2946965329913,0 -122.533338,47.31662000000001,0 -122.540238,47.31852,0 -122.547408,47.317734,0 -122.547747,47.31640300000001,0 -122.527586,47.291531,0 -122.528298554743,47.2905476740398,0 -122.538569881249,47.2763732374856,0 -122.54658604737,47.2653109235732,0 -122.560564208996,47.24602105239561,0 -122.561957,47.244099,0 -122.575126142905,47.2201994180776,0 -122.580517,47.210416,0 -122.587855937401,47.1874220387438,0 -122.589679726135,47.1817078426402,0 -122.590264872454,47.1798744938788,0 -122.590829,47.178107,0 -122.605341319807,47.1726925142449,0 -122.614855,47.16914300000001,0 -122.63113,47.167675,0 -122.635884,47.16395900000001,0 -122.640638,47.14912200000001,0 -122.638385756401,47.1422942093811,0 -122.636169,47.135574,0 -122.643479782676,47.1351740629918,0 -122.645053,47.135088,0 -122.650634,47.13244700000001,0 -122.67813,47.103866,0 -122.693719109151,47.103618702381,0 -122.721437,47.103179,0 -122.724657855819,47.1043764815036,0 -122.775056,47.123114,0 -122.784305487799,47.1364204960507,0 -122.814238,47.179482,0 -122.826097087133,47.17473842787999,0 -122.841373585432,47.1686279093714,0 -122.852046,47.164359,0 -122.85994,47.16557399999999,0 -122.858996747441,47.1674384950198,0 -122.838298,47.20835300000001,0 -122.856171,47.23378799999999,0 -122.863732,47.27022100000001,0 -122.84586,47.298405,0 -122.836639907384,47.3067789895427,0 -122.822344,47.31976300000001,0 -122.819738,47.327964,0 -122.825237,47.35339799999999,0 -122.821868,47.36306900000001,0 -122.817489123722,47.3614867873578,0 -122.804615,47.356835,0 -122.802831094246,47.35343664722721,0 -122.797569050978,47.3434124184844,0 -122.796646,47.34165399999999,0 -122.799025,47.289306,0 -122.816633,47.27645700000001,0 -122.833689,47.273751,0 -122.842329,47.267563,0 -122.843289,47.257465,0 -122.839745023338,47.2527172875087,0 -122.832799,47.243412,0 -122.771619,47.167109,0 -122.763803,47.166124,0 -122.750589586536,47.1568508739045,0 -122.742928,47.151474,0 -122.722162,47.137127,0 -122.711998,47.127682,0 -122.702434,47.12386699999999,0 -122.694748,47.125896,0 -122.692963,47.130653,0 -122.684249,47.139857,0 -122.675498,47.141964,0 -122.673437,47.149898,0 -122.673927,47.174675,0 -122.67977,47.179621,0 -122.677716,47.1911,0 -122.657275,47.193523,0 -122.644263,47.199604,0 -122.6418,47.205013,0 -122.648719,47.215645,0 -122.659645,47.219292,0 -122.667495,47.223394,0 -122.679871,47.231186,0 -122.685226,47.232376,0 -122.704573,47.23098,0 -122.708713419771,47.2319830566095,0 -122.724824,47.235886,0 -122.718124,47.250045,0 -122.749621,47.27640800000001,0 -122.749563414869,47.27668136798779,0 -122.74525,47.297158,0 -122.725738,47.33047,0 -122.687192342687,47.3563362021701,0 -122.671486,47.366876,0 -122.639126,47.377822,0 -122.634168359498,47.3767594890234,0 -122.632463,47.37639399999999,0 -122.634823,47.370583,0 -122.671256,47.343774,0 -122.675533526857,47.3339808182488,0 -122.697378,47.283969,0 -122.692426,47.280026,0 -122.677575474715,47.27406275616419,0 -122.668571,47.270447,0 -122.626997,47.235629,0 -122.614236,47.220872,0 -122.602539,47.21750599999999,0 -122.590487,47.227752,0 -122.58886,47.237137,0 -122.579756377426,47.2522401740086,0 -122.578211,47.25480400000001,0 -122.55821033611,47.2747069089342,0 -122.547521,47.28534400000001,0 -122.550134,47.290496,0 -122.571239,47.315619,0 -122.571797016396,47.31624397836379,0 -122.573739,47.31841899999999,0 -122.575985,47.32642,0 -122.5754374672,47.3265141827141,0 -122.57134,47.327219,0 -122.55584,47.34751899999999,0 -122.551536,47.35954,0 -122.537044,47.375896,0 -122.551136,47.394456,0 -122.546122639562,47.4034087828546,0 -122.536983892707,47.4197286180584,0 -122.531889,47.428827,0 -122.530735923431,47.4625505062896,0 -122.530514,47.46904099999999,0 -122.494882,47.510265,0 -122.500543,47.51528,0 -122.52305,47.524,0 -122.532909,47.522184,0 -122.546232201763,47.5235122362873,0 -122.546611,47.52354999999999,0 -122.547207,47.528257,0 -122.542355,47.53784,0 -122.543118,47.55632600000001,0 -122.534664,47.56612199999999,0 -122.529914716173,47.56844112626229,0 -122.518367,47.57408,0 -122.503672,47.575178,0 -122.479089,47.583654,0 -122.483805,47.586721,0 -122.493933,47.588963,0 -122.49824,47.59824200000001,0 -122.500357,47.617816,0 -122.497854030652,47.62030610942671,0 -122.494518,47.623625,0 -122.492809,47.629591,0 -122.493205,47.635122,0 -122.502116,47.639074,0 -122.518072679594,47.6511651761837,0 -122.518277,47.65132,0 -122.508709,47.670843,0 -122.504452,47.685888,0 -122.504604,47.69913600000001,0 -122.511196,47.708715,0 -122.523962,47.708034,0 -122.525851,47.705095,0 -122.53094,47.70481400000001,0 -122.543161,47.710941,0 -122.547804956768,47.72523639264361,0 -122.554454,47.745704,0 -122.537318,47.74714,0 -122.519325,47.74622,0 -122.515193,47.743911,0 -122.507638,47.74303999999999,0 -122.488491,47.743605,0 -122.477344,47.746019,0 -122.477123854185,47.7461711007446,0 -122.471844,47.749819,0 -122.470333,47.757109,0 -122.471402,47.76596499999999,0 -122.495458,47.786692,0 -122.495346,47.79704,0 -122.485214,47.80412800000001,0 -122.482437,47.809255,0 -122.482529,47.815511,0 -122.502224,47.826395,0 -122.506122,47.83174500000001,0 -122.512778,47.863879,0 -122.513986,47.880807,0 -122.527593,47.90588200000001,0 -122.535528447919,47.9107550647632,0 -122.549072,47.919072,0 -122.578931,47.925839,0 -122.603861,47.940478,0 -122.611956,47.940772,0 -122.617022,47.93898699999999,0 -122.620316,47.931553,0 -122.616701,47.92513899999999,0 -122.596228,47.92021,0 -122.588235,47.91292300000001,0 -122.586339,47.902023,0 -122.573098,47.874081,0 -122.573672,47.85758200000001,0 -122.577888649477,47.8574774195494,0 -122.608105,47.856728,0 -122.614585,47.850806,0 -122.623192,47.836199,0 -122.648108,47.825123,0 -122.658095336185,47.8179827924775,0 -122.682015,47.800882,0 -122.684085,47.79857400000001,0 -122.690562,47.778372,0 -122.705353465609,47.7721500525867,0 -122.714801,47.76817599999999,0 -122.719712,47.76097599999999,0 -122.722686,47.748827,0 -122.733012,47.737625,0 -122.740159,47.736228,0 -122.74369143856,47.7199556645053,0 -122.754186,47.671612,0 -122.787531764119,47.65951693621,0 -122.804498,47.65336300000001,0 -122.856611,47.649615,0 -122.85891428874,47.6485156719484,0 -122.917103,47.62074299999999,0 -122.92378874605,47.6160721308458,0 -122.962372032822,47.5891166523252,0 -122.967284,47.585685,0 -123.01641268704,47.520298015202,0 -123.033938,47.496973,0 -123.120234,47.39149,0 -123.115466,47.37608700000001,0 -123.085645,47.374771,0 -123.056886,47.36849899999999,0 -123.013153,47.37863900000001,0 -122.977495,47.39615999999999,0 -122.916655,47.413713,0 -122.908615555958,47.4178141624372,0 -122.901206,47.421594,0 -122.872966194,47.4234891571883,0 -122.872447,47.423524,0 -122.877913,47.410979,0 -122.902126800679,47.3951702702875,0 -122.911426,47.389099,0 -122.938759,47.38330599999999,0 -122.983919,47.374615,0 -123.030266,47.350949,0 -123.072098,47.351593,0 -123.111298,47.362619,0 -123.126267529004,47.3547777687601,0 -123.140169,47.347496,0 -123.15598,47.355745,0 -123.106486,47.45817,0 -122.979485668436,47.6066620248723,0 -122.97244,47.61489999999999,0 -122.896524,47.674838,0 -122.880462,47.720643,0 -122.849001924591,47.7719459424835,0 -122.845612,47.777474,0 -122.815027,47.807493,0 -122.820178,47.83590399999999,0 -122.812616,47.840029,0 -122.790619,47.792597,0 -122.832139,47.695511,0 -122.811929,47.679861,0 -122.781682,47.70392,0 -122.758498,47.746036,0 -122.757885,47.757744,0 -122.75054,47.773966,0 -122.748061,47.800546,0 -122.740020330239,47.8051367456349,0 -122.731956,47.80974100000001,0 -122.719609,47.813036,0 -122.688596,47.831438,0 -122.683742,47.838773,0 -122.681602,47.850405,0 -122.690974,47.860118,0 -122.69376,47.868002,0 -122.666417,47.867497,0 -122.650083,47.86386,0 -122.63636,47.86618600000001,0 -122.633879,47.868401,0 -122.631857,47.874815,0 -122.610341,47.887343,0 -122.618873,47.890242,0 -122.637425,47.889945,0 -122.646494,47.894771,0 -122.655085,47.905058,0 -122.65399,47.91589,0 -122.651063,47.920985,0 -122.657722,47.931156,0 -122.66238,47.9307,0 -122.669141780793,47.9326772603986,0 -122.681924,47.936415,0 -122.68445,47.939593,0 -122.684688,47.944049,0 -122.676215,47.958743,0 -122.6788,47.96793,0 -122.683223,47.972226,0 -122.701294,47.972979,0 -122.718082,47.987739,0 -122.723374,48.008095,0 -122.710358828891,48.0129368564015,0 -122.70184,48.016106,0 -122.697185,48.014978,0 -122.690066,48.00842,0 -122.686898,48.008305,0 -122.669868,48.017217,0 -122.668942,48.032026,0 -122.677153,48.03634600000001,0 -122.682264,48.042723,0 -122.69222,48.087081,0 -122.69164,48.096726,0 -122.68724,48.101662,0 -122.698465,48.103102,0 -122.718558,48.097567,0 -122.733257,48.091232,0 -122.748345,48.07209700000001,0 -122.747389,48.070795,0 -122.741184,48.070958,0 -122.739271,48.069153,0 -122.740007,48.054116,0 -122.74229,48.049324,0 -122.766648,48.04428999999999,0 -122.770496,48.04789699999999,0 -122.770552134624,48.0528288276643,0 -122.770559,48.053432,0 -122.801399,48.087561,0 -122.798464,48.092451,0 -122.792902,48.09718,0 -122.781336717787,48.1043542243155,0 -122.778466,48.106135,0 -122.773177,48.106864,0 -122.754083938688,48.114859701354,0 -122.748911,48.117026,0 -122.760448,48.14324,0 -122.784076,48.142974,0 -122.792551430574,48.1414949383637,0 -122.821787370385,48.1363929253628,0 -122.833173,48.134406,0 -122.876282,48.110877,0 -122.882013,48.100779,0 -122.878255,48.076072,0 -122.857727,48.065774,0 -122.849273,48.053808,0 -122.846039981165,48.0527635113305,0 -122.827482,48.04676799999999,0 -122.831851,48.01941799999999,0 -122.839457,48.001768,0 -122.850854,47.995899,0 -122.875822,47.996043,0 -122.860956,48.021325,0 -122.877641,48.047025,0 -122.918602,48.05823800000001,0 -122.926851,48.064593,0 -122.927239425436,48.0653038461935,0 -122.927975,48.06665000000001,0 -122.926644,48.07410000000001,0 -122.920911,48.088199,0 -122.917942,48.091535,0 -122.929095,48.09624400000001,0 -122.946119,48.098552,0 -122.979413,48.09594,0 -123.004128,48.090516,0 -123.016651,48.08538,0 -123.038727,48.08113800000001,0 -123.039097290622,48.0818232540924,0 -123.039782296134,48.0830909146907,0 -123.050446,48.102825,0 -123.06621,48.120469,0 -123.085154,48.127137,0 -123.116479,48.150208,0 -123.124816,48.15347199999999,0 -123.131422,48.152736,0 -123.137643739579,48.1547895376591,0 -123.143229,48.156633,0 -123.139258,48.16648000000001,0 -123.132417,48.174704,0 -123.133445,48.17727599999999,0 -123.144783,48.175943,0 -123.1644,48.165894,0 -123.191521,48.143821,0 -123.194471566612,48.1419108158882,0 -123.21719,48.127203,0 -123.239129,48.118217,0 -123.248615,48.115745,0 -123.268917,48.116094,0 -123.280178,48.11730900000001,0 -123.288265,48.121036,0 -123.28963282055,48.1206559545456,0 -123.314578,48.113725,0 -123.332699,48.11297,0 -123.343952965856,48.1141239461872,0 -123.360923,48.11586399999999,0 -123.395048,48.114243,0 -123.405727019378,48.11562096124451,0 -123.415504673638,48.1168826153492,0 -123.424668,48.11806500000001,0 -123.430093799663,48.1200071753996,0 -123.437869045792,48.1227903396694,0 -123.441972,48.124259,0 -123.439127,48.14127800000001,0 -123.440128,48.142014,0 -123.455458,48.140047,0 -123.473379,48.134079,0 -123.507235,48.131807,0 -123.520284586961,48.13503544272709,0 -123.52232,48.13553899999999,0 -123.534879,48.14578,0 -123.551131,48.151382,0 -123.560591,48.150697,0 -123.565001885341,48.1474782808354,0 -123.574214,48.140756,0 -123.590839,48.134949,0 -123.628819,48.139279,0 -123.641108,48.146127,0 -123.636967,48.15031900000001,0 -123.651408,48.156952,0 -123.672445,48.162715,0 -123.702743,48.166783,0 -123.706432,48.165822,0 -123.706226,48.1634,0 -123.71835,48.158713,0 -123.725352,48.159191,0 -123.72829,48.160858,0 -123.728736,48.1628,0 -123.756395,48.16105699999999,0 -123.778122,48.15546599999999,0 -123.831571,48.157937,0 -123.858821,48.154273,0 -123.866677,48.15479599999999,0 -123.880068,48.160621,0 -123.915589,48.159352,0 -123.934921,48.16083999999999,0 -123.944220868246,48.16294118926629,0 -123.955347,48.165455,0 -123.981032,48.164761,0 -124.050734,48.177747,0 -124.072124,48.189903,0 -124.090717,48.196458,0 -124.107215,48.200082,0 -124.101773,48.216883,0 -124.110974,48.22055699999999,0 -124.14129,48.227413,0 -124.192692,48.246316,0 -124.217873,48.253294,0 -124.238582,48.262471,0 -124.250882,48.264773,0 -124.252267,48.261004,0 -124.255109,48.258972,0 -124.265824,48.254842,0 -124.272017,48.25440999999999,0 -124.295693,48.259282,0 -124.297643,48.260676,0 -124.296924,48.261796,0 -124.295589,48.262983,0 -124.299146,48.26823899999999,0 -124.342412,48.27769500000001,0 -124.361351,48.28758200000001,0 -124.380874,48.284699,0 -124.395593,48.288772,0 -124.414007,48.300887,0 -124.510582,48.343236,0 -124.525453,48.349022,0 -124.538821,48.349893,0 -124.546259,48.353594,0 -124.547542637316,48.3545837035747,0 -124.564841,48.367921,0 -124.572864,48.366228,0 -124.590733,48.373604,0 -124.599356,48.37051200000001,0 -124.61029,48.366723,0 -124.623817,48.3691,0 -124.631108,48.376522,0 -124.639389,48.385524,0 -124.653243,48.390691,0 -124.694511,48.389004,0 -124.716947,48.389776,0 -124.725839,48.386012,0 -124.731828,48.38115699999999,0 -124.730863,48.3762,0 -124.727022,48.371101,0 -124.713817,48.36630899999999,0 -124.696703,48.349748,0 -124.670072,48.341341,0 -124.65894,48.331057,0 -124.662068,48.31045,0 -124.665908,48.299324,0 -124.669265,48.296353,0 -124.676319,48.295143,0 -124.679361137169,48.2752583153385,0 -124.680877,48.26535,0 -124.684677,48.255228,0 -124.699663,48.24581200000001,0 -124.70592,48.23989399999999,0 -124.705031,48.238774,0 -124.690389,48.219745,0 -124.6909,48.212617,0 -124.696111,48.198599,0 -124.704153,48.184422,0 -124.731746,48.169997,0 
							</coordinates>
						</LinearRing>
					</outerBoundaryIs>
				</Polygon>
				<Polygon>
					<tessellate>1</tessellate>
					<outerBoundaryIs>
						<LinearRing>
							<coordinates>
								-131.241191,55.092547,0 -131.246545,55.072916,0 -131.240001,55.061614,0 -131.213232,55.044958,0 -131.190033,55.043173,0 -131.187653,55.047337,0 -131.190033,55.066968,0 -131.175756,55.081839,0 -131.174566,55.087788,0 -131.190628,55.108013,0 -131.207284,55.112178,0 -131.241191,55.092547,0 
							</coordinates>
						</LinearRing>
					</outerBoundaryIs>
				</Polygon>
				<Polygon>
					<tessellate>1</tessellate>
					<outerBoundaryIs>
						<LinearRing>
							<coordinates>
								-131.486616,54.950394,0 -131.491504,54.930392,0 -131.469097,54.913153,0 -131.353233,54.85900900000001,0 -131.266049,54.85936900000001,0 -131.253671,54.866779,0 -131.200161,54.910169,0 -131.195411,54.918249,0 -131.195197,54.91976699999999,0 -131.197924,54.921489,0 -131.217805,54.92742299999999,0 -131.233001,54.92681400000001,0 -131.242771,54.929639,0 -131.257421,54.97901,0 -131.246018,54.989555,0 -131.248909,54.99719000000001,0 -131.266084,54.998806,0 -131.409738,54.971152,0 -131.482676,54.952659,0 -131.486616,54.950394,0 
							</coordinates>
						</LinearRing>
					</outerBoundaryIs>
				</Polygon>
				<Polygon>
					<tessellate>1</tessellate>
					<outerBoundaryIs>
						<LinearRing>
							<coordinates>
								-131.621948,54.946531,0 -131.594567,54.93113000000001,0 -131.567377,54.938777,0 -131.551215,54.949589,0 -131.520411,54.95799599999999,0 -131.500066,54.980917,0 -131.504439,54.995099,0 -131.529158,55.002188,0 -131.58487,54.970659,0 -131.621948,54.946531,0 
							</coordinates>
						</LinearRing>
					</outerBoundaryIs>
				</Polygon>
				<Polygon>
					<tessellate>1</tessellate>
					<outerBoundaryIs>
						<LinearRing>
							<coordinates>
								-131.646276,55.035579,0 -131.641035,55.026585,0 -131.615632,55.006999,0 -131.605661,55.004403,0 -131.590063,55.007745,0 -131.579882,55.01757600000001,0 -131.53214,55.037945,0 -131.508449,55.029166,0 -131.50759,55.02542699999999,0 -131.498863,55.016138,0 -131.484995,55.010454,0 -131.388569,55.01222200000001,0 -131.378572,55.017308,0 -131.356314,55.041211,0 -131.350575,55.067042,0 -131.362319,55.155896,0 -131.352654,55.16482199999999,0 -131.341407,55.165659,0 -131.355642,55.182945,0 -131.39769,55.210916,0 -131.416951,55.21729800000001,0 -131.430501,55.218175,0 -131.445293,55.216977,0 -131.462701,55.22343800000001,0 -131.481522,55.244448,0 -131.482252,55.25411,0 -131.49264,55.257749,0 -131.516651,55.26164500000001,0 -131.550916,55.280915,0 -131.56265,55.284012,0 -131.56956,55.28411400000001,0 -131.58907,55.273951,0 -131.607383,55.24043700000001,0 -131.598454,55.17956599999999,0 -131.588368,55.169961,0 -131.565677,55.155354,0 -131.548093,55.143138,0 -131.558603,55.125508,0 -131.577773,55.131094,0 -131.594978,55.12550199999999,0 -131.605302,55.107436,0 -131.589387,55.08894,0 -131.620745,55.049259,0 -131.646276,55.035579,0 
							</coordinates>
						</LinearRing>
					</outerBoundaryIs>
				</Polygon>
				<Polygon>
					<tessellate>1</tessellate>
					<outerBoundaryIs>
						<LinearRing>
							<coordinates>
								-131.870568,55.364553,0 -131.862162,55.28928400000001,0 -131.850839,55.27436400000001,0 -131.828395,55.198482,0 -131.830718,55.19499099999999,0 -131.829585,55.191916,0 -131.798943,55.162351,0 -131.748334,55.128588,0 -131.718468,55.200099,0 -131.694487,55.223739,0 -131.688644,55.282113,0 -131.65813,55.29251200000001,0 -131.647236,55.30614000000001,0 -131.666738,55.327492,0 -131.685192,55.33350099999999,0 -131.71614,55.34957,0 -131.759896,55.38184499999999,0 -131.798555,55.39938600000001,0 -131.80679,55.405175,0 -131.809721,55.41255499999999,0 -131.811697,55.414048,0 -131.833218,55.422014,0 -131.85233,55.423782,0 -131.854297,55.42107399999999,0 -131.870568,55.364553,0 
							</coordinates>
						</LinearRing>
					</outerBoundaryIs>
				</Polygon>
				<Polygon>
					<tessellate>1</tessellate>
					<outerBoundaryIs>
						<LinearRing>
							<coordinates>
								-132.489883,56.503438,0 -132.487268,56.49714099999999,0 -132.464705,56.50214700000001,0 -132.458747,56.511439,0 -132.444011,56.519307,0 -132.440683,56.529008,0 -132.448289,56.543687,0 -132.475147,56.544604,0 -132.476335,56.530581,0 -132.489883,56.503438,0 
							</coordinates>
						</LinearRing>
					</outerBoundaryIs>
				</Polygon>
				<Polygon>
					<tessellate>1</tessellate>
					<outerBoundaryIs>
						<LinearRing>
							<coordinates>
								-132.562321,56.37939100000001,0 -132.559346,56.36511399999999,0 -132.520085,56.35381199999999,0 -132.494506,56.35500199999999,0 -132.407061,56.386529,0 -132.404682,56.405565,0 -132.418363,56.415083,0 -132.478445,56.438283,0 -132.502239,56.436498,0 -132.555182,56.403781,0 -132.562321,56.37939100000001,0 
							</coordinates>
						</LinearRing>
					</outerBoundaryIs>
				</Polygon>
				<Polygon>
					<tessellate>1</tessellate>
					<outerBoundaryIs>
						<LinearRing>
							<coordinates>
								-132.65274,56.482898,0 -132.650956,56.474569,0 -132.599797,56.44899000000001,0 -132.586115,56.44899000000001,0 -132.576598,56.45612899999999,0 -132.573028,56.488251,0 -132.562321,56.491821,0 -132.538526,56.513236,0 -132.521275,56.54119399999999,0 -132.518301,56.556066,0 -132.52068,56.562015,0 -132.530793,56.56261,0 -132.546854,56.551902,0 -132.562916,56.534651,0 -132.581357,56.51145099999999,0 -132.606936,56.512046,0 -132.615264,56.509072,0 -132.649171,56.486467,0 -132.65274,56.482898,0 
							</coordinates>
						</LinearRing>
					</outerBoundaryIs>
				</Polygon>
				<Polygon>
					<tessellate>1</tessellate>
					<outerBoundaryIs>
						<LinearRing>
							<coordinates>
								-133.025493,56.229572,0 -133.008261,56.207766,0 -133.004339,56.197189,0 -133.012658,56.186345,0 -133.010281,56.173976,0 -133.002675,56.155713,0 -132.971777,56.152403,0 -132.941354,56.125321,0 -132.912595,56.108095,0 -132.896433,56.099744,0 -132.884192,56.1128,0 -132.85674,56.106372,0 -132.849253,56.11260100000001,0 -132.878488,56.142738,0 -132.884073,56.171594,0 -132.915447,56.20928599999999,0 -132.930896,56.228383,0 -132.962864,56.25440199999999,0 -132.960487,56.271298,0 -132.978551,56.27849,0 -132.998991,56.275125,0 -133.005646,56.255458,0 -133.025493,56.229572,0 
							</coordinates>
						</LinearRing>
					</outerBoundaryIs>
				</Polygon>
				<Polygon>
					<tessellate>1</tessellate>
					<outerBoundaryIs>
						<LinearRing>
							<coordinates>
								-133.069441,56.356426,0 -133.070863,56.354194,0 -133.067556,56.333573,0 -133.045383,56.320783,0 -133.010587,56.309492,0 -132.961082,56.296167,0 -132.94076,56.273542,0 -132.877582,56.240322,0 -132.843716,56.238933,0 -132.776045,56.254585,0 -132.721254,56.258464,0 -132.662081,56.274795,0 -132.655513,56.295575,0 -132.655467,56.303756,0 -132.662478,56.32045099999999,0 -132.676553,56.333105,0 -132.684112,56.345671,0 -132.679401,56.354299,0 -132.662178,56.36913400000001,0 -132.65238,56.375879,0 -132.620608,56.3912,0 -132.628592,56.416284,0 -132.634335,56.422174,0 -132.668127,56.440279,0 -132.716056,56.454861,0 -132.734466,56.458515,0 -132.782864,56.45153,0 -132.791872,56.449169,0 -132.808145,56.440801,0 -132.819256,56.439511,0 -132.843184,56.44482699999999,0 -132.871919,56.457038,0 -132.896342,56.457978,0 -132.927663,56.456859,0 -132.957364,56.448963,0 -132.977163,56.439673,0 -133.002357,56.430655,0 -133.010817,56.424264,0 -133.010871,56.421404,0 -133.006314,56.417778,0 -133.006575,56.41588099999999,0 -133.045714,56.371451,0 -133.060361,56.358378,0 -133.069441,56.356426,0 
							</coordinates>
						</LinearRing>
					</outerBoundaryIs>
				</Polygon>
				<Polygon>
					<tessellate>1</tessellate>
					<outerBoundaryIs>
						<LinearRing>
							<coordinates>
								-133.318654,55.426457,0 -133.325197,55.413964,0 -133.306756,55.400877,0 -133.286531,55.402067,0 -133.250839,55.4098,0 -133.232993,55.430026,0 -133.231803,55.438949,0 -133.243106,55.449656,0 -133.293074,55.44489699999999,0 -133.318654,55.426457,0 
							</coordinates>
						</LinearRing>
					</outerBoundaryIs>
				</Polygon>
				<Polygon>
					<tessellate>1</tessellate>
					<outerBoundaryIs>
						<LinearRing>
							<coordinates>
								-133.562096,54.86926700000001,0 -133.556945,54.843851,0 -133.549695,54.818045,0 -133.548507,54.783725,0 -133.508696,54.746565,0 -133.496235,54.758562,0 -133.501609,54.77568600000001,0 -133.51333,54.802978,0 -133.51448,54.839846,0 -133.531104,54.86868699999999,0 -133.562096,54.86926700000001,0 
							</coordinates>
						</LinearRing>
					</outerBoundaryIs>
				</Polygon>
				<Polygon>
					<tessellate>1</tessellate>
					<outerBoundaryIs>
						<LinearRing>
							<coordinates>
								-133.655819,55.62561699999999,0 -133.655582,55.610987,0 -133.622782,55.582517,0 -133.594736,55.603603,0 -133.571681,55.625751,0 -133.545774,55.644533,0 -133.552191,55.65204399999999,0 -133.54815,55.671886,0 -133.601391,55.692522,0 -133.61993,55.697746,0 -133.619217,55.673763,0 -133.624921,55.645472,0 -133.655819,55.62561699999999,0 
							</coordinates>
						</LinearRing>
					</outerBoundaryIs>
				</Polygon>
				<Polygon>
					<tessellate>1</tessellate>
					<outerBoundaryIs>
						<LinearRing>
							<coordinates>
								-133.727361,55.604006,0 -133.728549,55.593128,0 -133.715952,55.581308,0 -133.69266,55.582786,0 -133.697651,55.59393399999999,0 -133.714504,55.61437,0 -133.727361,55.604006,0 
							</coordinates>
						</LinearRing>
					</outerBoundaryIs>
				</Polygon>
				<Polygon>
					<tessellate>1</tessellate>
					<outerBoundaryIs>
						<LinearRing>
							<coordinates>
								-133.789055,55.457892,0 -133.764347,55.468593,0 -133.749371,55.471818,0 -133.739077,55.472323,0 -133.636291,55.428423,0 -133.622422,55.396474,0 -133.633006,55.361299,0 -133.647725,55.34548,0 -133.672243,55.326765,0 -133.689159,55.32028500000001,0 -133.690944,55.30870299999999,0 -133.690174,55.30440899999999,0 -133.634509,55.25004299999999,0 -133.623457,55.24257099999999,0 -133.61278,55.239737,0 -133.609073,55.241486,0 -133.603491,55.271739,0 -133.595805,55.293766,0 -133.576808,55.324795,0 -133.497028,55.36815900000001,0 -133.446281,55.382175,0 -133.427366,55.38183200000001,0 -133.419384,55.386105,0 -133.411582,55.406683,0 -133.412524,55.41756,0 -133.416649,55.422146,0 -133.425823,55.42551100000001,0 -133.4653,55.42337,0 -133.474054,55.437155,0 -133.426516,55.466702,0 -133.396511,55.473169,0 -133.391243,55.471979,0 -133.373595,55.460656,0 -133.358993,55.453832,0 -133.305747,55.484115,0 -133.289854,55.50187,0 -133.281917,55.524486,0 -133.285317,55.535315,0 -133.292346,55.53973599999999,0 -133.307406,55.542249,0 -133.344847,55.569327,0 -133.413499,55.570384,0 -133.436102,55.560872,0 -133.44266,55.553012,0 -133.454576,55.532423,0 -133.44367,55.51863900000001,0 -133.480965,55.51273800000001,0 -133.525646,55.52909700000001,0 -133.52912,55.5277,0 -133.542322,55.50708399999999,0 -133.544088,55.491784,0 -133.573698,55.472083,0 -133.618367,55.45704499999999,0 -133.638673,55.458902,0 -133.644565,55.46468000000001,0 -133.644202,55.470815,0 -133.632978,55.491664,0 -133.624912,55.494674,0 -133.611671,55.495585,0 -133.595632,55.50148300000001,0 -133.590163,55.507236,0 -133.582005,55.53736300000001,0 -133.584326,55.539707,0 -133.615623,55.550776,0 -133.733029,55.558757,0 -133.75287,55.544282,0 -133.75913,55.53737099999999,0 -133.789055,55.457892,0 
							</coordinates>
						</LinearRing>
					</outerBoundaryIs>
				</Polygon>
				<Polygon>
					<tessellate>1</tessellate>
					<outerBoundaryIs>
						<LinearRing>
							<coordinates>
								-133.816363,55.96402499999999,0 -133.816958,55.95212699999999,0 -133.799931,55.925349,0 -133.718805,55.893236,0 -133.704663,55.878023,0 -133.692303,55.855084,0 -133.682558,55.850414,0 -133.67115,55.863221,0 -133.672416,55.880985,0 -133.700147,55.899483,0 -133.674715,55.913205,0 -133.638122,55.920982,0 -133.541041,55.977322,0 -133.495052,56.017089,0 -133.476888,56.004071,0 -133.501872,55.949343,0 -133.49598,55.913139,0 -133.522838,55.887421,0 -133.521411,55.878223,0 -133.490988,55.873556,0 -133.447018,55.89048699999999,0 -133.384089,55.87677,0 -133.352963,55.837318,0 -133.323664,55.818632,0 -133.342058,55.805764,0 -133.347915,55.803943,0 -133.422064,55.788821,0 -133.46618,55.805981,0 -133.556005,55.835129,0 -133.62263,55.83096499999999,0 -133.655942,55.823232,0 -133.701152,55.78516,0 -133.700557,55.778617,0 -133.643324,55.729037,0 -133.62512,55.719927,0 -133.583297,55.705338,0 -133.554504,55.698354,0 -133.527387,55.695108,0 -133.492438,55.706525,0 -133.489253,55.71308100000001,0 -133.490882,55.726576,0 -133.494087,55.733158,0 -133.496509,55.73325799999999,0 -133.509704,55.74418299999999,0 -133.512632,55.755898,0 -133.49143,55.764082,0 -133.438619,55.748366,0 -133.416549,55.739647,0 -133.42729,55.710268,0 -133.404235,55.694464,0 -133.394486,55.666881,0 -133.429667,55.67141699999999,0 -133.452484,55.6682,0 -133.438933,55.645167,0 -133.43818,55.643862,0 -133.3869,55.61934600000001,0 -133.294158,55.58868,0 -133.275972,55.58018799999999,0 -133.263042,55.56879300000001,0 -133.17676,55.586722,0 -133.165013202274,55.5732655935525,0 -133.156566,55.563589,0 -133.189611,55.55853,0 -133.189996310257,55.54954558970719,0 -133.190799,55.530829,0 -133.156335,55.515894,0 -133.150775006753,55.51535603358829,0 -133.132409,55.513579,0 -133.133293,55.502508,0 -133.16513,55.502435,0 -133.183431,55.492203,0 -133.173211,55.47927499999999,0 -133.138129,55.458373,0 -133.110731185082,55.4328859447389,0 -133.104304,55.426907,0 -133.077901,55.410386,0 -133.157761,55.37191200000001,0 -133.18328,55.379392,0 -133.208794,55.384237,0 -133.226844,55.38185,0 -133.257734,55.367026,0 -133.269068,55.35934100000001,0 -133.278443,55.349184,0 -133.280701,55.341536,0 -133.279271,55.333264,0 -133.254639,55.318806,0 -133.233572,55.308822,0 -133.235129,55.30416200000001,0 -133.244343,55.291865,0 -133.268999,55.28697100000001,0 -133.292402,55.291377,0 -133.311114,55.317301,0 -133.310529,55.32025699999999,0 -133.313491,55.331557,0 -133.33236,55.345357,0 -133.352083,55.347381,0 -133.395371,55.341753,0 -133.43635,55.330158,0 -133.452818,55.31997999999999,0 -133.459753,55.30678,0 -133.472866,55.26787300000001,0 -133.473593,55.255547,0 -133.471938,55.24752700000001,0 -133.453777,55.218497,0 -133.441074,55.211654,0 -133.422869,55.210659,0 -133.415257,55.212159,0 -133.404497,55.214992,0 -133.376615,55.228288,0 -133.361562,55.22556,0 -133.353719,55.22121499999999,0 -133.341259,55.205701,0 -133.323021,55.20703,0 -133.281979,55.21711700000001,0 -133.254478,55.23114899999999,0 -133.223791,55.22931700000001,0 -133.236908,55.183326,0 -133.215086,55.13687600000001,0 -133.231918,55.12778300000001,0 -133.152503,55.11131899999999,0 -133.128705,55.101429,0 -133.134987,55.099473,0 -133.144954,55.099155,0 -133.218101,55.10104200000001,0 -133.223923,55.099986,0 -133.239695,55.092415,0 -133.21042,55.040269,0 -133.197719,55.033404,0 -133.17236,55.032745,0 -133.168931,55.03088900000001,0 -133.157326,55.000365,0 -133.164788,54.976909,0 -133.159756,54.95876000000001,0 -133.123941,54.94006499999999,0 -133.099047,54.919007,0 -133.032752,54.855055,0 -132.95025,54.788333,0 -132.940485,54.78383100000001,0 -132.918751,54.783253,0 -132.909517,54.780516,0 -132.891553,54.768191,0 -132.87721,54.753772,0 -132.865598,54.728908,0 -132.864084,54.71691700000001,0 -132.869604,54.702416,0 -132.866355,54.700386,0 -132.775733,54.67484399999999,0 -132.69397,54.66906399999999,0 -132.675868,54.672812,0 -132.674324,54.67465199999999,0 -132.676226,54.680865,0 -132.722011,54.763259,0 -132.747451,54.800743,0 -132.759364,54.80827699999999,0 -132.759779,54.816998,0 -132.754875,54.82123600000001,0 -132.729369,54.826981,0 -132.723538,54.825128,0 -132.709267,54.817521,0 -132.701153,54.811012,0 -132.701203,54.798446,0 -132.681165,54.77369700000001,0 -132.66725,54.763369,0 -132.639032,54.753251,0 -132.619024,54.76656499999999,0 -132.614851,54.77717,0 -132.625563,54.807503,0 -132.628612,54.88331600000001,0 -132.650001,54.904387,0 -132.730931,54.939483,0 -132.800784,54.93378300000001,0 -132.817385,54.92364,0 -132.814282,54.90935600000001,0 -132.807952,54.90437800000001,0 -132.803742,54.897206,0 -132.803014,54.87372499999999,0 -132.804525,54.870938,0 -132.82834,54.868747,0 -132.889474,54.896619,0 -132.91465,54.91400899999999,0 -132.909706,54.92359399999999,0 -132.959508,55.021045,0 -133.014178,55.035502,0 -133.01974,55.04836600000001,0 -133.011351,55.05684900000001,0 -132.990395,55.06672999999999,0 -132.99086,55.07911200000001,0 -133.012275,55.128056,0 -133.073381,55.184492,0 -133.119294,55.251405,0 -133.104708,55.2638,0 -133.043938,55.24856900000001,0 -133.040748,55.232969,0 -133.008156,55.2057,0 -132.982166,55.215882,0 -132.939845,55.211481,0 -132.935449,55.209898,0 -132.894283,55.169373,0 -132.873408,55.134241,0 -132.869827,55.124104,0 -132.881083,55.110375,0 -132.909355,55.081277,0 -132.931172,55.074154,0 -132.932293,55.070199,0 -132.926772,55.055023,0 -132.916414,55.044465,0 -132.864117,55.024833,0 -132.813743,55.010987,0 -132.748854,54.996007,0 -132.692917,55.02506,0 -132.689667,55.027901,0 -132.684005,55.045604,0 -132.712195,55.098736,0 -132.735645,55.134218,0 -132.695227,55.137711,0 -132.663719,55.143932,0 -132.635758,55.152514,0 -132.629643,55.174232,0 -132.630049,55.177618,0 -132.637926,55.186077,0 -132.620123,55.199617,0 -132.605219,55.194064,0 -132.581133,55.166076,0 -132.587868,55.15597100000001,0 -132.591084,55.155695,0 -132.598675,55.150482,0 -132.606895,55.14172200000001,0 -132.624518,55.114419,0 -132.637866,55.073602,0 -132.633305,55.05495400000001,0 -132.630865,55.052946,0 -132.626687,55.053314,0 -132.624296,55.056163,0 -132.624575,55.061352,0 -132.619912,55.069094,0 -132.594568,55.105378,0 -132.561819,55.114897,0 -132.550502,55.11424699999999,0 -132.548994,55.113556,0 -132.541802,55.097764,0 -132.575001,54.998317,0 -132.57783,54.994234,0 -132.598557,54.990301,0 -132.6099,54.99151700000001,0 -132.614836,54.980095,0 -132.612531,54.96992399999999,0 -132.609786,54.965728,0 -132.581367,54.94600500000001,0 -132.55839,54.932612,0 -132.484579,54.89930099999999,0 -132.416438,54.887485,0 -132.344897,54.851924,0 -132.332661,54.826322,0 -132.341009,54.826718,0 -132.350629,54.821314,0 -132.351004,54.818182,0 -132.447812,54.826603,0 -132.509371,54.781258,0 -132.491007,54.77558,0 -132.429035,54.785918,0 -132.371042,54.782903,0 -132.366389,54.751197,0 -132.322555,54.743958,0 -132.307943,54.718714,0 -132.281803,54.71529,0 -132.280103,54.715988,0 -132.280701,54.726184,0 -132.279597,54.72823,0 -132.2631,54.734312,0 -132.256092,54.734617,0 -132.199566,54.71544400000001,0 -132.179635,54.705898,0 -132.165182,54.69405,0 -132.142277,54.691674,0 -132.029747,54.70118899999999,0 -132.018657,54.710109,0 -131.999591,54.731975,0 -131.957914,54.791239,0 -131.957382,54.804279,0 -131.965904,54.835539,0 -131.976847,54.84889399999999,0 -131.98289,54.853068,0 -131.984592,55.027978,0 -132.000449,55.03571199999999,0 -132.028288,55.038672,0 -132.039217,55.03676500000001,0 -132.072544,55.016956,0 -132.135544,54.98597600000001,0 -132.143263,54.98463300000001,0 -132.192581,54.989655,0 -132.197614,55.005158,0 -132.196215,55.008047,0 -132.180334,55.01555700000001,0 -132.168076,55.015574,0 -132.154061,55.01819700000001,0 -132.094024,55.039452,0 -132.039002,55.086962,0 -132.016932,55.120971,0 -132.038978,55.12501100000001,0 -132.040874,55.12732599999999,0 -132.039009,55.14406999999999,0 -132.031417,55.151671,0 -131.988815,55.165464,0 -131.977397,55.180949,0 -131.979818,55.21178699999999,0 -131.995908,55.25905399999999,0 -132.0035,55.26525399999999,0 -132.028163,55.27695,0 -132.037122,55.275144,0 -132.061625,55.260052,0 -132.075924,55.246276,0 -132.078869,55.240335,0 -132.072751,55.23371800000001,0 -132.075095,55.22239,0 -132.088127,55.206516,0 -132.104376,55.200899,0 -132.12737,55.19957,0 -132.207431,55.218273,0 -132.214353,55.22256200000001,0 -132.229963,55.23808,0 -132.214912,55.24569999999999,0 -132.164031,55.237617,0 -132.142742,55.238212,0 -132.109531,55.26024,0 -132.102716,55.268175,0 -132.098531,55.28056,0 -132.115561,55.281237,0 -132.126398,55.28841799999999,0 -132.149864,55.328637,0 -132.166857,55.363039,0 -132.22596,55.374919,0 -132.258056,55.416142,0 -132.273503,55.419189,0 -132.390782,55.401739,0 -132.41934,55.432054,0 -132.303329,55.438268,0 -132.284442,55.442173,0 -132.281269,55.44418900000001,0 -132.288585,55.451365,0 -132.31857,55.469208,0 -132.364297,55.483373,0 -132.388686,55.480994,0 -132.408317,55.512522,0 -132.491598,55.503599,0 -132.519556,55.520255,0 -132.568335,55.479804,0 -132.604027,55.47682999999999,0 -132.608786,55.486348,0 -132.525505,55.549998,0 -132.544541,55.566655,0 -132.514798,55.576767,0 -132.325728,55.515395,0 -132.315773,55.514547,0 -132.247327,55.492951,0 -132.231936,55.48396,0 -132.230752,55.479944,0 -132.219413,55.472211,0 -132.17861,55.452829,0 -132.164757,55.451213,0 -132.142945,55.45794100000001,0 -132.142649,55.460967,0 -132.146062,55.470346,0 -132.188771,55.508443,0 -132.198289,55.51304499999999,0 -132.240921,55.526533,0 -132.301119,55.55096,0 -132.32928,55.578936,0 -132.332401,55.595071,0 -132.358558,55.64875900000001,0 -132.382505,55.66533600000001,0 -132.394266,55.669114,0 -132.415237,55.667263,0 -132.448855,55.667337,0 -132.462531,55.67385399999999,0 -132.461281,55.68339999999999,0 -132.470697,55.782162,0 -132.5048,55.81516599999999,0 -132.543398,55.845927,0 -132.592085,55.877152,0 -132.614757,55.899635,0 -132.615103,55.908082,0 -132.618464,55.911476,0 -132.635291,55.92176600000001,0 -132.837592,56.024327,0 -132.845569,56.03616000000001,0 -132.882885,56.032774,0 -132.897675,56.02016600000001,0 -132.927305,56.03445900000001,0 -132.923409,56.043131,0 -132.932085,56.060717,0 -132.961913,56.061248,0 -132.977244,56.072725,0 -132.989603,56.089569,0 -132.989841,56.10971899999999,0 -133.007667,56.120121,0 -133.03298,56.11972399999999,0 -133.05552,56.125258,0 -133.061465,56.135305,0 -133.062175,56.14116300000001,0 -133.059994,56.150761,0 -133.052004,56.155585,0 -133.040979,56.184536,0 -133.071435,56.238484,0 -133.07823,56.246802,0 -133.094977,56.250583,0 -133.163212,56.317445,0 -133.197009,56.333016,0 -133.235354,56.324275,0 -133.284826,56.327118,0 -133.328577,56.33279699999999,0 -133.41837,56.332132,0 -133.582116,56.352506,0 -133.593728,56.352192,0 -133.624918,56.34390599999999,0 -133.625121,56.339847,0 -133.624658,56.33707,0 -133.643182,56.32445899999999,0 -133.649916,56.326792,0 -133.656415,56.326909,0 -133.664218,56.31050399999999,0 -133.656889,56.28122800000001,0 -133.646906,56.26222400000001,0 -133.633121,56.252719,0 -133.62813,56.236606,0 -133.646193,56.224188,0 -133.6721,56.22273400000001,0 -133.679468,56.211765,0 -133.649045,56.197883,0 -133.60864,56.190742,0 -133.58606,56.178309,0 -133.554449,56.167194,0 -133.550408,56.15832700000001,0 -133.558014,56.142837,0 -133.581544,56.12919599999999,0 -133.61886,56.14376399999999,0 -133.635735,56.147736,0 -133.643817,56.127739,0 -133.633121,56.107863,0 -133.58202,56.097789,0 -133.55231,56.096331,0 -133.558965,56.084662,0 -133.59224,56.07949000000001,0 -133.620999,56.08413199999999,0 -133.659241,56.083818,0 -133.684209,56.07550700000001,0 -133.693765,56.07056200000001,0 -133.748803,56.009536,0 -133.777846,55.982876,0 -133.798092,55.97509599999999,0 -133.816363,55.96402499999999,0 
							</coordinates>
						</LinearRing>
					</outerBoundaryIs>
				</Polygon>
				<Polygon>
					<tessellate>1</tessellate>
					<outerBoundaryIs>
						<LinearRing>
							<coordinates>
								-133.882693,57.300651,0 -133.875673,57.267613,0 -133.840895,57.271074,0 -133.814613,57.280651,0 -133.778034,57.294357,0 -133.786398,57.311528,0 -133.828428,57.322007,0 -133.853455,57.317258,0 -133.882693,57.300651,0 
							</coordinates>
						</LinearRing>
					</outerBoundaryIs>
				</Polygon>
				<Polygon>
					<tessellate>1</tessellate>
					<outerBoundaryIs>
						<LinearRing>
							<coordinates>
								-133.943499,55.912446,0 -133.945619,55.896216,0 -133.929325,55.869538,0 -133.92025,55.860295,0 -133.903184,55.848101,0 -133.894706,55.845641,0 -133.866988,55.845886,0 -133.861039,55.848844,0 -133.847565,55.869599,0 -133.840298,55.88676999999999,0 -133.840833,55.892726,0 -133.846128,55.90462200000001,0 -133.846763,55.91167,0 -133.854291,55.931581,0 -133.864099,55.936286,0 -133.876494,55.93768300000001,0 -133.891851,55.93668,0 -133.935016,55.920689,0 -133.940298,55.91750600000001,0 -133.943499,55.912446,0 
							</coordinates>
						</LinearRing>
					</outerBoundaryIs>
				</Polygon>
				<Polygon>
					<tessellate>1</tessellate>
					<outerBoundaryIs>
						<LinearRing>
							<coordinates>
								-134.366957,55.910541,0 -134.348153,55.89281700000001,0 -134.33083,55.879756,0 -134.317044,55.868555,0 -134.345432,55.85668700000001,0 -134.344418,55.84319799999999,0 -134.327238,55.83644,0 -134.314192,55.826791,0 -134.282453,55.828667,0 -134.273156,55.833058,0 -134.240537,55.853922,0 -134.231157,55.86474700000001,0 -134.208251,55.876709,0 -134.168363,55.892319,0 -134.145803,55.896713,0 -134.136647,55.895393,0 -134.130544,55.89751200000001,0 -134.125521,55.902095,0 -134.118062,55.914642,0 -134.122839,55.918654,0 -134.11668,55.944763,0 -134.099805,55.98414,0 -134.122689,55.985516,0 -134.139498,55.95168300000001,0 -134.137358,55.934646,0 -134.152216,55.920916,0 -134.173104,55.918519,0 -134.230613,55.90562899999999,0 -134.262378,55.89255299999999,0 -134.265872,55.917371,0 -134.266656,55.929586,0 -134.315782,55.923003,0 -134.336063,55.926614,0 -134.366957,55.910541,0 
							</coordinates>
						</LinearRing>
					</outerBoundaryIs>
				</Polygon>
				<Polygon>
					<tessellate>1</tessellate>
					<outerBoundaryIs>
						<LinearRing>
							<coordinates>
								-134.415206,56.847948,0 -134.418534,56.82233300000001,0 -134.396667,56.769749,0 -134.401658,56.733001,0 -134.376274,56.668608,0 -134.321798,56.644501,0 -134.30112,56.62031699999999,0 -134.320134,56.554484,0 -134.298981,56.552781,0 -134.241938,56.555531,0 -134.197967,56.531028,0 -134.224112,56.475017,0 -134.25192,56.44454999999999,0 -134.243126,56.39577800000001,0 -134.292801,56.354056,0 -134.299456,56.289605,0 -134.262616,56.215135,0 -134.259288,56.121446,0 -134.234094,56.067086,0 -134.189701,56.022682,0 -134.137121,56.00640499999999,0 -134.111927,56.045188,0 -134.107886,56.080617,0 -134.087446,56.09493899999999,0 -134.018043,56.088176,0 -133.99689,56.08220899999999,0 -133.960525,56.091359,0 -133.927725,56.145949,0 -133.941986,56.18009499999999,0 -133.903006,56.200858,0 -133.88114,56.223197,0 -133.876624,56.275884,0 -133.834555,56.319801,0 -133.847622,56.35131799999999,0 -133.871633,56.363799,0 -133.863972,56.390672,0 -133.780601,56.39248899999999,0 -133.776561,56.47016,0 -133.821007,56.495227,0 -133.764914,56.524867,0 -133.714526,56.55002899999999,0 -133.675836,56.522714,0 -133.671653,56.48765600000001,0 -133.663094,56.448073,0 -133.655468,56.442279,0 -133.638349,56.438881,0 -133.603669,56.43541299999999,0 -133.532969,56.43475099999999,0 -133.512684,56.437015,0 -133.460634,56.45412,0 -133.428585,56.47924700000001,0 -133.417795,56.49414700000001,0 -133.413827976167,56.4946945177286,0 -133.401797,56.496355,0 -133.376245,56.49559199999999,0 -133.371889,56.493689,0 -133.361615,56.486073,0 -133.3563,56.47179400000001,0 -133.348504,56.469568,0 -133.203584,56.44765699999999,0 -133.160996,56.460257,0 -133.14873,56.46735700000001,0 -133.122245,56.49201999999999,0 -133.124726,56.511439,0 -133.139228,56.515994,0 -133.142482,56.519697,0 -133.142099,56.528591,0 -133.138307,56.532923,0 -133.112907,56.529295,0 -133.089215,56.523916,0 -133.041726,56.518356,0 -132.986907,56.51078400000001,0 -132.984751,56.51263999999999,0 -132.874282,56.509108,0 -132.818043,56.494934,0 -132.796627,56.49647099999999,0 -132.724189,56.515371,0 -132.701275,56.52958000000001,0 -132.65091,56.552127,0 -132.628511,56.553553,0 -132.627435,56.552428,0 -132.61083,56.556252,0 -132.541282,56.584573,0 -132.539698,56.593199,0 -132.546463,56.606563,0 -132.553213,56.608492,0 -132.56078,56.60780399999999,0 -132.57454,56.61262000000001,0 -132.595179,56.613308,0 -132.605498,56.62362699999999,0 -132.616506,56.63945,0 -132.62545,56.642202,0 -132.628201,56.645642,0 -132.62545,56.65321,0 -132.619258,56.660778,0 -132.622788,56.66870999999999,0 -132.628129,56.66883,0 -132.665874,56.680241,0 -132.743207,56.71372000000001,0 -132.741709,56.724278,0 -132.762964,56.753227,0 -132.820556,56.793787,0 -132.85315,56.79781,0 -132.872512,56.79814399999999,0 -132.903211,56.80361,0 -132.935258,56.822941,0 -132.935933,56.839963,0 -132.947081,56.87096300000001,0 -132.98137,56.92737999999999,0 -132.99743,56.942201,0 -133.104611,57.00570099999999,0 -133.308317,57.014762,0 -133.324998,57.0117219348307,0 -133.325058,57.011711,0 -133.334272,57.002442,0 -133.344217,57.001834,0 -133.346321,57.00411799999999,0 -133.362502,57.007424,0 -133.446204,57.02012400000001,0 -133.536258,57.0387,0 -133.613908,57.057978,0 -133.702925,57.065206,0 -133.773464,57.07867600000001,0 -133.887957,57.097744,0 -134.008856,57.074578,0 -134.033979,57.063281,0 -134.049218,57.02920300000001,0 -133.96706,56.988044,0 -133.921451,56.96151100000001,0 -133.903634,56.927269,0 -133.916358,56.914447,0 -133.887426,56.868391,0 -133.86904,56.845938,0 -133.795364,56.824586,0 -133.787484,56.821366,0 -133.772302,56.80949499999999,0 -133.765324,56.807489,0 -133.800804,56.785246,0 -133.833366,56.803209,0 -133.887082,56.808674,0 -133.942936,56.80555100000001,0 -134.006635,56.85158699999999,0 -134.047753,56.923,0 -134.147103,56.95697,0 -134.153283,56.934802,0 -134.193751,56.933598,0 -134.247642,56.935062,0 -134.270459,56.93558,0 -134.296366,56.90730099999999,0 -134.353647,56.893153,0 -134.415206,56.847948,0 
							</coordinates>
						</LinearRing>
					</outerBoundaryIs>
				</Polygon>
				<Polygon>
					<tessellate>1</tessellate>
					<outerBoundaryIs>
						<LinearRing>
							<coordinates>
								-134.960502,58.403758,0 -134.969189,58.367542,0 -134.948327,58.28131599999999,0 -134.914857,58.21493199999999,0 -134.899665,58.19431999999999,0 -134.885857,58.184031,0 -134.877918,58.18153499999999,0 -134.864299,58.18048900000001,0 -134.857221,58.176288,0 -134.820663,58.141465,0 -134.784927,58.096793,0 -134.783772,58.082292,0 -134.796804,58.058855,0 -134.777022,58.004679,0 -134.76529,57.993762,0 -134.758833,57.98021199999999,0 -134.746108,57.898529,0 -134.737475,57.89079,0 -134.727077,57.87709799999999,0 -134.705869,57.828929,0 -134.709024,57.780498,0 -134.728792,57.75664,0 -134.731798,57.721921,0 -134.720351,57.707052,0 -134.704859,57.701457,0 -134.700518,57.695966,0 -134.695428,57.685335,0 -134.674438,57.614409,0 -134.665337,57.605701,0 -134.611177,57.56313699999999,0 -134.595981,57.534107,0 -134.598452,57.522395,0 -134.607557,57.513042,0 -134.544853,57.457872,0 -134.464032,57.392184,0 -134.47724,57.37440099999999,0 -134.486023,57.37249199999999,0 -134.527873,57.389874,0 -134.527759,57.39394,0 -134.525997,57.39784499999999,0 -134.527594,57.405331,0 -134.55554,57.40742800000001,0 -134.578511,57.40029100000001,0 -134.575492,57.34369400000001,0 -134.574114,57.34117199999999,0 -134.559794,57.336138,0 -134.543385,57.337414,0 -134.517279,57.314567,0 -134.570954,57.294624,0 -134.605032,57.27300000000001,0 -134.640169,57.239852,0 -134.646773,57.226327,0 -134.634565,57.109863,0 -134.601407,57.03381199999999,0 -134.565687,57.023737,0 -134.497718,57.03119399999999,0 -134.484288,57.036481,0 -134.481167,57.046006,0 -134.386052,57.087392,0 -134.370797,57.099924,0 -134.378359,57.115016,0 -134.349602,57.124638,0 -134.302721,57.136562,0 -134.29276,57.13704899999999,0 -134.193629,57.184879,0 -134.15539,57.208003,0 -134.110315,57.249948,0 -134.080495,57.297678,0 -134.084374,57.30396300000001,0 -134.100587,57.321738,0 -134.094891,57.326401,0 -134.055618,57.330194,0 -134.034563,57.327638,0 -134.008394,57.317522,0 -133.983501,57.302838,0 -133.968495,57.30393699999999,0 -133.962897,57.305425,0 -133.870657,57.358287,0 -133.867279,57.36206,0 -133.866931,57.367869,0 -133.870327,57.381298,0 -133.925527,57.45665,0 -133.927539,57.46957,0 -133.857368,57.463964,0 -133.886269,57.504999,0 -133.901074,57.517219,0 -133.920557,57.530088,0 -133.933216,57.54445,0 -133.943417,57.56155500000001,0 -133.945156,57.569841,0 -133.934361,57.60176500000001,0 -133.935976,57.614414,0 -133.958454,57.629537,0 -133.993974,57.649095,0 -134.013367,57.655898,0 -134.020169,57.656734,0 -134.116097,57.727582,0 -134.1277,57.739216,0 -134.146342,57.76025800000001,0 -134.100899,57.776779,0 -134.099782,57.780261,0 -134.105408,57.795974,0 -134.112948,57.809263,0 -134.16312,57.84866900000001,0 -134.206874,57.895901,0 -134.202353,57.90633,0 -134.176606,57.909725,0 -134.151127,57.903209,0 -134.132146,57.896189,0 -134.126105,57.89026,0 -134.121904,57.88252,0 -134.11921,57.872917,0 -134.121337,57.871236,0 -134.098628,57.85054999999999,0 -134.061833,57.829808,0 -134.03082,57.818646,0 -134.013144,57.78939299999999,0 -134.010728,57.75939199999999,0 -133.994964,57.719821,0 -133.970087,57.695342,0 -133.962582,57.68988699999999,0 -133.911329,57.663562,0 -133.863112,57.623701,0 -133.85801,57.61694000000001,0 -133.859635,57.60532499999999,0 -133.840838,57.576865,0 -133.8176,57.568353,0 -133.81164,57.572365,0 -133.807133,57.57877,0 -133.806003,57.583457,0 -133.808285,57.609604,0 -133.817662,57.62976400000001,0 -133.821673,57.63388699999999,0 -133.832895,57.63573299999999,0 -133.837424,57.63848600000001,0 -133.868134,57.660137,0 -133.896846,57.685524,0 -133.90989,57.78062800000001,0 -133.908085,57.79167,0 -133.903854,57.794818,0 -133.902695,57.797797,0 -133.904874,57.807406,0 -133.934735,57.837626,0 -133.963791,57.854628,0 -133.995977,57.895632,0 -133.99634,57.904167,0 -133.999948,57.91481,0 -134.016873,57.930006,0 -134.068949,57.961083,0 -134.089575,57.974357,0 -134.101125,57.98407,0 -134.101549,57.988716,0 -134.087572,57.996475,0 -134.087461,58.001685,0 -134.091885,58.010777,0 -134.098652,58.018748,0 -134.138231,58.047103,0 -134.169743,58.066845,0 -134.183983,58.077295,0 -134.18937,58.08344400000001,0 -134.192724,58.107685,0 -134.174352,58.125284,0 -134.167257,58.128577,0 -134.166332,58.132558,0 -134.177467,58.15964,0 -134.180730983599,58.1598508529676,0 -134.215981,58.162128,0 -134.259705,58.157712,0 -134.306483,58.15248999999999,0 -134.317037,58.14544,0 -134.32736,58.14388,0 -134.371445,58.14896600000001,0 -134.401512,58.163427,0 -134.413953,58.167546,0 -134.446657,58.17358300000001,0 -134.462633,58.173851,0 -134.47981,58.171199,0 -134.50074,58.172546,0 -134.519644,58.175771,0 -134.541609,58.18432700000001,0 -134.559241,58.195121,0 -134.594804,58.18351100000001,0 -134.608358,58.17347199999999,0 -134.608911,58.17163699999999,0 -134.631434,58.16219799999999,0 -134.682812,58.158843,0 -134.689515,58.15882500000001,0 -134.699956,58.161494,0 -134.703727,58.166794,0 -134.710513,58.19255699999999,0 -134.712801,58.215369,0 -134.714425265639,58.222737945843,0 -134.724463,58.268277,0 -134.729861,58.273512,0 -134.760052,58.275251,0 -134.779354,58.281279,0 -134.802388,58.30107,0 -134.803831,58.316567,0 -134.806116,58.321284,0 -134.897292,58.37689000000001,0 -134.955902,58.41029699999999,0 -134.960502,58.403758,0 
							</coordinates>
						</LinearRing>
					</outerBoundaryIs>
				</Polygon>
				<Polygon>
					<tessellate>1</tessellate>
					<outerBoundaryIs>
						<LinearRing>
							<coordinates>
								-135.028573,58.519895,0 -135.032142,58.51394599999999,0 -135.004183,58.484798,0 -134.955999,58.469926,0 -134.918733,58.468005,0 -134.840595,58.369989,0 -134.810257,58.370583,0 -134.806093,58.37415299999999,0 -134.851303,58.43126,0 -134.903651,58.48122799999999,0 -134.970276,58.50264399999999,0 -134.990501,58.504428,0 -135.021434,58.5193,0 -135.028573,58.519895,0 
							</coordinates>
						</LinearRing>
					</outerBoundaryIs>
				</Polygon>
				<Polygon>
					<tessellate>1</tessellate>
					<outerBoundaryIs>
						<LinearRing>
							<coordinates>
								-135.349335,59.02003400000001,0 -135.353142,59.010516,0 -135.334107,58.94389099999999,0 -135.316023,58.924855,0 -135.298626,58.919262,0 -135.296035,58.95912,0 -135.3303,59.01241900000001,0 -135.349335,59.02003400000001,0 
							</coordinates>
						</LinearRing>
					</outerBoundaryIs>
				</Polygon>
				<Polygon>
					<tessellate>1</tessellate>
					<outerBoundaryIs>
						<LinearRing>
							<coordinates>
								-135.69512,57.36307699999999,0 -135.695563,57.35746,0 -135.684597,57.35032799999999,0 -135.674687,57.33674700000001,0 -135.638209,57.32027800000001,0 -135.637423,57.315276,0 -135.631415,57.311568,0 -135.601782,57.300772,0 -135.600688,57.294074,0 -135.604161,57.290437,0 -135.602297,57.285707,0 -135.568954,57.255186,0 -135.561853,57.24406700000001,0 -135.561883,57.241868,0 -135.552574,57.233194,0 -135.511241,57.24707699999999,0 -135.503121,57.253809,0 -135.477683,57.256824,0 -135.470189,57.255752,0 -135.449073,57.248104,0 -135.429229,57.247213,0 -135.414799,57.25132399999999,0 -135.406086,57.251678,0 -135.366177,57.24885199999999,0 -135.358715,57.243776,0 -135.361771,57.233591,0 -135.372021,57.228003,0 -135.37758,57.20630200000001,0 -135.372441,57.198063,0 -135.399312,57.185003,0 -135.422746,57.16772400000001,0 -135.409703,57.148861,0 -135.477159,57.115327,0 -135.493084,57.094545,0 -135.457907,57.070165,0 -135.434071044921,57.0606453800544,0 -135.383632,57.040501,0 -135.353447,57.020905,0 -135.355185972585,57.0185771670663,0 -135.377571,56.988612,0 -135.442339,56.94235500000001,0 -135.447924,56.889226,0 -135.432238,56.852074,0 -135.467533,56.841416,0 -135.506869,56.865978,0 -135.573419,56.86337999999999,0 -135.535272,56.826138,0 -135.506312,56.781409,0 -135.467177,56.77141,0 -135.398678,56.779201,0 -135.362241,56.75874199999999,0 -135.310159,56.77809300000001,0 -135.280875,56.76835699999999,0 -135.281608,56.75852800000001,0 -135.29643,56.75629399999999,0 -135.318082,56.74868800000001,0 -135.317429,56.743311,0 -135.305077,56.726382,0 -135.27491,56.701633,0 -135.224142,56.68785800000001,0 -135.21583,56.66534000000001,0 -135.175826,56.677876,0 -135.147761,56.651932,0 -135.148836,56.648915,0 -135.123389,56.602823,0 -135.118709,56.597728,0 -135.103271,56.597927,0 -135.091611,56.60006799999999,0 -135.065693,56.607852,0 -135.036432,56.619628,0 -135.029747,56.62891799999999,0 -134.998369,56.630017,0 -134.979386,56.627676,0 -134.969842,56.615392,0 -134.967164,56.603026,0 -134.985881,56.595844,0 -134.997669,56.597272,0 -135.005249,56.60225199999999,0 -135.02674,56.594625,0 -135.045054,56.583392,0 -135.056756,56.570611,0 -135.060878,56.541965,0 -135.058238,56.529453,0 -135.054049,56.527658,0 -135.02378,56.499977,0 -134.990763,56.45799800000001,0 -134.945704,56.38971,0 -134.915911,56.360555,0 -134.839411,56.30940300000001,0 -134.824902,56.27969199999999,0 -134.806163,56.235533,0 -134.705007,56.17572200000001,0 -134.674028,56.16692499999999,0 -134.668436,56.1670211020929,0 -134.668151,56.167026,0 -134.65987,56.182494,0 -134.653827,56.198385,0 -134.634668,56.265832,0 -134.634442658368,56.2829579640355,0 -134.63401,56.31584,0 -134.636506,56.405625,0 -134.645308,56.472215,0 -134.655174,56.492033,0 -134.658622,56.494676,0 -134.663839,56.503183,0 -134.669778,56.524129,0 -134.671047,56.5412,0 -134.639732,56.538835,0 -134.634207,56.540968,0 -134.626943,56.553868,0 -134.615955,56.637289,0 -134.619799,56.665888,0 -134.633997,56.728722,0 -134.663434,56.804687,0 -134.674238,56.825177,0 -134.699099,56.850864,0 -134.695735,56.900791,0 -134.719275,56.929031,0 -134.740135,56.94848099999999,0 -134.7383,56.968059,0 -134.73788,57.009935,0 -134.755886,57.058035,0 -134.841774,57.24858799999999,0 -134.854948,57.26476599999999,0 -134.879535,57.288177,0 -134.922329,57.303708,0 -134.946626,57.303164,0 -134.953011,57.306131,0 -134.955014,57.309433,0 -134.953951,57.323723,0 -134.951267,57.32866,0 -134.921651,57.330713,0 -134.88478,57.330003,0 -134.835211,57.300315,0 -134.829365,57.294098,0 -134.812769,57.29976500000001,0 -134.806352,57.341888,0 -134.849477,57.40967,0 -134.89344,57.420044,0 -134.926516,57.42226699999999,0 -135.026566,57.420497,0 -135.039634,57.418131,0 -135.06505,57.418972,0 -135.145949,57.43904899999999,0 -135.159206,57.445568,0 -135.168056,57.454212,0 -135.161017,57.46071299999999,0 -135.209123,57.488753,0 -135.227293,57.48983799999999,0 -135.246114,57.483598,0 -135.265557,57.48086,0 -135.297784,57.48372100000001,0 -135.308458,57.49520099999999,0 -135.294837,57.50872,0 -135.294491,57.510836,0 -135.322925,57.533476,0 -135.347597,57.550232,0 -135.355749,57.553568,0 -135.419205,57.564159,0 -135.443404,57.556876,0 -135.491537,57.531687,0 -135.526036,57.509697,0 -135.548794,57.508977,0 -135.532069,57.481117,0 -135.534221,57.45025199999999,0 -135.540158,57.446241,0 -135.556109,57.446458,0 -135.558496,57.444788,0 -135.562234,57.44272000000001,0 -135.562234,57.440413,0 -135.561916,57.438505,0 -135.56099,57.437455,0 -135.557806,57.438236,0 -135.555321,57.436738,0 -135.554548,57.426636,0 -135.570872,57.417459,0 -135.585395,57.416811,0 -135.604184,57.409932,0 -135.626007,57.399578,0 -135.633654,57.399102,0 -135.633573,57.39421100000001,0 -135.627022,57.388207,0 -135.628016,57.383393,0 -135.630627,57.379595,0 -135.639556,57.371883,0 -135.659614,57.373907,0 -135.687696,57.367477,0 -135.69512,57.36307699999999,0 
							</coordinates>
						</LinearRing>
					</outerBoundaryIs>
				</Polygon>
				<Polygon>
					<tessellate>1</tessellate>
					<outerBoundaryIs>
						<LinearRing>
							<coordinates>
								-135.727908,58.365444,0 -135.696499,58.335939,0 -135.649861,58.324517,0 -135.544213,58.330228,0 -135.538502,58.33784200000001,0 -135.602272,58.374962,0 -135.631777,58.380673,0 -135.669849,58.380673,0 -135.727908,58.365444,0 
							</coordinates>
						</LinearRing>
					</outerBoundaryIs>
				</Polygon>
				<Polygon>
					<tessellate>1</tessellate>
					<outerBoundaryIs>
						<LinearRing>
							<coordinates>
								-135.852455,57.240936,0 -135.870519,57.221639,0 -135.823458,57.19563699999999,0 -135.832253,57.170647,0 -135.791372,57.17103399999999,0 -135.753581,57.167168,0 -135.740033,57.14628600000001,0 -135.755007,57.123972,0 -135.806108,57.10939,0 -135.844612,57.08356799999999,0 -135.847464,57.04182600000001,0 -135.856021,56.995636,0 -135.825598,56.989032,0 -135.772595,56.998743,0 -135.734804,57.00210800000001,0 -135.6799,57.01466199999999,0 -135.63688,57.009874,0 -135.630463,57.026436,0 -135.604555,57.04583400000001,0 -135.600515,57.071683,0 -135.571043,57.092608,0 -135.572231,57.126295,0 -135.541333,57.147704,0 -135.518278,57.150025,0 -135.492846,57.158533,0 -135.455768,57.16008,0 -135.451727,57.176445,0 -135.411797,57.20345900000001,0 -135.398725,57.23067699999999,0 -135.433773,57.23610799999999,0 -135.478803,57.238962,0 -135.513524,57.22463100000001,0 -135.541333,57.213017,0 -135.583877,57.229745,0 -135.594631,57.244779,0 -135.638599,57.292858,0 -135.698201,57.319304,0 -135.71365,57.331366,0 -135.760711,57.34662999999999,0 -135.801354,57.341372,0 -135.848177,57.33855,0 -135.85816,57.321358,0 -135.837719,57.28206800000001,0 -135.853168,57.26741999999999,0 -135.852455,57.240936,0 
							</coordinates>
						</LinearRing>
					</outerBoundaryIs>
				</Polygon>
				<Polygon>
					<tessellate>1</tessellate>
					<outerBoundaryIs>
						<LinearRing>
							<coordinates>
								-136.153593,58.596966,0 -136.149786,58.591255,0 -136.096486,58.558894,0 -136.088872,58.565557,0 -136.089824,58.57507499999999,0 -136.100293,58.596014,0 -136.123136,58.609339,0 -136.145979,58.607435,0 -136.153593,58.596966,0 
							</coordinates>
						</LinearRing>
					</outerBoundaryIs>
				</Polygon>
				<Polygon>
					<tessellate>1</tessellate>
					<outerBoundaryIs>
						<LinearRing>
							<coordinates>
								-136.156151,58.283888,0 -136.157341,58.279129,0 -136.125218,58.261878,0 -136.094285,58.257119,0 -136.035393,58.27318,0 -136.033014,58.311252,0 -136.038368,58.31898499999999,0 -136.047886,58.31898499999999,0 -136.118674,58.30351899999999,0 -136.156151,58.283888,0 
							</coordinates>
						</LinearRing>
					</outerBoundaryIs>
				</Polygon>
				<Polygon>
					<tessellate>1</tessellate>
					<outerBoundaryIs>
						<LinearRing>
							<coordinates>
								-136.573288,57.92684400000001,0 -136.572045,57.918469,0 -136.557651,57.91213499999999,0 -136.534201,57.91393800000001,0 -136.484259,57.89645999999999,0 -136.474424,57.87164799999999,0 -136.458829,57.853901,0 -136.391157,57.83265300000001,0 -136.372377,57.832587,0 -136.371617329728,57.83216946655111,0 -136.365052,57.828561,0 -136.309429,57.779465,0 -136.304684,57.77105099999999,0 -136.314631,57.758703,0 -136.280809,57.717379,0 -136.250818,57.684831,0 -136.266688,57.663769,0 -136.238166,57.625991,0 -136.22961,57.595372,0 -136.190274,57.580402,0 -136.163059,57.558861,0 -136.120634,57.591295,0 -136.085739,57.577589,0 -136.088071,57.55529099999999,0 -136.055509,57.533672,0 -136.047547,57.513762,0 -136.014529,57.506227,0 -135.966986,57.472759,0 -135.943766,57.45878,0 -135.896979,57.440719,0 -135.900816,57.418181,0 -135.892131,57.40804799999999,0 -135.84381,57.390896,0 -135.768018,57.383435,0 -135.720478,57.373663,0 -135.711401,57.36776,0 -135.667735,57.396001,0 -135.597144,57.442652,0 -135.566807,57.485696,0 -135.580506,57.516954,0 -135.565651,57.54719299999999,0 -135.588477,57.552081,0 -135.587475,57.568829,0 -135.570574,57.579613,0 -135.557812,57.583449,0 -135.52761,57.589003,0 -135.519471,57.588615,0 -135.511012,57.595906,0 -135.526303,57.606388,0 -135.546143,57.613826,0 -135.571186,57.605367,0 -135.592778,57.60247400000001,0 -135.660902,57.629196,0 -135.697422,57.64971100000001,0 -135.704444,57.65836099999999,0 -135.712317,57.672648,0 -135.684951,57.677508,0 -135.650701,57.65252,0 -135.593447,57.66379499999999,0 -135.571606,57.674397,0 -135.514801,57.650349,0 -135.474703,57.63138099999999,0 -135.392499,57.599909,0 -135.325849,57.577178,0 -135.242855,57.546302,0 -135.134063,57.497681,0 -135.096818,57.46991599999999,0 -135.091216,57.466352,0 -135.084338,57.464671,0 -135.025148,57.454315,0 -134.90268,57.459349,0 -134.874346,57.464406,0 -134.83712,57.482761,0 -134.824891,57.500067,0 -134.856386,57.598967,0 -134.867433,57.62343899999999,0 -134.918167,57.682272,0 -134.91479,57.705821,0 -134.921604,57.742376,0 -134.929726,57.75920300000001,0 -134.939924,57.76361199999999,0 -134.97812,57.763125,0 -135.012577,57.746105,0 -135.024837,57.74299,0 -135.063972,57.750847,0 -135.098422,57.754898,0 -135.108973439781,57.7697580450663,0 -135.115011,57.778261,0 -135.088509,57.785294,0 -135.068425,57.774586,0 -135.02337,57.780537,0 -134.949436,57.805027,0 -134.954547,57.81578499999999,0 -134.991819,57.83543600000001,0 -135.06572,57.869451,0 -135.131957,57.88524099999999,0 -135.146717,57.891656,0 -135.16522,57.901524,0 -135.173712,57.91939900000001,0 -135.140674,57.926114,0 -135.004952,57.884338,0 -134.926395,57.921919,0 -134.921104,57.935298,0 -134.912854,57.979287,0 -134.935005,58.02163900000001,0 -134.950844,58.03699300000001,0 -134.967723,58.047625,0 -134.977183,58.049943,0 -135.0707,58.061242,0 -135.082981,58.074737,0 -135.084832,58.080869,0 -135.108896,58.08827,0 -135.260951,58.097323,0 -135.275797,58.097024,0 -135.397518,58.14415499999999,0 -135.411777,58.145473,0 -135.420107,58.14420200000001,0 -135.451444,58.134348,0 -135.496739,58.086212,0 -135.544529,58.06088,0 -135.563434,58.043491,0 -135.565443,58.04112,0 -135.567817,58.02342,0 -135.564307,58.015007,0 -135.581753,57.997568,0 -135.593287,57.989636,0 -135.621582,57.984623,0 -135.63849,57.994508,0 -135.651368,58.036484,0 -135.58682,58.08167,0 -135.540712,58.10175,0 -135.524668,58.12075000000001,0 -135.497911,58.168882,0 -135.504671,58.174914,0 -135.522646,58.185909,0 -135.589198,58.213677,0 -135.630521,58.222933,0 -135.712398,58.231892,0 -135.7351,58.240213,0 -135.764372,58.266276,0 -135.78338,58.286709,0 -135.801133,58.287716,0 -135.823562,58.282975,0 -135.914178,58.244073,0 -135.966119,58.211386,0 -135.976386,58.202029,0 -136.03303,58.205462,0 -136.03616,58.21921,0 -136.139007,58.22439299999999,0 -136.162108,58.218724,0 -136.199854,58.180871,0 -136.239246,58.17191300000001,0 -136.283886,58.223685,0 -136.287021,58.245817,0 -136.284047,58.269611,0 -136.317954,58.273775,0 -136.400046,58.271991,0 -136.404805,58.26723199999999,0 -136.387113,58.25241399999999,0 -136.373277,58.23213500000001,0 -136.36138,58.214289,0 -136.354836,58.192279,0 -136.365544,58.148854,0 -136.420449,58.131857,0 -136.446286,58.11334,0 -136.469272,58.096868,0 -136.475811,58.101294,0 -136.500119,58.104787,0 -136.538708,58.09348200000001,0 -136.556247,58.077019,0 -136.559999,58.063358,0 -136.563223,58.035052,0 -136.573288,57.92684400000001,0 
							</coordinates>
						</LinearRing>
					</outerBoundaryIs>
				</Polygon>
				<Polygon>
					<tessellate>1</tessellate>
					<outerBoundaryIs>
						<LinearRing>
							<coordinates>
								-146.011601,60.396234,0 -145.988546,60.387427,0 -145.910112,60.376385,0 -145.86733,60.357347,0 -145.831202,60.350293,0 -145.780101,60.352527,0 -145.754432,60.359345,0 -145.744449,60.38543,0 -145.76489,60.39142,0 -145.83144,60.39095,0 -145.878738,60.401517,0 -145.953132,60.407856,0 -146.011601,60.396234,0 
							</coordinates>
						</LinearRing>
					</outerBoundaryIs>
				</Polygon>
				<Polygon>
					<tessellate>1</tessellate>
					<outerBoundaryIs>
						<LinearRing>
							<coordinates>
								-147.321084,60.880198,0 -147.32564,60.87715299999999,0 -147.309086,60.873924,0 -147.253128,60.87296899999999,0 -147.217749,60.86974099999999,0 -147.192354,60.86163500000001,0 -147.141802,60.853991,0 -147.126799,60.85801099999999,0 -147.089645,60.874693,0 -147.071788,60.893833,0 -147.077772,60.899503,0 -147.115336,60.911938,0 -147.131319,60.912932,0 -147.178969,60.90370399999999,0 -147.193399,60.90294900000001,0 -147.210324,60.90877600000001,0 -147.226303,60.91042099999999,0 -147.321084,60.880198,0 
							</coordinates>
						</LinearRing>
					</outerBoundaryIs>
				</Polygon>
				<Polygon>
					<tessellate>1</tessellate>
					<outerBoundaryIs>
						<LinearRing>
							<coordinates>
								-147.500009,60.653852,0 -147.483828,60.618636,0 -147.454323,60.61958799999999,0 -147.348675,60.627202,0 -147.3087,60.665274,0 -147.362,60.714767,0 -147.383891,60.741417,0 -147.395312,60.74332,0 -147.487635,60.728092,0 -147.483828,60.683358,0 -147.500009,60.653852,0 
							</coordinates>
						</LinearRing>
					</outerBoundaryIs>
				</Polygon>
				<Polygon>
					<tessellate>1</tessellate>
					<outerBoundaryIs>
						<LinearRing>
							<coordinates>
								-147.505719,60.253151,0 -147.499057,60.23506700000001,0 -147.483828,60.224598,0 -147.340109,60.275042,0 -147.341061,60.305499,0 -147.421962,60.27980100000001,0 -147.496201,60.26552399999999,0 -147.505719,60.253151,0 
							</coordinates>
						</LinearRing>
					</outerBoundaryIs>
				</Polygon>
				<Polygon>
					<tessellate>1</tessellate>
					<outerBoundaryIs>
						<LinearRing>
							<coordinates>
								-147.92924,59.783875,0 -147.9088,59.771432,0 -147.876475,59.763893,0 -147.832386,59.770116,0 -147.803151,59.78507100000001,0 -147.765122,59.795954,0 -147.714496,59.80384500000001,0 -147.68241,59.798943,0 -147.646045,59.817828,0 -147.651274,59.83312,0 -147.62394,59.848285,0 -147.567967,59.85115,0 -147.542773,59.835031,0 -147.508309,59.841957,0 -147.461486,59.84165900000001,0 -147.411811,59.86404000000001,0 -147.391846,59.87776,0 -147.44366,59.903157,0 -147.470281,59.906732,0 -147.501654,59.926867,0 -147.481689,59.943656,0 -147.452217,59.95401100000001,0 -147.421081,59.966147,0 -147.372594,59.95294,0 -147.339794,59.962102,0 -147.38329,59.97827900000001,0 -147.369267,59.993735,0 -147.376397,60.016192,0 -147.353342,60.047061,0 -147.306519,60.076241,0 -147.257795,60.10788299999999,0 -147.212873,60.139139,0 -147.179123,60.158305,0 -147.089993,60.19246699999999,0 -147.02059,60.22624,0 -146.97971,60.24700600000001,0 -146.955704,60.259153,0 -146.916487,60.290973,0 -146.923142,60.309461,0 -146.945721,60.30993200000001,0 -146.998724,60.29709699999999,0 -147.028909,60.286378,0 -147.062422,60.30086600000001,0 -147.036515,60.312875,0 -147.006567,60.332292,0 -147.002051,60.344289,0 -147.045547,60.34217200000001,0 -147.089042,60.34287800000001,0 -147.100926,60.35651699999999,0 -147.085477,60.368741,0 -147.102352,60.38002,0 -147.157732,60.367448,0 -147.200039,60.350286,0 -147.215488,60.327586,0 -147.221905,60.30404500000001,0 -147.233314,60.289559,0 -147.200276,60.276599,0 -147.225946,60.254908,0 -147.278473,60.233321,0 -147.319829,60.217741,0 -147.331476,60.18443200000001,0 -147.374258,60.160315,0 -147.374971,60.146594,0 -147.401353,60.11640999999999,0 -147.485254,60.07434400000001,0 -147.555132,60.051807,0 -147.58817,60.025812,0 -147.639033,60.00954,0 -147.695363,59.996706,0 -147.707247,59.982917,0 -147.679914,59.976376,0 -147.681815,59.961745,0 -147.712476,59.951988,0 -147.740047,59.955082,0 -147.776174,59.93043999999999,0 -147.806122,59.920911,0 -147.814916,59.908758,0 -147.800655,59.894336,0 -147.805171,59.873227,0 -147.855084,59.871915,0 -147.887171,59.86225,0 -147.913316,59.83718100000001,0 -147.898579,59.815797,0 -147.897629,59.801932,0 -147.92924,59.783875,0 
							</coordinates>
						</LinearRing>
					</outerBoundaryIs>
				</Polygon>
				<Polygon>
					<tessellate>1</tessellate>
					<outerBoundaryIs>
						<LinearRing>
							<coordinates>
								-147.950532,60.243791,0 -147.956228,60.228667,0 -147.945158,60.222324,0 -147.908985,60.224359,0 -147.855453,60.216419,0 -147.828962,60.20744200000001,0 -147.827991,60.20063,0 -147.832285,60.197855,0 -147.845681,60.19543400000001,0 -147.820159,60.179555,0 -147.783583,60.16107299999999,0 -147.766484,60.15418,0 -147.760681,60.156396,0 -147.720124,60.20200199999999,0 -147.704731,60.227874,0 -147.698608,60.245552,0 -147.703599,60.285589,0 -147.671135,60.30892900000001,0 -147.639474,60.340579,0 -147.618906,60.368848,0 -147.62202,60.38379400000001,0 -147.630081,60.38955,0 -147.681888,60.388167,0 -147.690773,60.40505400000001,0 -147.674351,60.41443000000001,0 -147.619972,60.436821,0 -147.623835,60.465878,0 -147.607756,60.50691999999999,0 -147.565775,60.534713,0 -147.551709,60.559612,0 -147.555392,60.574059,0 -147.562801,60.57982100000001,0 -147.566372,60.580849,0 -147.613843,60.56590599999999,0 -147.721824,60.508635,0 -147.72646,60.50253300000001,0 -147.726642,60.47221600000001,0 -147.717097,60.467282,0 -147.70916,60.451883,0 -147.715312,60.44791500000001,0 -147.738151,60.44127699999999,0 -147.750864,60.44098100000001,0 -147.779329,60.457078,0 -147.765825,60.476505,0 -147.778269,60.484007,0 -147.782548,60.48329999999999,0 -147.792822,60.476193,0 -147.837456,60.414452,0 -147.933269,60.273632,0 -147.950532,60.243791,0 
							</coordinates>
						</LinearRing>
					</outerBoundaryIs>
				</Polygon>
				<Polygon>
					<tessellate>1</tessellate>
					<outerBoundaryIs>
						<LinearRing>
							<coordinates>
								-148.020259,60.72495,0 -147.970684,60.673799,0 -147.932931,60.655714,0 -147.868067,60.67082500000001,0 -147.860057,60.677233,0 -147.846103,60.694509,0 -147.848176,60.698116,0 -147.906021,60.735515,0 -147.952039,60.741879,0 -147.957239,60.74770600000001,0 -147.965419,60.751996,0 -148.020259,60.72495,0 
							</coordinates>
						</LinearRing>
					</outerBoundaryIs>
				</Polygon>
				<Polygon>
					<tessellate>1</tessellate>
					<outerBoundaryIs>
						<LinearRing>
							<coordinates>
								-150.242099,61.137835,0 -150.265894,61.127365,0 -150.228774,61.123558,0 -150.190703,61.13973800000001,0 -150.158342,61.160678,0 -150.158342,61.16734,0 -150.164053,61.174003,0 -150.220208,61.17019499999999,0 -150.228774,61.162581,0 -150.242099,61.137835,0 
							</coordinates>
						</LinearRing>
					</outerBoundaryIs>
				</Polygon>
				<Polygon>
					<tessellate>1</tessellate>
					<outerBoundaryIs>
						<LinearRing>
							<coordinates>
								-150.772243,59.33301400000001,0 -150.773195,59.308267,0 -150.762725,59.30445999999999,0 -150.721799,59.292087,0 -150.680872,59.305412,0 -150.650415,59.34348299999999,0 -150.618054,59.355856,0 -150.609488,59.386314,0 -150.617102,59.39488,0 -150.671354,59.410108,0 -150.701811,59.389169,0 -150.742738,59.350146,0 -150.772243,59.33301400000001,0 
							</coordinates>
						</LinearRing>
					</outerBoundaryIs>
				</Polygon>
				<Polygon>
					<tessellate>1</tessellate>
					<outerBoundaryIs>
						<LinearRing>
							<coordinates>
								-151.528818,59.147586,0 -151.526323,59.134359,0 -151.490671,59.12161399999999,0 -151.445036,59.105082,0 -151.431726,59.11765,0 -151.43339,59.13551699999999,0 -151.482471,59.143137,0 -151.528818,59.147586,0 
							</coordinates>
						</LinearRing>
					</outerBoundaryIs>
				</Polygon>
				<Polygon>
					<tessellate>1</tessellate>
					<outerBoundaryIs>
						<LinearRing>
							<coordinates>
								-151.718141,59.132248,0 -151.726568,59.115088,0 -151.713733,59.10111499999999,0 -151.662368,59.089735,0 -151.64338,59.105204,0 -151.638389,59.11740600000001,0 -151.687707,59.129725,0 -151.718141,59.132248,0 
							</coordinates>
						</LinearRing>
					</outerBoundaryIs>
				</Polygon>
				<Polygon>
					<tessellate>1</tessellate>
					<outerBoundaryIs>
						<LinearRing>
							<coordinates>
								-151.860619,59.165926,0 -151.88308,59.15617900000001,0 -151.858124,59.144234,0 -151.823422,59.136798,0 -151.808686,59.13490800000001,0 -151.794544,59.145331,0 -151.790266,59.16422,0 -151.799535,59.177071,0 -151.824254,59.17804499999999,0 -151.860619,59.165926,0 
							</coordinates>
						</LinearRing>
					</outerBoundaryIs>
				</Polygon>
				<Polygon>
					<tessellate>1</tessellate>
					<outerBoundaryIs>
						<LinearRing>
							<coordinates>
								-151.888495,58.219424,0 -151.890875,58.19325,0 -151.871839,58.169455,0 -151.862321,58.168265,0 -151.817111,58.183732,0 -151.795696,58.211096,0 -151.790937,58.246788,0 -151.817111,58.26344400000001,0 -151.862321,58.257495,0 -151.888495,58.219424,0 
							</coordinates>
						</LinearRing>
					</outerBoundaryIs>
				</Polygon>
				<Polygon>
					<tessellate>1</tessellate>
					<outerBoundaryIs>
						<LinearRing>
							<coordinates>
								-152.074522,58.924936,0 -152.074522,58.91256300000001,0 -152.016463,58.908756,0 -151.955549,58.914466,0 -152.00409,58.941116,0 -152.031692,58.948731,0 -152.063101,58.946827,0 -152.074522,58.924936,0 
							</coordinates>
						</LinearRing>
					</outerBoundaryIs>
				</Polygon>
				<Polygon>
					<tessellate>1</tessellate>
					<outerBoundaryIs>
						<LinearRing>
							<coordinates>
								-152.08285,60.34595,0 -152.079995,60.34119099999999,0 -151.956263,60.36784100000001,0 -151.974347,60.38878,0 -151.940083,60.430659,0 -151.891542,60.440177,0 -151.895349,60.46016400000001,0 -151.841097,60.481104,0 -151.839194,60.485862,0 -151.930565,60.51632,0 -151.952456,60.510609,0 -151.965781,60.474441,0 -151.980058,60.41447899999999,0 -152.012418,60.404009,0 -152.072381,60.36117899999999,0 -152.08285,60.34595,0 
							</coordinates>
						</LinearRing>
					</outerBoundaryIs>
				</Polygon>
				<Polygon>
					<tessellate>1</tessellate>
					<outerBoundaryIs>
						<LinearRing>
							<coordinates>
								-152.298525,57.382482,0 -152.312072,57.362746,0 -152.283075,57.365438,0 -152.261049,57.367335,0 -152.253603,57.384019,0 -152.268815,57.392345,0 -152.290919,57.394907,0 -152.298525,57.382482,0 
							</coordinates>
						</LinearRing>
					</outerBoundaryIs>
				</Polygon>
				<Polygon>
					<tessellate>1</tessellate>
					<outerBoundaryIs>
						<LinearRing>
							<coordinates>
								-152.35625,58.915418,0 -152.342926,58.9059,0 -152.276301,58.90685200000001,0 -152.159231,58.934454,0 -152.154472,58.94301999999999,0 -152.178267,58.946827,0 -152.242036,58.938261,0 -152.307709,58.962056,0 -152.312468,58.931599,0 -152.35625,58.915418,0 
							</coordinates>
						</LinearRing>
					</outerBoundaryIs>
				</Polygon>
				<Polygon>
					<tessellate>1</tessellate>
					<outerBoundaryIs>
						<LinearRing>
							<coordinates>
								-152.639644,60.165111,0 -152.632982,60.148931,0 -152.560646,60.094679,0 -152.553032,60.098486,0 -152.550177,60.11371499999999,0 -152.567309,60.15844899999999,0 -152.57873,60.16987,0 -152.619657,60.18319499999999,0 -152.639644,60.165111,0 
							</coordinates>
						</LinearRing>
					</outerBoundaryIs>
				</Polygon>
				<Polygon>
					<tessellate>1</tessellate>
					<outerBoundaryIs>
						<LinearRing>
							<coordinates>
								-153.418343,58.064053,0 -153.419783,58.059638,0 -153.365574,58.039052,0 -153.344807,58.04061900000001,0 -153.289701,58.05033,0 -153.218115,58.043909,0 -153.214568,58.042418,0 -153.209885,58.034925,0 -153.202525,58.03012200000001,0 -153.097462,58.004516,0 -152.982406,57.984697,0 -152.947547,57.983519,0 -152.871416,57.997157,0 -152.871836,57.999275,0 -152.819043,57.995574,0 -152.762475,58.014464,0 -152.771303,58.046883,0 -152.706831,58.050577,0 -152.656801,58.061049,0 -152.631214,58.081924,0 -152.615103,58.116224,0 -152.597506,58.17968599999999,0 -152.584222,58.187477,0 -152.562829,58.177979,0 -152.559884,58.170941,0 -152.557497,58.160683,0 -152.569595,58.11480000000001,0 -152.557237,58.086462,0 -152.554461,58.08462,0 -152.541533,58.08366599999999,0 -152.530388,58.087766,0 -152.529036,58.093779,0 -152.514794,58.11432099999999,0 -152.482674,58.129813,0 -152.425391,58.127614,0 -152.401892,58.120755,0 -152.343522,58.119174,0 -152.273605,58.12563,0 -152.265111,58.13573199999999,0 -152.311415,58.221115,0 -152.280629,58.242344,0 -152.24289,58.24119200000001,0 -152.23383,58.243329,0 -152.203699,58.212055,0 -152.207488,58.206284,0 -152.219826,58.206289,0 -152.224439,58.202365,0 -152.223175,58.194794,0 -152.194827,58.174128,0 -152.112205,58.14855900000001,0 -152.081083,58.154275,0 -151.986127,58.213774,0 -151.972053,58.230702,0 -151.964103,58.269049,0 -151.963817,58.32899900000001,0 -151.966218,58.332737,0 -151.981781,58.347971,0 -151.986171,58.35041300000001,0 -152.082342,58.309945,0 -152.107635,58.28024000000001,0 -152.107962,58.260525,0 -152.116569,58.248537,0 -152.146519,58.24911999999999,0 -152.147142,58.266992,0 -152.138294,58.29571200000001,0 -152.11953,58.32977,0 -152.08925,58.367644,0 -152.090437,58.37262799999999,0 -152.125339,58.396396,0 -152.129257,58.396414,0 -152.200953,58.35533199999999,0 -152.224965,58.357372,0 -152.234718,58.36202399999999,0 -152.227835,58.376424,0 -152.279508,58.415872,0 -152.301713,58.428697,0 -152.320554,58.433829,0 -152.328063,58.434372,0 -152.35609,58.42347000000001,0 -152.358724,58.41558499999999,0 -152.355073,58.413052,0 -152.348389,58.401502,0 -152.34486,58.39162999999999,0 -152.364682,58.364613,0 -152.387343,58.359499,0 -152.476814,58.350955,0 -152.493991,58.35468399999999,0 -152.512483,58.427349,0 -152.505516,58.441876,0 -152.498571,58.449538,0 -152.467197,58.476609,0 -152.418267,58.515244,0 -152.38761,58.52287,0 -152.372317,58.531175,0 -152.337212,58.589095,0 -152.329835,58.632102,0 -152.337964,58.637404,0 -152.354709,58.63828,0 -152.453817,58.618515,0 -152.50282,58.59345099999999,0 -152.545009,58.59425299999999,0 -152.549635,58.601024,0 -152.550418,58.610996,0 -152.560171,58.61968,0 -152.56771,58.62130399999999,0 -152.61613,58.60185200000001,0 -152.638569,58.587448,0 -152.665999,58.564493,0 -152.66622,58.544087,0 -152.653673,58.506572,0 -152.622794,58.49418900000001,0 -152.619197,58.493674,0 -152.60903,58.49616700000001,0 -152.600534,58.494946,0 -152.601666,58.49042300000001,0 -152.610955,58.47577500000001,0 -152.68994,58.459861,0 -152.723169,58.46208,0 -152.733845,58.460662,0 -152.771106,58.429515,0 -152.774509,58.419721,0 -152.787776,58.411313,0 -152.812207,58.403464,0 -152.844173,58.402842,0 -152.864939,58.40434,0 -152.886358,58.41058499999999,0 -152.88886,58.409384,0 -152.883107,58.400443,0 -152.839234,58.372477,0 -152.78742,58.369015,0 -152.774048,58.366826,0 -152.804789,58.33951,0 -152.821964,58.328501,0 -152.870555,58.33574300000001,0 -152.895407,58.345305,0 -152.925586,58.339686,0 -152.93644,58.334923,0 -152.936757,58.33051300000001,0 -152.921122,58.313268,0 -152.91245,58.307191,0 -152.884023,58.307087,0 -152.869811,58.304906,0 -152.878858,58.288533,0 -152.888204,58.2831,0 -152.94127,58.27961400000001,0 -152.982356,58.28749500000001,0 -152.993217,58.296254,0 -153.00439,58.300135,0 -153.044316,58.306336,0 -153.099284,58.26406500000001,0 -153.10241,58.260344,0 -153.101841,58.257938,0 -153.082507,58.244495,0 -153.061678,58.23564900000001,0 -153.006979,58.221847,0 -152.998094,58.214122,0 -153.000579,58.211768,0 -153.036662,58.199235,0 -153.060846,58.19450200000001,0 -153.073927,58.195107,0 -153.170101,58.21670399999999,0 -153.202801,58.20808,0 -153.223709,58.16212,0 -153.209672,58.15035,0 -153.167605,58.127818,0 -153.14874,58.106121,0 -153.156402,58.090087,0 -153.168617,58.088385,0 -153.199117,58.102005,0 -153.227567,58.123364,0 -153.262643,58.145099,0 -153.274215,58.148102,0 -153.281874,58.147555,0 -153.316127,58.14039,0 -153.412933,58.069811,0 -153.418343,58.064053,0 
							</coordinates>
						</LinearRing>
					</outerBoundaryIs>
				</Polygon>
				<Polygon>
					<tessellate>1</tessellate>
					<outerBoundaryIs>
						<LinearRing>
							<coordinates>
								-153.56002,59.39131,0 -153.573345,59.371323,0 -153.546695,59.331348,0 -153.515286,59.320878,0 -153.413445,59.322782,0 -153.365856,59.337059,0 -153.343013,59.356094,0 -153.347772,59.37798500000001,0 -153.390602,59.41225,0 -153.412493,59.415105,0 -153.510527,59.39131,0 -153.56002,59.39131,0 
							</coordinates>
						</LinearRing>
					</outerBoundaryIs>
				</Polygon>
				<Polygon>
					<tessellate>1</tessellate>
					<outerBoundaryIs>
						<LinearRing>
							<coordinates>
								-153.617409,56.89668400000001,0 -153.603624,56.887336,0 -153.574865,56.891881,0 -153.544204,56.909273,0 -153.558465,56.914334,0 -153.602436,56.907586,0 -153.617409,56.89668400000001,0 
							</coordinates>
						</LinearRing>
					</outerBoundaryIs>
				</Polygon>
				<Polygon>
					<tessellate>1</tessellate>
					<outerBoundaryIs>
						<LinearRing>
							<coordinates>
								-154.159354,56.692156,0 -154.153147,56.681697,0 -154.047499,56.683601,0 -154.021801,56.684552,0 -154.017042,56.689311,0 -154.021801,56.715009,0 -154.046547,56.73023799999999,0 -154.09604,56.70549200000001,0 -154.120787,56.708347,0 -154.159354,56.692156,0 
							</coordinates>
						</LinearRing>
					</outerBoundaryIs>
				</Polygon>
				<Polygon>
					<tessellate>1</tessellate>
					<outerBoundaryIs>
						<LinearRing>
							<coordinates>
								-154.362361,56.542512,0 -154.361378,56.52564,0 -154.3474,56.512046,0 -154.343096,56.51017100000001,0 -154.304371,56.50232199999999,0 -154.232464,56.491052,0 -154.19728,56.502002,0 -154.163987,56.50784399999999,0 -154.143711,56.506172,0 -154.120244,56.501838,0 -153.993909,56.501796,0 -153.952958,56.50717400000001,0 -153.887678,56.53363700000001,0 -153.868461,56.55149299999999,0 -153.870804,56.558015,0 -153.878764,56.565925,0 -153.915288,56.56492099999999,0 -153.940505,56.558317,0 -154.009274,56.551445,0 -154.025334,56.55176300000001,0 -154.041572,56.556209,0 -154.075187,56.58374500000001,0 -154.079016,56.589977,0 -154.081829,56.60371599999999,0 -154.090014,56.61479799999999,0 -154.095833,56.617786,0 -154.103243,56.617695,0 -154.113397,56.616745,0 -154.136739,56.60935,0 -154.184819,56.603773,0 -154.206001,56.60690799999999,0 -154.210336,56.609684,0 -154.223759,56.61295500000001,0 -154.244234,56.609194,0 -154.29002,56.59537599999999,0 -154.310913,56.585447,0 -154.341401,56.563705,0 -154.362361,56.542512,0 
							</coordinates>
						</LinearRing>
					</outerBoundaryIs>
				</Polygon>
				<Polygon>
					<tessellate>1</tessellate>
					<outerBoundaryIs>
						<LinearRing>
							<coordinates>
								-154.779663,57.366335,0 -154.796539,57.346207,0 -154.758034,57.329916,0 -154.74309,57.31477000000001,0 -154.751537,57.30778100000001,0 -154.79384,57.288862,0 -154.792054,57.286696,0 -154.777368,57.280008,0 -154.740161,57.276517,0 -154.698264,57.284294,0 -154.691855,57.28411,0 -154.613723,57.2678,0 -154.594977,57.257161,0 -154.574343,57.239919,0 -154.539552,57.196351,0 -154.533699,57.183513,0 -154.529844,57.168882,0 -154.515213,57.077985,0 -154.516842,57.030312,0 -154.528538,57.001892,0 -154.524695,56.991623,0 -154.511672,56.98854799999999,0 -154.476315,56.984204,0 -154.40749,56.96833399999999,0 -154.385285,56.959767,0 -154.312888,56.918673,0 -154.306936,56.911783,0 -154.300002,56.892252,0 -154.298422,56.863176,0 -154.300193,56.852023,0 -154.305713,56.846871,0 -154.298965,56.846479,0 -154.276739,56.853648,0 -154.231771,56.872294,0 -154.226494,56.876257,0 -154.227193,56.883026,0 -154.22356,56.896064,0 -154.21211,56.90974900000001,0 -154.16336,56.919783,0 -154.123489,56.95616999999999,0 -154.076623,56.970589,0 -154.055554,56.987209,0 -154.024288,57.016608,0 -153.993807,57.050502,0 -153.982792,57.066277,0 -153.861711,57.119224,0 -153.823978,57.13979,0 -153.822875,57.142372,0 -153.80629,57.157424,0 -153.788521,57.16138100000001,0 -153.779087,57.15882100000001,0 -153.776707,57.142858,0 -153.783465,57.131822,0 -153.804787,57.113158,0 -153.858891,57.088844,0 -153.875356,57.089802,0 -153.887461,57.086958,0 -153.912845,57.051225,0 -153.963233,56.999351,0 -153.979743,56.962189,0 -153.976871,56.955144,0 -153.934781,56.95892799999999,0 -153.917703,56.962169,0 -153.913627,56.965391,0 -153.902802,56.96844500000001,0 -153.856991,56.974877,0 -153.836313,56.96023599999999,0 -153.848672,56.94234899999999,0 -153.888127,56.926269,0 -153.935992,56.915772,0 -153.984547,56.889626,0 -154.030502,56.855052,0 -154.040948,56.854135,0 -154.055228,56.850465,0 -154.067425,56.845303,0 -154.072878,56.841099,0 -154.125431,56.783298,0 -154.148745,56.74567700000001,0 -154.136965,56.742359,0 -154.129017,56.742168,0 -154.106565,56.745572,0 -154.085088,56.75119299999999,0 -154.064292,56.760091,0 -154.050518,56.763523,0 -154.037153,56.763414,0 -154.02261,56.75594600000001,0 -154.016213,56.743466,0 -153.990158,56.743263,0 -153.97178,56.74486099999999,0 -153.963274,56.74760000000001,0 -153.90215,56.771208,0 -153.871727,56.793604,0 -153.83964,56.822099,0 -153.821339,56.841604,0 -153.776468,56.830315,0 -153.739339,56.846674,0 -153.699409,56.855382,0 -153.687525,56.864997,0 -153.687525,56.87668800000001,0 -153.694418,56.908754,0 -153.692754,56.92562000000001,0 -153.664708,56.931197,0 -153.627483,56.937127,0 -153.600664,56.94262899999999,0 -153.556762,56.96886199999999,0 -153.543429,56.99524499999999,0 -153.580831,57.04904800000001,0 -153.595819,57.056309,0 -153.601294,57.056656,0 -153.66381,57.053694,0 -153.675736,57.05477799999999,0 -153.675981,57.06983,0 -153.654497,57.084602,0 -153.577006,57.093177,0 -153.563562,57.089769,0 -153.535942,57.077988,0 -153.49885,57.065363,0 -153.4896,57.074702,0 -153.48652,57.085915,0 -153.366525,57.176708,0 -153.368921,57.180832,0 -153.36818,57.185337,0 -153.350266,57.192339,0 -153.310143,57.19442600000001,0 -153.286351,57.184288,0 -153.282735,57.175815,0 -153.284012,57.173867,0 -153.320547,57.15733399999999,0 -153.345533,57.139565,0 -153.380389,57.120468,0 -153.384699,57.115354,0 -153.404263,57.08051100000001,0 -153.402608,57.070092,0 -153.396921,57.060399,0 -153.365239,57.07208000000001,0 -153.324265,57.043308,0 -153.320929,57.036838,0 -153.349037,57.011196,0 -153.348707,57.008373,0 -153.312583,56.991486,0 -153.301142,56.991192,0 -153.235282,57.007398,0 -153.204319,57.03364,0 -153.200217,57.042039,0 -153.205384,57.056148,0 -153.213318,57.055891,0 -153.221204,57.060367,0 -153.22224,57.06179800000001,0 -153.220953,57.06823899999999,0 -153.21544,57.075943,0 -153.18001,57.094523,0 -153.146361,57.100883,0 -153.133988,57.099351,0 -153.132708,57.094936,0 -153.128881,57.09257100000001,0 -153.118673,57.09103300000001,0 -152.997246,57.119491,0 -152.950736,57.119788,0 -152.911371,57.126813,0 -152.90054,57.132076,0 -152.869797,57.150849,0 -152.874839,57.16095,0 -152.880321,57.164798,0 -152.949333,57.18734599999999,0 -153.073982,57.187091,0 -153.097019,57.18328899999999,0 -153.123865,57.175445,0 -153.166002,57.180643,0 -153.213802,57.205059,0 -153.215967,57.209297,0 -153.215107,57.21335599999999,0 -153.209732,57.218773,0 -153.201722,57.221679,0 -153.169724,57.220236,0 -153.163333,57.21671299999999,0 -153.125477,57.211841,0 -153.077916,57.211444,0 -153.056971,57.214756,0 -152.997739,57.231176,0 -152.950982,57.248991,0 -152.943463,57.256956,0 -152.944201,57.259083,0 -152.97091,57.282624,0 -153.012992,57.299453,0 -153.015994,57.30023099999999,0 -153.017643,57.297715,0 -153.039134,57.293314,0 -153.096133,57.286866,0 -153.101322,57.286901,0 -153.11628,57.297312,0 -153.09904,57.310513,0 -153.079288,57.32196,0 -153.056007,57.329229,0 -153.008525,57.33973300000001,0 -152.984715,57.339918,0 -152.909051,57.32422199999999,0 -152.900688,57.30297599999999,0 -152.886384,57.291337,0 -152.818187,57.265368,0 -152.787994,57.279905,0 -152.774155,57.290432,0 -152.750116,57.30886900000001,0 -152.716128,57.30566,0 -152.712008,57.27811999999999,0 -152.707768,57.27604599999999,0 -152.695698,57.281318,0 -152.657569,57.303551,0 -152.630441,57.322668,0 -152.606522,57.36366,0 -152.601148,57.38216500000001,0 -152.620377,57.40160100000001,0 -152.630018,57.405573,0 -152.67325,57.41324600000001,0 -152.722651,57.43335200000001,0 -152.742678,57.447852,0 -152.762676,57.45756000000001,0 -152.816666,57.471925,0 -152.911738,57.470775,0 -152.890173,57.486705,0 -152.913877,57.502968,0 -152.886205,57.510697,0 -152.838905,57.50227000000001,0 -152.825515,57.497048,0 -152.809036,57.494505,0 -152.798914,57.494255,0 -152.770196,57.50429,0 -152.743084,57.50571,0 -152.722846,57.494087,0 -152.719447,57.48802799999999,0 -152.720471,57.481572,0 -152.716765,57.478467,0 -152.684413,57.466597,0 -152.662831,57.463679,0 -152.646017,57.466134,0 -152.600375,57.468833,0 -152.570527,57.44890899999999,0 -152.517004,57.432184,0 -152.495215,57.45237900000001,0 -152.481776,57.467835,0 -152.449927,57.455819,0 -152.474883,57.43420400000001,0 -152.416473,57.435293,0 -152.361592,57.42776099999999,0 -152.339406,57.42268800000001,0 -152.314925,57.432413,0 -152.326134,57.441514,0 -152.323683,57.467861,0 -152.314889,57.486065,0 -152.29147,57.517103,0 -152.259641,57.527156,0 -152.163996,57.584607,0 -152.159677,57.593614,0 -152.152393,57.619485,0 -152.161617,57.623287,0 -152.179531,57.624809,0 -152.265346,57.62643,0 -152.322733,57.623402,0 -152.313974,57.63642000000001,0 -152.338455,57.653338,0 -152.363411,57.641636,0 -152.38714,57.612428,0 -152.40247,57.607981,0 -152.426062,57.593357,0 -152.439667,57.590399,0 -152.459929,57.594373,0 -152.467756,57.598221,0 -152.468172,57.60099600000001,0 -152.461018,57.60631099999999,0 -152.428946,57.642162,0 -152.375295,57.67495,0 -152.398569,57.68721,0 -152.401492,57.686513,0 -152.44303,57.668049,0 -152.466641850652,57.6808286543288,0 -152.467679,57.68138999999999,0 -152.467463121972,57.6830411289973,0 -152.4649,57.702645,0 -152.464780918281,57.7027605985859,0 -152.440182,57.72664,0 -152.448862723693,57.7278224307495,0 -152.497056,57.734387,0 -152.497314,57.738596,0 -152.475807896702,57.75892194014691,0 -152.471,57.763466,0 -152.46555,57.767169,0 -152.45206194222,57.7727299420354,0 -152.443786,57.77614200000001,0 -152.383257718249,57.7767230560614,0 -152.381076,57.776744,0 -152.357233,57.773918,0 -152.349169,57.76848,0 -152.348644,57.764393,0 -152.342674,57.762306,0 -152.298762,57.745925,0 -152.24576,57.76963700000001,0 -152.212247,57.791433,0 -152.246473,57.792193,0 -152.309696,57.790166,0 -152.324284,57.82444399999999,0 -152.326328461741,57.82522958221709,0 -152.351152,57.834768,0 -152.364079,57.829372,0 -152.417424,57.81546400000001,0 -152.418231023804,57.8157792966468,0 -152.429326,57.820114,0 -152.433653,57.824314,0 -152.421441,57.836856,0 -152.40144,57.857375,0 -152.446124,57.869133,0 -152.468511,57.888621,0 -152.44824,57.902605,0 -152.414977,57.902231,0 -152.4037,57.901146,0 -152.39475,57.894602,0 -152.38613,57.890706,0 -152.377063,57.886728,0 -152.364777,57.883921,0 -152.333209,57.90255,0 -152.324103,57.916604,0 -152.362161,57.9262,0 -152.388626,57.924486,0 -152.426458,57.93085099999999,0 -152.437416,57.936978,0 -152.437604,57.939834,0 -152.422573,57.948662,0 -152.411618,57.969282,0 -152.415177,57.97308100000001,0 -152.421408,57.975683,0 -152.432608,57.976029,0 -152.470336,57.962099,0 -152.487666,57.941968,0 -152.526283,57.913266,0 -152.549661,57.900137,0 -152.567395,57.90035799999999,0 -152.585985,57.908101,0 -152.587705,57.926961,0 -152.635378,57.91861,0 -152.639375,57.91422,0 -152.641805,57.902499,0 -152.639887,57.899688,0 -152.653856,57.88354100000001,0 -152.681204,57.875675,0 -152.71589,57.855478,0 -152.732528,57.81625500000001,0 -152.753437,57.83445199999999,0 -152.758168,57.840272,0 -152.790211,57.85805799999999,0 -152.822543,57.843203,0 -152.841361,57.830221,0 -152.849997,57.821462,0 -152.854718,57.77027099999999,0 -152.852269,57.752318,0 -152.847811,57.746625,0 -152.850336,57.74004099999999,0 -152.874498,57.737961,0 -152.881998,57.73832,0 -152.892875,57.742012,0 -152.904312,57.750825,0 -152.916334,57.771216,0 -152.909791,57.810405,0 -152.902633,57.830146,0 -152.892517,57.842525,0 -152.823299,57.89092800000001,0 -152.804807,57.899175,0 -152.751978,57.933466,0 -152.739766,57.944798,0 -152.722524,57.987364,0 -152.852785,57.974583,0 -152.856284,57.947385,0 -152.871663,57.933279,0 -152.876197,57.932446,0 -153.024425,57.956954,0 -153.063853,57.959782,0 -153.099268,57.957008,0 -153.129494,57.946551,0 -153.217306,57.983659,0 -153.221576,57.98931899999999,0 -153.23473,57.99697199999999,0 -153.276536,57.998447,0 -153.297756,57.996425,0 -153.302198,57.99170599999999,0 -153.299009,57.985626,0 -153.270325,57.958566,0 -153.233229,57.940993,0 -153.198618,57.929923,0 -153.089419,57.865233,0 -153.09342,57.861569,0 -153.122513,57.856639,0 -153.127278,57.856748,0 -153.236952,57.89181800000001,0 -153.268149,57.888741,0 -153.273676,57.890408,0 -153.452645,57.963509,0 -153.461113,57.972769,0 -153.469421,57.977282,0 -153.484603,57.9765,0 -153.513347,57.968751,0 -153.520392,57.963387,0 -153.533204,57.941117,0 -153.536524,57.93077,0 -153.528697,57.921717,0 -153.512024,57.909156,0 -153.462011,57.88058800000001,0 -153.446406,57.87503499999999,0 -153.395813,57.858772,0 -153.328137,57.849851,0 -153.324881,57.848421,0 -153.322687,57.83619,0 -153.324872,57.831048,0 -153.343408,57.810866,0 -153.35358,57.80973100000001,0 -153.406716,57.828663,0 -153.45156,57.83928399999999,0 -153.479457,57.84201999999999,0 -153.48735,57.83427400000001,0 -153.480377,57.814665,0 -153.462463,57.795292,0 -153.469892,57.766536,0 -153.493401,57.728316,0 -153.515205,57.716505,0 -153.549605,57.717967,0 -153.554226,57.72245,0 -153.557647,57.734741,0 -153.553251,57.759512,0 -153.551088,57.76311,0 -153.550823,57.78689,0 -153.571362,57.83210100000001,0 -153.648798,57.880103,0 -153.721176,57.890615,0 -153.755054,57.88356499999999,0 -153.823385,57.865013,0 -153.93522,57.813047,0 -153.932964,57.703778,0 -153.930279,57.696791,0 -153.918344,57.695663,0 -153.888099,57.70544700000001,0 -153.862886,57.706943,0 -153.797971,57.69650800000001,0 -153.676721,57.66966300000001,0 -153.658008,57.66148,0 -153.648693,57.65412499999999,0 -153.663007,57.639858,0 -153.667261,57.639008,0 -153.705322,57.640923,0 -153.749178,57.646224,0 -153.858545,57.651138,0 -153.868275,57.64968799999999,0 -153.874286,57.64611,0 -153.879943,57.634072,0 -153.877756,57.629529,0 -153.852502,57.61351699999999,0 -153.846828,57.612648,0 -153.823753,57.597651,0 -153.813136,57.58858099999999,0 -153.824823,57.57761699999999,0 -153.848082,57.560589,0 -153.869096,57.551844,0 -153.87595,57.542769,0 -153.888891,57.504682,0 -153.922183,57.499036,0 -153.922982,57.52015299999999,0 -153.925905,57.529051,0 -153.929265,57.533253,0 -153.939099,57.53827100000001,0 -153.94755,57.540244,0 -153.971114,57.539436,0 -153.982199,57.553156,0 -153.984847,57.60459500000001,0 -153.982581,57.648251,0 -153.983015,57.649835,0 -153.994572,57.65690499999999,0 -154.031592,57.660854,0 -154.056226,57.65243,0 -154.08613,57.64905400000001,0 -154.186597,57.65857799999999,0 -154.196959,57.664639,0 -154.22566,57.661366,0 -154.344244,57.63090099999999,0 -154.411385,57.59845200000001,0 -154.431841,57.584783,0 -154.468328,57.570339,0 -154.500282,57.57442300000001,0 -154.511233,57.578646,0 -154.52206,57.577786,0 -154.540923,57.539621,0 -154.591678,57.518597,0 -154.602546,57.518751,0 -154.618704,57.51497199999999,0 -154.629678,57.51019699999999,0 -154.69331,57.446085,0 -154.702588,57.42052799999999,0 -154.699629,57.412873,0 -154.700598,57.401162,0 -154.707646,57.380688,0 -154.729038,57.36249000000001,0 -154.779663,57.366335,0 
							</coordinates>
						</LinearRing>
					</outerBoundaryIs>
				</Polygon>
				<Polygon>
					<tessellate>1</tessellate>
					<outerBoundaryIs>
						<LinearRing>
							<coordinates>
								-154.806114,56.434182,0 -154.805481,56.427488,0 -154.799907,56.41938700000001,0 -154.789003,56.411015,0 -154.775766,56.404075,0 -154.765021,56.401361,0 -154.742887,56.40167799999999,0 -154.73655,56.403848,0 -154.704129,56.42423000000001,0 -154.691485,56.436711,0 -154.668517,56.452544,0 -154.633586,56.471817,0 -154.571701,56.494165,0 -154.529507,56.502655,0 -154.436794,56.534556,0 -154.39248,56.554053,0 -154.391294,56.557931,0 -154.393868,56.56238799999999,0 -154.404015,56.57228700000001,0 -154.399389,56.576411,0 -154.402289,56.580543,0 -154.413435,56.586768,0 -154.449965,56.600361,0 -154.514078,56.604059,0 -154.524629,56.603925,0 -154.534726,56.60054,0 -154.70614,56.521273,0 -154.739644,56.496332,0 -154.777505,56.462199,0 -154.806114,56.434182,0 
							</coordinates>
						</LinearRing>
					</outerBoundaryIs>
				</Polygon>
				<Polygon>
					<tessellate>1</tessellate>
					<outerBoundaryIs>
						<LinearRing>
							<coordinates>
								-155.74905,55.825656,0 -155.750002,55.821849,0 -155.728111,55.779019,0 -155.718593,55.772356,0 -155.591002,55.761725,0 -155.566307,55.789488,0 -155.564404,55.809476,0 -155.584391,55.848499,0 -155.563452,55.885618,0 -155.568211,55.90751,0 -155.591054,55.912268,0 -155.637691,55.89418500000001,0 -155.656727,55.860872,0 -155.692895,55.84183600000001,0 -155.74905,55.825656,0 
							</coordinates>
						</LinearRing>
					</outerBoundaryIs>
				</Polygon>
				<Polygon>
					<tessellate>1</tessellate>
					<outerBoundaryIs>
						<LinearRing>
							<coordinates>
								-156.054367,19.738807,0 -156.061095,19.727766,0 -156.048953,19.715498,0 -156.048182033415,19.7035585237716,0 -156.047999,19.700724,0 -156.043558,19.69287,0 -156.037604,19.689851,0 -156.026628,19.676318,0 -156.025742,19.669539,0 -156.030193,19.665631,0 -156.032365,19.657244,0 -156.02574,19.647567,0 -156.018017,19.648078,0 -156.00306,19.638964,0 -156.000901749745,19.6392751298339,0 -155.994826,19.640151,0 -155.987381275005,19.6258205762919,0 -155.978206,19.608159,0 -155.97473202852,19.5992695516459,0 -155.967284,19.580211,0 -155.967775,19.566235,0 -155.965378,19.553014,0 -155.959359,19.549901,0 -155.956409557922,19.5295900340643,0 -155.955557,19.523719,0 -155.960226,19.518292,0 -155.950096,19.500683,0 -155.950202,19.486486,0 -155.937136,19.480567,0 -155.935089178728,19.4810718163256,0 -155.928074,19.482802,0 -155.921188,19.478702,0 -155.920386,19.470161,0 -155.925394,19.457848,0 -155.920086,19.430403,0 -155.905893,19.413266,0 -155.910785,19.397297,0 -155.895543,19.378163,0 -155.89607,19.371481,0 -155.883977,19.332986,0 -155.888844,19.319114,0 -155.89058,19.274897,0 -155.898346,19.255675,0 -155.901621,19.226914,0 -155.899527,19.212554,0 -155.905626,19.201661,0 -155.912388,19.154135,0 -155.91049,19.144973,0 -155.91717,19.134312,0 -155.917825,19.115729,0 -155.90741,19.084256,0 -155.905884592316,19.0828933367451,0 -155.899696,19.077365,0 -155.881765,19.049383,0 -155.881437,19.038219,0 -155.87846,19.035124,0 -155.849201,19.020728,0 -155.798665,19.010743,0 -155.759722,18.979106,0 -155.723026,18.967409,0 -155.697457,18.947484,0 -155.683296,18.930887,0 -155.684097,18.918823,0 -155.67969,18.913139,0 -155.671132,18.913733,0 -155.66008,18.921886,0 -155.639082,18.93783,0 -155.625942,18.956077,0 -155.619432,18.969432,0 -155.601866,18.971572,0 -155.596521,18.980654,0 -155.595234,18.994932,0 -155.585718,19.005565,0 -155.579016,19.021208,0 -155.564677,19.029519,0 -155.555556,19.044125,0 -155.553362,19.051492,0 -155.556337,19.079855,0 -155.555313753185,19.0811592411461,0 -155.550496,19.0873,0 -155.544258,19.087222,0 -155.524658,19.114243,0 -155.518175,19.115379,0 -155.512137,19.124296,0 -155.51214,19.128174,0 -155.500899,19.13722,0 -155.488494,19.138603,0 -155.447999,19.153261,0 -155.429081,19.170097,0 -155.415204,19.184427,0 -155.398393,19.190277,0 -155.389466,19.198225,0 -155.377403,19.199489,0 -155.359396,19.205984,0 -155.347914,19.21481,0 -155.338467,19.232262,0 -155.318445,19.242663,0 -155.296344,19.263468,0 -155.258048,19.270367,0 -155.228909,19.261817,0 -155.191381,19.259538,0 -155.15684,19.267274,0 -155.133282,19.273922,0 -155.12231,19.279613,0 -155.117199917383,19.2829738187433,0 -155.089618,19.301114,0 -155.087696411396,19.3018064045906,0 -155.049649,19.315516,0 -155.017452958145,19.3298514693556,0 -155.00664,19.334666,0 -154.969521,19.355607,0 -154.966322671173,19.3583602589059,0 -154.936163,19.384323,0 -154.927907,19.395782,0 -154.893397,19.414218,0 -154.8783,19.427636,0 -154.844587,19.455344,0 -154.822698,19.479364,0 -154.808036,19.515473,0 -154.808464440137,19.5174126398063,0 -154.809561,19.522377,0 -154.814417,19.53009,0 -154.822781,19.534243,0 -154.833433,19.534971,0 -154.849936,19.545073,0 -154.881976,19.555645,0 -154.920309,19.581465,0 -154.925594,19.589783,0 -154.930271198949,19.5933442942767,0 -154.932317,19.594902,0 -154.946189,19.602477,0 -154.947323970993,19.6042211185412,0 -154.95018,19.60861,0 -154.945622,19.618798,0 -154.948028498686,19.6220442131209,0 -154.949382,19.62387,0 -154.958785,19.623579,0 -154.974553,19.630754,0 -154.983778,19.641647,0 -154.984718,19.672161,0 -154.979562,19.68548,0 -154.987168,19.708524,0 -154.991170168851,19.7156297721669,0 -155.002209,19.735229,0 -155.040888,19.737441,0 -155.071895827136,19.7257463938867,0 -155.079374,19.722926,0 -155.083091098168,19.7244624802332,0 -155.086218,19.725755,0 -155.090881986092,19.7339589833251,0 -155.09238,19.736594,0 -155.091162506671,19.755748546302,0 -155.089405,19.783399,0 -155.090534,19.791548,0 -155.087959,19.800373,0 -155.093151,19.810753,0 -155.084411,19.834427,0 -155.085078,19.851242,0 -155.098716,19.867811,0 -155.107541,19.872467,0 -155.118577,19.883333,0 -155.124618,19.897288,0 -155.127777840559,19.9010353419914,0 -155.141431,19.917227,0 -155.146251,19.919576,0 -155.179939,19.949372,0 -155.195154,19.955562,0 -155.204937,19.969352,0 -155.238477,19.987623,0 -155.275998,20.016546,0 -155.285014597883,20.0193185893644,0 -155.296229,20.022767,0 -155.344154,20.045639,0 -155.383176,20.064282,0 -155.397982,20.06922,0 -155.401805,20.074493,0 -155.435997461797,20.0888990372092,0 -155.456509,20.097541,0 -155.496017,20.110624,0 -155.520951,20.115911,0 -155.556343,20.128503,0 -155.565778,20.127478,0 -155.579274,20.120073,0 -155.588517,20.118953,0 -155.595627,20.120995,0 -155.605339,20.133789,0 -155.623824,20.143576,0 -155.634395,20.143386,0 -155.652186,20.164244,0 -155.698520690011,20.187756303194,0 -155.731166,20.204322,0 -155.734284,20.211347,0 -155.733481,20.218456,0 -155.770378,20.244506,0 -155.779044,20.242826,0 -155.807844,20.256011,0 -155.850507,20.268596,0 -155.871134,20.264792,0 -155.887876,20.252289,0 -155.898665,20.232836,0 -155.903629,20.19746,0 -155.89534,20.143133,0 -155.88188,20.106052,0 -155.855167,20.068013,0 -155.838739,20.050525,0 -155.833371821757,20.0419939441433,0 -155.832861,20.041182,0 -155.823015,20.026509,0 -155.825312,20.00538,0 -155.831301,19.976073,0 -155.83545,19.972341,0 -155.853004,19.965729,0 -155.863071,19.951291,0 -155.877947,19.940073,0 -155.889238,19.928022,0 -155.889366,19.913643,0 -155.899551,19.907844,0 -155.90548,19.896946,0 -155.905167135027,19.8936718645248,0 -155.905037,19.89231,0 -155.923995,19.867755,0 -155.922714,19.855769,0 -155.936579,19.849461,0 -155.948421,19.85337,0 -155.96182,19.852093,0 -155.973654,19.84744,0 -155.979824,19.842562,0 -156.009472,19.80882,0 -156.037395,19.787074,0 -156.048772,19.771609,0 -156.054367,19.738807,0 
							</coordinates>
						</LinearRing>
					</outerBoundaryIs>
				</Polygon>
				<Polygon>
					<tessellate>1</tessellate>
					<outerBoundaryIs>
						<LinearRing>
							<coordinates>
								-156.699794,20.529394,0 -156.698753,20.523597,0 -156.684488,20.513186,0 -156.68049,20.506431,0 -156.663771,20.503127,0 -156.650477,20.512725,0 -156.644856,20.512158,0 -156.638231,20.508802,0 -156.613858,20.517229,0 -156.601803,20.520468,0 -156.594438,20.519932,0 -156.590351,20.511351,0 -156.58544,20.508207,0 -156.571291,20.515525,0 -156.5458,20.515153,0 -156.534661,20.525337,0 -156.536505,20.533508,0 -156.544418,20.536335,0 -156.551544,20.53355,0 -156.556826,20.536392,0 -156.556717,20.543284,0 -156.550306,20.552825,0 -156.546326,20.565209,0 -156.54092,20.56945,0 -156.542132,20.576997,0 -156.552702,20.591611,0 -156.566237,20.601777,0 -156.575968,20.603452,0 -156.599277,20.594778,0 -156.610912,20.585878,0 -156.648122,20.561968,0 -156.674477,20.555074,0 -156.69169,20.539731,0 -156.699794,20.529394,0 
							</coordinates>
						</LinearRing>
					</outerBoundaryIs>
				</Polygon>
				<Polygon>
					<tessellate>1</tessellate>
					<outerBoundaryIs>
						<LinearRing>
							<coordinates>
								-156.69989,20.920629,0 -156.697418,20.916368,0 -156.694346671123,20.9143850644592,0 -156.691334,20.91244,0 -156.688132,20.906325,0 -156.687804,20.89072,0 -156.688969,20.888673,0 -156.687638937346,20.8863395025608,0 -156.678634,20.870541,0 -156.664014053412,20.8551529131782,0 -156.631794,20.82124,0 -156.537752,20.778408,0 -156.525215,20.780821,0 -156.515994,20.794234,0 -156.506026,20.799463,0 -156.501688,20.799933,0 -156.489496,20.798339,0 -156.473562,20.790756,0 -156.470943039804,20.7882553456014,0 -156.464043,20.781667,0 -156.462694275465,20.7754866481783,0 -156.462058,20.772571,0 -156.462242,20.753952,0 -156.461153996636,20.7490107943945,0 -156.458438,20.736676,0 -156.456398259306,20.7346929289915,0 -156.452895,20.731287,0 -156.451038,20.725469,0 -156.449959159344,20.7160800970652,0 -156.448656,20.704739,0 -156.448474315613,20.7029625912069,0 -156.443673,20.656018,0 -156.445894,20.64927,0 -156.450651,20.642212,0 -156.442884,20.613842,0 -156.444242,20.607941,0 -156.438385,20.601337,0 -156.431872,20.598143,0 -156.427708,20.598873,0 -156.423141,20.602079,0 -156.417799,20.598682,0 -156.417151230991,20.5972186036713,0 -156.415746,20.594044,0 -156.417523,20.589728,0 -156.415313,20.586099,0 -156.377633,20.578427,0 -156.370725,20.57876,0 -156.359634,20.581977,0 -156.351716,20.58697,0 -156.322944,20.588273,0 -156.314799676573,20.5874389427815,0 -156.302692,20.586199,0 -156.293454,20.588783,0 -156.288037,20.59203,0 -156.284391,20.596488,0 -156.265921,20.601629,0 -156.236145,20.61595,0 -156.225338,20.62294,0 -156.210258,20.628518,0 -156.192938,20.631769,0 -156.184556,20.629719,0 -156.173393,20.6241,0 -156.169732,20.627358,0 -156.156772,20.629639,0 -156.148085,20.629067,0 -156.144588,20.624032,0 -156.142665,20.623605,0 -156.129898,20.627523,0 -156.120985,20.633685,0 -156.089365,20.648519,0 -156.081472,20.654387,0 -156.059753,20.652044,0 -156.053385,20.65432,0 -156.043786,20.664902,0 -156.040341,20.672719,0 -156.030702,20.682452,0 -156.020044,20.686857,0 -156.01415,20.685681,0 -156.00187,20.698064,0 -155.991534,20.713654,0 -155.987216,20.722717,0 -155.985413,20.744245,0 -155.986851,20.758577,0 -155.984587,20.767496,0 -155.987944,20.776552,0 -156.002947,20.789418,0 -156.003532,20.795545,0 -156.033287,20.808246,0 -156.059788,20.81054,0 -156.090291,20.831872,0 -156.100123,20.828502,0 -156.115735,20.827301,0 -156.129381,20.847513,0 -156.132669,20.861369,0 -156.166746,20.865646,0 -156.170458,20.874605,0 -156.173103,20.876926,0 -156.1939939616,20.8914735267778,0 -156.216341,20.907035,0 -156.217953,20.916573,0 -156.222062,20.918309,0 -156.226757,20.916677,0 -156.230089,20.917864,0 -156.230159,20.931936,0 -156.242555,20.937838,0 -156.258022936972,20.9401335044649,0 -156.263107,20.940888,0 -156.275116,20.937361,0 -156.286332,20.947701,0 -156.307198,20.942739,0 -156.324578,20.950184,0 -156.332817,20.94645,0 -156.341571364066,20.9393781095478,0 -156.342365,20.938737,0 -156.345655,20.941596,0 -156.352649,20.941414,0 -156.370729,20.932669,0 -156.374297,20.927616,0 -156.386045,20.919563,0 -156.394392031253,20.9177551565164,0 -156.422668,20.911631,0 -156.474796,20.894546,0 -156.480382691879,20.8978066143849,0 -156.481055,20.898199,0 -156.481638322687,20.8990500930291,0 -156.484062517977,20.9025870988053,0 -156.487296441331,20.9073055328466,0 -156.493263,20.916011,0 -156.49381558431,20.9185406550452,0 -156.495883,20.928005,0 -156.49948,20.934577,0 -156.507913,20.937886,0 -156.510391,20.940358,0 -156.512226,20.95128,0 -156.518707,20.954662,0 -156.528246,20.967757,0 -156.546291,21.005082,0 -156.549813,21.004939,0 -156.562773,21.016167,0 -156.580448,21.020172,0 -156.585047453537,21.0251220216424,0 -156.592256,21.03288,0 -156.606238,21.034371,0 -156.612065,21.027273,0 -156.612012,21.02477,0 -156.619581,21.027793,0 -156.642809,21.027583,0 -156.644167,21.022312,0 -156.642592,21.019936,0 -156.645966,21.014416,0 -156.649439599553,21.011497379703,0 -156.652419,21.008994,0 -156.665514,21.007054,0 -156.670399013994,20.9985503748347,0 -156.680905,20.980262,0 -156.680960465273,20.9801462642842,0 -156.693075982381,20.9548656161656,0 -156.69411,20.952708,0 -156.69989,20.920629,0 
							</coordinates>
						</LinearRing>
					</outerBoundaryIs>
				</Polygon>
				<Polygon>
					<tessellate>1</tessellate>
					<outerBoundaryIs>
						<LinearRing>
							<coordinates>
								-156.750741,56.037116,0 -156.735292,56.02264,0 -156.681814,55.99433699999999,0 -156.672955,56.00671000000001,0 -156.673733,56.026891,0 -156.634041,56.048003,0 -156.648539,56.078919,0 -156.683003,56.09881,0 -156.733628,56.077593,0 -156.750741,56.037116,0 
							</coordinates>
						</LinearRing>
					</outerBoundaryIs>
				</Polygon>
				<Polygon>
					<tessellate>1</tessellate>
					<outerBoundaryIs>
						<LinearRing>
							<coordinates>
								-156.804177,56.196646,0 -156.804177,56.176659,0 -156.796224,56.155856,0 -156.771816,56.150009,0 -156.759443,56.15667100000001,0 -156.76325,56.181418,0 -156.766676,56.213251,0 -156.771816,56.227103,0 -156.795611,56.215682,0 -156.804177,56.196646,0 
							</coordinates>
						</LinearRing>
					</outerBoundaryIs>
				</Polygon>
				<Polygon>
					<tessellate>1</tessellate>
					<outerBoundaryIs>
						<LinearRing>
							<coordinates>
								-157.062511,20.904385,0 -157.061128,20.890635,0 -157.059663,20.884634,0 -157.054552,20.877219,0 -157.010911,20.854476,0 -157.006243,20.849603,0 -156.991834,20.826603,0 -156.988933,20.815496,0 -156.994001,20.786671,0 -156.984747,20.756677,0 -156.96789,20.73508,0 -156.949009,20.738997,0 -156.909081,20.739533,0 -156.890295,20.744855,0 -156.869753,20.754701,0 -156.851481,20.760069,0 -156.846413,20.760201,0 -156.838321,20.764575,0 -156.817427,20.794606,0 -156.809463,20.809169,0 -156.808469,20.820396,0 -156.809576,20.826036,0 -156.825237,20.850731,0 -156.837047,20.863575,0 -156.897169,20.915395,0 -156.91845,20.922546,0 -156.937529,20.925274,0 -156.971604,20.926254,0 -156.989813,20.932127,0 -157.010001,20.929757,0 -157.025626,20.929528,0 -157.035789,20.927078,0 -157.05913,20.913407,0 -157.062511,20.904385,0 
							</coordinates>
						</LinearRing>
					</outerBoundaryIs>
				</Polygon>
				<Polygon>
					<tessellate>1</tessellate>
					<outerBoundaryIs>
						<LinearRing>
							<coordinates>
								-157.310748,21.101627,0 -157.298841,21.09337,0 -157.252534,21.08767,0 -157.149064,21.091538,0 -157.126818,21.097842,0 -157.095583,21.103584,0 -157.0909668678,21.1030865972942,0 -157.08066,21.101976,0 -157.04852,21.095821,0 -157.032045,21.091094,0 -157.02617,21.089015,0 -157.00052,21.076755,0 -156.953872,21.066128,0 -156.908831,21.055813,0 -156.891946,21.051831,0 -156.877137,21.0493,0 -156.857751,21.055731,0 -156.833175,21.057324,0 -156.8022,21.067095,0 -156.787121,21.079036,0 -156.765592,21.092139,0 -156.739342,21.111336,0 -156.722892,21.12895,0 -156.712434,21.144025,0 -156.709106,21.158655,0 -156.719386,21.163911,0 -156.736648,21.16188,0 -156.738341,21.17202,0 -156.742231,21.176214,0 -156.771495,21.180053,0 -156.821944,21.174693,0 -156.841592,21.167926,0 -156.867944,21.16452,0 -156.896537,21.172208,0 -156.89613,21.169561,0 -156.898174,21.16594,0 -156.903466,21.16421,0 -156.918248006048,21.1682793536899,0 -156.946159,21.175963,0 -156.950808,21.182636,0 -156.951654,21.191662,0 -156.962847,21.212131,0 -156.969064,21.217018,0 -156.974002,21.218503,0 -156.984032,21.212198,0 -156.984464,21.210063,0 -156.982343,21.207798,0 -156.987768,21.18935,0 -156.991318,21.18551,0 -156.999108,21.182221,0 -157.014552604751,21.1855034366075,0 -157.039987,21.190909,0 -157.047757,21.190739,0 -157.053053,21.188754,0 -157.064264,21.189076,0 -157.097971,21.198012,0 -157.113438,21.197375,0 -157.128207,21.201488,0 -157.144627,21.202555,0 -157.148125,21.200745,0 -157.157103,21.200706,0 -157.185553,21.205602,0 -157.192439,21.207644,0 -157.202125,21.219298,0 -157.212082,21.221848,0 -157.226445,21.220185,0 -157.241534,21.220969,0 -157.257085,21.227268,0 -157.26069,21.225684,0 -157.263163,21.220873,0 -157.261457,21.217661,0 -157.256935,21.215665,0 -157.25026,21.207739,0 -157.251007,21.190952,0 -157.249695,21.184401,0 -157.25672,21.171067,0 -157.269854,21.16043,0 -157.27722,21.158431,0 -157.288435,21.146829,0 -157.292371,21.13585,0 -157.298753,21.120752,0 -157.310748,21.101627,0 
							</coordinates>
						</LinearRing>
					</outerBoundaryIs>
				</Polygon>
				<Polygon>
					<tessellate>1</tessellate>
					<outerBoundaryIs>
						<LinearRing>
							<coordinates>
								-157.32611,56.540375,0 -157.328898,56.528155,0 -157.326059,56.525169,0 -157.168777,56.53021,0 -157.150309,56.5336,0 -157.142219,56.54239,0 -157.121393,56.55196299999999,0 -157.113193,56.55265799999999,0 -157.053384,56.550425,0 -157.017711,56.543081,0 -157.006523,56.53891,0 -157.003409,56.535639,0 -156.98609,56.532749,0 -156.972896,56.53650500000001,0 -156.975549,56.540446,0 -156.990969,56.547939,0 -157.02607,56.559757,0 -157.077383,56.579035,0 -157.091146,56.581134,0 -157.146636,56.583651,0 -157.250098,56.582142,0 -157.288702,56.566039,0 -157.298635,56.56005100000001,0 -157.32611,56.540375,0 
							</coordinates>
						</LinearRing>
					</outerBoundaryIs>
				</Polygon>
				<Polygon>
					<tessellate>1</tessellate>
					<outerBoundaryIs>
						<LinearRing>
							<coordinates>
								-157.901008,56.348119,0 -157.901959,56.342408,0 -157.826768,56.31099900000001,0 -157.796311,56.320517,0 -157.807733,56.357637,0 -157.832479,56.37001000000001,0 -157.901008,56.348119,0 
							</coordinates>
						</LinearRing>
					</outerBoundaryIs>
				</Polygon>
				<Polygon>
					<tessellate>1</tessellate>
					<outerBoundaryIs>
						<LinearRing>
							<coordinates>
								-158.277679,21.578789,0 -158.27951,21.575794,0 -158.271118093452,21.5704336438668,0 -158.250671,21.557373,0 -158.234314,21.540058,0 -158.23175,21.533035,0 -158.231171,21.523857,0 -158.233,21.4876,0 -158.224664776205,21.4766413392334,0 -158.219446,21.46978,0 -158.208131671017,21.4617450001031,0 -158.205383,21.459793,0 -158.204923099672,21.4593782038556,0 -158.192352,21.44804,0 -158.188708201214,21.4412934900263,0 -158.182648,21.430073,0 -158.18240779307,21.4287313102026,0 -158.181,21.420868,0 -158.181274,21.409626,0 -158.1792,21.4043,0 -158.178054743453,21.4037739836744,0 -158.174808093711,21.4022827974665,0 -158.161743,21.396282,0 -158.159159731962,21.3939028324806,0 -158.152178784744,21.3874734404735,0 -158.149719,21.385208,0 -158.147654910605,21.3827080390898,0 -158.1403,21.3738,0 -158.137099624928,21.3671848337915,0 -158.13324,21.359207,0 -158.130502075895,21.3490227386755,0 -158.125459,21.330264,0 -158.1225,21.3224,0 -158.122421843596,21.3220929569844,0 -158.1211,21.3169,0 -158.1127,21.3019,0 -158.1033,21.2979,0 -158.0883,21.2988,0 -158.086647020146,21.2990720421389,0 -158.044485315802,21.3060108806282,0 -158.0245,21.3093,0 -158.019448085076,21.3100756261703,0 -158.018944494934,21.3101529429303,0 -158.008735397275,21.311720357156,0 -158.004981505393,21.3122966963913,0 -157.981525,21.315898,0 -157.974157,21.319577,0 -157.969215165854,21.3262947308971,0 -157.967971,21.327986,0 -157.951881,21.318742,0 -157.950736,21.312509,0 -157.95160083433,21.3091232897029,0 -157.952263,21.306531,0 -157.910925,21.305768,0 -157.906180403107,21.3059339758627,0 -157.89,21.3065,0 -157.887950214641,21.3053438646456,0 -157.870012668743,21.2952265950988,0 -157.866551968887,21.2932746651375,0 -157.854957349951,21.2867349809619,0 -157.851048,21.28453,0 -157.844989105364,21.2829383852089,0 -157.8319,21.2795,0 -157.825329333333,21.271436,0 -157.8253,21.2714,0 -157.8241,21.2646,0 -157.8211,21.2606,0 -157.815957667885,21.2593032379884,0 -157.8096,21.2577,0 -157.7931,21.2604,0 -157.792800767136,21.2605103586086,0 -157.779944,21.265252,0 -157.768048067819,21.2761162721095,0 -157.765,21.2789,0 -157.760003021455,21.2783234255525,0 -157.7572,21.278,0 -157.751070220824,21.2789829784513,0 -157.744335121042,21.2800630268123,0 -157.732169,21.282014,0 -157.722480722982,21.2794640237174,0 -157.720252362412,21.2788775142079,0 -157.717929,21.278266,0 -157.7114,21.272,0 -157.7142,21.2665,0 -157.7139,21.2638,0 -157.713563571167,21.2636638264248,0 -157.7097,21.2621,0 -157.707774299077,21.2624811283078,0 -157.7001,21.264,0 -157.6944,21.2665,0 -157.685775,21.275763,0 -157.669916526186,21.2862855627275,0 -157.651032,21.298816,0 -157.651532433522,21.3086448271369,0 -157.6518,21.3139,0 -157.6619,21.3131,0 -157.679742766524,21.3241748206009,0 -157.690154927342,21.330637541109,0 -157.6938,21.3329,0 -157.6971,21.3364,0 -157.704145093908,21.3466364612342,0 -157.7088,21.3534,0 -157.7106,21.3585,0 -157.7126,21.3689,0 -157.7087,21.3793,0 -157.70871567727,21.3796135454098,0 -157.7089,21.3833,0 -157.7189,21.3961,0 -157.719422157079,21.3969230611587,0 -157.721083,21.399541,0 -157.721545404648,21.4007880361581,0 -157.721845,21.401596,0 -157.722544,21.403036,0 -157.722735,21.403121,0 -157.723286,21.403227,0 -157.723794,21.40329,0 -157.724324,21.403311,0 -157.726421,21.402845,0 -157.728221,21.402104,0 -157.730191,21.401871,0 -157.735903316641,21.4035210436581,0 -157.7386,21.4043,0 -157.741211,21.414614,0 -157.740762,21.424048,0 -157.73925577249,21.4284295310967,0 -157.73582,21.438424,0 -157.734260742951,21.4406070292921,0 -157.731328,21.444713,0 -157.725758,21.449973,0 -157.722506,21.459225,0 -157.737617,21.459089,0 -157.743751727672,21.4544684248364,0 -157.744999,21.453529,0 -157.764572,21.461335,0 -157.772209,21.457741,0 -157.778919,21.446404,0 -157.763086,21.437813,0 -157.76587101573,21.4324771922131,0 -157.772634,21.41952,0 -157.778044,21.411816,0 -157.780374477999,21.4128663524056,0 -157.782168682679,21.413675005052,0 -157.786513,21.415633,0 -157.789833508031,21.4181108351309,0 -157.797152516165,21.4235724377858,0 -157.8059,21.4301,0 -157.811654602649,21.4374371183775,0 -157.8139,21.4403,0 -157.815482976363,21.4468297774969,0 -157.8163,21.4502,0 -157.82489,21.455379,0 -157.839553739546,21.4591168873974,0 -157.84099,21.459483,0 -157.84549,21.466747,0 -157.852625,21.499971,0 -157.849579,21.509598,0 -157.837372,21.512085,0 -157.836945,21.529945,0 -157.839470307334,21.5344006926657,0 -157.85257,21.557514,0 -157.85614,21.560661,0 -157.8669,21.5637,0 -157.872528,21.557568,0 -157.878601,21.560181,0 -157.878219335856,21.5647865970573,0 -157.87735,21.575277,0 -157.894675033752,21.5981104754173,0 -157.900574,21.605885,0 -157.910797,21.611183,0 -157.915045362787,21.6171022177655,0 -157.9238,21.6293,0 -157.9228,21.6361,0 -157.924591,21.651183,0 -157.9301,21.6552,0 -157.939,21.669,0 -157.940453667495,21.672657821511,0 -157.947174,21.689568,0 -157.968628,21.712704,0 -157.98703,21.712494,0 -157.9923,21.708,0 -158.018127,21.699955,0 -158.026362161326,21.6931956307049,0 -158.0372,21.6843,0 -158.062137961756,21.6601092430903,0 -158.0639,21.6584,0 -158.066711,21.65234,0 -158.0668,21.6437,0 -158.0692390519,21.6407945574199,0 -158.079895,21.628101,0 -158.108185,21.607487,0 -158.1095,21.6057,0 -158.106689,21.603024,0 -158.106712707114,21.598093684959,0 -158.10672,21.596577,0 -158.12237915086,21.5884216412831,0 -158.12561,21.586739,0 -158.134467850342,21.5858532149658,0 -158.17,21.5823,0 -158.190704,21.585892,0 -158.254425,21.582684,0 -158.277679,21.578789,0 
							</coordinates>
						</LinearRing>
					</outerBoundaryIs>
				</Polygon>
				<Polygon>
					<tessellate>1</tessellate>
					<outerBoundaryIs>
						<LinearRing>
							<coordinates>
								-158.897764,55.826303,0 -158.889198,55.810123,0 -158.840657,55.80821899999999,0 -158.83685,55.814882,0 -158.865403,55.827255,0 -158.845416,55.853905,0 -158.805441,55.857712,0 -158.758803,55.83677300000001,0 -158.731202,55.826303,0 -158.711214,55.8244,0 -158.701696,55.832014,0 -158.7036,55.841532,0 -158.750237,55.87579600000001,0 -158.800682,55.891025,0 -158.86921,55.880555,0 -158.881584,55.866278,0 -158.897764,55.826303,0 
							</coordinates>
						</LinearRing>
					</outerBoundaryIs>
				</Polygon>
				<Polygon>
					<tessellate>1</tessellate>
					<outerBoundaryIs>
						<LinearRing>
							<coordinates>
								-159.145228,55.876748,0 -159.183299,55.844387,0 -159.134758,55.82820699999999,0 -159.086217,55.834869,0 -159.096687,55.854857,0 -159.116674,55.868182,0 -159.145228,55.876748,0 
							</coordinates>
						</LinearRing>
					</outerBoundaryIs>
				</Polygon>
				<Polygon>
					<tessellate>1</tessellate>
					<outerBoundaryIs>
						<LinearRing>
							<coordinates>
								-159.320732,54.897269,0 -159.327873,54.884749,0 -159.309681,54.865813,0 -159.305864,54.86369799999999,0 -159.272354,54.86420400000001,0 -159.236066,54.87648,0 -159.212627,54.896066,0 -159.203228,54.91484200000001,0 -159.202857,54.9255,0 -159.20567,54.927438,0 -159.278696,54.948514,0 -159.317681,54.933707,0 -159.324364,54.928329,0 -159.312733,54.918686,0 -159.31206,54.909601,0 -159.313528,54.903388,0 -159.320732,54.897269,0 
							</coordinates>
						</LinearRing>
					</outerBoundaryIs>
				</Polygon>
				<Polygon>
					<tessellate>1</tessellate>
					<outerBoundaryIs>
						<LinearRing>
							<coordinates>
								-159.384126,55.749209,0 -159.394595,55.714944,0 -159.352826,55.746422,0 -159.308935,55.75016,0 -159.279429,55.762534,0 -159.275622,55.773955,0 -159.290851,55.793943,0 -159.321308,55.815834,0 -159.355572,55.807268,0 -159.384126,55.749209,0 
							</coordinates>
						</LinearRing>
					</outerBoundaryIs>
				</Polygon>
				<Polygon>
					<tessellate>1</tessellate>
					<outerBoundaryIs>
						<LinearRing>
							<coordinates>
								-159.459551,54.948652,0 -159.457995,54.94572999999999,0 -159.447982,54.94137400000001,0 -159.426615,54.942266,0 -159.33177,54.974598,0 -159.330164,54.976378,0 -159.328791,54.980598,0 -159.33847,55.046683,0 -159.345276,55.059397,0 -159.381841,55.064032,0 -159.448473,55.06434299999999,0 -159.455311,55.061452,0 -159.455434,55.03580900000001,0 -159.417987,55.02201300000001,0 -159.416786,55.00029599999999,0 -159.440057,54.988502,0 -159.451251,54.975285,0 -159.459551,54.948652,0 
							</coordinates>
						</LinearRing>
					</outerBoundaryIs>
				</Polygon>
				<Polygon>
					<tessellate>1</tessellate>
					<outerBoundaryIs>
						<LinearRing>
							<coordinates>
								-159.602386,54.814026,0 -159.587158,54.775955,0 -159.597627,54.755968,0 -159.543376,54.754064,0 -159.51387,54.759775,0 -159.510063,54.78928,0 -159.568122,54.825448,0 -159.587158,54.82735099999999,0 -159.602386,54.814026,0 
							</coordinates>
						</LinearRing>
					</outerBoundaryIs>
				</Polygon>
				<Polygon>
					<tessellate>1</tessellate>
					<outerBoundaryIs>
						<LinearRing>
							<coordinates>
								-159.662223,55.190072,0 -159.670305,55.182337,0 -159.654855,55.122309,0 -159.650859,55.06579,0 -159.649062,55.049532,0 -159.644029,55.04259700000001,0 -159.638905,55.03874499999999,0 -159.635226,55.037294,0 -159.597824,55.04699999999999,0 -159.577372,55.04258600000001,0 -159.572365,55.060122,0 -159.535465,55.058735,0 -159.517824,55.044735,0 -159.509674,55.041408,0 -159.489589,55.049229,0 -159.48498,55.05405,0 -159.4842,55.057695,0 -159.524444,55.077358,0 -159.53363,55.083987,0 -159.530302,55.106194,0 -159.509361,55.13020600000001,0 -159.503592,55.131373,0 -159.494772,55.13605,0 -159.493398,55.155055,0 -159.499502,55.173991,0 -159.504325,55.17682200000001,0 -159.533457,55.18476100000001,0 -159.51235,55.208353,0 -159.50527,55.222269,0 -159.503196,55.234993,0 -159.519196,55.253693,0 -159.521096,55.253393,0 -159.581888,55.214351,0 -159.598525,55.172565,0 -159.662223,55.190072,0 
							</coordinates>
						</LinearRing>
					</outerBoundaryIs>
				</Polygon>
				<Polygon>
					<tessellate>1</tessellate>
					<outerBoundaryIs>
						<LinearRing>
							<coordinates>
								-159.787557,22.029825,0 -159.784659,22.014213,0 -159.77283,22.004511,0 -159.763592,21.98441,0 -159.754795,21.977772,0 -159.721733,21.968801,0 -159.707042,21.961806,0 -159.669782,21.955539,0 -159.666058586074,21.9515039994268,0 -159.649766,21.933848,0 -159.636232,21.916244,0 -159.612739,21.900991,0 -159.604463,21.892574,0 -159.595026770213,21.8967210004905,0 -159.588114,21.899759,0 -159.581738,21.896162,0 -159.560859,21.889999,0 -159.526918,21.883886,0 -159.512206,21.888085,0 -159.502870132244,21.8863601901979,0 -159.472807,21.880806,0 -159.46905859888,21.8791720196414,0 -159.444868,21.868627,0 -159.416473,21.887334,0 -159.396883,21.902963,0 -159.39161378212,21.9045968217252,0 -159.389504,21.905251,0 -159.383228,21.919499,0 -159.366362,21.929363,0 -159.348198,21.936933,0 -159.34841,21.954249,0 -159.343360598249,21.9557257412786,0 -159.335468,21.958034,0 -159.330675,21.966793,0 -159.333681,21.983187,0 -159.330373,21.99106,0 -159.331927851574,21.9946357326337,0 -159.334023,21.999454,0 -159.338591,22.023442,0 -159.334489,22.041698,0 -159.334030049983,22.044023707929,0 -159.33271,22.050713,0 -159.324694,22.053964,0 -159.31988934622,22.0595469567548,0 -159.31828,22.061417,0 -159.316634,22.075422,0 -159.30738,22.087929,0 -159.305795864145,22.0930202164384,0 -159.303892,22.099139,0 -159.296063,22.106818,0 -159.293703,22.123529,0 -159.29401,22.140367,0 -159.296599,22.145652,0 -159.305889,22.14877,0 -159.305796,22.157942,0 -159.312604,22.1729,0 -159.313289,22.182576,0 -159.32829,22.194184,0 -159.331575,22.200016,0 -159.336116231435,22.2033440892314,0 -159.351456,22.214586,0 -159.361281,22.2118,0 -159.384829,22.217287,0 -159.386328,22.224256,0 -159.399208,22.229639,0 -159.406741,22.22568,0 -159.419725,22.223132,0 -159.429053,22.218228,0 -159.449125,22.225152,0 -159.46083,22.224351,0 -159.463728686594,22.2249028507326,0 -159.487939,22.229512,0 -159.498483,22.220688,0 -159.497530516909,22.2146461159362,0 -159.497446,22.21411,0 -159.499126,22.204852,0 -159.50712,22.201589,0 -159.516379,22.205457,0 -159.51941,22.214199,0 -159.530594,22.215754,0 -159.541407,22.214637,0 -159.544552,22.221281,0 -159.553588,22.225518,0 -159.562978,22.223082,0 -159.581058,22.223488,0 -159.61165,22.201388,0 -159.652709,22.175938,0 -159.675403,22.166832,0 -159.691557628292,22.1627704438294,0 -159.696038,22.161644,0 -159.719392,22.151606,0 -159.730544,22.139953,0 -159.745247,22.097508,0 -159.783746,22.064897,0 -159.783863,22.047809,0 -159.787557,22.029825,0 
							</coordinates>
						</LinearRing>
					</outerBoundaryIs>
				</Polygon>
				<Polygon>
					<tessellate>1</tessellate>
					<outerBoundaryIs>
						<LinearRing>
							<coordinates>
								-159.818441,54.820689,0 -159.820345,54.814978,0 -159.802261,54.800701,0 -159.774659,54.79403899999999,0 -159.74325,54.813075,0 -159.703275,54.81688200000001,0 -159.694709,54.83496599999999,0 -159.742299,54.84258,0 -159.768948,54.8264,0 -159.818441,54.820689,0 
							</coordinates>
						</LinearRing>
					</outerBoundaryIs>
				</Polygon>
				<Polygon>
					<tessellate>1</tessellate>
					<outerBoundaryIs>
						<LinearRing>
							<coordinates>
								-159.847138,55.055657,0 -159.858785,55.040271,0 -159.830738,55.01084300000001,0 -159.811486,55.016294,0 -159.813625,55.027467,0 -159.796513,55.060422,0 -159.752779,55.066139,0 -159.715939,55.09334999999999,0 -159.70762,55.12095,0 -159.715701,55.12910400000001,0 -159.731864,55.124212,0 -159.816953,55.088453,0 -159.825509,55.075665,0 -159.847138,55.055657,0 
							</coordinates>
						</LinearRing>
					</outerBoundaryIs>
				</Polygon>
				<Polygon>
					<tessellate>1</tessellate>
					<outerBoundaryIs>
						<LinearRing>
							<coordinates>
								-160.112717,55.33351500000001,0 -160.104156,55.31353000000001,0 -160.046387,55.30710699999999,0 -160.028961,55.31353000000001,0 -160.027054,55.323997,0 -160.046097,55.330662,0 -160.062271,55.343033,0 -160.087021,55.343033,0 -160.112717,55.33351500000001,0 
							</coordinates>
						</LinearRing>
					</outerBoundaryIs>
				</Polygon>
				<Polygon>
					<tessellate>1</tessellate>
					<outerBoundaryIs>
						<LinearRing>
							<coordinates>
								-160.244953,21.840984,0 -160.24386,21.818106,0 -160.232582,21.790685,0 -160.208241,21.782008,0 -160.202516,21.782733,0 -160.17508,21.840011,0 -160.159711,21.863905,0 -160.147609,21.872814,0 -160.11965,21.877046,0 -160.09419,21.88603,0 -160.076835,21.899768,0 -160.08303,21.924218,0 -160.075565,21.952676,0 -160.0623,21.97559,0 -160.054857,21.976508,0 -160.050414,21.981967,0 -160.055004,21.992755,0 -160.070449,21.998886,0 -160.089752,21.999883,0 -160.109691,21.991725,0 -160.112264,21.977888,0 -160.121977,21.953761,0 -160.135318,21.944614,0 -160.160571,21.936144,0 -160.164517,21.929072,0 -160.185568,21.921128,0 -160.209297,21.896875,0 -160.228555,21.882671,0 -160.232287,21.864114,0 -160.244953,21.840984,0 
							</coordinates>
						</LinearRing>
					</outerBoundaryIs>
				</Polygon>
				<Polygon>
					<tessellate>1</tessellate>
					<outerBoundaryIs>
						<LinearRing>
							<coordinates>
								-160.250814,54.929816,0 -160.254765,54.895974,0 -160.226967,54.864075,0 -160.200831,54.875282,0 -160.181636,54.902992,0 -160.183466,54.91568000000001,0 -160.115775,54.985078,0 -160.080659,54.994425,0 -160.052093,55.00577699999999,0 -159.951127,55.066642,0 -159.94541,55.087939,0 -159.951281,55.10064400000001,0 -159.947575,55.10521499999999,0 -159.906609,55.11254399999999,0 -159.886476,55.107087,0 -159.886109,55.102558,0 -159.86858,55.09488799999999,0 -159.855444,55.100758,0 -159.83089,55.126467,0 -159.82371,55.14412999999999,0 -159.816419,55.178051,0 -159.846264,55.180834,0 -159.860786,55.177086,0 -159.861308,55.17174800000001,0 -159.859568,55.164912,0 -159.860891,55.14933700000001,0 -159.884997,55.14559800000001,0 -159.901569,55.15685799999999,0 -159.905365,55.164689,0 -159.895326,55.21787200000001,0 -159.886523,55.22914900000001,0 -159.866624,55.231202,0 -159.860991,55.227884,0 -159.855302,55.230378,0 -159.844622,55.243828,0 -159.843859,55.249367,0 -159.848619,55.26754799999999,0 -159.870591,55.284889,0 -159.87969,55.290183,0 -159.889174,55.28713800000001,0 -159.93124,55.22006,0 -159.95435,55.189291,0 -159.983499,55.18037899999999,0 -159.994027,55.185247,0 -160.002155,55.19448000000001,0 -160.025257,55.203914,0 -160.052941,55.20303500000001,0 -160.061469,55.20037799999999,0 -160.047358,55.180879,0 -160.0179,55.15613,0 -160.004129,55.134482,0 -160.00517,55.129378,0 -160.01222,55.122946,0 -160.03033,55.116109,0 -160.055642,55.11158,0 -160.057797,55.115353,0 -160.057033,55.118488,0 -160.05282,55.119373,0 -160.052545,55.121716,0 -160.059599,55.133663,0 -160.077308,55.146495,0 -160.109864,55.160777,0 -160.187261,55.11837599999999,0 -160.191392,55.10857399999999,0 -160.174366,55.05257699999999,0 -160.133416,55.043947,0 -160.094288,55.052996,0 -160.087574,55.049967,0 -160.077872,55.0376,0 -160.082168,55.03357800000001,0 -160.106837,55.02700200000001,0 -160.132168,55.013743,0 -160.177607,54.981446,0 -160.223411,54.939124,0 -160.244253,54.933532,0 -160.250814,54.929816,0 
							</coordinates>
						</LinearRing>
					</outerBoundaryIs>
				</Polygon>
				<Polygon>
					<tessellate>1</tessellate>
					<outerBoundaryIs>
						<LinearRing>
							<coordinates>
								-160.317363,58.694314,0 -160.311421,58.680974,0 -160.286753,58.657725,0 -160.275294,58.636345,0 -160.255329,58.64648699999999,0 -160.248674,58.65848099999999,0 -160.253903,58.674673,0 -160.265043,58.699243,0 -160.281236,58.71888199999999,0 -160.30025,58.729494,0 -160.308331,58.717771,0 -160.317363,58.694314,0 
							</coordinates>
						</LinearRing>
					</outerBoundaryIs>
				</Polygon>
				<Polygon>
					<tessellate>1</tessellate>
					<outerBoundaryIs>
						<LinearRing>
							<coordinates>
								-160.347609,55.426187,0 -160.349526,55.420477,0 -160.339858,55.409692,0 -160.321132,55.393677,0 -160.308921,55.393174,0 -160.27997,55.39590499999999,0 -160.20361,55.391739,0 -160.154038,55.377518,0 -160.147993,55.37757599999999,0 -160.142505,55.38349100000001,0 -160.141834,55.387154,0 -160.137032,55.450709,0 -160.21178,55.45586200000001,0 -160.227504,55.46034,0 -160.260565,55.463674,0 -160.266834,55.462789,0 -160.323237,55.444633,0 -160.347609,55.426187,0 
							</coordinates>
						</LinearRing>
					</outerBoundaryIs>
				</Polygon>
				<Polygon>
					<tessellate>1</tessellate>
					<outerBoundaryIs>
						<LinearRing>
							<coordinates>
								-160.437154,58.684186,0 -160.430024,58.678256,0 -160.389143,58.700859,0 -160.381775,58.7116,0 -160.385815,58.729494,0 -160.406731,58.749968,0 -160.423131,58.730358,0 -160.425745,58.712958,0 -160.437154,58.684186,0 
							</coordinates>
						</LinearRing>
					</outerBoundaryIs>
				</Polygon>
				<Polygon>
					<tessellate>1</tessellate>
					<outerBoundaryIs>
						<LinearRing>
							<coordinates>
								-160.856621,55.318488,0 -160.841221,55.293957,0 -160.841917,55.20444,0 -160.819487,55.187457,0 -160.807558,55.168161,0 -160.807468,55.155579,0 -160.815862,55.141556,0 -160.824468,55.120153,0 -160.821381,55.117851,0 -160.806009,55.12567000000001,0 -160.794198,55.134399,0 -160.765229,55.176716,0 -160.767393,55.185399,0 -160.756587,55.195143,0 -160.690293,55.210474,0 -160.688372,55.195588,0 -160.675871,55.173622,0 -160.655577,55.160261,0 -160.525226,55.129871,0 -160.496306,55.16639900000001,0 -160.486511,55.181951,0 -160.486174,55.193617,0 -160.527617,55.256374,0 -160.550759,55.264302,0 -160.565929,55.273137,0 -160.580088,55.30250300000001,0 -160.580668,55.307196,0 -160.57969,55.314292,0 -160.564427,55.33250399999999,0 -160.534943,55.343537,0 -160.528864,55.343501,0 -160.506927,55.32773000000001,0 -160.526945,55.319044,0 -160.518148,55.30910200000001,0 -160.481536,55.291779,0 -160.475493,55.28923,0 -160.468262,55.288925,0 -160.457765,55.291893,0 -160.449799,55.297081,0 -160.441896,55.298264,0 -160.390421,55.286576,0 -160.380472,55.272803,0 -160.378887,55.266692,0 -160.372603,55.25991,0 -160.341217,55.25179900000001,0 -160.330722,55.261045,0 -160.30655,55.303275,0 -160.317665,55.338533,0 -160.326463,55.353189,0 -160.333692,55.360139,0 -160.344369,55.36296200000001,0 -160.361758,55.36323,0 -160.40335,55.346299,0 -160.408614,55.341677,0 -160.425658,55.338883,0 -160.518955,55.361552,0 -160.522307,55.364367,0 -160.522399,55.370371,0 -160.522063,55.374369,0 -160.517513,55.379378,0 -160.545227,55.387911,0 -160.567384,55.390078,0 -160.572716,55.388978,0 -160.614256,55.348019,0 -160.651011,55.34365,0 -160.646156,55.357689,0 -160.646214,55.38314200000001,0 -160.649234,55.38878,0 -160.665927,55.399025,0 -160.687442,55.402198,0 -160.710298,55.40307499999999,0 -160.7778,55.388639,0 -160.797147,55.38152099999999,0 -160.840251,55.339777,0 -160.856621,55.318488,0 
							</coordinates>
						</LinearRing>
					</outerBoundaryIs>
				</Polygon>
				<Polygon>
					<tessellate>1</tessellate>
					<outerBoundaryIs>
						<LinearRing>
							<coordinates>
								-161.084196,58.58989100000001,0 -161.081341,58.555627,0 -161.07563,58.549916,0 -160.961416,58.553723,0 -160.880515,58.58132499999999,0 -160.684447,58.815464,0 -160.700627,58.817368,0 -160.843395,58.75169400000001,0 -160.918586,58.746935,0 -161.056595,58.702202,0 -161.078486,58.635577,0 -161.084196,58.58989100000001,0 
							</coordinates>
						</LinearRing>
					</outerBoundaryIs>
				</Polygon>
				<Polygon>
					<tessellate>1</tessellate>
					<outerBoundaryIs>
						<LinearRing>
							<coordinates>
								-161.426005,55.216563,0 -161.43933,55.198479,0 -161.409825,55.18039499999999,0 -161.344152,55.15850400000001,0 -161.329875,55.163263,0 -161.325116,55.184202,0 -161.329875,55.21941799999999,0 -161.399355,55.224177,0 -161.426005,55.216563,0 
							</coordinates>
						</LinearRing>
					</outerBoundaryIs>
				</Polygon>
				<Polygon>
					<tessellate>1</tessellate>
					<outerBoundaryIs>
						<LinearRing>
							<coordinates>
								-161.693457,55.21751500000001,0 -161.691553,55.198479,0 -161.629687,55.19657599999999,0 -161.560207,55.207045,0 -161.527846,55.250827,0 -161.540219,55.25844200000001,0 -161.617314,55.241309,0 -161.656337,55.24416500000001,0 -161.68489,55.232743,0 -161.693457,55.21751500000001,0 
							</coordinates>
						</LinearRing>
					</outerBoundaryIs>
				</Polygon>
				<Polygon>
					<tessellate>1</tessellate>
					<outerBoundaryIs>
						<LinearRing>
							<coordinates>
								-161.90361,55.116947,0 -161.924375,55.10992899999999,0 -161.87886,55.085537,0 -161.865044,55.099101,0 -161.839252,55.118114,0 -161.819869,55.113965,0 -161.816482,55.11131899999999,0 -161.814984,55.098639,0 -161.791606,55.077307,0 -161.764169,55.059509,0 -161.737922,55.054054,0 -161.690346,55.0785,0 -161.678171,55.087741,0 -161.678537,55.092829,0 -161.674539,55.095912,0 -161.654918,55.103244,0 -161.598303,55.081341,0 -161.606482,55.07420800000001,0 -161.606359,55.070264,0 -161.591069,55.06081799999999,0 -161.582584,55.058224,0 -161.565036,55.05887400000001,0 -161.557315,55.061193,0 -161.550357,55.065734,0 -161.548924,55.080115,0 -161.549901,55.082564,0 -161.570523,55.100493,0 -161.576643,55.103831,0 -161.608634,55.116906,0 -161.651563,55.130916,0 -161.663618,55.13026,0 -161.678389,55.131747,0 -161.697097,55.137133,0 -161.718614,55.154166,0 -161.73781,55.16193500000001,0 -161.82784,55.178473,0 -161.850057,55.17526,0 -161.888936,55.160724,0 -161.900685,55.14213899999999,0 -161.90361,55.116947,0 
							</coordinates>
						</LinearRing>
					</outerBoundaryIs>
				</Polygon>
				<Polygon>
					<tessellate>1</tessellate>
					<outerBoundaryIs>
						<LinearRing>
							<coordinates>
								-162.435473,54.929249,0 -162.437501,54.92762700000001,0 -162.425244,54.885021,0 -162.41737,54.877491,0 -162.349315,54.83604900000001,0 -162.321094,54.82792800000001,0 -162.30058,54.832594,0 -162.282944,54.841216,0 -162.275316,54.845565,0 -162.236806,54.88163,0 -162.232962,54.890984,0 -162.235675,54.962601,0 -162.249682,54.97590000000001,0 -162.255031,54.978353,0 -162.266743,54.982133,0 -162.326811,54.98533,0 -162.337431,54.981636,0 -162.435473,54.929249,0 
							</coordinates>
						</LinearRing>
					</outerBoundaryIs>
				</Polygon>
				<Polygon>
					<tessellate>1</tessellate>
					<outerBoundaryIs>
						<LinearRing>
							<coordinates>
								-162.682629,63.584066,0 -162.707559,63.577607,0 -162.680973,63.556859,0 -162.676581,63.55564799999999,0 -162.614949,63.540601,0 -162.562007,63.537105,0 -162.552701,63.54095099999999,0 -162.470029,63.54749999999999,0 -162.416802,63.547389,0 -162.377988,63.543813,0 -162.345179,63.551785,0 -162.341892,63.59406200000001,0 -162.374243,63.62642499999999,0 -162.401203,63.63436699999999,0 -162.424205,63.636215,0 -162.427696,63.63313400000001,0 -162.425265,63.631654,0 -162.425419,63.62994999999999,0 -162.430304,63.625745,0 -162.440229,63.62249099999999,0 -162.451929,63.62127,0 -162.498175,63.62206900000001,0 -162.512298,63.629784,0 -162.541389,63.635727,0 -162.558234,63.634308,0 -162.587527,63.62511499999999,0 -162.614621,63.621832,0 -162.644513,63.60259899999999,0 -162.682629,63.584066,0 
							</coordinates>
						</LinearRing>
					</outerBoundaryIs>
				</Polygon>
				<Polygon>
					<tessellate>1</tessellate>
					<outerBoundaryIs>
						<LinearRing>
							<coordinates>
								-162.834879,54.450482,0 -162.861736,54.424771,0 -162.808259,54.391156,0 -162.783778,54.376208,0 -162.760247,54.372193,0 -162.764525,54.38825000000001,0 -162.719842,54.400981,0 -162.695836,54.387696,0 -162.608608,54.369147,0 -162.546811,54.377038,0 -162.490481,54.349065,0 -162.46695,54.342692,0 -162.4496,54.362223,0 -162.431061,54.371085,0 -162.388754,54.367623,0 -162.361421,54.390188,0 -162.400162,54.407621,0 -162.425119,54.414399,0 -162.474081,54.418963,0 -162.518527,54.414399,0 -162.556556,54.425186,0 -162.585315,54.447995,0 -162.636654,54.457253,0 -162.670167,54.461121,0 -162.743134,54.47866299999999,0 -162.799702,54.49178,0 -162.829174,54.494679,0 -162.835116,54.482805,0 -162.834879,54.450482,0 
							</coordinates>
						</LinearRing>
					</outerBoundaryIs>
				</Polygon>
				<Polygon>
					<tessellate>1</tessellate>
					<outerBoundaryIs>
						<LinearRing>
							<coordinates>
								-163.170072,55.428782,0 -163.174192,55.41569,0 -163.160597,55.402827,0 -163.138489,55.39565300000001,0 -163.124208,55.398694,0 -163.117342,55.40251500000001,0 -163.117342,55.408518,0 -163.115832,55.41311799999999,0 -163.117479,55.42021,0 -163.120363,55.428549,0 -163.133958,55.435015,0 -163.150161,55.433613,0 -163.170072,55.428782,0 
							</coordinates>
						</LinearRing>
					</outerBoundaryIs>
				</Polygon>
				<Polygon>
					<tessellate>1</tessellate>
					<outerBoundaryIs>
						<LinearRing>
							<coordinates>
								-164.865189,54.206962,0 -164.883134,54.19618699999999,0 -164.839639,54.178664,0 -164.817653,54.18214099999999,0 -164.764413,54.209812,0 -164.7637,54.223153,0 -164.796975,54.22905899999999,0 -164.824183,54.225527,0 -164.865189,54.206962,0 
							</coordinates>
						</LinearRing>
					</outerBoundaryIs>
				</Polygon>
				<Polygon>
					<tessellate>1</tessellate>
					<outerBoundaryIs>
						<LinearRing>
							<coordinates>
								-165.220871,54.101574,0 -165.212264,54.090158,0 -165.203413,54.087752,0 -165.044322,54.066629,0 -164.960581,54.076026,0 -164.953165,54.078056,0 -164.921464,54.111083,0 -164.919689,54.11608,0 -164.921307,54.12856899999999,0 -164.937766,54.136682,0 -164.976199,54.134595,0 -165.00791,54.134934,0 -165.023065,54.121919,0 -165.050155,54.121708,0 -165.067428,54.12317400000001,0 -165.088486,54.128005,0 -165.140978,54.131079,0 -165.198746,54.116474,0 -165.220871,54.101574,0 
							</coordinates>
						</LinearRing>
					</outerBoundaryIs>
				</Polygon>
				<Polygon>
					<tessellate>1</tessellate>
					<outerBoundaryIs>
						<LinearRing>
							<coordinates>
								-165.483373,54.075036,0 -165.482747,54.072218,0 -165.458179,54.066313,0 -165.365768,54.073317,0 -165.336836,54.070126,0 -165.316662,54.049932,0 -165.287665,54.038349,0 -165.282674,54.05704800000001,0 -165.24583,54.05611,0 -165.235149,54.06276699999999,0 -165.234364,54.065423,0 -165.267012,54.095467,0 -165.271048,54.095665,0 -165.322268,54.09463400000001,0 -165.438972,54.084136,0 -165.468221,54.079641,0 -165.483373,54.075036,0 
							</coordinates>
						</LinearRing>
					</outerBoundaryIs>
				</Polygon>
				<Polygon>
					<tessellate>1</tessellate>
					<outerBoundaryIs>
						<LinearRing>
							<coordinates>
								-165.57502,54.04155899999999,0 -165.555768,54.023551,0 -165.527722,54.030811,0 -165.507994,54.030671,0 -165.491832,54.03569700000001,0 -165.480661,54.04420999999999,0 -165.500151,54.04895500000001,0 -165.5156,54.066673,0 -165.548015,54.058231,0 -165.57502,54.04155899999999,0 
							</coordinates>
						</LinearRing>
					</outerBoundaryIs>
				</Polygon>
				<Polygon>
					<tessellate>1</tessellate>
					<outerBoundaryIs>
						<LinearRing>
							<coordinates>
								-165.684114,54.24990699999999,0 -165.685823,54.243406,0 -165.681458,54.236914,0 -165.669383,54.229036,0 -165.640013,54.229673,0 -165.625609,54.233756,0 -165.615629,54.244834,0 -165.612082,54.246537,0 -165.595732,54.24271300000001,0 -165.587157,54.23816600000001,0 -165.579801,54.22957499999999,0 -165.585782,54.223067,0 -165.593656,54.218375,0 -165.621854,54.208105,0 -165.637081,54.199436,0 -165.629725,54.132558,0 -165.613214,54.120908,0 -165.575645,54.108618,0 -165.565422,54.108122,0 -165.549217,54.11219599999999,0 -165.536004,54.129606,0 -165.481317,54.179962,0 -165.47619,54.182701,0 -165.422356,54.182799,0 -165.412925,54.179221,0 -165.399985,54.177741,0 -165.383719,54.19673100000001,0 -165.391441,54.20425300000001,0 -165.405377,54.212837,0 -165.478816,54.21331000000001,0 -165.496279,54.210938,0 -165.512782,54.212929,0 -165.553251,54.239601,0 -165.55795,54.246826,0 -165.558835,54.250763,0 -165.557581,54.254138,0 -165.5137,54.274086,0 -165.479981,54.281838,0 -165.47775,54.283707,0 -165.478452,54.295333,0 -165.502775,54.299469,0 -165.523466,54.299895,0 -165.586509,54.28436099999999,0 -165.605225,54.294219,0 -165.61557,54.297445,0 -165.62555,54.298964,0 -165.636383,54.29756699999999,0 -165.675447,54.264639,0 -165.684114,54.24990699999999,0 
							</coordinates>
						</LinearRing>
					</outerBoundaryIs>
				</Polygon>
				<Polygon>
					<tessellate>1</tessellate>
					<outerBoundaryIs>
						<LinearRing>
							<coordinates>
								-166.101402,54.14414799999999,0 -166.112242,54.122528,0 -166.098255,54.103538,0 -166.046438,54.044186,0 -166.027733,54.04591700000001,0 -166.019861,54.051441,0 -165.984415,54.061722,0 -165.930242,54.066554,0 -165.916235,54.065708,0 -165.901649,54.06287,0 -165.897261,54.060634,0 -165.896308,54.055714,0 -165.875129,54.03642,0 -165.810747,54.07476399999999,0 -165.767173,54.065935,0 -165.671477,54.096235,0 -165.655573,54.1191,0 -165.661379,54.13093500000001,0 -165.667323,54.132123,0 -165.714198,54.120815,0 -165.732602,54.14812100000001,0 -165.742613,54.158352,0 -165.747893,54.161297,0 -165.790523,54.171758,0 -165.792569,54.18160499999999,0 -165.793781,54.183433,0 -165.797147,54.183246,0 -165.825159,54.16449900000001,0 -165.832421,54.161333,0 -165.837274,54.161028,0 -165.863518,54.166162,0 -165.868076,54.168731,0 -165.880456,54.183648,0 -165.871973,54.18978299999999,0 -165.865872,54.200014,0 -165.86514,54.21216,0 -165.868192,54.214884,0 -165.873076,54.216455,0 -165.94463,54.220855,0 -165.9832,54.221175,0 -166.002465,54.213629,0 -166.082028,54.175184,0 -166.101402,54.14414799999999,0 
							</coordinates>
						</LinearRing>
					</outerBoundaryIs>
				</Polygon>
				<Polygon>
					<tessellate>1</tessellate>
					<outerBoundaryIs>
						<LinearRing>
							<coordinates>
								-166.197111,53.984799,0 -166.196159,53.968619,0 -166.190449,53.960053,0 -166.152377,53.95529399999999,0 -166.116209,53.957197,0 -166.075283,53.96957099999999,0 -166.10574,53.988606,0 -166.172365,53.99812399999999,0 -166.197111,53.984799,0 
							</coordinates>
						</LinearRing>
					</outerBoundaryIs>
				</Polygon>
				<Polygon>
					<tessellate>1</tessellate>
					<outerBoundaryIs>
						<LinearRing>
							<coordinates>
								-167.442859,60.20934799999999,0 -167.455694,60.207577,0 -167.430619,60.197006,0 -167.401741,60.176445,0 -167.366564,60.14628800000001,0 -167.343509,60.126287,0 -167.33626,60.101772,0 -167.332932,60.076587,0 -167.333289,60.066626,0 -167.300727,60.060755,0 -167.266501,60.060339,0 -167.244159,60.057908,0 -167.225739,60.04088,0 -167.170835,60.012797,0 -167.128766,59.995864,0 -167.101076,59.98807799999999,0 -167.06578,59.98796000000001,0 -167.024899,59.984868,0 -166.987821,59.979042,0 -166.939572,59.96548300000001,0 -166.861138,59.94317,0 -166.772246,59.90273000000001,0 -166.762976,59.893312,0 -166.715322,59.88788699999999,0 -166.665528,59.878168,0 -166.643305,59.86051,0 -166.613951,59.848335,0 -166.578299,59.846186,0 -166.533853,59.848335,0 -166.512819,59.846425,0 -166.487981,59.844335,0 -166.443773,59.853229,0 -166.408002,59.85108099999999,0 -166.36213,59.838604,0 -166.343115,59.826122,0 -166.316852,59.824987,0 -166.272168,59.811455,0 -166.208707,59.77462299999999,0 -166.206806,59.75942400000001,0 -166.190406,59.750206,0 -166.154041,59.74829,0 -166.11209,59.754037,0 -166.097354,59.75703,0 -166.084282,59.776059,0 -166.097354,59.784074,0 -166.11209,59.800935,0 -166.125163,59.812291,0 -166.109951,59.82758499999999,0 -166.084995,59.839649,0 -166.02605,59.861494,0 -165.982317,59.871637,0 -165.930265,59.877243,0 -165.90008,59.86769900000001,0 -165.861101,59.86101699999999,0 -165.856822,59.869728,0 -165.838996,59.89048100000001,0 -165.799304,59.895488,0 -165.769832,59.900495,0 -165.727049,59.899064,0 -165.706609,59.883564,0 -165.677137,59.899064,0 -165.626511,59.90121,0 -165.582302,59.908242,0 -165.566378,59.92801800000001,0 -165.58254,59.934568,0 -165.591097,59.949806,0 -165.569468,59.957184,0 -165.557584,59.968487,0 -165.551879,59.978715,0 -165.599415,59.972531,0 -165.626511,59.969795,0 -165.652656,59.987157,0 -165.645287,59.999519,0 -165.633879,60.019597,0 -165.673571,60.029928,0 -165.680702,60.053904,0 -165.709223,60.06600299999999,0 -165.700429,60.07738699999999,0 -165.685455,60.084026,0 -165.662638,60.098484,0 -165.666679,60.124304,0 -165.675711,60.143242,0 -165.678087,60.154717,0 -165.705183,60.152825,0 -165.723484,60.163824,0 -165.711125,60.181202,0 -165.683554,60.19833500000001,0 -165.696389,60.225847,0 -165.722533,60.236468,0 -165.71778,60.250122,0 -165.694131,60.25301099999999,0 -165.678563,60.270696,0 -165.67987,60.292435,0 -165.719206,60.30998099999999,0 -165.767098,60.312188,0 -165.776843,60.326899,0 -165.82937,60.3309,0 -165.883086,60.343368,0 -165.918738,60.33784000000001,0 -165.954865,60.32089799999999,0 -165.984932,60.31427699999999,0 -166.03734,60.319456,0 -166.080954,60.322751,0 -166.069189,60.341163,0 -166.095215,60.351158,0 -166.103296,60.367321,0 -166.119221,60.386353,0 -166.127777,60.417404,0 -166.149763,60.4367,0 -166.167351,60.425558,0 -166.203716,60.390229,0 -166.241032,60.38882,0 -166.285121,60.382301,0 -166.331707,60.36826099999999,0 -166.371874,60.355156,0 -166.401347,60.36150299999999,0 -166.438662,60.376251,0 -166.490358,60.38946599999999,0 -166.514839,60.37302,0 -166.548589,60.361856,0 -166.579844,60.349747,0 -166.572238,60.328105,0 -166.582578,60.317809,0 -166.616566,60.319221,0 -166.664577,60.32686999999999,0 -166.713539,60.327341,0 -166.737664,60.312159,0 -166.770939,60.301209,0 -166.81277,60.283718,0 -166.835825,60.268751,0 -166.813127,60.249768,0 -166.805878,60.236084,0 -166.819901,60.22357499999999,0 -166.842599,60.21047,0 -166.87124,60.21330399999999,0 -166.888947,60.21047,0 -166.9183,60.202321,0 -166.951219,60.222335,0 -166.999943,60.218086,0 -167.033694,60.213717,0 -167.080041,60.222099,0 -167.112841,60.23148200000001,0 -167.160377,60.229299,0 -167.203278,60.23337,0 -167.238336,60.22876800000001,0 -167.273156,60.230066,0 -167.317602,60.231541,0 -167.343153,60.224165,0 -167.37215,60.215783,0 -167.396691,60.210083,0 -167.442859,60.20934799999999,0 
							</coordinates>
						</LinearRing>
					</outerBoundaryIs>
				</Polygon>
				<Polygon>
					<tessellate>1</tessellate>
					<outerBoundaryIs>
						<LinearRing>
							<coordinates>
								-167.852333,53.315599,0 -167.851511,53.308668,0 -167.83509,53.29962,0 -167.798984,53.284757,0 -167.644179,53.25084199999999,0 -167.622173,53.25036200000001,0 -167.609903,53.2853,0 -167.598428,53.288048,0 -167.58918,53.288698,0 -167.539247,53.277864,0 -167.530884,53.275659,0 -167.51547,53.267876,0 -167.488215,53.269121,0 -167.466304,53.295888,0 -167.442804,53.321015,0 -167.386984,53.340671,0 -167.348653,53.333262,0 -167.308126,53.33432999999999,0 -167.302982,53.336911,0 -167.291831,53.364102,0 -167.201432,53.3979,0 -167.134134,53.426448,0 -167.124277,53.425534,0 -167.112008,53.416775,0 -167.075386,53.424979,0 -167.050025,53.433067,0 -167.04821,53.44884399999999,0 -167.036104,53.44928899999999,0 -166.994329,53.429201,0 -166.964377,53.43252,0 -166.959082,53.455753,0 -166.922674,53.44113600000001,0 -166.878087,53.42988400000001,0 -166.863119,53.443878,0 -166.808221,53.434715,0 -166.789062,53.4531,0 -166.749158,53.44094400000001,0 -166.742859,53.464298,0 -166.74381,53.48339499999999,0 -166.772655,53.496371,0 -166.743054,53.51482,0 -166.735039,53.50664,0 -166.712475,53.498445,0 -166.667921,53.48602700000001,0 -166.662276,53.485349,0 -166.656234,53.487119,0 -166.647312,53.503898,0 -166.636379,53.523119,0 -166.639587,53.545086,0 -166.581011,53.530449,0 -166.572086,53.559736,0 -166.565907,53.583094,0 -166.508982,53.5838,0 -166.52871,53.61095199999999,0 -166.553983,53.623448,0 -166.532639,53.630533,0 -166.467583,53.646574,0 -166.444909,53.640646,0 -166.283267,53.684219,0 -166.274896,53.687253,0 -166.265182,53.69824800000001,0 -166.262974,53.70371,0 -166.19906,53.727328,0 -166.166703,53.733402,0 -166.111317,53.776856,0 -166.094147,53.83919999999999,0 -166.097565,53.84399,0 -166.113037,53.85371599999999,0 -166.119922,53.85504799999999,0 -166.198751,53.8361,0 -166.21233,53.827769,0 -166.214312,53.82043,0 -166.212603,53.81712699999999,0 -166.303201,53.79153800000001,0 -166.336768,53.78709000000001,0 -166.420471,53.76208799999999,0 -166.460324,53.745838,0 -166.469112,53.735935,0 -166.540531,53.715926,0 -166.552078,53.728498,0 -166.547438,53.749404,0 -166.434846,53.798012,0 -166.404896,53.80934500000001,0 -166.389196,53.832343,0 -166.351999,53.858532,0 -166.320004,53.869527,0 -166.250935,53.876851,0 -166.236513,53.881343,0 -166.211207,53.912334,0 -166.208767,53.92911,0 -166.210964,53.933557,0 -166.264519,53.97755,0 -166.279407,53.98253200000001,0 -166.319895,53.960126,0 -166.359925,53.977136,0 -166.354341,53.995515,0 -166.354614,53.999039,0 -166.357117,54.002343,0 -166.36746,54.008903,0 -166.373689,54.01003,0 -166.437083,53.955644,0 -166.435153,53.920415,0 -166.436526,53.916151,0 -166.443699,53.90972699999999,0 -166.487847,53.89544799999999,0 -166.508388,53.92394899999999,0 -166.535959,53.918,0 -166.551765,53.903229,0 -166.560546,53.87877499999999,0 -166.57509,53.879236,0 -166.597182,53.88399,0 -166.619003,53.893514,0 -166.640466,53.91251900000001,0 -166.646786,53.92378500000001,0 -166.621979,53.953744,0 -166.605438,53.955354,0 -166.587393,53.959831,0 -166.599947,53.983695,0 -166.619754,54.00126399999999,0 -166.636936,54.01199999999999,0 -166.644627,54.014495,0 -166.67664,54.017419,0 -166.728918,54.003111,0 -166.742587,54.015501,0 -166.746095,54.016936,0 -166.751681,54.01605,0 -166.818635,53.993198,0 -166.879488,53.988716,0 -166.930452,53.976091,0 -167.031252,53.945204,0 -167.058168,53.929778,0 -167.140992,53.866774,0 -167.141966,53.826932,0 -167.075859,53.786272,0 -167.024981,53.757241,0 -167.016863,53.754936,0 -167.005778,53.75544600000001,0 -166.992846,53.762604,0 -166.983294,53.771348,0 -166.975635,53.775254,0 -166.960681,53.776841,0 -166.942766,53.769562,0 -166.856491,53.74730100000001,0 -166.787318,53.734577,0 -166.779991,53.719126,0 -166.832464,53.707994,0 -166.832346,53.690687,0 -166.805874,53.665733,0 -166.832725,53.65737599999999,0 -166.861769,53.659234,0 -166.859022,53.674439,0 -166.894976,53.717746,0 -166.923324,53.71971899999999,0 -166.999282,53.71852,0 -167.022385,53.715467,0 -167.041245,53.70792900000001,0 -167.057695,53.698864,0 -167.067674,53.687267,0 -167.071823,53.66556000000001,0 -167.030011,53.653559,0 -167.017863,53.64860699999999,0 -167.008671,53.64204,0 -167.009635,53.635344,0 -167.062187,53.620058,0 -167.070082,53.619857,0 -167.084579,53.626502,0 -167.091377,53.633438,0 -167.107836,53.633056,0 -167.14043,53.62696800000001,0 -167.159808,53.617308,0 -167.163196,53.613813,0 -167.16164,53.605909,0 -167.135695,53.551227,0 -167.131239,53.547267,0 -167.105816,53.540507,0 -167.102305,53.51507699999999,0 -167.188033,53.524073,0 -167.182685,53.490643,0 -167.193801,53.467007,0 -167.199966,53.46303900000001,0 -167.217606,53.465389,0 -167.226182,53.468692,0 -167.267902,53.478115,0 -167.278827,53.478565,0 -167.30129,53.46600600000001,0 -167.306517,53.441475,0 -167.343,53.455489,0 -167.332792,53.433107,0 -167.355624,53.424498,0 -167.373527,53.432776,0 -167.393985,53.439752,0 -167.457366,53.442793,0 -167.473328,53.43800099999999,0 -167.474457,53.43178200000001,0 -167.488252,53.420001,0 -167.622089,53.385329,0 -167.653113,53.39227600000001,0 -167.694484,53.388034,0 -167.710446,53.381326,0 -167.790928,53.33552000000001,0 -167.852333,53.315599,0 
							</coordinates>
						</LinearRing>
					</outerBoundaryIs>
				</Polygon>
				<Polygon>
					<tessellate>1</tessellate>
					<outerBoundaryIs>
						<LinearRing>
							<coordinates>
								-168.097709,64.969025,0 -168.097709,64.96426599999999,0 -168.080577,64.958556,0 -168.050227,64.961234,0 -168.049168,64.98235,0 -168.074866,64.980447,0 -168.08248,64.97473599999999,0 -168.097709,64.969025,0 
							</coordinates>
						</LinearRing>
					</outerBoundaryIs>
				</Polygon>
				<Polygon>
					<tessellate>1</tessellate>
					<outerBoundaryIs>
						<LinearRing>
							<coordinates>
								-168.12893,65.655744,0 -168.134663,65.64084,0 -168.127044,65.62658399999999,0 -168.100003,65.610972,0 -168.09614,65.600882,0 -168.099356,65.599045,0 -168.099046,65.59223900000001,0 -168.0752,65.57635500000001,0 -168.04762,65.569149,0 -167.997178,65.55934600000001,0 -167.967065,65.558599,0 -167.909599,65.550876,0 -167.851234,65.53818099999999,0 -167.841836,65.530249,0 -167.710888,65.498524,0 -167.621371,65.466589,0 -167.620388,65.463463,0 -167.574639,65.444979,0 -167.474024,65.412744,0 -167.398458,65.40025900000001,0 -167.170465,65.389269,0 -167.10186,65.387737,0 -167.026782,65.381967,0 -166.899681,65.360642,0 -166.851646,65.348485,0 -166.796001,65.33718399999999,0 -166.679717,65.32685600000001,0 -166.655179,65.324938,0 -166.625987,65.325121,0 -166.596964,65.336246,0 -166.572735,65.338155,0 -166.551097,65.33840600000001,0 -166.51864,65.335824,0 -166.485968,65.3309,0 -166.439404,65.319058,0 -166.377721,65.297983,0 -166.360618,65.288631,0 -166.347189,65.276341,0 -166.386271,65.254143,0 -166.451711,65.236178,0 -166.475297,65.224335,0 -166.474839,65.217663,0 -166.465342,65.194818,0 -166.46005,65.189897,0 -166.459984,65.183284,0 -166.464192,65.177086,0 -166.479913,65.167249,0 -166.509566,65.152719,0 -166.521506,65.149242,0 -166.60607,65.135992,0 -166.634449,65.125873,0 -166.638411,65.113586,0 -166.67032,65.10972,0 -166.755554,65.110585,0 -166.81679,65.11708900000001,0 -166.826753,65.119778,0 -166.837496,65.128146,0 -166.872666,65.136928,0 -166.886677,65.138763,0 -166.89772,65.139028,0 -166.906687,65.13632,0 -166.910131,65.134024,0 -166.911922,65.12596499999999,0 -166.885451,65.105856,0 -166.860402,65.09086600000001,0 -166.82091,65.07705300000001,0 -166.732794,65.053498,0 -166.696453,65.03585699999999,0 -166.692426,65.029629,0 -166.688762,65.018029,0 -166.695206,65.005184,0 -166.705283,64.99984600000001,0 -166.70483,64.997051,0 -166.690814,64.985372,0 -166.636843,64.968113,0 -166.61511,64.96433,0 -166.586066,64.95571200000001,0 -166.530518,64.93711399999999,0 -166.432246,64.88316,0 -166.415624,64.871928,0 -166.409331,64.85975500000001,0 -166.407315,64.852281,0 -166.407303,64.834278,0 -166.410198,64.827968,0 -166.417028,64.81874000000001,0 -166.430516,64.807715,0 -166.478978,64.79703600000001,0 -166.481076,64.78615600000001,0 -166.483801,64.733419,0 -166.474714,64.719267,0 -166.451788,64.691761,0 -166.413926,64.651229,0 -166.392403,64.638161,0 -166.255920685317,64.59022486154581,0 -166.236939,64.583558,0 -166.189546,64.57579800000001,0 -165.919704,64.54866,0 -165.819595,64.540171,0 -165.751093,64.53643700000001,0 -165.550573,64.512235,0 -165.413443,64.497939,0 -165.214182,64.46972599999999,0 -165.016519,64.434392,0 -165.001961,64.43391699999999,0 -164.874421,64.44119499999999,0 -164.835679,64.444917,0 -164.807747,64.449432,0 -164.742526772432,64.46635136618259,0 -164.548298,64.516738,0 -164.491327,64.529824,0 -164.421871,64.54525599999999,0 -164.307273,64.561488,0 -164.260064,64.56422000000001,0 -164.147059,64.56455200000001,0 -164.071997,64.56128,0 -164.044839,64.559167,0 -163.994532,64.551742,0 -163.974352,64.55137000000001,0 -163.89618,64.564483,0 -163.875774,64.572935,0 -163.829739,64.57496500000001,0 -163.651943,64.56729900000001,0 -163.597834,64.563356,0 -163.451482,64.53482,0 -163.4129,64.524986,0 -163.350926,64.505859,0 -163.253027,64.46950099999999,0 -163.249092,64.45622299999999,0 -163.229206,64.430019,0 -163.175336,64.399334,0 -163.150789,64.397249,0 -163.11945,64.403808,0 -163.107459,64.409192,0 -163.091486,64.437736,0 -163.027158,64.47794500000001,0 -163.033231,64.51931399999999,0 -163.119723,64.510233,0 -163.178734,64.54354600000001,0 -163.254876,64.549257,0 -163.309128,64.57114799999999,0 -163.311983,64.58828,0 -163.217757,64.632062,0 -163.173975,64.63967599999999,0 -163.142566,64.609219,0 -163.060712,64.58828,0 -163.028352,64.569244,0 -163.0274,64.559726,0 -163.049291,64.549257,0 -163.042618,64.540046,0 -163.030657,64.54235300000001,0 -162.96925,64.54687,0 -162.940776,64.542417,0 -162.857562,64.49978,0 -162.858556,64.474864,0 -162.83654,64.436702,0 -162.806612,64.405608,0 -162.802266,64.39532699999999,0 -162.80035,64.374695,0 -162.807205,64.364643,0 -162.810004,64.352647,0 -162.805385,64.336023,0 -162.795636,64.327716,0 -162.790167,64.325182,0 -162.768424,64.333516,0 -162.719218,64.359971,0 -162.66768,64.375356,0 -162.645156,64.379783,0 -162.632242,64.385734,0 -162.60302,64.448666,0 -162.602178,64.456869,0 -162.615452,64.467077,0 -162.61422,64.470702,0 -162.554875,64.520341,0 -162.539996,64.530931,0 -162.342308,64.59224,0 -162.290571,64.605496,0 -162.270025,64.60871,0 -162.234477,64.619336,0 -162.219718,64.644176,0 -162.21662,64.65621299999999,0 -162.188146,64.67239499999999,0 -162.168516,64.68029,0 -162.138832,64.685934,0 -162.096528,64.690983,0 -161.939279,64.699119,0 -161.902429,64.703851,0 -161.878363,64.709476,0 -161.667261,64.78898100000001,0 -161.64552,64.77645200000001,0 -161.630287,64.77128999999999,0 -161.595506,64.764478,0 -161.518211,64.75324999999999,0 -161.42986,64.759027,0 -161.413493,64.76272299999999,0 -161.376985,64.773036,0 -161.367483,64.778907,0 -161.364438,64.782099,0 -161.366808,64.79377700000001,0 -161.357867,64.805922,0 -161.327848,64.829836,0 -161.293049,64.85324300000001,0 -161.264283,64.86197,0 -161.213756,64.883324,0 -161.198586,64.894403,0 -161.200964,64.89865899999999,0 -161.200893,64.905796,0 -161.195202,64.918178,0 -161.19212,64.92136600000001,0 -161.176009,64.927161,0 -161.145725,64.920534,0 -161.149366,64.91655799999999,0 -161.149655,64.911985,0 -161.133062,64.898219,0 -161.102755,64.880661,0 -161.079718,64.86954900000001,0 -160.986417,64.833984,0 -160.935974,64.82237000000001,0 -160.869571,64.78379700000001,0 -160.783398,64.71716000000001,0 -160.78357,64.680581,0 -160.791614,64.62305499999999,0 -160.793356,64.619317,0 -160.802048,64.61035200000001,0 -160.940493,64.55,0 -160.970555,64.54388400000001,0 -160.992894,64.54129500000001,0 -161.049148,64.540952,0 -161.052348,64.537395,0 -161.055549,64.532416,0 -161.05306,64.528504,0 -161.045947,64.52494799999999,0 -161.037534,64.522246,0 -161.01714,64.517124,0 -161.013228,64.507521,0 -161.015095,64.50212399999999,0 -161.024185,64.499719,0 -161.078031,64.494094,0 -161.155518,64.494687,0 -161.198029,64.49662600000001,0 -161.234092,64.500365,0 -161.321343,64.513865,0 -161.351145,64.521382,0 -161.362901,64.52691299999999,0 -161.373572,64.535028,0 -161.388621,64.53278299999999,0 -161.469046,64.506575,0 -161.479093,64.486401,0 -161.504903,64.423074,0 -161.492926,64.40785099999999,0 -161.470182,64.418814,0 -161.463026,64.420074,0 -161.410382,64.422107,0 -161.313668,64.400874,0 -161.263519,64.398166,0 -161.228941,64.37074699999999,0 -160.976038,64.235761,0 -160.946857,64.20415800000001,0 -160.953596,64.19777499999999,0 -160.956425,64.191732,0 -160.955132,64.13803,0 -160.951641,64.090067,0 -160.93374,64.049729,0 -160.892455,63.985943,0 -160.877686,63.977265,0 -160.851979,63.954409,0 -160.810798,63.904646,0 -160.787624,63.869196,0 -160.766291,63.835189,0 -160.761974,63.793453,0 -160.76556,63.773552,0 -160.783304,63.752893,0 -160.809089,63.731332,0 -160.904353,63.658024,0 -160.924877,63.64481399999999,0 -161.036049,63.579566,0 -161.102721,63.5478,0 -161.119964,63.532544,0 -161.13423,63.506735,0 -161.136758,63.504525,0 -161.191163,63.490072,0 -161.310181,63.471312,0 -161.450463,63.457178,0 -161.553077,63.449217,0 -161.583772,63.447857,0 -161.591632,63.45424400000001,0 -161.676526,63.465003,0 -161.70563,63.464061,0 -161.765832,63.453803,0 -161.839897,63.44731300000001,0 -161.930714,63.44484300000001,0 -162.025552,63.447539,0 -162.039444,63.45893,0 -162.050543,63.470589,0 -162.050132,63.47284999999999,0 -162.045709,63.475434,0 -162.041687,63.48965,0 -162.073156,63.51376799999999,0 -162.108597,63.511927,0 -162.123249,63.512807,0 -162.151574,63.51795199999999,0 -162.190145,63.529886,0 -162.252411,63.541753,0 -162.296731,63.540108,0 -162.301471,63.53735,0 -162.288532,63.526412,0 -162.267833,63.495084,0 -162.268242,63.490799,0 -162.271089,63.487711,0 -162.301869,63.473422,0 -162.352274,63.454069,0 -162.384625,63.43579700000001,0 -162.42153,63.409014,0 -162.428744,63.401055,0 -162.426095,63.393651,0 -162.432169,63.382606,0 -162.437059,63.377836,0 -162.571695,63.28555599999999,0 -162.593381202272,63.2722822381192,0 -162.662614,63.229906,0 -162.688083,63.22060799999999,0 -162.72408,63.214615,0 -162.747621,63.213572,0 -162.758741,63.217187,0 -162.769536,63.217069,0 -162.821122,63.205596,0 -162.834354,63.198076,0 -162.839167,63.193004,0 -162.840187,63.187579,0 -162.834926,63.164621,0 -162.83785,63.15922399999999,0 -162.844559,63.154191,0 -162.901643,63.125597,0 -162.919727,63.120153,0 -162.998302,63.089286,0 -163.0405,63.06215099999999,0 -163.053996,63.058334,0 -163.130853,63.049387,0 -163.316203,63.037763,0 -163.364979,63.05580499999999,0 -163.417683,63.083874,0 -163.433968,63.089296,0 -163.474794,63.09905299999999,0 -163.507217,63.113685,0 -163.520806,63.12328,0 -163.529938,63.1354,0 -163.590122,63.146091,0 -163.616272,63.141213,0 -163.650294,63.157564,0 -163.70398,63.188107,0 -163.724072,63.206592,0 -163.725805,63.21062000000001,0 -163.73265,63.21325699999999,0 -163.755283,63.217461,0 -163.788882,63.217482,0 -163.885059,63.222308,0 -163.909405,63.232514,0 -163.970266,63.248291,0 -164.036565,63.261204,0 -164.066991,63.262276,0 -164.140096,63.259336,0 -164.209475,63.251472,0 -164.363592,63.22628,0 -164.423449,63.211977,0 -164.493118,63.17767,0 -164.633943,63.09782000000001,0 -164.640324,63.09125699999999,0 -164.644886,63.079268,0 -164.643672,63.07497499999999,0 -164.641186,63.07268,0 -164.611616,63.077673,0 -164.580201,63.070127,0 -164.583735,63.058457,0 -164.685213,63.022191,0 -164.716841,63.00626400000001,0 -164.766117,62.958228,0 -164.783858,62.94615400000001,0 -164.813007,62.903919,0 -164.836318,62.852168,0 -164.850838,62.83951,0 -164.87564,62.80625400000001,0 -164.877773,62.797774,0 -164.8773,62.78432,0 -164.837703,62.685267,0 -164.869519,62.665973,0 -164.936739,62.66894700000001,0 -165.003661,62.641048,0 -165.013179,62.64009599999999,0 -165.052202,62.598217,0 -165.075997,62.582037,0 -165.096155,62.522452,0 -165.199804,62.46963700000001,0 -165.26927,62.427352,0 -165.294962,62.403353,0 -165.311967,62.378812,0 -165.337722,62.359031,0 -165.373713,62.338196,0 -165.500322,62.25545099999999,0 -165.620746,62.172616,0 -165.672037,62.13989,0 -165.706155,62.108365,0 -165.747898,62.073592,0 -165.760495,62.038842,0 -165.759804,62.001906,0 -165.743528,61.96253299999999,0 -165.703673,61.917012,0 -165.682536,61.894071,0 -165.629296,61.861358,0 -165.639516,61.847006,0 -165.696038,61.847055,0 -165.730439,61.842075,0 -165.736429,61.839188,0 -165.736904,61.832901,0 -165.74709,61.82772,0 -165.758413,61.825444,0 -165.870982,61.826013,0 -165.955265,61.832408,0 -166.085334,61.816498,0 -166.094312,61.81385900000001,0 -166.094045,61.805296,0 -166.092081,61.80073300000001,0 -166.006693,61.729879,0 -165.993851,61.723105,0 -165.934968,61.706299,0 -165.856791,61.690734,0 -165.81,61.68936,0 -165.809933,61.673029,0 -165.82214,61.67061000000001,0 -165.903783,61.66363200000001,0 -165.967894,61.654432,0 -166.015134,61.64586600000001,0 -166.031834,61.64119900000001,0 -166.053983,61.638201,0 -166.132162,61.63159,0 -166.139409,61.632315,0 -166.140133,61.639562,0 -166.138684,61.667101,0 -166.134402,61.709068,0 -166.13302,61.72191800000001,0 -166.134285,61.723919,0 -166.143757,61.72435200000001,0 -166.153178,61.714931,0 -166.158976,61.700437,0 -166.182688,61.588481,0 -166.18185,61.581342,0 -166.178627,61.574807,0 -166.165232,61.550618,0 -166.158345,61.541537,0 -166.149577,61.513288,0 -166.134247,61.50433099999999,0 -166.108269,61.492475,0 -166.075398,61.49298,0 -166.075816,61.502056,0 -166.08868,61.522885,0 -166.075524,61.532672,0 -166.034748,61.535221,0 -165.999535,61.53972,0 -165.985948,61.54665,0 -165.981879,61.55124899999999,0 -165.964035,61.555919,0 -165.912496,61.5562,0 -165.865668,61.535046,0 -165.807627,61.529171,0 -165.754317,61.498704,0 -165.746352,61.48930399999999,0 -165.748503,61.476446,0 -165.767226,61.45695,0 -165.791085,61.449852,0 -165.800525,61.449657,0 -165.844525,61.44060100000001,0 -165.918612,61.419087,0 -165.92195,61.40963800000001,0 -165.921194,61.40308,0 -165.915445,61.387686,0 -165.879599,61.335044,0 -165.858993,61.318865,0 -165.831365,61.30671899999999,0 -165.816434,61.303363,0 -165.809373,61.306827,0 -165.787442,61.310063,0 -165.662892,61.29457,0 -165.635791,61.285456,0 -165.623317,61.278431,0 -165.620589,61.26858599999999,0 -165.627549,61.25812499999999,0 -165.634048,61.237557,0 -165.631996,61.220708,0 -165.621281,61.192374,0 -165.627038,61.167152,0 -165.590682,61.111169,0 -165.55514,61.092674,0 -165.459236,61.08342399999999,0 -165.417286,61.078711,0 -165.385437,61.079574,0 -165.368324,61.083998,0 -165.363927,61.110765,0 -165.325552,61.169306,0 -165.307976,61.181823,0 -165.2897,61.18171400000001,0 -165.243779,61.151617,0 -165.203757,61.15034099999999,0 -165.172994,61.146919,0 -165.16886,61.144913,0 -165.165857,61.136567,0 -165.167072,61.133487,0 -165.17711,61.125494,0 -165.175321,61.120926,0 -165.167636,61.11350199999999,0 -165.119781,61.07864,0 -165.057842,61.059746,0 -165.011271,61.051984,0 -164.993503,61.07238899999999,0 -164.952384,61.06928500000001,0 -164.950573,61.048079,0 -164.951103,61.03102000000001,0 -164.961527,61.02416599999999,0 -164.998172,61.01382600000001,0 -165.020265,61.01115300000001,0 -165.083282,61.012933,0 -165.096828,61.01494400000001,0 -165.097425,61.01665799999999,0 -165.115681,61.016097,0 -165.133937,61.01125,0 -165.190271,60.983073,0 -165.194964,60.97991499999999,0 -165.194945,60.9739,0 -165.172467,60.940328,0 -165.132427,60.92246399999999,0 -165.126473263985,60.9213681097544,0 -165.03204,60.903986,0 -165.007096,60.92205800000001,0 -164.975305,60.933122,0 -164.964862,60.945384,0 -164.940065,60.945369,0 -164.921256,60.946509,0 -164.903903,60.942213,0 -164.917542,60.928144,0 -164.925994,60.925063,0 -164.939496,60.924774,0 -164.945958,60.92106,0 -165.003679,60.87558,0 -165.030183,60.83805,0 -165.02962,60.826001,0 -165.02143,60.815086,0 -165.009703,60.81506,0 -164.939313,60.82346299999999,0 -164.92418,60.809331,0 -164.944914,60.80037899999999,0 -164.977663,60.79036,0 -165.020309,60.78553899999999,0 -165.032615,60.78670399999999,0 -165.037889,60.78901,0 -165.042584,60.78443,0 -165.040843,60.77266,0 -165.032074,60.760022,0 -165.023904,60.75312799999999,0 -165.010452,60.744789,0 -164.971839,60.72973,0 -164.96541,60.72430600000001,0 -164.966591,60.71743799999999,0 -164.97125,60.711434,0 -164.991665,60.69884,0 -165.027535,60.68600799999999,0 -165.0433,60.687468,0 -165.052642,60.690068,0 -165.063148,60.688645,0 -165.147184,60.65116,0 -165.170458,60.629091,0 -165.178617,60.623927,0 -165.268717,60.579488,0 -165.289651,60.57575500000001,0 -165.312937,60.576313,0 -165.346721,60.580603,0 -165.367676,60.581158,0 -165.381052,60.577987,0 -165.415193,60.55816,0 -165.419788,60.552418,0 -165.420349,60.550692,0 -165.405071,60.53465,0 -165.377559,60.513164,0 -165.362975,60.506866,0 -165.244442,60.496298,0 -165.190449,60.498001,0 -165.05744,60.544631,0 -164.986952,60.542406,0 -164.97128,60.539558,0 -164.965488,60.536701,0 -164.960843,60.533845,0 -164.956788,60.527837,0 -164.961439,60.508391,0 -164.99787,60.480459,0 -165.015155,60.47141400000001,0 -165.04907,60.46151600000001,0 -165.069693,60.460893,0 -165.120728,60.451196,0 -165.124792,60.449191,0 -165.132893,60.438867,0 -165.129403,60.433707,0 -165.057585,60.386287,0 -165.005576,60.359812,0 -164.962678,60.33966,0 -164.899296,60.316787,0 -164.850355,60.303615,0 -164.777233,60.29383299999999,0 -164.72657,60.291475,0 -164.698889,60.29629800000001,0 -164.653098,60.267902,0 -164.651996,60.262745,0 -164.646332,60.253303,0 -164.634362,60.24298,0 -164.619501,60.23493800000001,0 -164.59607,60.222874,0 -164.558343,60.207042,0 -164.541699,60.20527899999999,0 -164.517647,60.199493,0 -164.505677,60.194304,0 -164.494317,60.184833,0 -164.493861,60.177397,0 -164.498556,60.170546,0 -164.461194,60.13782399999999,0 -164.385471,60.07719,0 -164.336111,60.055527,0 -164.302968,60.054233,0 -164.1916,60.024496,0 -164.13181,59.99117700000001,0 -164.11508,59.97316599999999,0 -164.12543,59.96462600000001,0 -164.161024,59.96407599999999,0 -164.178705,59.96181000000001,0 -164.198545,59.955109,0 -164.208306,59.949046,0 -164.209843,59.942874,0 -164.208475,59.934461,0 -164.201811,59.916119,0 -164.160319,59.864679,0 -164.133393,59.845612,0 -164.115117,59.836688,0 -164.079837,59.828034,0 -163.930798,59.803853,0 -163.772229,59.795624,0 -163.704795,59.794805,0 -163.662607,59.79570999999999,0 -163.559148,59.801391,0 -163.38767,59.81588000000001,0 -163.349027,59.81989,0 -163.172633,59.845058,0 -163.086004,59.861008,0 -162.997587,59.885821,0 -162.929135,59.90805399999999,0 -162.904179,59.919134,0 -162.859258,59.92497100000001,0 -162.808513,59.933933,0 -162.77809,59.94429099999999,0 -162.746716,59.96184499999999,0 -162.737447,59.97225399999999,0 -162.742676,59.984681,0 -162.707499,59.990268,0 -162.644231,59.972954,0 -162.622569,59.971809,0 -162.585518,59.97723,0 -162.547303,59.980876,0 -162.530118,59.99011,0 -162.503647,59.99923,0 -162.476759,60.04769,0 -162.495608,60.078949,0 -162.498103,60.115088,0 -162.490973,60.14267,0 -162.45128,60.174367,0 -162.37224,60.167009,0 -162.336849,60.128795,0 -162.273746,60.086682,0 -162.268255,60.069186,0 -162.228371,60.056313,0 -162.207225,60.021834,0 -162.190616,60.00202999999999,0 -162.171759,59.984163,0 -162.143049,59.967506,0 -162.121072,59.96524100000001,0 -162.10856,59.953861,0 -162.100708,59.944675,0 -162.108772,59.920107,0 -162.092361,59.881104,0 -162.017059,59.829426,0 -161.911163,59.741741,0 -161.88552,59.69839,0 -161.873944,59.649487,0 -161.820466,59.594978,0 -161.75798,59.557152,0 -161.70253,59.490906,0 -161.738312,59.46701,0 -161.790375,59.468197,0 -161.814406,59.437087,0 -161.848988,59.432494,0 -161.877034,59.400145,0 -161.95119,59.38072100000001,0 -161.955944,59.352321,0 -161.992903,59.33838500000001,0 -162.032001,59.288531,0 -162.056363,59.271047,0 -162.048584,59.25417700000001,0 -161.981964,59.15099699999999,0 -161.878698,59.068112,0 -161.856118,59.06163599999999,0 -161.821774,59.050575,0 -161.841382,59.033153,0 -161.783981,58.969421,0 -161.784458,58.938978,0 -161.786953,58.899714,0 -161.756622,58.826477,0 -161.769501,58.774937,0 -161.859055,58.708637,0 -161.877213,58.666138,0 -161.939163,58.655613,0 -161.994644,58.688828,0 -162.171722,58.648441,0 -162.066269,58.6208,0 -161.871216,58.637478,0 -161.766296,58.599224,0 -161.751999,58.551842,0 -161.682907,58.564671,0 -161.62645,58.602581,0 -161.550537,58.61116,0 -161.521347,58.633141,0 -161.372314,58.666172,0 -161.372711,58.707958,0 -161.341530442937,58.7393405676405,0 -161.337982,58.742912,0 -161.18338,58.789276,0 -161.072511634378,58.82602370020551,0 -161.034136119879,58.83874339616351,0 -161.001101,58.849693,0 -160.872003,58.878472,0 -160.823489,58.829136,0 -160.753067,58.910431,0 -160.641785,58.96448899999999,0 -160.476578,59.02604700000001,0 -160.31778,59.070477,0 -160.256592,58.99448,0 -160.322922,58.953953,0 -160.286346,58.945007,0 -160.232788,58.901127,0 -160.15448,58.916874,0 -160.150528,58.86606199999999,0 -160.093109,58.860798,0 -160.054047,58.88700100000001,0 -159.985352,58.870464,0 -159.995667,58.848301,0 -159.908386,58.779903,0 -159.806305,58.805595,0 -159.792923,58.82397100000001,0 -159.808777,58.861542,0 -159.753754,58.855724,0 -159.732932,58.930739,0 -159.723491,58.932312,0 -159.712114,58.929468,0 -159.691493,58.93160100000001,0 -159.657362,58.938712,0 -159.64243,58.938712,0 -159.61612,58.93160100000001,0 -159.60261,58.920935,0 -159.594788,58.912402,0 -159.586966,58.90031400000001,0 -159.589811,58.890359,0 -159.601899,58.88467099999999,0 -159.643549,58.845063,0 -159.580287,58.840691,0 -159.556355,58.837414,0 -159.532347,58.833609,0 -159.501768,58.824304,0 -159.450831,58.79773600000001,0 -159.390664,58.762362,0 -159.357625,58.73452,0 -159.24229,58.619067,0 -159.187347,58.555609,0 -159.080496,58.444256,0 -159.063346,58.423139,0 -159.046105,58.417466,0 -158.944154,58.396885,0 -158.896067,58.390065,0 -158.880927,58.39067,0 -158.830598,58.397095,0 -158.795316,58.408032,0 -158.704052,58.482759,0 -158.721173,58.497971,0 -158.769131,58.54865,0 -158.827852,58.626432,0 -158.861207,58.69558,0 -158.848225,58.72273599999999,0 -158.827105,58.724495,0 -158.812116,58.727845,0 -158.800959,58.732842,0 -158.784886,58.747739,0 -158.771246,58.765109,0 -158.7698,58.77414100000001,0 -158.774626,58.778593,0 -158.782365,58.791157,0 -158.790378,58.804712,0 -158.790786,58.808424,0 -158.789632,58.814257,0 -158.767748,58.864264,0 -158.745699002501,58.8739253572788,0 -158.745305,58.874098,0 -158.729581,58.871218,0 -158.717436,58.872462,0 -158.619684,58.911048,0 -158.612943905987,58.91756917356311,0 -158.531129198926,58.9967265122738,0 -158.529845,58.997969,0 -158.523923945714,58.99823208116521,0 -158.487015,58.999872,0 -158.520327,58.857105,0 -158.559499,58.84181899999999,0 -158.56587,58.815429,0 -158.566397,58.807137,0 -158.564833,58.802715,0 -158.550626,58.79291500000001,0 -158.538516,58.788394,0 -158.512547,58.78310999999999,0 -158.45521,58.776972,0 -158.423828,58.76984700000001,0 -158.400475,58.76118199999999,0 -158.376873,58.748043,0 -158.351481,58.727693,0 -158.343545,58.713634,0 -158.332394,58.686814,0 -158.330216,58.675043,0 -158.33286,58.669274,0 -158.332093,58.665313,0 -158.327038,58.659835,0 -158.297189,58.643147,0 -158.273036,58.63347,0 -158.232276,58.619902,0 -158.213861,58.615828,0 -158.190283,58.61371,0 -158.140307,58.61502,0 -158.101646,58.62109,0 -158.036593,58.634248,0 -157.855396,58.67827699999999,0 -157.799597,58.69559000000001,0 -157.721786,58.723212,0 -157.696472,58.729975,0 -157.550603,58.754514,0 -157.542326,58.760962,0 -157.537543,58.768542,0 -157.532654,58.77263799999999,0 -157.484062,58.785962,0 -157.429531,58.791071,0 -157.353132,58.817729,0 -157.275451,58.836136,0 -157.259663,58.83566499999999,0 -157.241396,58.83755799999999,0 -157.21571,58.841526,0 -157.197455633251,58.8458516065572,0 -157.189554,58.847724,0 -157.116866,58.867533,0 -157.070584,58.887816,0 -157.040625,58.913391,0 -157.039206,58.94592099999999,0 -157.029517,58.956203,0 -156.999681,58.973355,0 -156.971325,58.983097,0 -156.945893,58.983403,0 -156.929255,58.97378799999999,0 -156.963243,58.962638,0 -156.975946,58.940896,0 -156.966649,58.904074,0 -156.980888,58.89103100000001,0 -156.993226336762,58.88510073415279,0 -157.012392,58.87588900000001,0 -157.016088,58.86349,0 -156.997469,58.85634900000001,0 -156.993548,58.836798,0 -157.008226,58.817139,0 -157.048689,58.78036,0 -157.062594,58.75712999999999,0 -157.061928,58.726102,0 -157.051779,58.711919,0 -157.077914,58.70810300000001,0 -157.178834,58.66044000000001,0 -157.251462,58.620786,0 -157.258521788211,58.6159281849078,0 -157.281327,58.600236,0 -157.313572,58.565043,0 -157.330683,58.55151599999999,0 -157.358487,58.533876,0 -157.380259,58.524398,0 -157.397197,58.52733300000001,0 -157.451918,58.505618,0 -157.46088,58.499693,0 -157.481487,58.480771,0 -157.488108,58.471705,0 -157.524477,58.414506,0 -157.536176,58.39159699999999,0 -157.556865,58.33071499999999,0 -157.556343,58.303749,0 -157.547209,58.277535,0 -157.541564,58.271883,0 -157.515475,58.255638,0 -157.442712,58.218875,0 -157.423325,58.21136,0 -157.407918,58.211871,0 -157.389237,58.22809100000001,0 -157.374511,58.232117,0 -157.366928,58.232669,0 -157.352316,58.219097,0 -157.383099,58.18460700000001,0 -157.39735,58.173383,0 -157.493784,58.162148,0 -157.514474,58.162978,0 -157.533329,58.160335,0 -157.556556,58.148445,0 -157.580924,58.128096,0 -157.583636,58.124307,0 -157.596601,58.08867,0 -157.611802,58.034263,0 -157.623886,57.960502,0 -157.642226,57.868777,0 -157.671061,57.772866,0 -157.703782,57.721768,0 -157.710645,57.639946,0 -157.691291,57.611131,0 -157.684282,57.609974,0 -157.652202,57.614794,0 -157.607387,57.61253700000001,0 -157.599644,57.60795,0 -157.588339,57.582152,0 -157.573472,57.52273199999999,0 -157.573129,57.514525,0 -157.58691,57.487156,0 -157.615137,57.488691,0 -157.649389,57.500331,0 -157.680416,57.537727,0 -157.684833,57.557746,0 -157.678891,57.563888,0 -157.703852,57.563455,0 -157.772496,57.547055,0 -157.786046,57.542189,0 -157.881163,57.48912200000001,0 -157.931624,57.476208,0 -157.937241,57.47204799999999,0 -157.956239,57.449383,0 -157.99467,57.414234,0 -158.010538,57.401456,0 -158.034246,57.39023,0 -158.049932,57.390141,0 -158.060041,57.38745600000001,0 -158.083785,57.357181,0 -158.14971,57.34491599999999,0 -158.229883,57.321534,0 -158.307085,57.289555,0 -158.393125,57.236921,0 -158.459675,57.188655,0 -158.540248,57.125106,0 -158.608344,57.06448399999999,0 -158.645303,57.031841,0 -158.679293,56.98862500000001,0 -158.699788,56.927362,0 -158.686184,56.911555,0 -158.693552,56.888127,0 -158.663659,56.857055,0 -158.646812,56.846992,0 -158.657543,56.831539,0 -158.656355,56.81001200000001,0 -158.674181,56.797064,0 -158.744534,56.79511200000001,0 -158.78359,56.78075,0 -158.853294,56.79262000000001,0 -158.868797,56.796648,0 -158.893212,56.805788,0 -158.893551103795,56.80596239125951,0 -158.91073,56.81479699999999,0 -158.933589,56.827905,0 -158.953543,56.843418,0 -158.955338,56.849762,0 -158.957471,56.851184,0 -159.018304,56.81509399999999,0 -159.038354,56.80600599999999,0 -159.093468,56.783704,0 -159.106652,56.78112600000001,0 -159.156455,56.76332399999999,0 -159.263113,56.723321,0 -159.279894,56.715667,0 -159.30908,56.710457,0 -159.357391,56.69308900000001,0 -159.388765,56.690479,0 -159.446973,56.664651,0 -159.534961,56.626529,0 -159.636156,56.59739,0 -159.815477,56.54894099999999,0 -159.828049,56.543935,0 -159.938337,56.474192,0 -159.976758,56.453951,0 -160.001477,56.44220099999999,0 -160.082592,56.411094,0 -160.146252,56.40017599999999,0 -160.196329,56.37255,0 -160.208383,56.358022,0 -160.222878,56.34686800000001,0 -160.274604,56.317151,0 -160.315896,56.30222699999999,0 -160.340249,56.291271,0 -160.357156,56.27958199999999,0 -160.383094,56.251352,0 -160.396338,56.231775,0 -160.411381,56.194138,0 -160.451417,56.12556399999999,0 -160.482208,56.08523399999999,0 -160.488708,56.077214,0 -160.568356,56.004062,0 -160.589569,55.983048,0 -160.576451,55.979291,0 -160.55197,55.991789,0 -160.534541,55.989498,0 -160.529292,55.986103,0 -160.526362,55.982433,0 -160.527094,55.97301099999999,0 -160.533685,55.95995,0 -160.535759,55.93961700000001,0 -160.486594,55.924168,0 -160.420735,55.90862,0 -160.380573,55.889456,0 -160.325637,55.867858,0 -160.273176,55.856881,0 -160.241798,55.85035200000001,0 -160.222546,55.83206899999999,0 -160.272533,55.831673,0 -160.317826,55.818983,0 -160.315655,55.814544,0 -160.293498,55.80178799999999,0 -160.26893,55.78427800000001,0 -160.264568,55.77572299999999,0 -160.277382,55.76586099999999,0 -160.293924,55.765556,0 -160.342876,55.778166,0 -160.385878,55.79644500000001,0 -160.438735,55.789608,0 -160.468544,55.790667,0 -160.479355,55.82236099999999,0 -160.477892,55.841099,0 -160.494678,55.864193,0 -160.508433,55.86937900000001,0 -160.532582,55.869891,0 -160.550343,55.867549,0 -160.564014,55.863719,0 -160.639088,55.8583,0 -160.697591,55.862396,0 -160.734182,55.870995,0 -160.769468,55.88379,0 -160.793215,55.88596,0 -160.791893,55.872687,0 -160.769155,55.858268,0 -160.757705,55.785841,0 -160.751236,55.779364,0 -160.695227,55.755075,0 -160.675794,55.751411,0 -160.663037,55.74549099999999,0 -160.655468,55.73986800000001,0 -160.65556,55.73004099999999,0 -160.661205,55.723427,0 -160.668102,55.723556,0 -160.730726,55.74766399999999,0 -160.765228,55.757174,0 -160.806014,55.738241,0 -160.930591,55.814358,0 -160.940845,55.822529,0 -160.9464,55.834881,0 -160.95156,55.85277199999999,0 -160.931544,55.87249400000001,0 -160.930356,55.89569,0 -160.860003,55.908215,0 -160.82752,55.910675,0 -160.819902,55.903562,0 -160.80101,55.90225599999999,0 -160.813893,55.925264,0 -160.811041,55.94723,0 -160.818171,55.953352,0 -160.865469,55.955081,0 -160.860953,55.981153,0 -160.862931,55.989436,0 -160.861638,55.99649100000001,0 -160.806762,56.018353,0 -160.80667,56.022398,0 -160.827357,56.026555,0 -160.872837,56.025375,0 -160.913506,56.023923,0 -160.997442,56.021439,0 -161.020795,56.010411,0 -161.090965,56.010714,0 -161.122523,56.01110000000001,0 -161.196085,56.006175,0 -161.24865,55.99471100000001,0 -161.290777,55.98313,0 -161.380557,55.965618,0 -161.450442,55.954485,0 -161.577283,55.937151,0 -161.640007,55.919503,0 -161.712283,55.904232,0 -161.772889,55.89626999999999,0 -161.801246,55.893167,0 -161.812411,55.88882,0 -161.853056,55.864709,0 -161.898956,55.833464,0 -161.994507,55.797825,0 -162.05063,55.790897,0 -162.063375,55.786123,0 -162.097544,55.763346,0 -162.146626,55.733348,0 -162.18491,55.722032,0 -162.219551,55.710867,0 -162.26451,55.688616,0 -162.312658,55.646502,0 -162.384005,55.589843,0 -162.427367,55.561803,0 -162.492625,55.511728,0 -162.535576,55.484165,0 -162.565411,55.466849,0 -162.591262,55.452736,0 -162.583656,55.443435,0 -162.553946,55.452197,0 -162.518769,55.46095699999999,0 -162.510213,55.454488,0 -162.50817,55.442292,0 -162.520671,55.427658,0 -162.516463,55.414022,0 -162.504746,55.41174000000001,0 -162.501181,55.38974100000001,0 -162.5095,55.38393600000001,0 -162.519444,55.369603,0 -162.542568,55.35739299999999,0 -162.554659,55.350707,0 -162.574862,55.347869,0 -162.596491,55.35719300000001,0 -162.601917,55.361449,0 -162.629053,55.36529899999999,0 -162.64165,55.392576,0 -162.65496,55.377319,0 -162.660426,55.36543399999999,0 -162.676388,55.35407,0 -162.702496,55.35395,0 -162.690612,55.340436,0 -162.708438,55.329215,0 -162.717844,55.318788,0 -162.731816,55.30782899999999,0 -162.750371,55.30762299999999,0 -162.766194,55.315151,0 -162.798043,55.31095799999999,0 -162.813255,55.299458,0 -162.823237,55.279022,0 -162.846767,55.26751300000001,0 -162.852709,55.280511,0 -162.881779,55.27377600000001,0 -162.888118,55.27042399999999,0 -162.900027,55.25246599999999,0 -162.901644,55.247652,0 -162.900454,55.246416,0 -162.89402,55.243046,0 -162.880892,55.239564,0 -162.869478,55.248086,0 -162.8566,55.248721,0 -162.851839,55.247317,0 -162.843172,55.242564,0 -162.84014,55.224043,0 -162.86152,55.198339,0 -162.882292,55.183251,0 -162.957182,55.171271,0 -163.032256,55.172147,0 -163.070494,55.174114,0 -163.080719,55.176861,0 -163.081634,55.18040899999999,0 -163.105011,55.183979,0 -163.157532,55.17551,0 -163.200867,55.166057,0 -163.268767,55.145465,0 -163.314652,55.126312,0 -163.319873,55.119622,0 -163.318731,55.110811,0 -163.314069,55.105146,0 -163.310694,55.105612,0 -163.305965,55.069584,0 -163.280771,55.032959,0 -163.288707,54.986708,0 -163.28677,54.967029,0 -163.234898,54.945003,0 -163.23371,54.93052999999999,0 -163.269837,54.939269,0 -163.299072,54.937494,0 -163.314592,54.95886200000001,0 -163.323106,54.959929,0 -163.338395,54.95619099999999,0 -163.343735,54.950416,0 -163.34773,54.925093,0 -163.344402,54.91933299999999,0 -163.336739,54.91749000000001,0 -163.319956,54.903085,0 -163.319161,54.89902599999999,0 -163.318885,54.88011999999999,0 -163.334234,54.87294800000001,0 -163.391397,54.855331,0 -163.410594,54.854576,0 -163.414691,54.85609,0 -163.415872,54.859652,0 -163.408027,54.88458,0 -163.399292,54.894012,0 -163.398294,54.902371,0 -163.418042,54.938499,0 -163.429548,54.954759,0 -163.442854,54.96987499999999,0 -163.4615,54.982511,0 -163.530087,55.01666,0 -163.534638,55.025305,0 -163.527109,55.040871,0 -163.532962,55.048881,0 -163.568159,55.049145,0 -163.646834,55.04446699999999,0 -163.740737,55.048266,0 -163.774093,55.05577999999999,0 -163.790733,55.052583,0 -163.815779,55.04462500000001,0 -163.85426,55.037796,0 -163.872144,55.03739899999999,0 -163.884869,55.039909,0 -163.894695,55.039115,0 -163.909222,55.03208900000001,0 -163.930369,55.017646,0 -163.96473,54.997337,0 -163.994179,54.983315,0 -164.030708,54.969818,0 -164.061164,54.96470800000001,0 -164.086798,54.963396,0 -164.109333,54.96399900000001,0 -164.119196,54.969416,0 -164.164342,54.953532,0 -164.204897,54.93124,0 -164.20707,54.927578,0 -164.295033,54.90212199999999,0 -164.343534,54.894139,0 -164.35333,54.898327,0 -164.361631,54.90739099999999,0 -164.373441,54.915349,0 -164.427303,54.932849,0 -164.43528,54.933126,0 -164.48678,54.922441,0 -164.550256,54.88878500000001,0 -164.56405,54.87553900000001,0 -164.561546,54.850835,0 -164.576896,54.824564,0 -164.629661,54.756031,0 -164.709465,54.66151800000001,0 -164.727654,54.650957,0 -164.741815,54.64544099999999,0 -164.761347,54.64063400000001,0 -164.831936,54.629028,0 -164.91876,54.60530600000001,0 -164.932187,54.598745,0 -164.948789,54.579877,0 -164.949781,54.57569699999999,0 -164.944636,54.532903,0 -164.936122,54.521253,0 -164.910059,54.507542,0 -164.904077,54.499195,0 -164.877373,54.449908,0 -164.876075,54.443495,0 -164.844931,54.417583,0 -164.789357,54.402012,0 -164.743977,54.394216,0 -164.640457,54.391166,0 -164.601607,54.402451,0 -164.582778,54.40570199999999,0 -164.51997,54.41465199999999,0 -164.499034,54.414225,0 -164.456554,54.41985600000001,0 -164.41682,54.431713,0 -164.352704,54.465023,0 -164.33653,54.48097700000001,0 -164.336042,54.484509,0 -164.341474,54.495266,0 -164.337538,54.524259,0 -164.331404,54.530431,0 -164.257585,54.57272199999999,0 -164.23247,54.585494,0 -164.179617,54.59918800000001,0 -164.084894,54.620131,0 -163.966307,54.63168099999999,0 -163.952391,54.63046099999999,0 -163.861206,54.632911,0 -163.80359,54.636498,0 -163.747316,54.63501100000001,0 -163.670838,54.627825,0 -163.585967,54.611644,0 -163.581481,54.616863,0 -163.572383,54.623211,0 -163.488861,54.65511,0 -163.472016,54.65646799999999,0 -163.439361,54.65592800000001,0 -163.424375,54.656207,0 -163.416294,54.664456,0 -163.409995,54.69365700000001,0 -163.418433,54.708902,0 -163.428377,54.714819,0 -163.423067,54.720426,0 -163.39197,54.74198,0 -163.380618,54.74617600000001,0 -163.364626,54.749464,0 -163.354492,54.75035699999999,0 -163.340438,54.748865,0 -163.327164,54.736904,0 -163.317996,54.71993799999999,0 -163.280633,54.695367,0 -163.247422,54.692283,0 -163.223179,54.676895,0 -163.213653,54.677201,0 -163.208775,54.693136,0 -163.194952,54.699025,0 -163.185401,54.70039800000001,0 -163.140925,54.69482899999999,0 -163.126443,54.69503,0 -163.129008,54.683326,0 -163.149142,54.67304699999999,0 -163.153539,54.66926699999999,0 -163.152707,54.665899,0 -163.125738,54.66818,0 -163.096744,54.661597,0 -163.059085,54.661072,0 -163.05097,54.672263,0 -163.057228,54.688101,0 -163.079977,54.68562,0 -163.096139,54.70546899999999,0 -163.107558,54.732752,0 -163.144089,54.761499,0 -163.184295,54.774912,0 -163.188853,54.773717,0 -163.219765,54.755072,0 -163.228391,54.753513,0 -163.287626,54.751495,0 -163.313259,54.75329899999999,0 -163.342655,54.76510400000001,0 -163.372806,54.790936,0 -163.373207,54.80084099999999,0 -163.352997,54.810174,0 -163.299809,54.829232,0 -163.214398,54.847487,0 -163.14958,54.88590600000001,0 -163.065602,54.926172,0 -163.036062,54.942544,0 -163.050467,54.969071,0 -163.067008,54.979302,0 -163.148615,55.014023,0 -163.17483,55.0131,0 -163.189447,55.016678,0 -163.213281,55.026138,0 -163.219018,55.030281,0 -163.226313,55.042694,0 -163.225092,55.049683,0 -163.213009,55.066742,0 -163.188428,55.090903,0 -163.165036,55.099214,0 -163.111507,55.109705,0 -163.079006,55.111652,0 -163.071468,55.110477,0 -163.051631,55.103267,0 -163.00155,55.080043,0 -162.964897,55.04220099999999,0 -162.957826,55.03182600000001,0 -162.958975,55.020151,0 -162.965872,55.017374,0 -162.970632,55.001039,0 -162.913684,54.950273,0 -162.881639,54.934785,0 -162.845475,54.92698899999999,0 -162.834245,54.926851,0 -162.770983,54.93273599999999,0 -162.708453,54.95848000000001,0 -162.705096,54.96601,0 -162.707203,54.97202299999999,0 -162.720404,54.980223,0 -162.716177,54.986679,0 -162.707083,54.991159,0 -162.688131,54.99612599999999,0 -162.646472,54.997163,0 -162.615159,54.987841,0 -162.587967,54.97201,0 -162.569289,54.97123999999999,0 -162.569292,55.015874,0 -162.599812,55.054806,0 -162.618918,55.097096,0 -162.604454,55.126028,0 -162.595603,55.12484600000001,0 -162.585533,55.1286,0 -162.582908,55.13024,0 -162.579765,55.136939,0 -162.614497,55.174735,0 -162.638791,55.19477,0 -162.644734,55.197115,0 -162.668346,55.193445,0 -162.692309,55.197313,0 -162.711128,55.211267,0 -162.718077,55.21991100000001,0 -162.714607,55.231611,0 -162.702851,55.252775,0 -162.682405,55.27645,0 -162.66196,55.294295,0 -162.649173,55.29911799999999,0 -162.626101,55.30408499999999,0 -162.584872,55.298386,0 -162.513121,55.252374,0 -162.510435,55.250177,0 -162.499019,55.21376999999999,0 -162.49792,55.199052,0 -162.49447,55.183915,0 -162.48098,55.161271,0 -162.445182,55.15152100000001,0 -162.406191,55.120498,0 -162.410574,55.105614,0 -162.4168,55.104096,0 -162.424796,55.104813,0 -162.437368,55.112122,0 -162.442556,55.118226,0 -162.453451,55.123948,0 -162.460958,55.12584,0 -162.506887,55.118927,0 -162.520986,55.115417,0 -162.521688,55.104011,0 -162.512104,55.08622700000001,0 -162.489735,55.06484900000001,0 -162.471364,55.05193200000001,0 -162.41351,55.03656,0 -162.361969,55.04267899999999,0 -162.300378,55.042927,0 -162.299619,55.04015200000001,0 -162.292511,55.033429,0 -162.280512,55.026207,0 -162.267754,55.021553,0 -162.2535,55.020454,0 -162.247946,55.02043900000001,0 -162.219326,55.028975,0 -162.189247,55.06026,0 -162.190348,55.066981,0 -162.2068,55.082391,0 -162.223528,55.102211,0 -162.224047,55.108658,0 -162.218192,55.118903,0 -162.177427,55.154403,0 -162.141084,55.15733900000001,0 -162.126369,55.15340800000001,0 -162.119033,55.141116,0 -162.131878,55.122776,0 -162.11874,55.102911,0 -162.053281,55.074212,0 -161.960866,55.106734,0 -161.956595,55.11217400000001,0 -161.949882,55.12668599999999,0 -161.966974,55.15483100000001,0 -162.001711,55.169236,0 -162.046242,55.22560499999999,0 -162.045694,55.232775,0 -162.041236,55.236806,0 -162.029636,55.23949200000001,0 -161.978788,55.236131,0 -161.957455,55.227999,0 -161.919519,55.208209,0 -161.903407,55.20494100000001,0 -161.878076,55.223599,0 -161.875238,55.227224,0 -161.875759,55.232592,0 -161.879542,55.240804,0 -161.875606,55.249921,0 -161.863339,55.266989,0 -161.853418,55.277634,0 -161.845473,55.281249,0 -161.833891,55.2844,0 -161.827543,55.287872,0 -161.720096,55.37669,0 -161.686495,55.408041,0 -161.688357,55.41638,0 -161.696719,55.423307,0 -161.700069,55.51439,0 -161.69886,55.5194,0 -161.612926,55.606158,0 -161.602825,55.613811,0 -161.587047,55.62006,0 -161.526162,55.630498,0 -161.482064,55.63397899999999,0 -161.416235,55.632324,0 -161.392613,55.628221,0 -161.363378,55.61847800000001,0 -161.35767,55.612603,0 -161.355686,55.606378,0 -161.367405,55.579484,0 -161.376102,55.569794,0 -161.469271,55.49683,0 -161.477114,55.485195,0 -161.471468,55.478588,0 -161.478303,55.4406,0 -161.484588,55.417994,0 -161.496123,55.396967,0 -161.509306,55.390626,0 -161.514211,55.385254,0 -161.507657,55.36278600000001,0 -161.486114,55.359322,0 -161.460392,55.35907,0 -161.445196,55.368103,0 -161.364577,55.38419399999999,0 -161.34608,55.38578200000001,0 -161.314949,55.379231,0 -161.311989,55.372836,0 -161.317545,55.36275799999999,0 -161.325325,55.35985500000001,0 -161.280675,55.354038,0 -161.231535,55.357452,0 -161.013662,55.43100199999999,0 -160.997335,55.440265,0 -160.982717,55.45432600000001,0 -160.977376,55.46118499999999,0 -160.979298,55.466274,0 -160.976551,55.472736,0 -160.944265,55.507825,0 -160.922934,55.5193,0 -160.909625,55.52414,0 -160.86538,55.526968,0 -160.849145,55.52391600000001,0 -160.828273,55.516111,0 -160.82081,55.507974,0 -160.821773,55.50621599999999,0 -160.836023,55.497259,0 -160.843407,55.489782,0 -160.836725,55.47313499999999,0 -160.795988,55.45494599999999,0 -160.781401,55.45178,0 -160.666917,55.45977600000001,0 -160.651523,55.474174,0 -160.646304,55.492851,0 -160.647464,55.50086200000001,0 -160.654117,55.512596,0 -160.660117,55.518475,0 -160.73215,55.523596,0 -160.771433,55.52943,0 -160.77295,55.538998,0 -160.766237,55.547559,0 -160.75104,55.552907,0 -160.737095,55.555448,0 -160.706883,55.55606600000001,0 -160.666966,55.544417,0 -160.652775,55.548668,0 -160.638371,55.557426,0 -160.615305,55.575516,0 -160.595771,55.57554,0 -160.580083,55.564385,0 -160.554173,55.52296499999999,0 -160.544224,55.502351,0 -160.536654,55.474938,0 -160.521335,55.47442,0 -160.501346,55.478518,0 -160.481633,55.489068,0 -160.462745,55.506654,0 -160.459815,55.514986,0 -160.465186,55.52736100000001,0 -160.464301,55.533243,0 -160.448277,55.55904899999999,0 -160.435859,55.573692,0 -160.392587,55.602771,0 -160.433022,55.639979,0 -160.433602,55.648975,0 -160.429727,55.658046,0 -160.421853,55.66270100000001,0 -160.416452,55.66530199999999,0 -160.410823,55.66538,0 -160.353494,55.649731,0 -160.325419,55.64420699999999,0 -160.279827,55.641384,0 -160.185712,55.65864400000001,0 -160.130445,55.681419,0 -160.058443,55.721734,0 -160.049417,55.757588,0 -160.051945,55.760594,0 -160.052525,55.76643000000001,0 -160.048711,55.77206099999999,0 -160.026282,55.792295,0 -160.010322,55.79708699999999,0 -159.937089,55.803306,0 -159.892319,55.785096,0 -159.875994,55.784608,0 -159.862484,55.787629,0 -159.847359,55.80253,0 -159.85075,55.824076,0 -159.858456,55.841793,0 -159.853255,55.84716199999999,0 -159.838981,55.85241199999999,0 -159.81107,55.85657,0 -159.712816,55.846392,0 -159.643739,55.83042399999999,0 -159.607973,55.81289999999999,0 -159.602148,55.805004,0 -159.624884,55.80469399999999,0 -159.627482,55.803248,0 -159.673191,55.750961,0 -159.676761,55.737357,0 -159.680635,55.68134000000001,0 -159.679201,55.655895,0 -159.644656,55.652469,0 -159.635866,55.644398,0 -159.626772,55.629412,0 -159.639619,55.61791500000001,0 -159.667511,55.614825,0 -159.673432,55.61735,0 -159.72415,55.614549,0 -159.735196,55.610933,0 -159.743282,55.603624,0 -159.744495,55.600018,0 -159.733899,55.569985,0 -159.729333,55.56965,0 -159.696713,55.573306,0 -159.61777,55.595798,0 -159.556233049194,55.6387557125861,0 -159.545115,55.646517,0 -159.530117,55.665394,0 -159.535961,55.68983099999999,0 -159.552016,55.704794,0 -159.551432,55.711543,0 -159.537152,55.72845900000001,0 -159.521589,55.736021,0 -159.503768,55.74787799999999,0 -159.494404,55.765798,0 -159.498022,55.855299,0 -159.534415,55.881299,0 -159.528349,55.888458,0 -159.493883,55.900109,0 -159.482226,55.901826,0 -159.453945,55.89682,0 -159.465282,55.852845,0 -159.471973,55.843506,0 -159.472801,55.83904999999999,0 -159.470216,55.828911,0 -159.434787,55.792909,0 -159.423468,55.789025,0 -159.411505,55.788911,0 -159.404326,55.79699200000001,0 -159.40938,55.810434,0 -159.406126,55.831956,0 -159.400096,55.852357,0 -159.3964,55.856767,0 -159.374842,55.871522,0 -159.347681,55.877802,0 -159.271514,55.89070399999999,0 -159.138748,55.90932,0 -158.999598,55.927011,0 -158.909396,55.93488700000001,0 -158.898116,55.951041,0 -158.854132,56.003343,0 -158.747305,56.009908,0 -158.729567,56.002854,0 -158.735348,55.996208,0 -158.751215,55.963759,0 -158.74856,55.959365,0 -158.737009,55.953313,0 -158.673246,55.951485,0 -158.653214,55.958615,0 -158.639497,55.98607,0 -158.636689,56.00500700000001,0 -158.638704,56.01593199999999,0 -158.643216,56.023415,0 -158.651674,56.031358,0 -158.660914,56.034928,0 -158.666818,56.078415,0 -158.659738,56.098553,0 -158.640447,56.114079,0 -158.628303,56.120943,0 -158.600405,56.130444,0 -158.575042,56.121129,0 -158.574659,56.11864,0 -158.584362,56.115657,0 -158.594188,56.110445,0 -158.598367,56.048822,0 -158.59562,56.04525199999999,0 -158.50984,55.979617,0 -158.49905,55.981685,0 -158.495114,55.989207,0 -158.494015,56.00732000000001,0 -158.496366,56.010601,0 -158.50485,56.015544,0 -158.501967,56.02517,0 -158.475543,56.028366,0 -158.467335,56.027219,0 -158.445696,55.99758,0 -158.43933,55.99361999999999,0 -158.431471,55.994452,0 -158.413645,56.004951,0 -158.407723,56.014521,0 -158.417889,56.036796,0 -158.448413,56.055278,0 -158.472706,56.087583,0 -158.475258,56.093405,0 -158.46181,56.106644,0 -158.455297,56.108742,0 -158.439944,56.10778,0 -158.432229,56.10288099999999,0 -158.431105,56.10026400000001,0 -158.438315,56.095702,0 -158.438644,56.093672,0 -158.424451,56.068899,0 -158.398324,56.06295699999999,0 -158.394922,56.06472099999999,0 -158.394388,56.091949,0 -158.395996,56.109834,0 -158.374324,56.134522,0 -158.314128,56.163697,0 -158.237025,56.187387,0 -158.117797,56.230742,0 -158.112718,56.240286,0 -158.115282,56.242102,0 -158.119493,56.241995,0 -158.17493,56.23622699999999,0 -158.19096,56.226407,0 -158.264792,56.20959700000001,0 -158.331039,56.213609,0 -158.339765,56.217807,0 -158.334506,56.23294,0 -158.276842,56.248698,0 -158.253331,56.253125,0 -158.21654,56.269451,0 -158.203083,56.283833,0 -158.207387,56.294354,0 -158.322563,56.325242,0 -158.329735,56.32602799999999,0 -158.338137,56.323923,0 -158.397337,56.32892099999999,0 -158.432795,56.343505,0 -158.489546,56.34186499999999,0 -158.50204,56.365178,0 -158.501705,56.37586,0 -158.498837,56.38011,0 -158.402954,56.45519300000001,0 -158.328798,56.484208,0 -158.284699,56.481089,0 -158.246144,56.46612400000001,0 -158.12744,56.46080499999999,0 -158.118682,56.466558,0 -158.111603,56.49011,0 -158.113709,56.49300099999999,0 -158.123352,56.49645699999999,0 -158.131729,56.501944,0 -158.11957,56.518346,0 -158.112276,56.521322,0 -158.027621,56.511779,0 -157.986398,56.499105,0 -157.900056,56.477941,0 -157.872074,56.473974,0 -157.859766,56.483668,0 -157.823072,56.501982,0 -157.817826,56.51421,0 -157.828139,56.546332,0 -157.83842,56.56076,0 -157.911173,56.57479,0 -158.005531,56.553443,0 -158.074358,56.554164,0 -158.085748,56.57335,0 -158.059722,56.583758,0 -158.042012,56.59674399999999,0 -157.983394,56.599448,0 -157.95134,56.623005,0 -157.918541,56.643137,0 -157.848126,56.653554,0 -157.763698,56.679247,0 -157.754141,56.67946799999999,0 -157.736799,56.675616,0 -157.719048,56.653084,0 -157.715998,56.648492,0 -157.71428,56.640575,0 -157.705382,56.62878,0 -157.674587,56.60950699999999,0 -157.636018,56.612838,0 -157.615041,56.62001999999999,0 -157.605231,56.62131500000001,0 -157.589315,56.62226199999999,0 -157.546085,56.619025,0 -157.536486,56.61531699999999,0 -157.496523,56.61689699999999,0 -157.466497,56.623266,0 -157.462105,56.625685,0 -157.45486,56.63474799999999,0 -157.452196,56.63886299999999,0 -157.45216,56.64322000000001,0 -157.479153,56.67008,0 -157.48099,56.67141899999999,0 -157.498689,56.66728500000001,0 -157.507589,56.667169,0 -157.542295,56.67531999999999,0 -157.550792,56.68102900000001,0 -157.563802,56.70342599999999,0 -157.551196,56.730314,0 -157.544855,56.738945,0 -157.530765,56.75377499999999,0 -157.517478,56.760839,0 -157.41344,56.769185,0 -157.411488,56.77835099999999,0 -157.41856,56.799821,0 -157.42112,56.80169100000001,0 -157.436358,56.803781,0 -157.447768,56.80124600000001,0 -157.457622,56.804291,0 -157.462361,56.80960300000001,0 -157.469925,56.824889,0 -157.472407,56.833356,0 -157.45759,56.848204,0 -157.436932,56.858522,0 -157.405679,56.864216,0 -157.394663,56.864426,0 -157.378771,56.861696,0 -157.332735,56.83839800000001,0 -157.298283,56.81856700000001,0 -157.291231,56.811077,0 -157.290511,56.80471300000001,0 -157.283764,56.800766,0 -157.201724,56.76751100000001,0 -157.183636,56.769079,0 -157.161372,56.77413399999999,0 -157.140277,56.790874,0 -157.14099,56.802275,0 -157.163272,56.82354200000001,0 -157.163811,56.826066,0 -157.159494,56.833477,0 -157.073453,56.838345,0 -157.034624,56.88448700000001,0 -157.015665,56.89848600000001,0 -157.00595,56.90422,0 -156.986171,56.911131,0 -156.935629,56.92008700000001,0 -156.935692,56.954873,0 -156.918796,56.963583,0 -156.909725,56.965581,0 -156.893683,56.965965,0 -156.886307,56.964869,0 -156.882893,56.962582,0 -156.882464,56.960072,0 -156.885686,56.957965,0 -156.885372,56.953284,0 -156.876316,56.942828,0 -156.839322,56.90185400000001,0 -156.825982,56.89766699999999,0 -156.804432,56.90588099999999,0 -156.79731,56.911717,0 -156.786802,56.94144300000001,0 -156.788341,56.960693,0 -156.7869,56.96503499999999,0 -156.781421,56.971879,0 -156.762718,56.98634200000001,0 -156.753642,56.991225,0 -156.730617,56.979845,0 -156.671376,56.996064,0 -156.63784,56.993905,0 -156.555077,56.98355,0 -156.55052,56.98461,0 -156.5472,56.98648800000001,0 -156.547667,57.004629,0 -156.562827,57.020314,0 -156.535587,57.04790499999999,0 -156.509239,57.054911,0 -156.441599,57.085158,0 -156.441566,57.094698,0 -156.44461,57.10008699999999,0 -156.456497,57.106041,0 -156.43511,57.12743,0 -156.368524,57.149986,0 -156.357358,57.15757,0 -156.338532567087,57.1778519968602,0 -156.334404,57.18230000000001,0 -156.33843,57.19032500000001,0 -156.3413,57.19185699999999,0 -156.355756,57.19284400000001,0 -156.388592,57.20662,0 -156.398751,57.214756,0 -156.401488,57.233169,0 -156.399423,57.24162699999999,0 -156.376507,57.252284,0 -156.358139,57.252188,0 -156.342943,57.248056,0 -156.332718,57.26519200000001,0 -156.32191,57.29336899999999,0 -156.336427,57.336081,0 -156.420864,57.311142,0 -156.507301,57.281164,0 -156.538684,57.283041,0 -156.551239,57.2908,0 -156.539718,57.320059,0 -156.533544,57.32852699999999,0 -156.511412,57.33502,0 -156.481632,57.338705,0 -156.377439,57.39086500000001,0 -156.362039,57.400474,0 -156.339425,57.417641,0 -156.254462,57.438961,0 -156.226886,57.44066699999999,0 -156.220105,57.445295,0 -156.211485,57.459475,0 -156.210883,57.474409,0 -156.19574,57.480059,0 -156.183932,57.482112,0 -156.13748,57.471734,0 -156.099067,57.443691,0 -156.091668,57.439829,0 -156.021875,57.43966000000001,0 -156.012841,57.451394,0 -156.014396,57.455285,0 -156.036722,57.470941,0 -156.045324,57.487037,0 -156.048584,57.50080800000001,0 -156.044031,57.564455,0 -156.033806,57.569883,0 -156.010818,57.57137900000001,0 -155.988113,57.558328,0 -155.985988,57.55372100000001,0 -155.96789,57.544429,0 -155.945812,57.539249,0 -155.915261,57.53533100000001,0 -155.877856,57.547173,0 -155.786939,57.547007,0 -155.732779,57.549732,0 -155.731412,57.555546,0 -155.730951,57.588562,0 -155.735509,57.594149,0 -155.724167,57.63344500000001,0 -155.699986,57.64208500000001,0 -155.629912,57.656376,0 -155.615203,57.68807399999999,0 -155.626373,57.693623,0 -155.634543,57.704764,0 -155.635323,57.71544100000001,0 -155.617188,57.769715,0 -155.609353,57.77769899999999,0 -155.596857,57.78353899999999,0 -155.585411,57.786981,0 -155.568437,57.789511,0 -155.545676,57.786769,0 -155.539766,57.783942,0 -155.533627,57.77687999999999,0 -155.506533,57.76097,0 -155.468287,57.74463699999999,0 -155.37861,57.710766,0 -155.305814,57.72404999999999,0 -155.291651,57.735809,0 -155.284691,57.757388,0 -155.285339,57.758726,0 -155.302789,57.761658,0 -155.310981,57.764811,0 -155.334944,57.780692,0 -155.341235,57.819644,0 -155.338153,57.82538400000001,0 -155.326369,57.830545,0 -155.303044,57.828454,0 -155.298385,57.82602,0 -155.272917,57.823981,0 -155.237933,57.82713099999999,0 -155.15242,57.855375,0 -155.097095,57.865356,0 -155.082139,57.872248,0 -155.068148,57.883773,0 -155.061806,57.90433,0 -155.064199,57.909294,0 -155.072566,57.91196799999999,0 -155.094686,57.92927999999999,0 -155.118648,57.953925,0 -155.026275,57.99930200000001,0 -154.990431,58.013424,0 -154.891812,58.027676,0 -154.876559,58.027722,0 -154.82823,58.018849,0 -154.825051,58.016586,0 -154.823518,58.009348,0 -154.819518,58.003494,0 -154.807767,58.000939,0 -154.774719,58.002168,0 -154.765287,58.00371,0 -154.745581,58.01222,0 -154.730726,58.021837,0 -154.731059,58.028454,0 -154.72898,58.038455,0 -154.721884,58.050544,0 -154.716162,58.055256,0 -154.676108,58.065114,0 -154.668895,58.065272,0 -154.653383,58.064037,0 -154.646223,58.060141,0 -154.644666,58.056433,0 -154.650618,58.045387,0 -154.643965,58.033147,0 -154.581547,58.01928500000001,0 -154.568627,58.02578699999999,0 -154.539367,58.05588699999999,0 -154.501246,58.050112,0 -154.477979,58.052379,0 -154.462929,58.05835,0 -154.449212,58.09321799999999,0 -154.452096,58.121582,0 -154.459389,58.129089,0 -154.466436,58.14232799999999,0 -154.460121,58.146067,0 -154.436518,58.148294,0 -154.42657,58.144901,0 -154.384327,58.120823,0 -154.340449,58.090921,0 -154.291163,58.13568,0 -154.269027,58.12877,0 -154.222465,58.132566,0 -154.210078,58.136062,0 -154.21625,58.142849,0 -154.241874,58.15632799999999,0 -154.219755,58.184631,0 -154.177652,58.189832,0 -154.145277,58.210931,0 -154.103412,58.280161,0 -154.149073,58.314539,0 -154.166648,58.320569,0 -154.174999,58.320107,0 -154.177161,58.32147,0 -154.175194,58.344527,0 -154.167997,58.358378,0 -154.150373,58.357581,0 -154.139223,58.354108,0 -154.133866,58.350632,0 -154.097254,58.345322,0 -153.999323,58.376372,0 -153.985416,58.390877,0 -154.007305,58.402187,0 -154.023713,58.403952,0 -154.034147,58.402638,0 -154.040013,58.404297,0 -154.055759,58.418782,0 -154.07066,58.440018,0 -154.073592,58.446866,0 -154.075235,58.458106,0 -154.075051,58.472188,0 -154.073032,58.478259,0 -154.065121,58.48643,0 -154.056526,58.48922200000001,0 -154.001918,58.492346,0 -153.977617,58.49193100000001,0 -153.97402,58.488348,0 -153.96037,58.487831,0 -153.934852,58.49441399999999,0 -153.930473,58.497482,0 -153.909588,58.514562,0 -153.919134,58.516659,0 -153.902558,58.59737700000001,0 -153.897155,58.606237,0 -153.851432,58.611872,0 -153.832837,58.611671,0 -153.806232,58.606595,0 -153.771636,58.605639,0 -153.677597,58.611603,0 -153.601257,58.63463299999999,0 -153.591635,58.64008400000001,0 -153.587799,58.65174199999999,0 -153.577544,58.670532,0 -153.55265,58.687176,0 -153.477755,58.71276699999999,0 -153.468963,58.712234,0 -153.458816,58.708561,0 -153.445002,58.70931,0 -153.426641,58.72112700000001,0 -153.402472,58.742607,0 -153.385126,58.766173,0 -153.37073,58.799301,0 -153.369389,58.821255,0 -153.358917,58.83676699999999,0 -153.350964,58.843551,0 -153.34483,58.84695299999999,0 -153.336826,58.848878,0 -153.326138,58.84932,0 -153.317823,58.847441,0 -153.258597535022,58.855036,0 -153.25225,58.85585,0 -153.254798,58.861756,0 -153.267407,58.867218,0 -153.286163,58.863077,0 -153.294726,58.865432,0 -153.302433,58.871212,0 -153.305216,58.874637,0 -153.304788,58.878919,0 -153.322843,58.90784900000001,0 -153.33478,58.920521,0 -153.352283,58.921705,0 -153.365371,58.927753,0 -153.388765,58.945337,0 -153.393101,58.951097,0 -153.398479,58.966056,0 -153.422015,58.97064799999999,0 -153.438144,58.969911,0 -153.450672,58.976119,0 -153.463266,58.98690300000001,0 -153.479939,58.995286,0 -153.505618,58.981734,0 -153.523522,58.979221,0 -153.547283,58.983716,0 -153.616066,59.006737,0 -153.648029,59.028924,0 -153.695664,59.073994,0 -153.704162,59.07578,0 -153.746201,59.06519899999999,0 -153.74868,59.058729,0 -153.750936,59.05284,0 -153.793972,59.07141600000001,0 -153.802782,59.072224,0 -153.809866,59.070797,0 -153.815724,59.064851,0 -153.83818,59.055296,0 -153.850238,59.05291700000001,0 -153.932824,59.06267699999999,0 -153.949958,59.06678200000001,0 -154.008547,59.072904,0 -154.031822,59.073681,0 -154.063489,59.07214,0 -154.108278,59.03682700000001,0 -154.132449,59.024745,0 -154.158207,59.017853,0 -154.159835,59.01059500000001,0 -154.171462,59.021963,0 -154.18958,59.044207,0 -154.197422,59.06115499999999,0 -154.195271,59.069491,0 -154.171502,59.083423,0 -154.166406,59.09058199999999,0 -154.166745,59.100548,0 -154.173669,59.1202,0 -154.180691,59.12323499999999,0 -154.227238,59.125407,0 -154.239842,59.119324,0 -154.243785,59.114868,0 -154.251233,59.111239,0 -154.256528,59.118462,0 -154.263291,59.138462,0 -154.260121,59.14302000000001,0 -154.24422,59.144161,0 -154.214818,59.151562,0 -154.172944,59.172496,0 -154.130585,59.210503,0 -154.141192,59.216598,0 -154.13684,59.26266600000001,0 -154.122681,59.287622,0 -154.113577,59.299627,0 -154.077942,59.31336400000001,0 -154.030807,59.32704,0 -154.028739,59.337381,0 -154.033703,59.34399899999999,0 -154.103014,59.342719,0 -154.121394,59.353099,0 -154.121808,59.360544,0 -154.117672,59.365508,0 -154.100989,59.366016,0 -154.087803,59.367967,0 -154.062453,59.382753,0 -154.05215,59.38713800000001,0 -154.044563,59.388295,0 -154.035965,59.386362,0 -154.025696,59.381521,0 -154.007207,59.38252799999999,0 -153.998506,59.38472299999999,0 -153.996261,59.39082,0 -153.993994,59.394049,0 -153.990003,59.396777,0 -153.959893,59.39685,0 -153.954717,59.392532,0 -153.951389,59.38701699999999,0 -153.945539,59.38606100000001,0 -153.925307,59.405254,0 -153.911268,59.413732,0 -153.896576,59.418486,0 -153.862199,59.424124,0 -153.823384,59.418035,0 -153.807119,59.41946599999999,0 -153.747201,59.429657,0 -153.727546,59.435346,0 -153.699025,59.463603,0 -153.706419,59.47799400000001,0 -153.733853,59.50575400000001,0 -153.766242,59.522342,0 -153.76148,59.54341100000001,0 -153.719309,59.550264,0 -153.650943,59.55542699999999,0 -153.635262,59.55569400000001,0 -153.618151,59.552571,0 -153.585406,59.551475,0 -153.577828,59.555991,0 -153.555148,59.587858,0 -153.553163,59.59704600000001,0 -153.558292,59.60578999999999,0 -153.592193,59.61084200000001,0 -153.609253,59.62164,0 -153.610739,59.62834099999999,0 -153.604813,59.63873400000001,0 -153.586518,59.65154099999999,0 -153.563866,59.638903,0 -153.542466,59.630236,0 -153.476098,59.64273,0 -153.464556,59.651712,0 -153.444003,59.68995700000001,0 -153.441214,59.70131600000001,0 -153.442219,59.71742,0 -153.445336,59.728865,0 -153.44962,59.74381,0 -153.458549,59.764467,0 -153.454972,59.792099,0 -153.439977,59.784652,0 -153.374778,59.731587,0 -153.378235,59.688936,0 -153.384886,59.667188,0 -153.393849,59.658847,0 -153.415507,59.650918,0 -153.418099,59.642147,0 -153.414898,59.6386,0 -153.409422,59.636328,0 -153.392022,59.638856,0 -153.381595,59.638032,0 -153.366613,59.63372900000001,0 -153.342938,59.62131200000001,0 -153.308837,59.625706,0 -153.302756,59.62767899999999,0 -153.298047,59.632502,0 -153.298205,59.636345,0 -153.307199,59.653954,0 -153.315083,59.66249,0 -153.315123,59.664896,0 -153.314002,59.666336,0 -153.301687,59.668717,0 -153.286525,59.670251,0 -153.275175,59.667303,0 -153.26274,59.64342600000001,0 -153.253408,59.63841499999999,0 -153.240018,59.632426,0 -153.214156,59.634271,0 -153.155019,59.654344,0 -153.12174,59.678009,0 -153.10894,59.678316,0 -153.051559,59.691562,0 -153.031319,59.72362499999999,0 -152.994466,59.791261,0 -152.992126,59.810027,0 -153.003964,59.826747,0 -153.009084,59.83064300000001,0 -153.021945,59.834133,0 -153.088515,59.83337599999999,0 -153.113586,59.815631,0 -153.144372,59.807616,0 -153.182307,59.822389,0 -153.197352,59.82482700000001,0 -153.217481,59.824721,0 -153.236556,59.821867,0 -153.257736,59.810807,0 -153.278535,59.81092400000001,0 -153.285412,59.816755,0 -153.285802,59.820535,0 -153.278808,59.82806600000001,0 -153.256944,59.83649,0 -153.228615,59.853355,0 -153.225937,59.858343,0 -153.212865,59.862784,0 -153.144747,59.859829,0 -153.079187,59.871103,0 -153.046986,59.882425,0 -153.019977,59.88623,0 -153.002521,59.88672600000001,0 -152.967267,59.881494,0 -152.950662,59.87675900000001,0 -152.920417,59.877741,0 -152.900414,59.881812,0 -152.882672,59.88198599999999,0 -152.875167,59.877471,0 -152.860867,59.875033,0 -152.810058,59.878322,0 -152.806934,59.888029,0 -152.793584,59.89672,0 -152.745083,59.904232,0 -152.706431,59.915284,0 -152.700822,59.920309,0 -152.693674,59.932773,0 -152.679402,59.968054,0 -152.649479,59.988253,0 -152.611651,60.008521,0 -152.612721,60.01511499999999,0 -152.608599,60.025429,0 -152.590169,60.035978,0 -152.575153,60.04826,0 -152.569121,60.071748,0 -152.575271,60.082363,0 -152.596784,60.101071,0 -152.634972,60.115799,0 -152.658418,60.121591,0 -152.686373,60.13771699999999,0 -152.687485,60.140305,0 -152.674176,60.151731,0 -152.678085,60.163504,0 -152.688392,60.16582,0 -152.699879,60.165272,0 -152.734251,60.174801,0 -152.749545,60.18955199999999,0 -152.754884,60.202901,0 -152.754884,60.21091,0 -152.743388,60.224323,0 -152.747026,60.233311,0 -152.715881,60.241274,0 -152.698634,60.240661,0 -152.670403,60.24432,0 -152.660055,60.242004,0 -152.642361,60.228766,0 -152.627683,60.2257,0 -152.626901,60.222728,0 -152.626275,60.220852,0 -152.624648,60.218687,0 -152.556752,60.224217,0 -152.549236,60.227631,0 -152.539843,60.241644,0 -152.528206,60.25134599999999,0 -152.481794,60.274681,0 -152.456291,60.284042,0 -152.444165,60.285717,0 -152.42113,60.28533100000001,0 -152.411281,60.28786400000001,0 -152.392009,60.302108,0 -152.385979,60.315845,0 -152.386334,60.327889,0 -152.376743,60.345613,0 -152.371475,60.350176,0 -152.366213,60.353304,0 -152.352294,60.356101,0 -152.315855,60.359071,0 -152.307615,60.366489,0 -152.300622,60.369604,0 -152.234199,60.393888,0 -152.30195,60.414328,0 -152.312226,60.420397,0 -152.325821,60.434806,0 -152.330263,60.443134,0 -152.333375,60.460641,0 -152.331365,60.473525,0 -152.315149,60.499824,0 -152.309221,60.506384,0 -152.261497,60.538237,0 -152.195084,60.56967499999999,0 -152.163517,60.576934,0 -152.148434,60.575977,0 -152.13616,60.578475,0 -152.099983,60.594366,0 -152.058104,60.646714,0 -152.021936,60.673364,0 -151.916914,60.717916,0 -151.870471,60.727284,0 -151.848614,60.733976,0 -151.847965,60.735694,0 -151.849634,60.738286,0 -151.864958,60.750458,0 -151.860179,60.753282,0 -151.851967,60.754074,0 -151.831185,60.747303,0 -151.822596,60.742352,0 -151.811286,60.732222,0 -151.803814,60.72900400000001,0 -151.784039,60.726814,0 -151.760301,60.721441,0 -151.749493,60.714175,0 -151.744321,60.71240300000001,0 -151.716379,60.710415,0 -151.710444,60.712657,0 -151.705553,60.718052,0 -151.702833,60.72777799999999,0 -151.703802,60.732376,0 -151.751817,60.788729,0 -151.77731,60.810461,0 -151.787394,60.822307,0 -151.796723,60.838734,0 -151.800264,60.853672,0 -151.791698,60.86305999999999,0 -151.783271,60.868713,0 -151.736015,60.891507,0 -151.720815,60.90425700000001,0 -151.713913,60.916546,0 -151.692644,60.917743,0 -151.679518,60.922491,0 -151.641066,60.942177,0 -151.637346,60.946727,0 -151.621005,60.957453,0 -151.573698,60.975876,0 -151.538227,60.99183499999999,0 -151.4803,61.010902,0 -151.467851,61.012423,0 -151.42512,61.013107,0 -151.362243,61.009412,0 -151.349004,61.010004,0 -151.33092,61.015124,0 -151.312653,61.02636400000001,0 -151.307796,61.031008,0 -151.293622,61.035715,0 -151.252384,61.03996800000001,0 -151.190318,61.04273700000001,0 -151.166606,61.046404,0 -151.142587,61.062778,0 -151.127357,61.076896,0 -151.121692,61.083574,0 -151.119722,61.091117,0 -151.0785,61.13338100000001,0 -151.072775,61.14166900000001,0 -151.024905,61.178391,0 -151.01262,61.18325800000001,0 -150.990086,61.188907,0 -150.974011240993,61.19165835171841,0 -150.960114,61.194037,0 -150.951153,61.198778,0 -150.947425,61.20314,0 -150.947155,61.206299,0 -150.946243,61.20864400000001,0 -150.941944,61.209947,0 -150.939251,61.210299,0 -150.926773,61.206351,0 -150.895905,61.208915,0 -150.848842,61.22058799999999,0 -150.84241,61.224213,0 -150.827295,61.22838999999999,0 -150.711291,61.251089,0 -150.690497,61.259297,0 -150.679902,61.26588799999999,0 -150.67125,61.27365200000001,0 -150.66262,61.295356,0 -150.655804,61.29817300000001,0 -150.646221,61.296689,0 -150.628459,61.28440699999999,0 -150.606961,61.277732,0 -150.591842,61.279485,0 -150.590166,61.28148700000001,0 -150.561780478648,61.28148700000001,0 -150.56167,61.28148700000001,0 -150.495726,61.251245,0 -150.484391,61.247262,0 -150.468812,61.244627,0 -150.425,61.245552,0 -150.394411,61.24910700000001,0 -150.334576,61.25130099999999,0 -150.312226,61.254029,0 -150.303639,61.255871,0 -150.303688,61.257467,0 -150.288644582911,61.25744539365589,0 -150.286978,61.257443,0 -150.273575,61.251559,0 -150.266124,61.251237,0 -150.254296,61.254501,0 -150.204894,61.259548,0 -150.132634,61.257915,0 -150.074793,61.2535,0 -149.985874,61.237515,0 -149.919682,61.26347,0 -149.9183,61.323473,0 -149.898216,61.35271500000001,0 -149.876852,61.38434699999999,0 -149.808324,61.395768,0 -149.767968,61.43834300000001,0 -149.72647,61.453827,0 -149.614665,61.493237,0 -149.598917000807,61.4925268077121,0 -149.542776,61.489995,0 -149.479006,61.468104,0 -149.431417,61.468104,0 -149.431406685809,61.46799057098271,0 -149.429513,61.447165,0 -149.49321,61.428284,0 -149.496675407471,61.4266751867958,0 -149.537419,61.40776,0 -149.568790539771,61.4077134146733,0 -149.575804,61.407703,0 -149.612407,61.39461900000001,0 -149.701724,61.385299,0 -149.730277,61.332951,0 -149.778860817521,61.323805577674,0 -149.811179,61.31772200000001,0 -149.886655049382,61.24668540463571,0 -149.913696124906,61.2212348682615,0 -149.920389622044,61.2149350784389,0 -149.924441,61.211122,0 -149.968486672696,61.2072660718113,0 -150.009941,61.203637,0 -150.068004,61.166132,0 -150.075451,61.156269,0 -150.065646,61.151079,0 -150.039304,61.144291,0 -150.012094074652,61.1397315723893,0 -149.969164,61.132538,0 -149.95839097761,61.126273303627,0 -149.938600128811,61.1147645872987,0 -149.915666,61.101428,0 -149.904426740733,61.0971227362019,0 -149.857168,61.07902,0 -149.831922,61.07619700000001,0 -149.828465165607,61.0738723166089,0 -149.805816,61.058641,0 -149.785126,61.040798,0 -149.784393,61.038147,0 -149.751943,61.02407199999999,0 -149.739692,61.016961,0 -149.731198872689,61.0148219283927,0 -149.596076,60.98079,0 -149.510415,60.981742,0 -149.327217,60.92795799999999,0 -149.192519,60.939864,0 -149.087253,60.909257,0 -149.008462,60.854782,0 -148.99741,60.839672,0 -149.004897,60.83168000000001,0 -149.034078391325,60.8438693782096,0 -149.089987,60.86722300000001,0 -149.111617,60.878949,0 -149.345756,60.896082,0 -149.571329,60.93700800000001,0 -149.639423,60.928647,0 -149.770264,60.967607,0 -149.816817,60.966947,0 -149.83558,60.96885499999999,0 -149.853693,60.967395,0 -149.875188,60.960244,0 -149.909483091156,60.93243493058599,0 -149.945158,60.903507,0 -149.972373,60.892901,0 -149.999468,60.86398299999999,0 -150.023474,60.86884299999999,0 -150.045816,60.88712,0 -150.079328,60.886426,0 -150.109276,60.890357,0 -150.139937,60.901918,0 -150.194128,60.90134,0 -150.262096,60.947839,0 -150.286369,60.96669600000001,0 -150.310334,60.98954700000001,0 -150.341709,61.024201,0 -150.353702,61.03182199999999,0 -150.377171,61.039144,0 -150.401859,61.036227,0 -150.431873,61.023939,0 -150.454661,61.016566,0 -150.501923,61.007957,0 -150.511099,61.00514500000001,0 -150.515058,60.999443,0 -150.582471,60.982095,0 -150.603069,60.974434,0 -150.678438,60.958267,0 -150.705812,60.937792,0 -150.770594,60.911362,0 -150.808418,60.891336,0 -150.845731,60.877893,0 -150.883774,60.861865,0 -150.886964,60.85818699999999,0 -150.895508,60.853166,0 -151.012016,60.80933999999999,0 -151.024799,60.801787,0 -151.025634,60.797497,0 -151.037007,60.79364899999999,0 -151.062558,60.787429,0 -151.106079,60.783749,0 -151.212186,60.780342,0 -151.252902,60.773993,0 -151.261319,60.76980099999999,0 -151.259343,60.762896,0 -151.261383,60.757768,0 -151.270505,60.751286,0 -151.279635,60.747676,0 -151.30923,60.740724,0 -151.370515,60.733572,0 -151.3848,60.729946,0 -151.40927,60.720558,0 -151.410273,60.71102299999999,0 -151.404451,60.695004,0 -151.387839,60.674501,0 -151.362397,60.65352600000001,0 -151.350154,60.63466,0 -151.345508,60.622954,0 -151.344477,60.613458,0 -151.339069,60.594244,0 -151.335530106749,60.58864347667399,0 -151.330409,60.580539,0 -151.323951,60.574135,0 -151.303125,60.561326,0 -151.268373,60.548977,0 -151.264461,60.543263,0 -151.271997124806,60.5311014203777,0 -151.27881,60.520107,0 -151.280992,60.512627,0 -151.283123399508,60.4693320071653,0 -151.283967,60.452196,0 -151.286819,60.434648,0 -151.293074,60.416163,0 -151.299782,60.385481,0 -151.301868,60.384712,0 -151.30609,60.387257,0 -151.366874,60.372655,0 -151.377281,60.36552199999999,0 -151.381604,60.358728,0 -151.383231,60.326348,0 -151.381959,60.29695099999999,0 -151.387919,60.267066,0 -151.406607,60.22818300000001,0 -151.421702,60.212931,0 -151.488721,60.167616,0 -151.48937987398,60.1671052743968,0 -151.517887,60.145008,0 -151.545579,60.128394,0 -151.606881,60.099558,0 -151.623799,60.088033,0 -151.661437,60.057139,0 -151.702898,60.032253,0 -151.71801,60.009473,0 -151.742742,59.944626,0 -151.757693,59.917637,0 -151.777855,59.897493,0 -151.792594,59.88880999999999,0 -151.803059,59.87853299999999,0 -151.813619,59.844297,0 -151.83334,59.814129,0 -151.857339,59.791145,0 -151.867713,59.77841099999999,0 -151.869468,59.769159,0 -151.859327,59.749567,0 -151.850272,59.739035,0 -151.829137,59.720151,0 -151.7963,59.70415599999999,0 -151.746815,59.68623399999999,0 -151.709501250159,59.67054254425791,0 -151.686486,59.66086399999999,0 -151.643061,59.646966,0 -151.630583215125,59.6457737733252,0 -151.503822,59.633662,0 -151.461253,59.64303900000001,0 -151.448669,59.648171,0 -151.441127,59.653543,0 -151.439187,59.663247,0 -151.43661,59.66636,0 -151.42864286629,59.6691765882216,0 -151.42484,59.67052100000001,0 -151.377054,59.681313,0 -151.329812,59.68364400000001,0 -151.214539,59.729847,0 -151.172439,59.751346,0 -151.113845,59.777231,0 -151.063758,59.793146,0 -151.027756,59.796196,0 -151.006717,59.792986,0 -151.001663,59.788391,0 -150.982996,59.78354299999999,0 -150.948132,59.79219399999999,0 -150.927312,59.793431,0 -150.943870888824,59.7867699059742,0 -151.018888,59.756593,0 -151.098253,59.709442,0 -151.11649,59.69613199999999,0 -151.122791,59.677782,0 -151.121362,59.67473500000001,0 -151.126122,59.668336,0 -151.173984,59.65179299999999,0 -151.203186,59.64598900000001,0 -151.207639,59.64067,0 -151.205459,59.63028400000001,0 -151.188032,59.608687,0 -151.165427,59.60132900000001,0 -151.158254,59.594141,0 -151.164259,59.587013,0 -151.232313,59.597688,0 -151.277477,59.59432100000001,0 -151.30124,59.580001,0 -151.349489,59.56736299999999,0 -151.399402,59.54134800000001,0 -151.434578,59.54399900000001,0 -151.436359,59.530329,0 -151.47332,59.538426,0 -151.516339,59.52352,0 -151.529888,59.503857,0 -151.518717,59.484432,0 -151.549415,59.471125,0 -151.571333,59.483541,0 -151.59525,59.47598300000001,0 -151.634472,59.482443,0 -151.694726,59.46837,0 -151.706462,59.462811,0 -151.720421,59.443117,0 -151.728486,59.43967899999999,0 -151.740538,59.43843199999999,0 -151.75142,59.446554,0 -151.770875,59.447917,0 -151.826047,59.439049,0 -151.886513,59.421033,0 -151.905153,59.401035,0 -151.908015,59.395274,0 -151.887102,59.382532,0 -151.890738,59.373156,0 -151.903021,59.360454,0 -151.924018,59.354417,0 -151.952705,59.349413,0 -151.96313,59.34495799999999,0 -151.991618,59.313617,0 -151.978748,59.25377900000001,0 -151.959279,59.24762500000001,0 -151.952723,59.250447,0 -151.925051,59.254428,0 -151.905106,59.247075,0 -151.906191,59.23796299999999,0 -151.910958,59.236707,0 -151.917248,59.231254,0 -151.915684,59.227522,0 -151.874356,59.211931,0 -151.838335,59.209135,0 -151.761301,59.22132700000001,0 -151.75853,59.215743,0 -151.761451,59.205235,0 -151.764908,59.17551,0 -151.748451,59.15860099999999,0 -151.739068,59.156005,0 -151.720931,59.156078,0 -151.710625,59.158097,0 -151.698875,59.163081,0 -151.590729,59.161725,0 -151.580351,59.16523299999999,0 -151.576452,59.17260100000001,0 -151.579261,59.18766599999999,0 -151.574664,59.195327,0 -151.558151,59.200085,0 -151.521455,59.195483,0 -151.502657,59.195071,0 -151.498826,59.200178,0 -151.497805,59.204264,0 -151.499592,59.207839,0 -151.504699,59.21269000000001,0 -151.520245,59.21693,0 -151.525127,59.224947,0 -151.518488,59.230309,0 -151.509551,59.23439500000001,0 -151.488612,59.237714,0 -151.449207,59.248457,0 -151.437695,59.253989,0 -151.429415,59.268552,0 -151.407203,59.279349,0 -151.399549,59.27600499999999,0 -151.390544,59.264917,0 -151.387261,59.25045,0 -151.379612,59.242024,0 -151.341601,59.222231,0 -151.305724,59.20954399999999,0 -151.292812,59.214273,0 -151.287771,59.21941699999999,0 -151.287063,59.224789,0 -151.28488,59.227586,0 -151.280544,59.230476,0 -151.273779,59.229663,0 -151.261636,59.220304,0 -151.223629,59.224347,0 -151.206053,59.219319,0 -151.192634,59.211208,0 -151.190948,59.20663199999999,0 -151.186254,59.202813,0 -151.163408,59.202636,0 -151.126247,59.209923,0 -151.107558,59.217792,0 -151.102395,59.228713,0 -151.101102,59.240605,0 -151.105635,59.263143,0 -151.091532,59.269187,0 -151.087319,59.26879,0 -151.071902,59.28105800000001,0 -151.068166,59.284102,0 -151.070305,59.287852,0 -151.057756,59.301721,0 -151.0461,59.299359,0 -151.044411,59.293611,0 -151.03243,59.275762,0 -151.023097,59.269045,0 -150.999063,59.271082,0 -150.996808,59.257739,0 -151.007292,59.251577,0 -151.008815,59.24578699999999,0 -151.006682,59.233292,0 -151.001196,59.224149,0 -150.995406,59.224149,0 -150.988397,59.230549,0 -150.975164,59.236141,0 -150.959531,59.232537,0 -150.942212,59.233136,0 -150.897808,59.255648,0 -150.887821,59.26791999999999,0 -150.887825,59.273526,0 -150.895552,59.28622699999999,0 -150.912817,59.305214,0 -150.911598,59.31161400000001,0 -150.877447,59.31812,0 -150.834627,59.35198,0 -150.819565,59.357276,0 -150.79547,59.36284499999999,0 -150.769853,59.372966,0 -150.745004,59.400729,0 -150.739958,59.425211,0 -150.717190155271,59.42971810039139,0 -150.700859,59.432951,0 -150.651586,59.421751,0 -150.650046,59.420885,0 -150.601162,59.425657,0 -150.581182,59.445233,0 -150.585567,59.450057,0 -150.584342,59.467715,0 -150.579869,59.475709,0 -150.579595,59.47953999999999,0 -150.584636,59.49451,0 -150.589645,59.500083,0 -150.595056,59.499777,0 -150.615152,59.510199,0 -150.631577,59.521575,0 -150.638704,59.532056,0 -150.639543,59.547149,0 -150.631158,59.549245,0 -150.614808,59.545472,0 -150.60223,59.545891,0 -150.594543,59.553167,0 -150.589315,59.565154,0 -150.575818,59.579431,0 -150.556114,59.590331,0 -150.547729,59.590331,0 -150.54186,59.586977,0 -150.537248,59.581108,0 -150.533056,59.56308,0 -150.549825,59.538764,0 -150.550245,59.527026,0 -150.543537,59.51025600000001,0 -150.536119,59.49845699999999,0 -150.522994,59.494744,0 -150.516286,59.486778,0 -150.515867,59.482167,0 -150.518382,59.477136,0 -150.521626,59.47467199999999,0 -150.521537,59.467924,0 -150.516317,59.462326,0 -150.4989,59.456298,0 -150.478742,59.458498,0 -150.431518,59.514287,0 -150.412448,59.55462800000001,0 -150.355493,59.59841200000001,0 -150.318668,59.610427,0 -150.316945,59.585285,0 -150.368687,59.51766,0 -150.440221,59.40401599999999,0 -150.430144,59.343357,0 -150.385341,59.341963,0 -150.364663,59.382479,0 -150.353611,59.415993,0 -150.297108,59.424747,0 -150.296351,59.455794,0 -150.253521,59.486251,0 -150.180233,59.53384,0 -150.10885,59.56905600000001,0 -150.031935,59.61394700000001,0 -149.933721,59.668994,0 -149.919444,59.69183600000001,0 -149.928962,59.723245,0 -149.97916,59.74497599999999,0 -150.015557,59.75407500000001,0 -150.042854,59.772274,0 -150.028296,59.788652,0 -149.904216,59.762268,0 -149.849315,59.738066,0 -149.842672,59.70130000000001,0 -149.791905,59.661379,0 -149.74622,59.637585,0 -149.728136,59.692788,0 -149.738941,59.732237,0 -149.746364,59.860881,0 -149.717105,59.902951,0 -149.73291,59.927614,0 -149.741348,59.947557,0 -149.714865,59.95360399999999,0 -149.678482,59.94273599999999,0 -149.642235,59.89460700000001,0 -149.640334,59.875586,0 -149.668719,59.84348300000001,0 -149.654357,59.803997,0 -149.645088,59.769311,0 -149.626311,59.73441,0 -149.585549,59.71961200000001,0 -149.527793,59.70684600000001,0 -149.515671,59.738183,0 -149.506758,59.770927,0 -149.545381,59.782592,0 -149.595531,59.79772,0 -149.610149,59.837751,0 -149.572714,59.852317,0 -149.553081,59.890256,0 -149.554769,59.910578,0 -149.523103,59.927631,0 -149.480257,59.928746,0 -149.464213,59.918561,0 -149.435454,59.964455,0 -149.427135,59.98063100000001,0 -149.390533,59.983841,0 -149.408834,60.013433,0 -149.437237,60.029229,0 -149.44237,60.059567,0 -149.44306,60.098497,0 -149.424283,60.122837,0 -149.365695,60.11857500000001,0 -149.357614,60.08854299999999,0 -149.338481,60.046085,0 -149.325765,60.009454,0 -149.314594,59.97105700000001,0 -149.350484,59.93517599999999,0 -149.358921,59.899018,0 -149.384115,59.88256400000001,0 -149.411532,59.851043,0 -149.376593,59.835879,0 -149.270623,59.87206700000001,0 -149.221067,59.938748,0 -149.202409,59.988716,0 -149.165806,60.022045,0 -149.103415,60.04383,0 -149.070738,60.055401,0 -149.037222,60.042821,0 -149.084414,60.009425,0 -149.122073,59.97950099999999,0 -149.123262,59.968559,0 -149.089868,59.955531,0 -149.041619,59.968143,0 -149.01179,59.950771,0 -148.964018,59.972435,0 -148.914597,59.968937,0 -148.877857,59.936903,0 -148.859556,59.924398,0 -148.823072,59.930949,0 -148.801325,59.952794,0 -148.757591,59.958685,0 -148.689496,59.94470100000001,0 -148.6757,59.92264400000001,0 -148.669089611137,59.9215299112971,0 -148.634777,59.915747,0 -148.585580269786,59.9372103414648,0 -148.568766,59.944546,0 -148.548077,59.96802400000001,0 -148.545225,59.994956,0 -148.511593,60.002087,0 -148.491152,59.978431,0 -148.480457,59.958149,0 -148.444567,59.942617,0 -148.424195,59.953658,0 -148.401666,59.977836,0 -148.40131,60.03071299999999,0 -148.365658,60.086528,0 -148.377423,60.116739,0 -148.344742,60.139113,0 -148.303861,60.118042,0 -148.282945,60.08504600000001,0 -148.301826,60.05388000000001,0 -148.313962,60.03385900000001,0 -148.271774,60.012424,0 -148.220554,59.97634999999999,0 -148.25406,59.932357,0 -148.22507,59.931485,0 -148.149013,59.937677,0 -148.101239,59.952794,0 -148.039204,59.938867,0 -147.918226,59.968975,0 -147.870452,59.99133100000001,0 -147.859281,60.014503,0 -147.830522,60.041456,0 -147.815548,60.057713,0 -147.825293,60.068744,0 -147.851438,60.07906000000001,0 -147.889229,60.112357,0 -147.910144,60.131065,0 -147.968138,60.154375,0 -148.006405,60.17796499999999,0 -148.050603,60.201314,0 -148.086774,60.214182,0 -148.128487,60.236903,0 -148.211794,60.260256,0 -148.31055,60.248463,0 -148.313022,60.263084,0 -148.285204,60.270971,0 -148.215549,60.301014,0 -148.211591,60.306961,0 -148.216245,60.31826899999999,0 -148.217318,60.331594,0 -148.193066,60.339103,0 -148.171278,60.335266,0 -148.150628,60.324182,0 -148.150506,60.320739,0 -148.154021,60.3116,0 -148.153519,60.303062,0 -148.150529,60.29621000000001,0 -148.116261,60.279522,0 -148.064891,60.276233,0 -148.025994,60.27902899999999,0 -147.993336,60.352596,0 -147.942106,60.444029,0 -147.977647,60.48093699999999,0 -147.971595,60.48647900000001,0 -147.964014,60.50275000000001,0 -147.979416,60.519146,0 -148.086775,60.595518,0 -148.103144,60.598026,0 -148.115163,60.59602900000001,0 -148.19243,60.557371,0 -148.238951,60.521443,0 -148.250529,60.507573,0 -148.248264,60.500504,0 -148.255822,60.49341,0 -148.293931,60.48300100000001,0 -148.329384,60.476182,0 -148.346775,60.48873,0 -148.346024,60.502973,0 -148.333642,60.530464,0 -148.328564,60.531913,0 -148.30652,60.550702,0 -148.293234,60.565496,0 -148.255249,60.595124,0 -148.238225,60.600206,0 -148.230358,60.595062,0 -148.142993,60.622632,0 -148.094129,60.661533,0 -148.091712,60.676249,0 -148.107384,60.73977,0 -148.120763,60.748952,0 -148.148059,60.758536,0 -148.230153,60.76414,0 -148.26992,60.757389,0 -148.280533,60.753337,0 -148.326753,60.709539,0 -148.348278,60.68032700000001,0 -148.374415,60.67264,0 -148.384491,60.687754,0 -148.365711,60.740969,0 -148.366804,60.765833,0 -148.382396,60.77576800000001,0 -148.396359,60.779701,0 -148.405973,60.78030100000001,0 -148.431475,60.77184199999999,0 -148.442062,60.777956,0 -148.451287,60.78948699999999,0 -148.450518,60.796405,0 -148.446675,60.808705,0 -148.426951,60.827113,0 -148.397011,60.813694,0 -148.389914,60.805622,0 -148.375813,60.80347,0 -148.350857,60.803991,0 -148.341108,60.809072,0 -148.310107,60.83773699999999,0 -148.294872,60.862751,0 -148.281645,60.917792,0 -148.265981,60.936331,0 -148.242061,60.937738,0 -148.219351,60.95357300000001,0 -148.199367,60.971584,0 -148.178046,60.999608,0 -148.164849,61.04266499999999,0 -148.166366,61.069277,0 -148.14942,61.07667199999999,0 -148.125524,61.070698,0 -148.105785,61.035123,0 -148.095401,61.011384,0 -148.090487,61.00511,0 -148.065902,61.003979,0 -148.003613,61.05379700000001,0 -148.002034,61.060103,0 -147.999457,61.084059,0 -147.977566,61.10214299999999,0 -147.913797,61.140214,0 -147.817667,61.206839,0 -147.793872,61.231586,0 -147.738668,61.26584999999999,0 -147.726295,61.266802,0 -147.715826,61.24966899999999,0 -147.761511,61.214453,0 -147.772413,61.18032,0 -147.888099,61.107854,0 -147.949965,61.074541,0 -147.95282,61.06883,0 -147.948182,61.040625,0 -147.951016,61.029211,0 -148.017673,60.971807,0 -148.065529,60.937963,0 -148.085617,60.91861299999999,0 -148.102238,60.89934699999999,0 -148.148695,60.828701,0 -148.151994,60.818122,0 -148.144752,60.797089,0 -148.134384,60.791268,0 -148.098545,60.786556,0 -148.03435,60.783198,0 -147.920842,60.812442,0 -147.915513,60.818955,0 -147.913796,60.825152,0 -147.856317,60.820882,0 -147.829162,60.815947,0 -147.777554,60.811018,0 -147.743653,60.81388699999999,0 -147.733649,60.81697500000001,0 -147.729818,60.81825199999999,0 -147.732521,60.82471100000001,0 -147.750609,60.852141,0 -147.767358,60.853544,0 -147.780114,60.863435,0 -147.787512,60.87351100000001,0 -147.76124,60.913227,0 -147.730788,60.91125599999999,0 -147.666252,60.883774,0 -147.663357,60.874951,0 -147.677689,60.86996,0 -147.672325,60.845283,0 -147.66899,60.841563,0 -147.626982,60.845065,0 -147.602802,60.849978,0 -147.587706,60.874463,0 -147.598146,60.913905,0 -147.614243,60.95149599999999,0 -147.619197,60.97004,0 -147.591657,61.016591,0 -147.557623,61.08140199999999,0 -147.554836,61.091719,0 -147.558598,61.099797,0 -147.525494,61.101176,0 -147.514173,61.096127,0 -147.50272,61.072056,0 -147.516179,61.061408,0 -147.534431,61.03109,0 -147.537195,61.019346,0 -147.550153,60.90800899999999,0 -147.543399,60.90333100000001,0 -147.525453,60.896057,0 -147.517821,60.894819,0 -147.494209,60.912379,0 -147.502762,60.92042900000001,0 -147.506407,60.92116999999999,0 -147.507665,60.927235,0 -147.491943,60.957998,0 -147.473487,60.957552,0 -147.453803,60.941468,0 -147.452096,60.92588,0 -147.453301,60.897366,0 -147.451966,60.894219,0 -147.378483,60.877845,0 -147.280834,60.916963,0 -147.278401,60.961063,0 -147.274043,60.974595,0 -147.253381,60.979621,0 -147.222013,60.983541,0 -147.220722,60.981702,0 -147.219972,60.969505,0 -147.226884,60.96215999999999,0 -147.221206,60.953121,0 -147.21567,60.948077,0 -147.205327,60.94266,0 -147.181654,60.933099,0 -147.172021,60.932877,0 -147.143711,60.939831,0 -147.135968,60.946248,0 -147.145036,60.963492,0 -147.137281,60.980968,0 -147.113004,61.002974,0 -147.09526,61.010189,0 -147.087221,61.03551700000001,0 -147.096372,61.056631,0 -147.108419,61.078456,0 -147.132499,61.08916600000001,0 -147.119545,61.097381,0 -147.103146,61.11478,0 -147.127864,61.132915,0 -147.109563,61.148689,0 -147.075218,61.153219,0 -147.021146,61.150696,0 -146.998091,61.144215,0 -147.023523,61.128267,0 -147.062027,61.11862600000001,0 -147.046221,61.09439400000001,0 -147.019007,61.07284499999999,0 -147.000111,61.041099,0 -146.99928,61.013928,0 -146.977651,60.99601299999999,0 -146.982523,60.97560800000001,0 -147.020908,60.95974799999999,0 -147.056151,60.945468,0 -147.039349,60.94207900000001,0 -146.973469,60.93483500000001,0 -146.930186,60.94426300000001,0 -146.88025,60.96516100000001,0 -146.869223,60.971448,0 -146.862358,60.976177,0 -146.863106,60.982523,0 -146.848509,61.000587,0 -146.784127,61.042936,0 -146.690949,61.06407599999999,0 -146.64602,61.103571,0 -146.613659,61.118799,0 -146.493734,61.12260599999999,0 -146.424254,61.133076,0 -146.401411,61.125462,0 -146.288149,61.12260599999999,0 -146.269113,61.113088,0 -146.25674,61.098812,0 -146.262451,61.090246,0 -146.435676,61.085487,0 -146.607949,61.085487,0 -146.642213,61.075017,0 -146.661915,61.060776,0 -146.653827,61.047752,0 -146.701753,60.987009,0 -146.74594,60.957582,0 -146.747155,60.935454,0 -146.736422,60.910301,0 -146.711684,60.896465,0 -146.698087,60.872534,0 -146.727623,60.86627,0 -146.757401,60.878454,0 -146.774552,60.87622500000001,0 -146.787828,60.865597,0 -146.816702,60.855628,0 -146.819405,60.841568,0 -146.819415,60.81634600000001,0 -146.801009,60.80516,0 -146.755244,60.80788200000001,0 -146.725241,60.81212,0 -146.720187,60.81447499999999,0 -146.715145,60.820385,0 -146.719929,60.83016599999999,0 -146.718529,60.835667,0 -146.701138,60.848345,0 -146.664765,60.87085399999999,0 -146.620816,60.86901899999999,0 -146.556361,60.81006600000001,0 -146.550974,60.809402,0 -146.394766,60.812271,0 -146.333821,60.821921,0 -146.314154,60.827833,0 -146.290599,60.842694,0 -146.269056,60.863842,0 -146.262969,60.867787,0 -146.188582,60.869374,0 -146.173528,60.86607099999999,0 -146.172294,60.862823,0 -146.183555,60.846969,0 -146.255812,60.809962,0 -146.304842,60.798038,0 -146.359015,60.786193,0 -146.465221,60.770722,0 -146.501075,60.772113,0 -146.567128,60.75119800000001,0 -146.605405,60.758608,0 -146.703994,60.741903,0 -146.699616,60.732176,0 -146.668151,60.692761,0 -146.649456,60.683438,0 -146.623663,60.68041999999999,0 -146.60755,60.686377,0 -146.57921,60.690212,0 -146.532793,60.689748,0 -146.518245,60.688102,0 -146.500246,60.680134,0 -146.474539,60.681539,0 -146.412917,60.69044999999999,0 -146.40327,60.693084,0 -146.387289,60.71459800000001,0 -146.34697,60.735747,0 -146.344807317157,60.7356621072877,0 -146.31268,60.73440099999999,0 -146.318346,60.723817,0 -146.317697,60.721124,0 -146.314255,60.717926,0 -146.303795,60.713214,0 -146.285682369452,60.7131561789863,0 -146.25806,60.713068,0 -146.239909,60.71688900000001,0 -146.231103,60.722008,0 -146.228647,60.735643,0 -146.227874974964,60.7360517905974,0 -146.217208,60.7417,0 -146.209136,60.74439,0 -146.201008134472,60.7431584482027,0 -146.200497,60.743081,0 -146.202309,60.73591199999999,0 -146.199423,60.734359,0 -146.191553,60.73199000000001,0 -146.168456,60.72535000000001,0 -146.160617,60.726383,0 -146.120787,60.741981,0 -146.103685186895,60.751017975726,0 -146.090177,60.75815600000001,0 -146.085504,60.761063,0 -146.071364,60.770956,0 -146.067618,60.773918,0 -146.064954,60.776944,0 -146.049101,60.76377,0 -146.045723,60.75404,0 -146.044133,60.743636,0 -146.101458,60.719277,0 -146.12447,60.712417,0 -146.141037,60.707652,0 -146.179073,60.69148300000001,0 -146.188556,60.687333,0 -146.263379,60.651569,0 -146.270647,60.648035,0 -146.270654,60.644928,0 -146.269081,60.64124,0 -146.263539,60.631932,0 -146.258777,60.626288,0 -146.253471,60.622315,0 -146.188073,60.624521,0 -146.147633,60.631407,0 -146.143646,60.633869,0 -146.131338,60.63918100000001,0 -146.117309,60.643327,0 -146.08669,60.65203,0 -146.056067,60.65868500000001,0 -146.025417,60.665311,0 -146.016799,60.667222,0 -145.978502,60.684712,0 -145.905874,60.715045,0 -145.901676,60.715373,0 -145.899559,60.705642,0 -145.911935,60.696647,0 -145.931833,60.685478,0 -145.937428,60.682822,0 -145.969131,60.668235,0 -145.999595,60.64083200000001,0 -146.008144,60.625326,0 -146.008072,60.619742,0 -146.006152,60.61685399999999,0 -146.005018,60.61623100000001,0 -146.00293,60.615082,0 -145.965956,60.622748,0 -145.937464,60.63049,0 -145.937318,60.632053,0 -145.92532,60.648898,0 -145.922403,60.651954,0 -145.899605,60.671118,0 -145.894654,60.674164,0 -145.876217,60.68345299999999,0 -145.858557,60.688484,0 -145.85218,60.689858,0 -145.844937,60.690169,0 -145.841815,60.689787,0 -145.841742,60.68589300000001,0 -145.868167,60.66678400000001,0 -145.884301,60.658185,0 -145.897542,60.651214,0 -145.89564,60.629213,0 -145.896557,60.62868400000001,0 -145.898182,60.613653,0 -145.896663,60.61178899999999,0 -145.888747,60.610304,0 -145.856443,60.610936,0 -145.832717,60.614851,0 -145.816105,60.612217,0 -145.795684,60.603151,0 -145.795141,60.601121,0 -145.800808,60.593996,0 -145.844626,60.586509,0 -145.872969,60.584836,0 -145.88692,60.58571300000001,0 -145.951737,60.576779,0 -146.08036,60.54305600000001,0 -146.15629,60.52629600000001,0 -146.290083,60.51569200000001,0 -146.316761,60.497499,0 -146.3684,60.48067099999999,0 -146.455444,60.46531800000001,0 -146.505842,60.476961,0 -146.524263,60.487332,0 -146.52925,60.492135,0 -146.59103,60.49103900000001,0 -146.61084,60.48561299999999,0 -146.637783,60.467178,0 -146.721479,60.396416,0 -146.724068,60.387606,0 -146.725511,60.359939,0 -146.717548,60.349598,0 -146.656291,60.340462,0 -146.624614,60.341407,0 -146.607435,60.351673,0 -146.575835,60.357272,0 -146.543101,60.357974,0 -146.524591,60.350667,0 -146.540703,60.338811,0 -146.572014,60.321755,0 -146.595376,60.321203,0 -146.650252,60.30506299999999,0 -146.681867,60.292247,0 -146.693546,60.284593,0 -146.694034,60.279608,0 -146.689523,60.271279,0 -146.650852,60.242982,0 -146.641427,60.240897,0 -146.628377,60.239633,0 -146.607692,60.24118199999999,0 -146.540294,60.270968,0 -146.490804,60.294939,0 -146.458719,60.30725,0 -146.393256,60.327476,0 -146.313692,60.340532,0 -146.246667,60.335122,0 -146.197229,60.348294,0 -146.147554,60.36722,0 -146.088134,60.36498700000001,0 -146.094646,60.410296,0 -146.126199,60.42429,0 -146.123595,60.428031,0 -146.127029,60.430815,0 -146.133957,60.431523,0 -146.284201,60.417656,0 -146.308784,60.414246,0 -146.330118,60.407098,0 -146.350104,60.40778,0 -146.356252,60.425527,0 -146.355334,60.449349,0 -146.351292,60.45429299999999,0 -146.317354,60.460608,0 -146.312552,60.457438,0 -146.247144,60.451188,0 -146.216786,60.45022800000001,0 -146.109713,60.47034500000001,0 -146.074409,60.480085,0 -146.039209,60.492968,0 -145.964543,60.51355700000001,0 -145.828622,60.549746,0 -145.820659,60.550051,0 -145.798819,60.561918,0 -145.780628,60.579182,0 -145.764045,60.591588,0 -145.736494,60.59520999999999,0 -145.712891,60.583249,0 -145.802387,60.520173,0 -145.863092,60.50182099999999,0 -145.914403,60.49235,0 -145.960508,60.46751,0 -145.96106,60.465017,0 -145.957404,60.461101,0 -145.9469,60.455395,0 -145.882293,60.444633,0 -145.853469,60.44563,0 -145.799318,60.462031,0 -145.735938,60.47466,0 -145.668841,60.465431,0 -145.594158,60.45183,0 -145.561523,60.443124,0 -145.536942,60.430533,0 -145.502351,60.42081099999999,0 -145.501549,60.416799,0 -145.50393,60.410607,0 -145.510457,60.40898800000001,0 -145.505458,60.39426799999999,0 -145.335651,60.338098,0 -145.254749,60.31144800000001,0 -145.219533,60.303834,0 -145.136728,60.296219,0 -145.113885,60.300978,0 -145.089139,60.320014,0 -145.041549,60.357134,0 -145.039646,60.36665099999999,0 -145.039491,60.406066,0 -144.994451,60.414399,0 -144.933691,60.42569799999999,0 -144.903296,60.442581,0 -144.887342,60.456048,0 -144.874451,60.45730399999999,0 -144.848662,60.455192,0 -144.834059,60.443751,0 -144.855457,60.416886,0 -144.871428,60.407269,0 -144.912707,60.363178,0 -144.966167,60.309232,0 -144.957848,60.288152,0 -144.914016,60.280934,0 -144.892815,60.292821,0 -144.80502,60.281201,0 -144.738945,60.265055,0 -144.87725,60.244589,0 -144.929327,60.228253,0 -144.908886,60.221289,0 -144.654899,60.204882,0 -144.596256,60.181666,0 -144.558163,60.17779699999999,0 -144.555093,60.178485,0 -144.553786,60.181914,0 -144.545101,60.186999,0 -144.534892,60.18941999999999,0 -144.484756,60.169632,0 -144.453957,60.16600399999999,0 -144.441936,60.163069,0 -144.429249,60.14802,0 -144.348913,60.091184,0 -144.328472,60.108482,0 -144.323867,60.123474,0 -144.349626,60.146009,0 -144.312007,60.162018,0 -144.285357,60.140127,0 -144.1103,60.098939,0 -144.048732,60.059271,0 -144.052539,60.041759,0 -144.216828,60.040189,0 -144.323428,59.9926,0 -144.439546,59.940252,0 -144.567085,59.851736,0 -144.601349,59.797484,0 -144.59088,59.79558100000001,0 -144.450967,59.871724,0 -144.424317,59.894566,0 -144.195889,59.997359,0 -144.035037,60.020202,0 -143.897029,59.985938,0 -143.893326,59.98672002055659,0 -143.69899,60.027761,0 -143.624152,60.037257,0 -143.413377,60.05192400000001,0 -143.194276,60.061995,0 -143.135616,60.062082,0 -143.0687,60.068603,0 -142.908859,60.090328,0 -142.875248,60.092428,0 -142.809852,60.095217,0 -142.698419,60.093333,0 -142.589676,60.088182,0 -142.537534,60.08395300000001,0 -142.24518,60.049778,0 -142.13004,60.030327,0 -142.100059,60.026772,0 -142.062454,60.023781,0 -141.998818,60.022606,0 -141.966178,60.01912900000001,0 -141.912218,60.009779,0 -141.869766,59.998834,0 -141.73624,59.961905,0 -141.595376,59.961905,0 -141.530295,59.97765499999999,0 -141.40145,60.005925,0 -141.368138,60.024009,0 -141.398119,60.053119,0 -141.467284,60.08383500000001,0 -141.52813,60.12731,0 -141.552611,60.15358,0 -141.549283,60.170255,0 -141.513156,60.162214,0 -141.438525,60.132518,0 -141.403586,60.15571,0 -141.380055,60.15890300000001,0 -141.366745,60.147192,0 -141.375613,60.110713,0 -141.289499,60.034249,0 -141.285332,60.015443,0 -141.259314,59.998377,0 -141.291043,59.96785400000001,0 -141.299609,59.937397,0 -141.418582,59.916457,0 -141.47093,59.92692700000001,0 -141.485207,59.925024,0 -141.468075,59.898374,0 -141.423134,59.877329,0 -141.216148,59.827285,0 -141.156497,59.813582,0 -140.981942,59.769644,0 -140.890673,59.74198999999999,0 -140.792511,59.728573,0 -140.648953,59.711196,0 -140.599991,59.711316,0 -140.549111,59.707493,0 -140.377972,59.697686,0 -140.305981,59.69285,0 -140.255117,59.702324,0 -140.206393,59.71689,0 -140.186428,59.732467,0 -140.16266,59.740613,0 -140.080423,59.756299,0 -139.995333,59.776883,0 -139.925455,59.792074,0 -139.844169,59.807856,0 -139.780233,59.826497,0 -139.771439,59.845486,0 -139.775955,59.868402,0 -139.755277,59.88793399999999,0 -139.723496,59.91261399999999,0 -139.701013,59.930404,0 -139.660799,59.933394,0 -139.633466,59.943633,0 -139.612431,59.94887,0 -139.607202,59.968325,0 -139.605063,59.999625,0 -139.585336,60.004616,0 -139.563232,60.027778,0 -139.559666,60.041668,0 -139.535898,60.043211,0 -139.522588,60.020297,0 -139.488702,59.995034,0 -139.507971,59.98550899999999,0 -139.531264,59.974391,0 -139.545168,59.96892,0 -139.53162,59.960176,0 -139.527455,59.94004699999999,0 -139.535902,59.93524799999999,0 -139.577232,59.91826500000001,0 -139.605909,59.905036,0 -139.625896,59.90408399999999,0 -139.634462,59.874579,0 -139.621137,59.840315,0 -139.598294,59.807002,0 -139.582114,59.774642,0 -139.578307,59.734667,0 -139.587651,59.725841,0 -139.595439,59.718486,0 -139.588777,59.708968,0 -139.549753,59.70325799999999,0 -139.532297,59.705985,0 -139.510518,59.70263199999999,0 -139.51818,59.687814,0 -139.585789,59.642765,0 -139.593488,59.624317,0 -139.589369,59.61867399999999,0 -139.582528,59.613542,0 -139.581447,59.609171,0 -139.587135,59.605959,0 -139.614513,59.597135,0 -139.623125,59.59590900000001,0 -139.654579,59.59801499999999,0 -139.672408,59.602894,0 -139.67631,59.61124900000001,0 -139.671436,59.615682,0 -139.649691,59.618549,0 -139.640173,59.62616300000001,0 -139.65445,59.630922,0 -139.725834,59.63853599999999,0 -139.770567,59.59951299999999,0 -139.798169,59.58523599999999,0 -139.795314,59.57476700000001,0 -139.785068,59.564043,0 -139.807161,59.554333,0 -139.837817,59.561984,0 -139.847236,59.557304,0 -139.861306,59.546678,0 -139.862547,59.544258,0 -139.855565,59.53666,0 -139.746478,59.50341499999999,0 -139.595186,59.44541300000001,0 -139.541156,59.423071,0 -139.420168,59.37976,0 -139.343049,59.356608,0 -139.271031,59.337421,0 -139.044593,59.280341,0 -138.919749,59.248531,0 -138.847498,59.224835,0 -138.763467,59.19132,0 -138.7059,59.16254900000001,0 -138.636702,59.130585,0 -138.289132,59.05417,0 -138.224323,59.032216,0 -138.182075,59.01383100000001,0 -138.173949,59.00369599999999,0 -138.136246,58.989026,0 -138.066332,58.957126,0 -137.985198,58.90952500000001,0 -137.951995,58.88602900000001,0 -137.932593,58.868494,0 -137.924608,58.843928,0 -137.927624,58.827187,0 -137.931565,58.81978700000001,0 -137.939353,58.813721,0 -137.942134934831,58.8092189716311,0 -137.944957,58.804652,0 -137.941828,58.794322,0 -137.928156,58.78053299999999,0 -137.901675,58.765316,0 -137.87535,58.75723199999999,0 -137.795037,58.724855,0 -137.687627,58.66498900000001,0 -137.683516,58.660267,0 -137.676857,58.64677,0 -137.680811,58.621835,0 -137.67169,58.615523,0 -137.632889,58.599982,0 -137.608804,58.601234,0 -137.568216,58.587989,0 -137.497002,58.557721,0 -137.408758,58.515822,0 -137.295788,58.466179,0 -137.278612,58.459484,0 -137.25271,58.456338,0 -137.239366,58.453159,0 -137.180029,58.429939,0 -137.134453,58.406596,0 -137.111802,58.392594,0 -137.078109,58.39747400000001,0 -137.018409,58.409141,0 -137.009415,58.408877,0 -136.986384,58.404043,0 -136.946663,58.393185,0 -136.848992,58.328994,0 -136.857605,58.31636,0 -136.784326,58.290497,0 -136.762198,58.286765,0 -136.730218,58.286153,0 -136.717093,58.273508,0 -136.730885,58.25649599999999,0 -136.723391,58.244926,0 -136.70125,58.21941600000001,0 -136.658638,58.207323,0 -136.619824,58.209899,0 -136.597198,58.215006,0 -136.591924,58.217886,0 -136.567956,58.245153,0 -136.569831,58.2687,0 -136.576799,58.277951,0 -136.585703,58.296678,0 -136.570475,58.310954,0 -136.544776,58.316665,0 -136.514319,58.310003,0 -136.47202,58.306356,0 -136.389964,58.29707,0 -136.376464,58.298625,0 -136.370979,58.301643,0 -136.357115,58.328838,0 -136.360416,58.344077,0 -136.365148,58.34666300000001,0 -136.382035,58.362694,0 -136.336728,58.37757,0 -136.288867,58.369649,0 -136.282604,58.367261,0 -136.273929,58.363409,0 -136.281631,58.35309,0 -136.290055,58.351447,0 -136.298718,58.34294100000001,0 -136.303092,58.336277,0 -136.305121,58.32869100000001,0 -136.304158,58.32345,0 -136.296281,58.31844700000001,0 -136.288255,58.316144,0 -136.276769,58.313894,0 -136.265906,58.31449899999999,0 -136.11193,58.34253,0 -136.092646,58.34899,0 -136.041818,58.38016099999999,0 -136.053028,58.417375,0 -136.062165,58.435795,0 -136.072691,58.456577,0 -136.074595,58.469902,0 -136.100303,58.500673,0 -136.100293,58.514636,0 -136.132654,58.531768,0 -136.145027,58.554611,0 -136.194207,58.581731,0 -136.217601,58.672394,0 -136.229974,58.67525,0 -136.246368,58.663185,0 -136.317193,58.671231,0 -136.331366,58.663545,0 -136.342827,58.64503,0 -136.383327,58.629987,0 -136.459436,58.60788,0 -136.482395,58.61673900000001,0 -136.449827,58.637816,0 -136.422309,58.647412,0 -136.409876,58.64925,0 -136.396076,58.65442100000001,0 -136.372775,58.66741,0 -136.354222,58.684304,0 -136.356786,58.692581,0 -136.463258,58.781607,0 -136.538029,58.819777,0 -136.58343,58.838826,0 -136.612807,58.846227,0 -136.676388,58.85634799999999,0 -136.744507,58.876626,0 -136.76793,58.870608,0 -136.868184,58.885243,0 -136.928643,58.900131,0 -136.933458,58.90855800000001,0 -136.934841,58.916345,0 -136.932352,58.916252,0 -136.915995,58.938384,0 -136.91853,58.947217,0 -136.877826,58.962392,0 -136.857823,58.942868,0 -136.860014,58.931997,0 -136.840986,58.919742,0 -136.802832,58.92311800000001,0 -136.78871,58.936318,0 -136.782908,58.936659,0 -136.750422,58.93043900000001,0 -136.724994,58.923514,0 -136.704848,58.91439499999999,0 -136.6946,58.904081,0 -136.676898,58.89497299999999,0 -136.670412,58.893224,0 -136.630497,58.890256,0 -136.586289,58.909364,0 -136.575541,58.928941,0 -136.575516,58.9466,0 -136.572163,58.957292,0 -136.559836,58.963414,0 -136.544899,58.967314,0 -136.52652,58.95452300000001,0 -136.528161,58.928484,0 -136.493716,58.838963,0 -136.474735,58.830788,0 -136.431055,58.81841599999999,0 -136.397322,58.813019,0 -136.247343,58.752935,0 -136.21366,58.75115300000001,0 -136.161943,58.752171,0 -136.150772,58.757266,0 -136.106997,58.864441,0 -136.124491,58.924542,0 -136.1503,58.94711100000001,0 -136.160293,58.961999,0 -136.163648,58.973204,0 -136.162725,58.977261,0 -136.145306,58.976705,0 -136.120307,58.96841800000001,0 -136.060728,58.92758,0 -136.050351,58.913433,0 -136.045279,58.836074,0 -136.077276,58.824983,0 -136.089603,58.81572899999999,0 -136.082937,58.808383,0 -136.046172,58.781796,0 -136.011669,58.743276,0 -136.008929,58.73191,0 -136.015761,58.7226,0 -136.012226,58.712247,0 -135.912187,58.6188,0 -135.928572,58.572925,0 -135.914003,58.540583,0 -135.895088,58.534077,0 -135.893152,58.513929,0 -135.906941,58.50581,0 -135.945121,58.494836,0 -135.955625,58.492765,0 -135.968087,58.494669,0 -135.990948,58.487315,0 -135.99953,58.480281,0 -135.997418,58.470375,0 -135.987564,58.46442,0 -135.939926,58.45159999999999,0 -135.934547,58.451953,0 -135.923268,58.462919,0 -135.916112,58.46385799999999,0 -135.897169,58.450001,0 -135.897255,58.416132,0 -135.920299,58.389084,0 -135.921134,58.385772,0 -135.917917,58.381237,0 -135.90731,58.380839,0 -135.826079,58.390246,0 -135.728054,58.39706700000001,0 -135.630425,58.42858,0 -135.622105,58.42818599999999,0 -135.556066,58.40774,0 -135.521358,58.39144899999999,0 -135.512402,58.385759,0 -135.466083,58.39432799999999,0 -135.461296,58.399884,0 -135.446078452451,58.3998920844063,0 -135.433061,58.39989899999999,0 -135.408059,58.342999,0 -135.39826,58.327689,0 -135.344868,58.27079499999999,0 -135.306507,58.242916,0 -135.2877,58.234933,0 -135.277198,58.233634,0 -135.246709,58.23636799999999,0 -135.227736,58.2369,0 -135.220281,58.235584,0 -135.159055,58.210178,0 -135.112868,58.201553,0 -135.087872,58.200073,0 -135.073269,58.190575,0 -135.056227,58.18988400000001,0 -135.099106,58.245096,0 -135.1077,58.265034,0 -135.10121,58.29260699999999,0 -135.095814,58.29723299999999,0 -135.069775,58.302694,0 -135.060452,58.29033799999999,0 -135.056552,58.288699,0 -135.053488,58.290498,0 -135.049062,58.309295,0 -135.058071,58.349447,0 -135.088983,58.423022,0 -135.132273,58.496536,0 -135.165861,58.546605,0 -135.189368,58.576244,0 -135.190544,58.592417,0 -135.186357,58.59777,0 -135.159062,58.59552499999999,0 -135.153827,58.586626,0 -135.145521,58.578332,0 -135.142161,58.577107,0 -135.137516,58.577835,0 -135.135843,58.588225,0 -135.142322,58.61637,0 -135.233878,58.735487,0 -135.2432,58.783112,0 -135.248985,58.790878,0 -135.274203,58.813122,0 -135.284657,58.81811399999999,0 -135.339948,58.888955,0 -135.322622,58.900661,0 -135.323637,58.909627,0 -135.367419,58.929614,0 -135.393117,58.971493,0 -135.38931,58.990528,0 -135.399439,59.005417,0 -135.378841,59.02003400000001,0 -135.382641,59.033366,0 -135.395021,59.042877,0 -135.37641,59.08899999999999,0 -135.388031,59.105025,0 -135.43723,59.1132,0 -135.456958,59.134546,0 -135.484053,59.186451,0 -135.540859,59.219064,0 -135.632365,59.265983,0 -135.55298,59.25687200000001,0 -135.473358,59.22599700000001,0 -135.407401,59.16975699999999,0 -135.374382,59.12894599999999,0 -135.350853,59.105778,0 -135.321413,59.08870100000001,0 -135.301384,59.082286,0 -135.295789,59.096366,0 -135.331621,59.15133300000001,0 -135.368092,59.208914,0 -135.429601,59.242722,0 -135.444526,59.277689,0 -135.491149,59.282183,0 -135.544424,59.310047,0 -135.527786,59.323631,0 -135.396611,59.292434,0 -135.368331,59.26327499999999,0 -135.283964,59.192532,0 -135.238267,59.130134,0 -135.208585,59.076824,0 -135.180116,58.997871,0 -135.175756,58.973868,0 -135.175183749079,58.9708956904884,0 -135.151115,58.845881,0 -135.022624,58.732262,0 -135.027233,58.782183,0 -134.997761,58.819858,0 -134.960682,58.83007,0 -134.941668,58.782922,0 -134.935251,58.729542,0 -134.920515,58.680528,0 -134.988717,58.679319,0 -134.941722,58.612099,0 -134.792411,58.491936,0 -134.77635,58.397352,0 -134.69362290705,58.3119124966297,0 -134.631203,58.247446,0 -134.506876,58.216513,0 -134.482352,58.22984400000001,0 -134.404868,58.21907999999999,0 -134.352398,58.20048499999999,0 -134.262386,58.190934,0 -134.235158898781,58.19709371332589,0 -134.185015,58.20843799999999,0 -134.146685,58.19908399999999,0 -134.131299,58.232347,0 -134.102777,58.248735,0 -134.144711,58.267484,0 -134.143658,58.30385,0 -134.071879,58.329566,0 -134.040505,58.40199499999999,0 -134.01341,58.40398699999999,0 -133.992494,58.352021,0 -133.966825,58.31783399999999,0 -134.011746,58.293609,0 -134.060708,58.282489,0 -134.054291,58.23847799999999,0 -134.087674,58.181952,0 -134.049603,58.06202699999999,0 -133.848776,57.93544,0 -133.709141,57.792739,0 -133.703097,57.79215199999999,0 -133.696784,57.795075,0 -133.696478240166,57.7949409782487,0 -133.677433,57.786593,0 -133.658113,57.786368,0 -133.639675,57.790361,0 -133.637054,57.792203,0 -133.635578,57.7999,0 -133.638899,57.803323,0 -133.641996,57.811215,0 -133.633981502555,57.83786078683811,0 -133.631303,57.846766,0 -133.610178,57.860654,0 -133.601228458282,57.8603683928282,0 -133.569787,57.859365,0 -133.556097,57.78882999999999,0 -133.559889,57.77745699999999,0 -133.552950598876,57.77302675289669,0 -133.545031,57.76797,0 -133.485403,57.738677,0 -133.322532,57.66583,0 -133.291062,57.665358,0 -133.278209,57.661859,0 -133.251126,57.64996600000001,0 -133.174032,57.610062,0 -133.162464,57.599796,0 -133.179062,57.587147,0 -133.188864,57.589071,0 -133.234598,57.608749,0 -133.40498,57.663783,0 -133.441215,57.672013,0 -133.489677,57.677141,0 -133.522243,57.683663,0 -133.530957,57.686914,0 -133.543928,57.696454,0 -133.582212,57.71509500000001,0 -133.65453,57.713689,0 -133.65855,57.707924,0 -133.680963,57.648265,0 -133.676449,57.62519199999999,0 -133.66439,57.61170700000001,0 -133.62076,57.578919,0 -133.578948,57.565094,0 -133.565478,57.563095,0 -133.53786,57.567292,0 -133.531905,57.569466,0 -133.528313,57.57394399999999,0 -133.505982,57.578459,0 -133.481221,57.57147,0 -133.478086,57.56173,0 -133.488197,57.551387,0 -133.496365,57.548772,0 -133.510806,57.548139,0 -133.516749,57.543911,0 -133.52583,57.50177699999999,0 -133.52514,57.49034399999999,0 -133.503115,57.453528,0 -133.461179,57.394577,0 -133.472454,57.388446,0 -133.475998,57.380394,0 -133.472039,57.368651,0 -133.468267,57.364217,0 -133.453783,57.35623999999999,0 -133.442682,57.35284500000001,0 -133.403868,57.342685,0 -133.35472,57.333253,0 -133.34207,57.336798,0 -133.28351,57.333119,0 -133.274829,57.330625,0 -133.287052,57.30292,0 -133.307565,57.290052,0 -133.371591,57.28671300000001,0 -133.425948,57.285995,0 -133.442436,57.289978,0 -133.444958,57.297729,0 -133.455936,57.30397,0 -133.47589,57.30798200000001,0 -133.489738,57.305192,0 -133.522837,57.27858,0 -133.542565,57.250682,0 -133.544817,57.24257,0 -133.517197,57.17777600000001,0 -133.466932,57.159356,0 -133.322359,57.112727,0 -133.247414,57.136802,0 -133.23488,57.13793700000001,0 -133.224656,57.13652200000001,0 -133.206655,57.123834,0 -133.210261,57.118453,0 -133.208726,57.10969900000001,0 -133.188074,57.088973,0 -133.161448,57.086264,0 -133.125306,57.088891,0 -133.076481,57.08173299999999,0 -133.02505,57.05732199999999,0 -132.993944,57.032353,0 -132.984307,57.054845,0 -132.93752,57.048321,0 -132.916487,57.040086,0 -132.875197,57.069577,0 -132.870116,57.078424,0 -132.853284,57.080077,0 -132.83222,57.070408,0 -132.813684,57.030218,0 -132.853636,57.005343,0 -132.892388,56.993016,0 -132.918967,56.993673,0 -132.91197,56.966651,0 -132.87034,56.925682,0 -132.846744,56.910635,0 -132.829346,56.903573,0 -132.81789,56.89690100000001,0 -132.796999,56.87779,0 -132.792727,56.871673,0 -132.793601,56.866364,0 -132.797107,56.864922,0 -132.792089,56.856152,0 -132.770404,56.83748600000001,0 -132.637458,56.78091,0 -132.556758,56.75724199999999,0 -132.566653,56.738553,0 -132.550648504053,56.7138755863574,0 -132.542885,56.701905,0 -132.587094,56.682458,0 -132.581152,56.65960399999999,0 -132.570694,56.633077,0 -132.485842,56.60600699999999,0 -132.466115,56.583892,0 -132.484654,56.565825,0 -132.45079,56.564098,0 -132.408359,56.58507,0 -132.367088,56.57457800000001,0 -132.361293,56.534232,0 -132.357564,56.529008,0 -132.290475,56.487017,0 -132.279753,56.48588100000001,0 -132.259611,56.48763,0 -132.239043,56.476671,0 -132.208568,56.457125,0 -132.181647,56.399336,0 -132.17935,56.390823,0 -132.181158,56.387128,0 -132.199269,56.37105400000001,0 -132.204367,56.372086,0 -132.223136,56.38401699999999,0 -132.238473,56.398706,0 -132.242,56.41366,0 -132.233927,56.41673600000001,0 -132.245479,56.44121499999999,0 -132.253393,56.44953899999999,0 -132.362556,56.487904,0 -132.382379,56.491972,0 -132.38938,56.491367,0 -132.394268,56.48557900000001,0 -132.361132,56.38062699999999,0 -132.340678,56.341754,0 -132.349149,56.304456,0 -132.35871,56.2908,0 -132.363966,56.28712599999999,0 -132.382793,56.299203,0 -132.380574,56.30778500000001,0 -132.381766,56.310756,0 -132.403678,56.33481100000001,0 -132.422041,56.34934100000001,0 -132.431631,56.352163,0 -132.441839,56.35398300000001,0 -132.52936,56.33855499999999,0 -132.543076,56.332276,0 -132.575023,56.296468,0 -132.582033,56.285456,0 -132.58207,56.27881600000001,0 -132.601495,56.24006499999999,0 -132.615797,56.234172,0 -132.64425,56.23280699999999,0 -132.664212,56.236332,0 -132.672471,56.239439,0 -132.689888,56.238744,0 -132.718342,56.217704,0 -132.723396,56.14581400000001,0 -132.708697,56.112124,0 -132.68462,56.082323,0 -132.640079,56.033194,0 -132.607653,56.010769,0 -132.594235,56.02185800000001,0 -132.593155,56.032288,0 -132.608723,56.05213599999999,0 -132.595531,56.068458,0 -132.573677,56.0707,0 -132.545143,56.053662,0 -132.522076,56.077035,0 -132.492795,56.06643600000001,0 -132.481802,56.030628,0 -132.465283,56.018541,0 -132.454825,55.99163,0 -132.449834,55.956186,0 -132.420005,55.947403,0 -132.38364,55.93682100000001,0 -132.373301,55.917713,0 -132.39708,55.905546,0 -132.398349,55.884052,0 -132.397304,55.87886700000001,0 -132.376518,55.853377,0 -132.372298,55.850359,0 -132.323242,55.851878,0 -132.309949,55.862301,0 -132.309306,55.865059,0 -132.319799,55.874347,0 -132.320487,55.887648,0 -132.279962,55.924839,0 -132.224241,55.930421,0 -132.191893,55.92171700000001,0 -132.170198,55.91923100000001,0 -132.159064,55.92256,0 -132.135474,55.941626,0 -132.129697,55.957855,0 -132.176955,56.055706,0 -132.10402,56.10810899999999,0 -132.060993,56.12935499999999,0 -132.034849,56.13343199999999,0 -132.01813,56.183155,0 -131.993894,56.193351,0 -131.958838,56.194762,0 -131.943402,56.192557,0 -131.935728,56.177207,0 -131.970294,56.114042,0 -132.011297,56.077359,0 -132.033368,56.095572,0 -132.038364,56.091297,0 -132.07034,56.046733,0 -132.041795,55.95879500000001,0 -132.067412,55.875078,0 -132.08605,55.832436,0 -132.113361,55.812718,0 -132.130413,55.811419,0 -132.183163,55.80083,0 -132.187494,55.785595,0 -132.184982,55.778776,0 -132.185478,55.75316100000001,0 -132.190479,55.742501,0 -132.206951,55.736987,0 -132.229647,55.740488,0 -132.251732,55.756247,0 -132.265071,55.762174,0 -132.280431,55.765599,0 -132.283594,55.761774,0 -132.260119,55.732293,0 -132.237532,55.711347,0 -132.224167,55.701766,0 -132.215409,55.68227,0 -132.198009204812,55.634353106786,0 -132.197869,55.633967,0 -132.2015,55.62637600000001,0 -132.198652,55.615721,0 -132.183207,55.588128,0 -132.148383,55.562481,0 -132.141118,55.55901,0 -132.114654,55.550623,0 -132.098521,55.550015,0 -132.060504,55.54303,0 -132.043772,55.53574199999999,0 -132.014613,55.515238,0 -131.986493,55.500619,0 -131.971792,55.49827899999999,0 -131.936689,55.535151,0 -131.945303,55.572441,0 -131.962642,55.608708,0 -131.963121,55.61526299999999,0 -131.939318,55.623844,0 -131.897413,55.603914,0 -131.865395,55.63067999999999,0 -131.828887,55.66714799999999,0 -131.831407,55.681342,0 -131.82616,55.71858,0 -131.814759,55.73135,0 -131.779908,55.791904,0 -131.771248,55.810028,0 -131.777033,55.823261,0 -131.81631,55.837449,0 -131.830547,55.856616,0 -131.836962,55.87547200000001,0 -131.828176,55.877284,0 -131.776737,55.878784,0 -131.720384,55.894659,0 -131.689509,55.890232,0 -131.687317,55.886772,0 -131.689044,55.875488,0 -131.701487,55.860943,0 -131.713742,55.853263,0 -131.710448,55.80662,0 -131.705259,55.78993899999999,0 -131.700951,55.788977,0 -131.697211,55.793768,0 -131.691058,55.797561,0 -131.678213,55.79983699999999,0 -131.653124,55.795735,0 -131.640141,55.789355,0 -131.640294,55.785274,0 -131.649626,55.768728,0 -131.704907,55.755541,0 -131.719308,55.749099,0 -131.733408,55.73083199999999,0 -131.726467,55.720826,0 -131.706744,55.70643499999999,0 -131.701147,55.69696,0 -131.712102,55.665797,0 -131.719546,55.650282,0 -131.726615,55.641,0 -131.726322,55.63592999999999,0 -131.724359,55.632559,0 -131.701091,55.61368400000001,0 -131.682849,55.610488,0 -131.671471,55.606573,0 -131.654172,55.592431,0 -131.664629,55.581525,0 -131.733052,55.548559,0 -131.766373,55.54005000000001,0 -131.793717,55.54168200000001,0 -131.841683,55.526748,0 -131.845542,55.522119,0 -131.844157,55.456742,0 -131.833815758885,55.4491540789525,0 -131.828446,55.445214,0 -131.742744868827,55.39856975528231,0 -131.741834,55.398074,0 -131.737677110628,55.3933649986801,0 -131.736654,55.392206,0 -131.735939,55.381905,0 -131.732441,55.377553,0 -131.698743,55.354873,0 -131.69709580839,55.3544484023772,0 -131.672068633079,55.3479971315707,0 -131.639031,55.339481,0 -131.619723528019,55.3288301620084,0 -131.584842,55.309588,0 -131.566677,55.306068,0 -131.550044,55.293389,0 -131.53651,55.29235199999999,0 -131.528201,55.295349,0 -131.519568448566,55.31708310218379,0 -131.515257,55.327938,0 -131.509811,55.33231,0 -131.494146,55.33231,0 -131.471976,55.32338599999999,0 -131.462968,55.312648,0 -131.475602,55.303263,0 -131.463532,55.283389,0 -131.444799,55.26449100000001,0 -131.437857,55.248407,0 -131.428234,55.239416,0 -131.424502,55.238764,0 -131.402931,55.238065,0 -131.326989,55.265911,0 -131.291203,55.28175100000001,0 -131.284986,55.286437,0 -131.255107,55.32210400000001,0 -131.254461,55.329698,0 -131.264608,55.345639,0 -131.287016,55.35826,0 -131.293043,55.378684,0 -131.292102,55.383946,0 -131.272447,55.38777400000001,0 -131.202477,55.39283400000001,0 -131.197489,55.391051,0 -131.191933,55.368334,0 -131.191595,55.36052699999999,0 -131.230432,55.29780199999999,0 -131.24019,55.287156,0 -131.278302,55.260319,0 -131.302697,55.250217,0 -131.297162,55.235046,0 -131.263089,55.208318,0 -131.235516,55.19757400000001,0 -131.21123,55.19237900000001,0 -131.188747,55.192745,0 -131.160492,55.197481,0 -131.072348,55.253822,0 -131.031357,55.284785,0 -131.019881,55.347905,0 -131.027301,55.371392,0 -131.030521,55.37691700000001,0 -131.034191,55.379358,0 -131.033054,55.393118,0 -131.029045,55.408395,0 -131.008726,55.404818,0 -131.000594,55.39801199999999,0 -130.964088,55.33266400000001,0 -130.968326,55.31662600000001,0 -130.959772,55.31589199999999,0 -130.946597,55.322396,0 -130.933399,55.331906,0 -130.928172,55.339426,0 -130.947498,55.38082299999999,0 -130.969588,55.393281,0 -130.994376,55.472396,0 -130.987103,55.539872,0 -130.978917,55.55083500000001,0 -130.945177,55.557731,0 -130.927651,55.576585,0 -130.94683,55.650716,0 -130.965994,55.688974,0 -130.998638,55.723538,0 -131.040966,55.762837,0 -131.043527,55.766997,0 -131.053217,55.799843,0 -131.070138,55.828551,0 -131.156834,55.901147,0 -131.241704,55.955069,0 -131.245949,55.965905,0 -131.243491,55.973689,0 -131.236936,55.982293,0 -131.229971,55.984342,0 -131.216475,55.984342,0 -131.187429,55.95601,0 -131.171406,55.94295200000001,0 -131.093956,55.895675,0 -130.984774,55.799349,0 -130.939017,55.754831,0 -130.901872,55.69738,0 -130.880013,55.59895400000001,0 -130.870524,55.533768,0 -130.881297,55.49558200000001,0 -130.898129,55.470177,0 -130.910744,55.459982,0 -130.920295,55.446085,0 -130.922985,55.435113,0 -130.9208,55.428721,0 -130.882146,55.358831,0 -130.871857,55.313991,0 -130.864918,55.309469,0 -130.864918,55.298367,0 -130.871329,55.29378,0 -130.909948,55.299878,0 -130.925069,55.300713,0 -130.951572,55.291648,0 -130.952956,55.27309200000001,0 -130.985304,55.24728600000001,0 -131.092605,55.192711,0 -131.093806,55.19133500000001,0 -131.087497,55.16303599999999,0 -131.085579,55.158233,0 -131.076646,55.146178,0 -131.070692,55.138143,0 -131.052298,55.11816000000001,0 -131.029676,55.099478,0 -131.013215,55.090069,0 -130.984157,55.08441,0 -130.98373,55.068946,0 -130.986802,55.06522199999999,0 -131.004216,55.02960499999999,0 -131.012061,54.996238,0 -131.007787,54.99130000000001,0 -130.97503,54.97485300000001,0 -130.953507,54.972102,0 -130.949104,54.967846,0 -130.9604,54.933685,0 -130.959732,54.918678,0 -130.947338,54.88673300000001,0 -130.941029,54.841587,0 -130.947098,54.826047,0 -130.932454,54.806938,0 -130.915936,54.789617,0 -130.901801,54.780876,0 -130.866866,54.769068,0 -130.854966,54.766341,0 -130.83698,54.767371,0 -130.806815,54.77686200000001,0 -130.792122,54.784784,0 -130.78857,54.794643,0 -130.787444,54.822905,0 -130.773606,54.820845,0 -130.742316,54.801914,0 -130.736295,54.794798,0 -130.732201,54.78262000000001,0 -130.733209,54.77961,0 -130.747227,54.7726,0 -130.737423,54.753545,0 -130.692767,54.720162,0 -130.685654,54.718659,0 -130.644479,54.736897,0 -130.633722,54.744073,0 -130.659038,54.763058,0 -130.628874,54.78272,0 -130.568203,54.792153,0 -130.459388,54.84846499999999,0 -130.422716,54.873373,0 -130.340259,54.922126,0 -130.273328,54.973964,0 -130.187562,55.062841,0 -130.180886,55.09125099999999,0 -130.15243,55.124616,0 -130.146125,55.142842,0 -130.102842,55.192602,0 -129.974167,55.28191900000001,0 -129.976649,55.30037100000001,0 -130.021107,55.33791600000001,0 -130.041216,55.451725,0 -130.089853,55.49797800000001,0 -130.127904,55.581035,0 -130.111657,55.682901,0 -130.147758,55.714903,0 -130.152406,55.76628700000001,0 -130.151598208557,55.7674370843731,0 -130.124764,55.80564199999999,0 -130.083493,55.821707,0 -130.003785,55.907442,0 -130.003785,55.911931,0 -130.017679,55.911945,0 -130.003485,56.00807499999999,0 -130.103798,56.122798,0 -130.24623,56.09641500000001,0 -130.35103,56.128703,0 -130.424927,56.141376,0 -130.46787,56.243053,0 -130.540532,56.24745,0 -130.623308,56.266878,0 -130.781981,56.366844,0 -131.087326074153,56.40618294818349,0 -131.087831,56.406248,0 -131.173467,56.449524,0 -131.469053,56.55164099999999,0 -131.581067,56.61223199999999,0 -131.835327,56.599203,0 -131.860669,56.70298400000001,0 -131.901072,56.753675,0 -131.872876,56.805995,0 -132.123568,56.873648,0 -132.115937148027,56.89033672204201,0 -132.045191,57.04505899999999,0 -132.368983,57.09151300000001,0 -132.247921,57.211253,0 -132.362984,57.342011,0 -132.553685,57.496514,0 -132.652456,57.607357,0 -132.658124,57.619486,0 -132.756813,57.705093,0 -132.869318,57.842941,0 -133.076421,57.999762,0 -133.176887342176,58.1504924979497,0 -133.176937,58.150567,0 -133.184063,58.162511,0 -133.254764,58.215665,0 -133.330378,58.26651,0 -133.356469,58.286924,0 -133.461504,58.387723,0 -133.377303,58.430548,0 -133.557805,58.523131,0 -133.707118,58.61227399999999,0 -133.840507,58.729444,0 -133.972218,58.767272,0 -134.258074,58.861036,0 -134.336464,58.92341399999999,0 -134.313741876708,58.9622004335705,0 -134.313731,58.962219,0 -134.407149,58.97921,0 -134.381877,59.038763,0 -134.447123,59.089223,0 -134.483395,59.131603,0 -134.565566,59.131124,0 -134.679117,59.192275,0 -134.700716,59.249011,0 -134.959905,59.28092600000001,0 -135.030525,59.34634799999999,0 -134.989745,59.387129,0 -135.10102,59.427531,0 -135.077281,59.45177000000001,0 -135.027562,59.474738,0 -135.028903,59.563659,0 -135.117833,59.62307,0 -135.15759,59.62572,0 -135.219845,59.662776,0 -135.233668,59.69614299999999,0 -135.252765,59.698279,0 -135.360109,59.737615,0 -135.479161,59.798041,0 -135.706604,59.733099,0 -135.723041438098,59.7283601280371,0 -135.952645,59.662166,0 -136.192904,59.640027,0 -136.353936,59.599827,0 -136.23983,59.559412,0 -136.238504,59.524326,0 -136.305022,59.464518,0 -136.36189,59.450526,0 -136.372444,59.449612,0 -136.477156,59.465824,0 -136.477379,59.376233,0 -136.469247,59.28407899999999,0 -136.495757,59.27513200000001,0 -136.489625441636,59.2597460814309,0 -136.489144,59.258538,0 -136.581521,59.16490899999999,0 -136.826633,59.158389,0 -136.863896,59.138472,0 -137.264752,59.002352,0 -137.447383,58.90951299999999,0 -137.525292,58.906873,0 -137.5,58.985395,0 -137.542133,59.106427,0 -137.607356,59.243803,0 -137.859367,59.375379,0 -138.055468,59.47746599999999,0 -138.231845,59.567431,0 -138.392833,59.649546,0 -138.556586,59.733072,0 -138.626202,59.76858,0 -138.668649,59.809657,0 -138.680253,59.847108,0 -138.707378,59.906325,0 -138.798517,59.924648,0 -138.921705,59.958545,0 -139.032508,59.98901500000001,0 -139.053671,59.994837,0 -139.12769,60.042488,0 -139.198846,60.08829600000001,0 -139.072127,60.319429,0 -139.074819,60.352505,0 -139.692981,60.33522399999999,0 -139.800714,60.27791700000001,0 -139.981094,60.181966,0 -140.458206,60.30808499999999,0 -140.520425,60.219819,0 -140.766551,60.25983999999999,0 -141.00198,60.306369,0 -141.001927558447,60.39168699624391,0 -141.001873,60.48044900000001,0 -140.997755,61.069317,0 -141.002016,61.436392,0 -141.002054,61.678695,0 -141.00236,61.728712,0 -141.002082,61.755615,0 -141.002253713406,61.90404700000001,0 -141.002492,62.11002599999999,0 -141.002133,62.124686,0 -141.00218,62.91673699999999,0 -141.002254,63.852725,0 -141.002311,64.82987300000001,0 -141.002464898332,65.8394080841894,0 -141.002465,65.840075,0 -141.00262,66.642895,0 -141.002679,67.28604,0 -141.002711,67.892335,0 -141.002694000803,68.49836237728449,0 -141.002694,68.498391,0 -141.002676,69.16518499999999,0 -141.002672,69.64560899999999,0 -141.119233,69.67352700000001,0 -141.210456,69.68419,0 -141.303669,69.68499300000001,0 -141.43084,69.695144,0 -141.528197,69.736025,0 -141.606229,69.761695,0 -141.713369,69.789497,0 -141.842843,69.811927,0 -141.958715,69.823376,0 -142.075612,69.853319,0 -142.081696,69.855498,0 -142.112714,69.862162,0 -142.239873,69.896598,0 -142.272156,69.907044,0 -142.404366,69.916511,0 -142.409962,69.933646,0 -142.452927,69.958125,0 -142.498036,69.97361100000001,0 -142.746807,70.042531,0 -142.939555,70.07438,0 -143.03481,70.096384,0 -143.151273,70.123352,0 -143.191678,70.131957,0 -143.22127,70.136762,0 -143.253119,70.15226199999999,0 -143.281878,70.15105200000001,0 -143.358173,70.132361,0 -143.425199,70.124928,0 -143.5173,70.138418,0 -143.57767,70.14633000000001,0 -143.619977,70.13458199999999,0 -143.661215,70.134259,0 -143.712511,70.1318,0 -143.770547,70.12565499999999,0 -143.773756,70.11421900000001,0 -143.826164,70.10754799999999,0 -143.887486,70.120605,0 -143.914244,70.115696,0 -143.95059,70.099985,0 -144.022673,70.087863,0 -144.090345,70.085094,0 -144.129206,70.07954700000001,0 -144.172226,70.063102,0 -144.251849,70.05799500000001,0 -144.274904,70.048711,0 -144.285362,70.040721,0 -144.386732,70.041005,0 -144.455421,70.03524400000001,0 -144.488578,70.02387899999999,0 -144.512258,70.00447800000001,0 -144.589172,69.977611,0 -144.618671,69.96931499999999,0 -144.672305,69.966876,0 -144.738976,69.970112,0 -144.792614,69.97979599999999,0 -144.854539,69.98636399999999,0 -144.856954,69.98598699999999,0 -144.863111,69.973524,0 -144.867623,69.972266,0 -144.902304,69.96451,0 -144.953637,69.959262,0 -144.966761,69.96436199999999,0 -144.990131,69.97768000000001,0 -145.011711,69.981144,0 -145.175073,69.99170700000001,0 -145.197331,69.99495400000001,0 -145.218593,70.00727999999999,0 -145.247167,70.01789100000001,0 -145.331553,70.02259599999999,0 -145.408182,70.031572,0 -145.43483,70.03699400000001,0 -145.468856,70.04833600000001,0 -145.469508,70.059136,0 -145.505682,70.074528,0 -145.522384,70.077465,0 -145.579972,70.076804,0 -145.623306,70.08437499999999,0 -145.760443,70.126113,0 -145.767092,70.12871699999999,0 -145.783327,70.139454,0 -145.790386,70.14856899999999,0 -145.842689,70.164102,0 -145.858297,70.16599600000001,0 -145.872923,70.14882900000001,0 -145.917674,70.14252500000001,0 -145.955164,70.140199,0 -146.006411,70.14040199999999,0 -146.096827,70.145151,0 -146.114124,70.154956,0 -146.129579,70.158948,0 -146.172672,70.16589399999999,0 -146.272965,70.17694400000001,0 -146.309558,70.178907,0 -146.335147,70.17623500000001,0 -146.413197,70.17825000000001,0 -146.44886,70.183398,0 -146.508133,70.186044,0 -146.624761,70.18239800000001,0 -146.713053,70.175398,0 -146.734021,70.17547500000001,0 -146.885771,70.185917,0 -146.909516,70.173259,0 -146.973212,70.15185700000001,0 -146.991109,70.14761,0 -147.161601,70.155612,0 -147.182123,70.16034999999999,0 -147.21921,70.178826,0 -147.231008,70.195398,0 -147.233327,70.207553,0 -147.244119,70.218963,0 -147.350145,70.18768300000001,0 -147.385271,70.185256,0 -147.402283,70.185273,0 -147.431532,70.18882600000001,0 -147.50527,70.200384,0 -147.585678,70.20339800000001,0 -147.648,70.203299,0 -147.681722,70.19995400000001,0 -147.765104,70.21980600000001,0 -147.780563325841,70.2377595468448,0 -147.789357,70.247972,0 -147.817637,70.276938,0 -147.863719,70.293317,0 -147.9615,70.314201,0 -148.076865,70.32751,0 -148.089174,70.331005,0 -148.089676,70.332812,0 -148.089576,70.33542300000001,0 -148.09058,70.33743200000001,0 -148.107231,70.34280099999999,0 -148.138212,70.33775199999999,0 -148.139682,70.32211599999999,0 -148.166624,70.304911,0 -148.201505,70.29410900000001,0 -148.22795,70.30286099999999,0 -148.230786,70.323739,0 -148.203477,70.34818799999999,0 -148.2582,70.336996,0 -148.2698,70.329617,0 -148.351437,70.304453,0 -148.363196,70.302627,0 -148.411253,70.302627,0 -148.450639,70.308437,0 -148.46615,70.313609,0 -148.477028,70.32087199999999,0 -148.464543,70.340159,0 -148.477044,70.35906799999999,0 -148.580356,70.41254600000001,0 -148.590007,70.416956,0 -148.610566,70.422588,0 -148.667017,70.43008399999999,0 -148.696768,70.42916,0 -148.69877,70.425878,0 -148.728082,70.41303499999999,0 -148.789577,70.40274599999999,0 -148.858069,70.422917,0 -148.928979,70.426835,0 -148.959443,70.42394400000001,0 -149.082079,70.464894,0 -149.179148,70.48569999999999,0 -149.314473,70.49532499999999,0 -149.400623,70.489931,0 -149.418727,70.492257,0 -149.432083,70.50375,0 -149.461755,70.518271,0 -149.509854,70.508746,0 -149.524235,70.502128,0 -149.536891,70.499397,0 -149.565278,70.49645,0 -149.581348,70.495891,0 -149.649556,70.504757,0 -149.656806,70.508713,0 -149.661165,70.509203,0 -149.716075,70.50496800000001,0 -149.728247,70.502793,0 -149.740188,70.49815099999999,0 -149.790427,70.49119,0 -149.810924,70.490477,0 -149.81974,70.491428,0 -149.866698,70.510769,0 -150.074461,70.439333,0 -150.104388,70.432091,0 -150.112899,70.431372,0 -150.21185,70.432301,0 -150.36088,70.40915099999999,0 -150.387025,70.428269,0 -150.375357,70.43853,0 -150.414358,70.459694,0 -150.496357,70.47121799999999,0 -150.518937,70.483132,0 -150.661545,70.47757300000001,0 -150.66511,70.46327100000001,0 -150.698385,70.447766,0 -150.742356,70.46128400000001,0 -150.786327,70.46327100000001,0 -150.824355,70.453731,0 -150.855254,70.45174299999999,0 -150.903765,70.46091,0 -150.950668,70.45956099999999,0 -150.987874,70.45013899999999,0 -151.020441,70.433841,0 -151.046702,70.427886,0 -151.085326964519,70.4026865717277,0 -151.085803,70.402376,0 -151.133339,70.391611,0 -151.147104,70.37677499999999,0 -151.246237,70.37245900000001,0 -151.297598,70.40074799999999,0 -151.343202,70.408877,0 -151.444897,70.425405,0 -151.554647,70.435895,0 -151.605581,70.437332,0 -151.653184,70.4348,0 -151.785657,70.43693500000001,0 -151.844375,70.43495900000001,0 -151.876122,70.430761,0 -151.900033,70.434135,0 -151.946384,70.452523,0 -151.936783,70.46356400000001,0 -151.91921,70.472686,0 -151.824111,70.484011,0 -151.775537,70.485353,0 -151.728579,70.495375,0 -151.734287,70.50349199999999,0 -151.760248,70.516711,0 -151.751558,70.52410500000001,0 -151.722711,70.541608,0 -151.709462,70.54649000000001,0 -151.697258,70.547741,0 -151.695162,70.54967499999999,0 -151.701467,70.55322,0 -151.718215,70.555286,0 -151.745047,70.554041,0 -151.774703,70.54792500000001,0 -151.816701,70.545698,0 -151.880141,70.554869,0 -151.975785,70.563215,0 -152.02607,70.55934499999999,0 -152.065748,70.563074,0 -152.064546,70.56854199999999,0 -152.060684,70.574935,0 -152.078663,70.584504,0 -152.100886,70.58726900000001,0 -152.146165,70.586754,0 -152.169944,70.585219,0 -152.200644,70.58607000000001,0 -152.264049,70.59265499999999,0 -152.332608,70.612871,0 -152.341592,70.612193,0 -152.355679,70.60379399999999,0 -152.365736,70.601242,0 -152.420775,70.60898299999999,0 -152.433781,70.61692600000001,0 -152.460505,70.646107,0 -152.473348,70.68366899999999,0 -152.471531,70.68884,0 -152.377274,70.714682,0 -152.370808,70.730068,0 -152.283763,70.7856,0 -152.263346,70.79077700000001,0 -152.239344,70.79341599999999,0 -152.19246,70.795294,0 -152.188649,70.79814,0 -152.187197,70.801546,0 -152.223053,70.824594,0 -152.29507,70.83684700000001,0 -152.353658,70.84398400000001,0 -152.384368,70.85417700000001,0 -152.502683,70.867836,0 -152.603103,70.88181400000001,0 -152.696868,70.882086,0 -152.781006,70.88138600000001,0 -152.843278,70.898388,0 -152.904243,70.883877,0 -152.931101,70.89088099999999,0 -152.999315,70.894654,0 -153.033066,70.90079900000001,0 -153.049207,70.91310199999999,0 -153.147627,70.9186,0 -153.23848,70.922467,0 -153.253386,70.92077500000001,0 -153.326202,70.904111,0 -153.359112,70.898292,0 -153.426265,70.890131,0 -153.485989,70.885873,0 -153.525976,70.88549999999999,0 -153.615619,70.884849,0 -153.666363,70.883448,0 -153.712235,70.888935,0 -153.749432,70.888741,0 -153.805049,70.886017,0 -153.89048,70.88571899999999,0 -153.932921,70.878677,0 -153.934351,70.876609,0 -153.932949,70.874201,0 -153.93545,70.86972799999999,0 -153.95137,70.854028,0 -153.976014,70.83392499999999,0 -153.995579,70.821876,0 -154.069982,70.79370299999999,0 -154.127487,70.778133,0 -154.169631,70.768604,0 -154.181863,70.768325,0 -154.239166,70.776866,0 -154.223307,70.79523,0 -154.228627,70.80241700000001,0 -154.260799,70.815164,0 -154.352604,70.834828,0 -154.430229,70.83125800000001,0 -154.4857,70.825304,0 -154.501866,70.821765,0 -154.51904,70.822799,0 -154.572458,70.82594,0 -154.60269,70.867885,0 -154.608347,70.908905,0 -154.608294,70.961716,0 -154.594048,70.97699299999999,0 -154.567593,70.989929,0 -154.581129,71.007321,0 -154.604413,71.021502,0 -154.61605,71.02618200000001,0 -154.777335,71.083231,0 -154.942864,71.12626400000001,0 -155.03174,71.146473,0 -155.060764,71.145422,0 -155.085782,71.127572,0 -155.064558,71.108006,0 -155.061428,71.091999,0 -155.064004,71.083912,0 -155.075362,71.072042,0 -155.108509,71.070475,0 -155.120317,71.07341599999999,0 -155.125994,71.077495,0 -155.142858,71.09725400000001,0 -155.146931,71.103459,0 -155.146948,71.11095899999999,0 -155.150524,71.11205,0 -155.25686,71.081119,0 -155.262602,71.079149,0 -155.275989,71.070464,0 -155.275814,71.067042,0 -155.273764,71.064728,0 -155.177,71.02745,0 -155.163938,71.013801,0 -155.159922,71.002775,0 -155.161735,70.995715,0 -155.168934,70.98794700000001,0 -155.182779,70.978218,0 -155.192246,70.974056,0 -155.201466,70.974306,0 -155.211434,70.97802299999999,0 -155.256177,71.004762,0 -155.260084,71.011281,0 -155.260042,71.015227,0 -155.343871,71.00444899999999,0 -155.36416,70.994195,0 -155.382646,70.978973,0 -155.404225,70.967477,0 -155.454991,70.94749,0 -155.47594,70.943547,0 -155.513293,70.940579,0 -155.493044,70.917371,0 -155.487574,70.90267900000001,0 -155.485915,70.88590499999999,0 -155.48798,70.875299,0 -155.489811,70.87174,0 -155.504202,70.860303,0 -155.543031,70.84717499999999,0 -155.643516,70.824209,0 -155.731842,70.83116,0 -155.868743,70.829397,0 -155.935413,70.837356,0 -155.924955,70.85272000000001,0 -155.95407,70.893022,0 -156.013512,70.895983,0 -156.014425,70.898644,0 -156.014769,70.903133,0 -155.979264,70.91852400000001,0 -155.995681,70.947796,0 -155.978405,70.962197,0 -155.95205,70.964831,0 -155.878946,70.96768400000001,0 -155.830881,70.96558400000001,0 -155.762068,70.98564399999999,0 -155.711852,71.012473,0 -155.705487,71.02015299999999,0 -155.638994,71.04236,0 -155.548283,71.06068500000001,0 -155.533347,71.067683,0 -155.510637,71.081152,0 -155.511125,71.09034800000001,0 -155.513987,71.096794,0 -155.520737,71.102476,0 -155.561772,71.12845799999999,0 -155.567765,71.14113,0 -155.566925,71.165139,0 -155.587702,71.17256,0 -155.657178,71.18247100000001,0 -155.760802,71.19466199999999,0 -155.803853,71.19642,0 -155.829034,71.192088,0 -155.88418,71.190057,0 -155.895105,71.193899,0 -155.920202,71.207157,0 -155.957961,71.186211,0 -156.018574,71.17204099999999,0 -156.044615,71.184701,0 -156.044754,71.18677,0 -156.038116,71.196506,0 -156.029205,71.203209,0 -156.074411,71.24248900000001,0 -156.2142,71.25939200000001,0 -156.301938,71.260566,0 -156.320702,71.25895199999999,0 -156.356736,71.261273,0 -156.402659,71.267945,0 -156.408328823591,71.26917929416391,0 -156.524499,71.29446900000001,0 -156.531124,71.29633800000001,0 -156.556496,71.311795,0 -156.561512,71.31680900000001,0 -156.566383,71.33401600000001,0 -156.56865,71.35256099999999,0 -156.62014,71.34420900000001,0 -156.645615,71.33801200000001,0 -156.773937,71.29950599999999,0 -156.809653,71.286886,0 -156.962555,71.211885,0 -157.072487,71.154521,0 -157.073058229238,71.15420785042041,0 -157.119621,71.128682,0 -157.249083,71.052537,0 -157.392802,70.987908,0 -157.421001,70.976805,0 -157.502459,70.94865900000001,0 -157.708782,70.89139,0 -157.768452,70.87584200000001,0 -157.840997,70.861025,0 -157.884086,70.85346800000001,0 -158.032397,70.832263,0 -158.157725,70.820806,0 -158.25032,70.817734,0 -158.366302,70.819712,0 -158.375717,70.806939,0 -158.41048,70.799239,0 -158.462426,70.802871,0 -158.52264,70.792506,0 -158.573913,70.79495,0 -158.657855,70.786061,0 -158.763503,70.788173,0 -158.949607,70.796774,0 -159.066118,70.81752299999999,0 -159.114972,70.817402,0 -159.149317,70.834225,0 -159.17181,70.875103,0 -159.395934,70.84084199999999,0 -159.528682,70.820849,0 -159.585714,70.80947500000001,0 -159.648383,70.79436800000001,0 -159.798514,70.73122600000001,0 -159.913805,70.690673,0 -160.056727,70.632834,0 -160.214828,70.55908700000001,0 -160.480062,70.465971,0 -160.608869,70.427493,0 -160.81279,70.376696,0 -161.003665,70.33848500000001,0 -161.041248,70.33076,0 -161.089021,70.325799,0 -161.236145,70.304703,0 -161.288197,70.296772,0 -161.300084,70.29338,0 -161.352487,70.295931,0 -161.40359,70.294768,0 -161.445303,70.294808,0 -161.534077,70.299015,0 -161.651158,70.30844500000001,0 -161.770161,70.31994400000001,0 -161.84413,70.325599,0 -161.879266,70.329269,0 -161.928688,70.31379200000001,0 -161.939248,70.307536,0 -161.993511,70.294808,0 -162.046276,70.280699,0 -162.04901,70.276287,0 -162.074441,70.270752,0 -162.214989,70.230361,0 -162.302314,70.204227,0 -162.342425,70.19015899999999,0 -162.388416,70.16606,0 -162.445816,70.139996,0 -162.475277,70.124031,0 -162.503572,70.100393,0 -162.523168,70.087362,0 -162.558714,70.072585,0 -162.58676,70.053094,0 -162.605299,70.03682999999999,0 -162.653073,70.004671,0 -162.707457,69.970489,0 -162.78808,69.929097,0 -162.826178,69.902717,0 -162.852801,69.894637,0 -162.915472,69.863348,0 -162.989084,69.82525,0 -163.009673,69.812701,0 -163.042517,69.77867999999999,0 -163.063189,69.747782,0 -163.071903,69.737605,0 -163.107516,69.675918,0 -163.118348,69.66815800000001,0 -163.142891,69.63759400000001,0 -163.151261,69.61263,0 -163.145944,69.541342,0 -163.14544,69.521304,0 -163.148754,69.458606,0 -163.142602,69.452949,0 -163.151351,69.430262,0 -163.156241,69.413399,0 -163.169394,69.385237,0 -163.202351,69.343795,0 -163.244656,69.30608100000001,0 -163.266881,69.290909,0 -163.297956,69.274725,0 -163.452685,69.19463,0 -163.535314,69.141656,0 -163.574034,69.124077,0 -163.655864,69.09056699999999,0 -163.724184,69.06671299999999,0 -163.827447,69.040632,0 -163.858069,69.02885999999999,0 -163.893881,69.011962,0 -163.973678,68.985044,0 -164.069362,68.969651,0 -164.130742,68.95100100000001,0 -164.161249,68.944773,0 -164.253157,68.930938,0 -164.299092,68.92756900000001,0 -164.526887,68.91790899999999,0 -164.655317,68.90936000000001,0 -164.812671,68.893542,0 -164.883745,68.891649,0 -164.967542,68.88303000000001,0 -165.327043,68.85811099999999,0 -165.522358,68.855839,0 -165.572483,68.852946,0 -165.666566,68.85538699999999,0 -165.814938,68.864158,0 -166.214433,68.879524,0 -166.224187,68.873175,0 -166.222496,68.86044099999999,0 -166.20375,68.81822099999999,0 -166.195374,68.80399,0 -166.190209,68.790437,0 -166.187795,68.778706,0 -166.197365,68.69001900000001,0 -166.199826,68.678556,0 -166.213635,68.66432399999999,0 -166.229761,68.613771,0 -166.231432,68.587338,0 -166.225567,68.579015,0 -166.226111,68.57618600000001,0 -166.23378,68.564263,0 -166.24449,68.553888,0 -166.295343,68.51090000000001,0 -166.30203,68.47041299999999,0 -166.303464,68.46468299999999,0 -166.305962,68.46154,0 -166.328459,68.442261,0 -166.342381,68.433966,0 -166.362135,68.42624000000001,0 -166.377564,68.422406,0 -166.706139,68.37178299999999,0 -166.796068,68.354069,0 -166.838969,68.337186,0 -166.689274,68.342478,0 -166.527965,68.32630399999999,0 -166.398041,68.307011,0 -166.237049,68.27311400000001,0 -166.135495,68.242169,0 -166.04417,68.200727,0 -165.994255,68.161209,0 -165.97497,68.14091000000001,0 -165.898211,68.118252,0 -165.872088,68.11004699999999,0 -165.783331,68.098236,0 -165.688137,68.090396,0 -165.49355,68.05928299999999,0 -165.430442,68.04540799999999,0 -165.386570100313,68.0347317136012,0 -165.3132,68.01687699999999,0 -165.227228,67.985322,0 -165.190915,67.966071,0 -165.129567,67.941833,0 -165.057516,67.921694,0 -164.907297,67.86784400000001,0 -164.778331,67.820866,0 -164.533937,67.725606,0 -164.209816,67.639079,0 -164.14438,67.617228,0 -164.108716,67.60199299999999,0 -164.079514,67.58585600000001,0 -164.007032,67.53569899999999,0 -163.878781,67.41612499999999,0 -163.853584,67.38810100000001,0 -163.822185,67.349812,0 -163.758588,67.256439,0 -163.74082,67.20996,0 -163.737464,67.184754,0 -163.736901,67.16323,0 -163.745924,67.137106,0 -163.744736,67.126391,0 -163.702045,67.109375,0 -163.665952,67.10012399999999,0 -163.591216,67.09237299999999,0 -163.495201,67.087503,0 -163.441198,67.081459,0 -163.399048,67.074167,0 -163.299266,67.060748,0 -163.097854,67.041191,0 -162.97529,67.024602,0 -162.842979,66.99117699999999,0 -162.819211,66.99470700000001,0 -162.816834,66.99948999999999,0 -162.833709,67.00931,0 -162.831394,67.03494499999999,0 -162.775523,67.01840199999999,0 -162.755083,67.015247,0 -162.693048,67.02860800000001,0 -162.655732,67.008285,0 -162.622695,66.99221900000001,0 -162.523747148595,66.97990562410089,0 -162.501716,66.977164,0 -162.468441,66.980604,0 -162.438394024616,66.9826083674506,0 -162.406844,66.984713,0 -162.36112,66.99404199999999,0 -162.23923,66.993814,0 -162.234302,66.994581,0 -162.233964,66.999568,0 -162.211633,67.00671,0 -162.123181,67.02579,0 -161.893702,67.049075,0 -161.850188,67.05218600000001,0 -161.836325,67.051777,0 -161.810256,67.050281,0 -161.799175,67.04750199999999,0 -161.759641,67.03057200000001,0 -161.711715,67.00104399999999,0 -161.697392,67.01084899999999,0 -161.62216,67.008146,0 -161.530525,66.984951,0 -161.505747,66.97431400000001,0 -161.485383,66.960818,0 -161.485121,66.94564699999999,0 -161.489169,66.93695,0 -161.566678,66.934775,0 -161.674359,66.96196500000001,0 -161.68628,66.961367,0 -161.688506,66.959799,0 -161.685775,66.955794,0 -161.692146,66.945033,0 -161.719587,66.916898,0 -161.770475,66.896643,0 -161.794377,66.881933,0 -161.782218,66.859956,0 -161.785495,66.846547,0 -161.796307,66.83312599999999,0 -161.82417,66.81788899999999,0 -161.846258,66.813647,0 -161.86154,66.797076,0 -161.866421,66.777658,0 -161.846076,66.761557,0 -161.881671,66.716796,0 -161.86618,66.704978,0 -161.826109159226,66.68543149689521,0 -161.706955187525,66.6273083471734,0 -161.693125,66.62056200000001,0 -161.665368,66.610433,0 -161.598953,66.593181,0 -161.541756,66.581379,0 -161.4904,66.560844,0 -161.482869,66.543724,0 -161.486308,66.538037,0 -161.494988,66.534443,0 -161.493509,66.53097699999999,0 -161.483604,66.525626,0 -161.481397005191,66.5251987852434,0 -161.469227,66.52284299999999,0 -161.454092,66.522205,0 -161.399006,66.523529,0 -161.314522988164,66.5211828707628,0 -161.29321,66.520591,0 -161.279803,66.505179,0 -161.326349,66.478371,0 -161.435312,66.454162,0 -161.516449,66.441839,0 -161.537361316309,66.440652349319,0 -161.574129,66.43856599999999,0 -161.624334,66.450143,0 -161.765368,66.496934,0 -161.885095,66.553979,0 -161.953413,66.592365,0 -161.968863,66.602611,0 -162.033156,66.631585,0 -162.069068,66.64570000000001,0 -162.07362,66.651217,0 -162.07801,66.66404799999999,0 -162.066037,66.67926,0 -162.081515,66.69305199999999,0 -162.074634,66.703681,0 -162.068253,66.709857,0 -162.058825,66.71625299999999,0 -162.041314,66.723764,0 -162.029615,66.73457999999999,0 -162.011455,66.759063,0 -162.013623,66.77940599999999,0 -162.049123,66.78063899999999,0 -162.073714,66.78332399999999,0 -162.096878,66.7885,0 -162.117304,66.79848200000001,0 -162.157568,66.831169,0 -162.228675,66.866623,0 -162.271769,66.904144,0 -162.281116,66.915679,0 -162.29008,66.93125999999999,0 -162.322975,66.943215,0 -162.346352,66.934792,0 -162.408988,66.918857,0 -162.444857,66.925057,0 -162.466702,66.950998,0 -162.499785,66.93371500000001,0 -162.503661,66.91354,0 -162.534182,66.90531300000001,0 -162.582856,66.904292,0 -162.601052,66.898455,0 -162.61459,66.885941,0 -162.623054,66.874325,0 -162.626696,66.859572,0 -162.624945,66.855031,0 -162.621564,66.85086,0 -162.614738,66.846476,0 -162.594237,66.837647,0 -162.572224,66.82536399999999,0 -162.544381,66.804872,0 -162.512617,66.777733,0 -162.502502,66.758875,0 -162.50052,66.749751,0 -162.501415,66.742503,0 -162.482353,66.730262,0 -162.422414,66.73158100000001,0 -162.349774,66.726713,0 -162.268767,66.717905,0 -162.228635,66.70977000000001,0 -162.175398,66.687789,0 -162.140377,66.664737,0 -162.124348,66.651291,0 -162.113311,66.639596,0 -162.105641,66.622584,0 -162.09791,66.609863,0 -162.091453,66.605963,0 -162.029043,66.58650400000001,0 -161.87488,66.51144600000001,0 -161.864156,66.488195,0 -161.863387,66.440783,0 -161.872447,66.414132,0 -161.8809,66.398763,0 -161.916309,66.349481,0 -161.914315770664,66.3464908596486,0 -161.912946,66.344436,0 -161.817538,66.360815,0 -161.694404,66.396174,0 -161.619818617209,66.3965591848018,0 -161.577442325258,66.3967780306803,0 -161.525554,66.397046,0 -161.360743,66.37594300000001,0 -161.219834,66.348918,0 -161.1631,66.342291,0 -161.129512,66.336248,0 -161.107995,66.328367,0 -161.089161,66.31514,0 -161.079328,66.307126,0 -161.061034,66.283804,0 -160.99854,66.254935,0 -160.995905,66.25196200000001,0 -160.990275,66.239715,0 -160.991066,66.236816,0 -160.993965,66.234444,0 -161.000026,66.233126,0 -161.035866,66.229437,0 -161.052732,66.23101800000001,0 -161.067871,66.235164,0 -161.087342,66.234208,0 -161.145397,66.220179,0 -161.198971,66.210949,0 -161.263655,66.21415399999999,0 -161.313025,66.221051,0 -161.320778,66.223591,0 -161.33212,66.236431,0 -161.337269,66.243163,0 -161.341189,66.2551,0 -161.367875,66.258653,0 -161.484539,66.262426,0 -161.548429,66.239912,0 -161.613943,66.176693,0 -161.623983,66.162082,0 -161.627008,66.153194,0 -161.6653,66.12217699999999,0 -161.680577,66.111588,0 -161.775537,66.07373200000001,0 -161.798585,66.055317,0 -161.812306,66.04168799999999,0 -161.817091,66.033089,0 -161.838018,66.022582,0 -161.950043,66.040302,0 -162.025701,66.06282899999999,0 -162.121788,66.067391,0 -162.129709,66.069487,0 -162.137424,66.078547,0 -162.139516,66.078819,0 -162.205889,66.056753,0 -162.26967,66.04210399999999,0 -162.331284,66.031403,0 -162.372147,66.027985,0 -162.391892,66.028724,0 -162.413452,66.035085,0 -162.423726,66.048984,0 -162.45767,66.05857899999999,0 -162.530755,66.045062,0 -162.622284,66.039526,0 -162.635985,66.04036600000001,0 -162.673584,66.053685,0 -162.680204,66.05812899999999,0 -162.681304,66.06157399999999,0 -162.750705,66.09016,0 -162.791232,66.08913800000001,0 -162.876016,66.08283299999999,0 -162.997473,66.07684500000001,0 -163.04714,66.068327,0 -163.093003,66.06296,0 -163.146726,66.059487,0 -163.168568,66.05929,0 -163.287768,66.06922900000001,0 -163.313843,66.075287,0 -163.344759,66.084937,0 -163.495845,66.08538799999999,0 -163.502704,66.081165,0 -163.540115,66.06992099999999,0 -163.623921,66.05828099999999,0 -163.76751,66.06080300000001,0 -163.768357,66.073662,0 -163.772467,66.08192200000001,0 -163.80358,66.100059,0 -163.847401,66.122106,0 -163.861406,66.13666499999999,0 -163.878306,66.160279,0 -163.916551,66.190494,0 -164.007503,66.17938599999999,0 -164.078677,66.18101900000001,0 -164.089237,66.182338,0 -164.092715,66.18453700000001,0 -164.078765,66.201764,0 -164.046937,66.20940400000001,0 -163.955901,66.21717,0 -163.904813,66.23030300000001,0 -163.843108,66.25986899999999,0 -163.830077,66.27200000000001,0 -163.829977,66.28039800000001,0 -163.839825,66.304079,0 -163.849163,66.30763899999999,0 -163.873096,66.32855000000001,0 -163.873106,66.389015,0 -163.856359,66.409296,0 -163.844221,66.418978,0 -163.798687,66.436875,0 -163.761967,66.454874,0 -163.730247,66.491372,0 -163.728308,66.498552,0 -163.727179,66.51638800000001,0 -163.751163,66.528761,0 -163.752981,66.54858400000001,0 -163.635631,66.553966,0 -163.603956,66.558089,0 -163.668961,66.575906,0 -163.726836,66.584361,0 -163.824166,66.59168,0 -163.914899,66.59390500000001,0 -163.978492,66.59101200000001,0 -163.978095,66.59261600000001,0 -163.979581,66.593953,0 -164.094554,66.592281,0 -164.345015,66.580834,0 -164.395943527145,66.581086316026,0 -164.400724,66.58111,0 -164.711009,66.542541,0 -165.124026,66.473179,0 -165.187082,66.465154,0 -165.407204,66.420441,0 -165.6686,66.361971,0 -165.80503,66.33331,0 -165.869233,66.316112,0 -165.882496,66.31160300000001,0 -166.330971,66.189514,0 -166.526162,66.14184899999999,0 -166.597243,66.11891900000001,0 -166.827684,66.051277,0 -166.956089,66.007711,0 -166.977872,65.996247,0 -167.139524,65.948095,0 -167.246146,65.91140799999999,0 -167.314935,65.88503900000001,0 -167.539643,65.820836,0 -167.73569,65.776124,0 -167.857216,65.754341,0 -167.979889,65.72797199999999,0 -168.103708,65.685552,0 -168.12893,65.655744,0 
							</coordinates>
						</LinearRing>
					</outerBoundaryIs>
				</Polygon>
				<Polygon>
					<tessellate>1</tessellate>
					<outerBoundaryIs>
						<LinearRing>
							<coordinates>
								-168.163532,-14.536407,0 -168.16103,-14.549394,0 -168.151555,-14.552549,0 -168.143595,-14.552403,0 -168.139729,-14.549541,0 -168.143216,-14.537581,0 -168.149508,-14.531343,0 -168.159438,-14.530903,0 -168.163532,-14.536407,0 
							</coordinates>
						</LinearRing>
					</outerBoundaryIs>
				</Polygon>
				<Polygon>
					<tessellate>1</tessellate>
					<outerBoundaryIs>
						<LinearRing>
							<coordinates>
								-168.952766,65.758911,0 -168.954515,65.757144,0 -168.951388,65.749319,0 -168.94076,65.74271400000001,0 -168.93122,65.73894,0 -168.903439,65.738454,0 -168.898754,65.739709,0 -168.893219,65.744705,0 -168.902235,65.769665,0 -168.915518,65.770484,0 -168.93724,65.767116,0 -168.947278,65.763817,0 -168.952766,65.758911,0 
							</coordinates>
						</LinearRing>
					</outerBoundaryIs>
				</Polygon>
				<Polygon>
					<tessellate>1</tessellate>
					<outerBoundaryIs>
						<LinearRing>
							<coordinates>
								-169.054243,52.863266,0 -169.102465,52.824349,0 -169.041338,52.839348,0 -168.907003,52.884006,0 -168.808854,52.926102,0 -168.785954,52.90464,0 -168.755531,52.907507,0 -168.741851,52.951442,0 -168.688468,52.9664,0 -168.625257,52.998214,0 -168.613964,53.008776,0 -168.587808,53.027175,0 -168.578895,53.029915,0 -168.553195,53.033296,0 -168.546059,53.02958,0 -168.527404,53.02858799999999,0 -168.49749,53.035403,0 -168.457103,53.055839,0 -168.451161,53.075131,0 -168.442859,53.085562,0 -168.433734,53.09393399999999,0 -168.412522,53.110683,0 -168.392379,53.12360899999999,0 -168.37315,53.128891,0 -168.344468,53.155215,0 -168.341678,53.185911,0 -168.312376,53.215231,0 -168.296229,53.227235,0 -168.270744,53.242811,0 -168.226915,53.254822,0 -168.211705,53.256184,0 -168.158943,53.26771000000001,0 -168.03976,53.304276,0 -168.009301,53.317263,0 -167.988487,53.329578,0 -167.959096,53.341788,0 -167.878128,53.366902,0 -167.872879,53.36736,0 -167.852217,53.378294,0 -167.842328,53.386489,0 -167.839887,53.39443199999999,0 -167.83952,53.410325,0 -167.8448,53.417497,0 -167.851698,53.42123600000001,0 -167.856837,53.42860899999999,0 -167.858337,53.43791,0 -167.853225,53.445469,0 -167.843611,53.453893,0 -167.808117,53.473861,0 -167.788066,53.492411,0 -167.784099,53.501048,0 -167.786387,53.513896,0 -167.789164,53.519329,0 -167.791026,53.521076,0 -167.796866,53.52111300000001,0 -167.816998,53.517947,0 -167.888901,53.519691,0 -167.901871,53.520508,0 -167.938981,53.52690700000001,0 -167.965038,53.538913,0 -167.965714,53.54344,0 -167.960861,53.55255,0 -167.962723,53.554069,0 -167.981038,53.561714,0 -168.004624,53.566053,0 -168.14462,53.545342,0 -168.200443,53.53407899999999,0 -168.238321,53.521902,0 -168.239572,53.518491,0 -168.295793,53.489062,0 -168.315847,53.481729,0 -168.342127,53.475992,0 -168.386886,53.431496,0 -168.409588,53.410708,0 -168.385107,53.38845899999999,0 -168.406531,53.34639300000001,0 -168.43502,53.335518,0 -168.420521,53.322743,0 -168.375674,53.318291,0 -168.371218,53.316575,0 -168.365388,53.309105,0 -168.343994,53.26215,0 -168.361758,53.252253,0 -168.366519,53.252024,0 -168.412851,53.25785900000001,0 -168.445083,53.26532999999999,0 -168.490957,53.26400899999999,0 -168.501365,53.25734,0 -168.524991,53.252311,0 -168.539398,53.25167,0 -168.599732,53.273629,0 -168.617143,53.260985,0 -168.763331,53.18281199999999,0 -168.788756,53.160749,0 -168.792327,53.15572,0 -168.799469,53.143794,0 -168.804901,53.120015,0 -168.80203,53.108226,0 -168.789424,53.10097,0 -168.776176,53.097766,0 -168.768544,53.093684,0 -168.759691,53.081461,0 -168.763689,53.070961,0 -168.785236,53.04503799999999,0 -168.861061,53.016384,0 -168.870687,52.996361,0 -168.861078,52.968046,0 -168.898045,52.937136,0 -168.95946,52.936739,0 -168.973127,52.916107,0 -168.958983,52.886048,0 -168.97171,52.878028,0 -168.992403,52.87344,0 -169.038767,52.869662,0 -169.054243,52.863266,0 
							</coordinates>
						</LinearRing>
					</outerBoundaryIs>
				</Polygon>
				<Polygon>
					<tessellate>1</tessellate>
					<outerBoundaryIs>
						<LinearRing>
							<coordinates>
								-169.268127,52.77240199999999,0 -169.261765,52.754897,0 -169.197,52.76454600000001,0 -169.170371,52.77666300000001,0 -169.15305,52.801265,0 -169.163985,52.814647,0 -169.213248,52.798023,0 -169.268127,52.77240199999999,0 
							</coordinates>
						</LinearRing>
					</outerBoundaryIs>
				</Polygon>
				<Polygon>
					<tessellate>1</tessellate>
					<outerBoundaryIs>
						<LinearRing>
							<coordinates>
								-169.519575,-14.221301,0 -169.511878,-14.240281,0 -169.497712,-14.263271,0 -169.491204,-14.271503,0 -169.48483,-14.272163,0 -169.47604,-14.261296,0 -169.46496,-14.251753,0 -169.454502,-14.248712,0 -169.438482,-14.25507,0 -169.42777,-14.257258,0 -169.423237,-14.255572,0 -169.421132,-14.23595,0 -169.418802,-14.218394,0 -169.427311,-14.211574,0 -169.453979,-14.211712,0 -169.481062,-14.215219,0 -169.50798,-14.212772,0 -169.519575,-14.221301,0 
							</coordinates>
						</LinearRing>
					</outerBoundaryIs>
				</Polygon>
				<Polygon>
					<tessellate>1</tessellate>
					<outerBoundaryIs>
						<LinearRing>
							<coordinates>
								-169.687268,-14.164298,0 -169.684416,-14.172318,0 -169.66987,-14.185637,0 -169.660553,-14.18278,0 -169.650596,-14.174513,0 -169.637657,-14.173944,0 -169.625948,-14.175708,0 -169.621055,-14.182675,0 -169.612684,-14.193334,0 -169.606244,-14.179954,0 -169.609923,-14.169938,0 -169.609078,-14.157389,0 -169.613896,-14.154685,0 -169.616439,-14.156785,0 -169.620576,-14.162422,0 -169.633678,-14.164355,0 -169.647661,-14.164245,0 -169.670202,-14.161026,0 -169.68028,-14.15886,0 -169.687268,-14.164298,0 
							</coordinates>
						</LinearRing>
					</outerBoundaryIs>
				</Polygon>
				<Polygon>
					<tessellate>1</tessellate>
					<outerBoundaryIs>
						<LinearRing>
							<coordinates>
								-169.76274,52.97805000000001,0 -169.760725,52.971556,0 -169.758008,52.967246,0 -169.741096,52.95151199999999,0 -169.721744,52.94711700000001,0 -169.698274,52.95826699999999,0 -169.666078,52.99706800000001,0 -169.663576,53.021258,0 -169.66493,53.02397299999999,0 -169.680033,53.035075,0 -169.698128,53.033779,0 -169.742538,53.024072,0 -169.745743,53.02147,0 -169.76274,52.97805000000001,0 
							</coordinates>
						</LinearRing>
					</outerBoundaryIs>
				</Polygon>
				<Polygon>
					<tessellate>1</tessellate>
					<outerBoundaryIs>
						<LinearRing>
							<coordinates>
								-169.789659,56.618217,0 -169.785692,56.613245,0 -169.75575,56.591922,0 -169.683639,56.58334,0 -169.675327,56.578414,0 -169.671324,56.567328,0 -169.672818,56.56086599999999,0 -169.667749,56.554535,0 -169.657736,56.547319,0 -169.650135,56.54423000000001,0 -169.640735,56.542162,0 -169.582624,56.536939,0 -169.568984,56.540935,0 -169.490133,56.583482,0 -169.47155,56.598864,0 -169.473138,56.601741,0 -169.507415,56.610702,0 -169.528659,56.612181,0 -169.553937,56.608682,0 -169.611548,56.606924,0 -169.679305,56.611593,0 -169.763506,56.620739,0 -169.789659,56.618217,0 
							</coordinates>
						</LinearRing>
					</outerBoundaryIs>
				</Polygon>
				<Polygon>
					<tessellate>1</tessellate>
					<outerBoundaryIs>
						<LinearRing>
							<coordinates>
								-169.775534,53.079216,0 -169.799302,53.05708,0 -169.768879,53.04622199999999,0 -169.748082,53.046293,0 -169.740714,53.063579,0 -169.76258,53.08050100000001,0 -169.775534,53.079216,0 
							</coordinates>
						</LinearRing>
					</outerBoundaryIs>
				</Polygon>
				<Polygon>
					<tessellate>1</tessellate>
					<outerBoundaryIs>
						<LinearRing>
							<coordinates>
								-170.004218,52.846743,0 -170.012487,52.83116100000001,0 -169.995422,52.804676,0 -169.962883,52.78988200000001,0 -169.951498,52.788615,0 -169.927446,52.792675,0 -169.897078,52.802131,0 -169.886671,52.808563,0 -169.879866,52.816088,0 -169.838232,52.81728,0 -169.750136,52.790576,0 -169.72978,52.774386,0 -169.703873,52.777117,0 -169.704105,52.793938,0 -169.683482,52.826618,0 -169.666512,52.864349,0 -169.704736,52.886272,0 -169.749177,52.893269,0 -169.773504,52.89445,0 -169.818139,52.878446,0 -169.852185,52.881804,0 -169.870011,52.87477599999999,0 -169.860214,52.858377,0 -169.905631,52.85324,0 -169.943521,52.861099,0 -169.975345,52.858884,0 -169.990149,52.85626599999999,0 -170.004218,52.846743,0 
							</coordinates>
						</LinearRing>
					</outerBoundaryIs>
				</Polygon>
				<Polygon>
					<tessellate>1</tessellate>
					<outerBoundaryIs>
						<LinearRing>
							<coordinates>
								-170.112853,52.902043,0 -170.113189,52.89107799999999,0 -170.095331,52.87085099999999,0 -170.050274,52.857433,0 -170.015514,52.87026,0 -170.002368,52.880239,0 -169.999094,52.884034,0 -169.996712,52.891475,0 -169.995982,52.902378,0 -170.002071,52.910043,0 -170.020493,52.91717100000001,0 -170.04656,52.923853,0 -170.083985,52.92364000000001,0 -170.092221,52.91938699999999,0 -170.112853,52.902043,0 
							</coordinates>
						</LinearRing>
					</outerBoundaryIs>
				</Polygon>
				<Polygon>
					<tessellate>1</tessellate>
					<outerBoundaryIs>
						<LinearRing>
							<coordinates>
								-170.185684,52.723007,0 -170.184564,52.72193699999999,0 -170.170646,52.717359,0 -170.114087,52.716172,0 -170.077734,52.720416,0 -170.070287,52.724301,0 -170.055363,52.745887,0 -170.052922,52.758745,0 -170.053443,52.769076,0 -170.061868,52.773525,0 -170.128714,52.787425,0 -170.170683,52.784918,0 -170.185684,52.723007,0 
							</coordinates>
						</LinearRing>
					</outerBoundaryIs>
				</Polygon>
				<Polygon>
					<tessellate>1</tessellate>
					<outerBoundaryIs>
						<LinearRing>
							<coordinates>
								-170.423548,57.169327,0 -170.421867,57.161202,0 -170.359817,57.156118,0 -170.32484,57.156769,0 -170.303963,57.15491,0 -170.290793,57.14505200000001,0 -170.286318,57.128169,0 -170.170848,57.18110000000001,0 -170.150813,57.223168,0 -170.161647,57.229656,0 -170.239557,57.214658,0 -170.267664,57.210649,0 -170.291916,57.212056,0 -170.311707,57.219122,0 -170.33188,57.217488,0 -170.390121,57.206248,0 -170.402772,57.201933,0 -170.418919,57.19284400000001,0 -170.42041,57.19176,0 -170.423548,57.169327,0 
							</coordinates>
						</LinearRing>
					</outerBoundaryIs>
				</Polygon>
				<Polygon>
					<tessellate>1</tessellate>
					<outerBoundaryIs>
						<LinearRing>
							<coordinates>
								-170.833364,52.599985,0 -170.841936,52.558171,0 -170.788495,52.54024,0 -170.777143,52.546664,0 -170.767378,52.558254,0 -170.735824,52.580823,0 -170.696488,52.598364,0 -170.683854,52.602485,0 -170.674453,52.603385,0 -170.668075,52.600677,0 -170.665266,52.59526,0 -170.659041,52.593811,0 -170.635419,52.595711,0 -170.603862,52.601732,0 -170.56361,52.640706,0 -170.557324,52.65210499999999,0 -170.559523,52.66790700000001,0 -170.562734,52.674785,0 -170.579913,52.682029,0 -170.633753,52.697469,0 -170.671545,52.698082,0 -170.727717,52.679978,0 -170.817943,52.636275,0 -170.820641,52.633091,0 -170.833364,52.599985,0 
							</coordinates>
						</LinearRing>
					</outerBoundaryIs>
				</Polygon>
				<Polygon>
					<tessellate>1</tessellate>
					<outerBoundaryIs>
						<LinearRing>
							<coordinates>
								-170.847001,-14.320076,0 -170.846854,-14.322886,0 -170.829326,-14.330371,0 -170.818323,-14.332361,0 -170.798916,-14.333455,0 -170.791007579594,-14.3474784574769,0 -170.785475,-14.357289,0 -170.759768,-14.37374,0 -170.751397328716,-14.3698803419413,0 -170.740427,-14.364822,0 -170.721421,-14.344382,0 -170.719985394526,-14.3432279241028,0 -170.704785415422,-14.3310087386479,0 -170.700111,-14.327251,0 -170.695235,-14.309868,0 -170.678355246874,-14.2981875524041,0 -170.677642,-14.297694,0 -170.668587045683,-14.2935107206947,0 -170.663265,-14.291052,0 -170.64016,-14.286516,0 -170.628284,-14.279662,0 -170.609395654023,-14.2828784594849,0 -170.602281,-14.28409,0 -170.578103,-14.274607,0 -170.572269,-14.271407,0 -170.561707,-14.285706,0 -170.557853,-14.288413,0 -170.549593,-14.288767,0 -170.54608,-14.28259,0 -170.552051,-14.278567,0 -170.553213396822,-14.2762289596689,0 -170.561879,-14.258799,0 -170.562274,-14.245319,0 -170.577728,-14.246278,0 -170.584513,-14.250955,0 -170.590138461563,-14.2511326461546,0 -170.612633,-14.251843,0 -170.623346,-14.248761,0 -170.640659,-14.247404,0 -170.650444657606,-14.2468777972423,0 -170.660074,-14.24636,0 -170.671555,-14.229563,0 -170.690275,-14.248226,0 -170.691468180796,-14.2488313921244,0 -170.70173,-14.254038,0 -170.712443,-14.261894,0 -170.721725,-14.272458,0 -170.722142921204,-14.2727989037172,0 -170.740283,-14.287596,0 -170.743557540855,-14.2890094651631,0 -170.748535,-14.291158,0 -170.762542,-14.287681,0 -170.784994,-14.287631,0 -170.794511555854,-14.288888613441,0 -170.798359,-14.289397,0 -170.811194,-14.29504,0 -170.820826,-14.300066,0 -170.824977,-14.303577,0 -170.833224,-14.311016,0 -170.847001,-14.320076,0 
							</coordinates>
						</LinearRing>
					</outerBoundaryIs>
				</Polygon>
				<Polygon>
					<tessellate>1</tessellate>
					<outerBoundaryIs>
						<LinearRing>
							<coordinates>
								-171.089564,-11.051298,0 -171.08983,-11.053892,0 -171.087202,-11.059712,0 -171.080865,-11.064603,0 -171.076722,-11.063703,0 -171.07061,-11.059316,0 -171.066074,-11.055675,0 -171.066376,-11.051514,0 -171.068918,-11.048633,0 -171.073635,-11.046934,0 -171.08435,-11.04846,0 -171.087634,-11.049648,0 -171.089564,-11.051298,0 
							</coordinates>
						</LinearRing>
					</outerBoundaryIs>
				</Polygon>
				<Polygon>
					<tessellate>1</tessellate>
					<outerBoundaryIs>
						<LinearRing>
							<coordinates>
								-171.15158,52.584536,0 -171.176774,52.55867799999999,0 -171.149312,52.550171,0 -171.117117,52.557522,0 -171.118068,52.576159,0 -171.13114,52.584391,0 -171.15158,52.584536,0 
							</coordinates>
						</LinearRing>
					</outerBoundaryIs>
				</Polygon>
				<Polygon>
					<tessellate>1</tessellate>
					<outerBoundaryIs>
						<LinearRing>
							<coordinates>
								-171.312658,52.493502,0 -171.313083,52.47293199999999,0 -171.30417,52.449952,0 -171.299348,52.448716,0 -171.294554,52.451105,0 -171.252316,52.44946599999999,0 -171.236843,52.45052700000001,0 -171.214565,52.46329999999999,0 -171.208919,52.46902300000001,0 -171.194639,52.498039,0 -171.196013,52.500106,0 -171.252053,52.529954,0 -171.277165,52.522634,0 -171.291387,52.514813,0 -171.3075,52.501514,0 -171.312658,52.493502,0 
							</coordinates>
						</LinearRing>
					</outerBoundaryIs>
				</Polygon>
				<Polygon>
					<tessellate>1</tessellate>
					<outerBoundaryIs>
						<LinearRing>
							<coordinates>
								-171.840382,63.547724,0 -171.849984,63.48503900000001,0 -171.824872,63.437141,0 -171.818259,63.429452,0 -171.795297,63.407853,0 -171.739321,63.366114,0 -171.667115,63.35616600000001,0 -171.562263,63.334591,0 -171.464455,63.306915,0 -171.433319,63.307578,0 -171.333089,63.335393,0 -171.290324,63.355383,0 -171.285411,63.366464,0 -171.288265,63.37483300000001,0 -171.287157,63.37664199999999,0 -171.280185,63.381543,0 -171.269249,63.385386,0 -171.100855,63.42342,0 -171.067663,63.424579,0 -170.967475,63.42373,0 -170.92345,63.420859,0 -170.865412,63.41422900000001,0 -170.712572,63.38597500000001,0 -170.55895,63.354989,0 -170.512102,63.341881,0 -170.430656,63.314284,0 -170.364806,63.285596,0 -170.337275,63.266308,0 -170.30363,63.238692,0 -170.277721,63.208819,0 -170.277915,63.20023900000001,0 -170.279881,63.197108,0 -170.285648,63.19457,0 -170.281388,63.186821,0 -170.263032,63.179147,0 -170.193695,63.17743399999999,0 -170.181985,63.178804,0 -170.186485,63.181618,0 -170.174421,63.185464,0 -170.154072,63.186402,0 -170.124354,63.183665,0 -170.101301,63.1793,0 -170.053402,63.16885799999999,0 -170.051062,63.167489,0 -170.049622,63.16337699999999,0 -170.021208,63.1495,0 -170.006196,63.14453999999999,0 -169.987936,63.14297500000001,0 -169.944056,63.13236,0 -169.88123,63.105848,0 -169.838511,63.084339,0 -169.829912,63.07855,0 -169.788466,63.043015,0 -169.734938,62.976617,0 -169.734938,62.974468,0 -169.757514,62.963722,0 -169.757249,62.960087,0 -169.746736,62.955991,0 -169.638309,62.937527,0 -169.568016,62.976879,0 -169.572777,63.022118,0 -169.576965,63.027025,0 -169.575873,63.03645,0 -169.561131,63.055178,0 -169.534984,63.074355,0 -169.51365,63.084717,0 -169.471949,63.09856500000001,0 -169.436748,63.113579,0 -169.396308,63.136617,0 -169.375667,63.151269,0 -169.303477,63.164439,0 -169.262039,63.169936,0 -169.198398,63.176011,0 -169.105808,63.17880300000001,0 -169.042674,63.17651099999999,0 -168.983024,63.16967099999999,0 -168.963577,63.167104,0 -168.950091,63.160895,0 -168.889683,63.14770799999999,0 -168.871465,63.146009,0 -168.85875,63.14695800000001,0 -168.818344,63.16322400000001,0 -168.789266,63.17964600000001,0 -168.783239,63.184131,0 -168.751537,63.217962,0 -168.716872,63.256316,0 -168.686675,63.293022,0 -168.685145,63.29642700000001,0 -168.692939,63.302282,0 -168.796086,63.30878100000001,0 -168.932623,63.32914000000001,0 -168.936333,63.330622,0 -168.937385,63.333789,0 -168.999241,63.341249,0 -169.05195,63.343127,0 -169.087914,63.340937,0 -169.101961,63.338022,0 -169.267598,63.343995,0 -169.281422,63.348381,0 -169.31297,63.353335,0 -169.38408,63.356733,0 -169.415329,63.355943,0 -169.520524,63.365941,0 -169.546934,63.372792,0 -169.554375,63.377158,0 -169.565439,63.385563,0 -169.566562,63.38872500000001,0 -169.579892,63.40287,0 -169.643167,63.427802,0 -169.656474,63.42992900000001,0 -169.747634,63.432756,0 -169.857078,63.44197500000001,0 -169.906304,63.457519,0 -169.974858,63.470618,0 -170.007943,63.475428,0 -170.026953,63.480702,0 -170.047114,63.490135,0 -170.040919,63.523411,0 -170.076689,63.58798800000001,0 -170.095833,63.61270100000001,0 -170.113066,63.616245,0 -170.14004,63.616696,0 -170.154754,63.61907200000001,0 -170.176413,63.62548900000001,0 -170.257808,63.66661100000001,0 -170.26748,63.675816,0 -170.281988,63.68502,0 -170.315839,63.69192300000001,0 -170.344855,63.69422500000001,0 -170.354527,63.691924,0 -170.359363,63.687321,0 -170.373871,63.687322,0 -170.441066,63.691981,0 -170.462947,63.698022,0 -170.472181,63.698677,0 -170.488192,63.696723,0 -170.606282,63.672732,0 -170.698156,63.646778,0 -170.816581,63.606329,0 -170.859032,63.587503,0 -170.897581,63.574676,0 -170.907197,63.57210700000001,0 -170.950817,63.570127,0 -171.044486,63.580431,0 -171.103558,63.589268,0 -171.202557,63.606897,0 -171.381677,63.630646,0 -171.521859,63.658797,0 -171.609439,63.67983199999999,0 -171.632194,63.68860099999999,0 -171.640027,63.69343,0 -171.649923,63.70253999999999,0 -171.65263,63.70852299999999,0 -171.646692,63.729425,0 -171.648935,63.73487,0 -171.652664,63.73661000000001,0 -171.652912,63.73922,0 -171.641477,63.745559,0 -171.638246,63.749536,0 -171.638991,63.759231,0 -171.643963,63.770791,0 -171.659873,63.77576199999999,0 -171.66733,63.785581,0 -171.673296,63.788067,0 -171.682494,63.78757,0 -171.692686,63.782598,0 -171.699647,63.781728,0 -171.738178,63.784711,0 -171.743398,63.78297100000001,0 -171.737432,63.76035,0 -171.727986,63.744938,0 -171.725748,63.734745,0 -171.727986,63.726791,0 -171.733206,63.720327,0 -171.739918,63.717096,0 -171.754336,63.71896,0 -171.755552,63.701173,0 -171.742338,63.665494,0 -171.743979,63.65490500000001,0 -171.757081,63.640252,0 -171.791881,63.620625,0 -171.833681,63.580074,0 -171.840382,63.547724,0 
							</coordinates>
						</LinearRing>
					</outerBoundaryIs>
				</Polygon>
				<Polygon>
					<tessellate>1</tessellate>
					<outerBoundaryIs>
						<LinearRing>
							<coordinates>
								-172.620261,52.29875100000001,0 -172.633153,52.266215,0 -172.616839,52.255317,0 -172.608935,52.253014,0 -172.528095,52.254336,0 -172.414419,52.27674,0 -172.313133,52.320697,0 -172.301445,52.329951,0 -172.302393,52.342357,0 -172.311427,52.356456,0 -172.326444,52.366472,0 -172.405243,52.389442,0 -172.448182,52.391439,0 -172.47461,52.38376299999999,0 -172.568051,52.34942,0 -172.574154,52.345323,0 -172.620261,52.29875100000001,0 
							</coordinates>
						</LinearRing>
					</outerBoundaryIs>
				</Polygon>
				<Polygon>
					<tessellate>1</tessellate>
					<outerBoundaryIs>
						<LinearRing>
							<coordinates>
								-173.0638,60.502589,0 -173.055719,60.496152,0 -173.036467,60.494279,0 -172.999626,60.485967,0 -172.963737,60.479643,0 -172.932363,60.476364,0 -172.926896,60.468867,0 -172.907882,60.45422,0 -172.895998,60.45058699999999,0 -172.820178,60.414816,0 -172.75957,60.384643,0 -172.722967,60.359028,0 -172.70324,60.356089,0 -172.630272,60.33492199999999,0 -172.605553,60.31950800000001,0 -172.577507,60.320097,0 -172.509531,60.334451,0 -172.445833,60.33539200000001,0 -172.385937,60.335275,0 -172.326042,60.32762799999999,0 -172.308929,60.31197499999999,0 -172.293955,60.295373,0 -172.254263,60.29737500000001,0 -172.23406,60.30761900000001,0 -172.218848,60.31174,0 -172.245944,60.32045,0 -172.284923,60.33433399999999,0 -172.33959,60.356207,0 -172.375955,60.374306,0 -172.380946,60.38276400000001,0 -172.424441,60.392629,0 -172.447259,60.382999,0 -172.513571,60.38112,0 -172.591768,60.393451,0 -172.636452,60.40789099999999,0 -172.709182,60.429598,0 -172.764799,60.447421,0 -172.817326,60.476598,0 -172.842758,60.48397600000001,0 -172.884827,60.507972,0 -172.903366,60.531717,0 -172.926896,60.55450900000001,0 -172.927134,60.56922800000001,0 -172.915012,60.58335599999999,0 -172.912636,60.604129,0 -172.95114,60.606229,0 -172.993922,60.57751900000001,0 -173.040745,60.561869,0 -173.047875,60.54130300000001,0 -173.048826,60.524934,0 -173.045023,60.514056,0 -173.0638,60.502589,0 
							</coordinates>
						</LinearRing>
					</outerBoundaryIs>
				</Polygon>
				<Polygon>
					<tessellate>1</tessellate>
					<outerBoundaryIs>
						<LinearRing>
							<coordinates>
								-173.090823,60.698946,0 -173.115569,60.65897100000001,0 -173.045137,60.622804,0 -173.04133,60.630418,0 -173.059414,60.655164,0 -173.063221,60.69513899999999,0 -173.074642,60.704657,0 -173.090823,60.698946,0 
							</coordinates>
						</LinearRing>
					</outerBoundaryIs>
				</Polygon>
				<Polygon>
					<tessellate>1</tessellate>
					<outerBoundaryIs>
						<LinearRing>
							<coordinates>
								-174.048451,52.132911,0 -174.052296,52.1304,0 -174.04675,52.122403,0 -174.035082,52.112952,0 -174.011338,52.098862,0 -174.001866,52.097641,0 -173.992274,52.10059,0 -173.97133,52.099428,0 -173.935561,52.06473100000001,0 -173.937239,52.057513,0 -173.901075,52.04943500000001,0 -173.831555,52.040763,0 -173.820692,52.043312,0 -173.816999,52.048538,0 -173.799574,52.05365,0 -173.712223,52.056158,0 -173.612014,52.051148,0 -173.548385,52.029308,0 -173.513047,52.02531,0 -173.479534,52.026187,0 -173.423442,52.042271,0 -173.39397,52.028674,0 -173.313705,52.058701,0 -173.206837,52.063532,0 -173.155577,52.059665,0 -173.107933,52.078828,0 -173.04754,52.07332899999999,0 -173.033166,52.074611,0 -172.960751,52.08701799999999,0 -172.958523,52.093648,0 -173.019588,52.097881,0 -173.06643,52.09633,0 -173.107373,52.09928,0 -173.119255,52.107628,0 -173.124504,52.10942,0 -173.173206,52.109136,0 -173.238295,52.10044299999999,0 -173.273466,52.109323,0 -173.357498,52.096129,0 -173.372574,52.10275,0 -173.375595,52.106343,0 -173.375229,52.10822799999999,0 -173.467877,52.11642299999999,0 -173.49702,52.103641,0 -173.514171,52.108348,0 -173.534914,52.128587,0 -173.51376,52.15251000000001,0 -173.529923,52.159364,0 -173.557256,52.14288400000001,0 -173.59056,52.145393,0 -173.602446,52.153773,0 -173.624771,52.152213,0 -173.654404,52.146192,0 -173.721266,52.130207,0 -173.771643,52.131651,0 -173.802339,52.10639,0 -173.818277,52.10536299999999,0 -173.824087,52.105892,0 -173.830906,52.11045,0 -173.890733,52.12547000000001,0 -173.874558,52.148135,0 -173.921619,52.132965,0 -173.984245,52.127855,0 -174.036854,52.13587799999999,0 -174.048451,52.132911,0 
							</coordinates>
						</LinearRing>
					</outerBoundaryIs>
				</Polygon>
				<Polygon>
					<tessellate>1</tessellate>
					<outerBoundaryIs>
						<LinearRing>
							<coordinates>
								-175.32707,52.02703200000001,0 -175.341624,52.021588,0 -175.323322,52.007488,0 -175.302683,52.011499,0 -175.300639,52.01497,0 -175.292821,52.01879,0 -175.27485,52.018619,0 -175.211744,52.006001,0 -175.155673,52.011512,0 -175.104889,52.003548,0 -175.09551,52.000797,0 -175.014807,52.007,0 -175.014748,52.02058399999999,0 -175.000792,52.028354,0 -174.967907,52.037203,0 -174.885554,52.043001,0 -174.783189,52.03229300000001,0 -174.736592,52.00730800000001,0 -174.71461,52.009863,0 -174.615943,52.032665,0 -174.593635,52.045247,0 -174.580676,52.040453,0 -174.556278,52.036733,0 -174.508822,52.048623,0 -174.507816,52.054955,0 -174.453651,52.049227,0 -174.415042,52.02838100000001,0 -174.382661,52.08165799999999,0 -174.365667,52.097238,0 -174.348463,52.10924499999999,0 -174.334424,52.11519799999999,0 -174.302947,52.11132500000001,0 -174.278279,52.089489,0 -174.218124,52.093409,0 -174.218469,52.10487999999999,0 -174.206353,52.116554,0 -174.168568,52.11071,0 -174.142262,52.125452,0 -174.11437,52.11710699999999,0 -174.109089,52.113117,0 -174.102161,52.10453400000001,0 -174.09447,52.104274,0 -174.0891,52.107251,0 -174.080677,52.128026,0 -174.082814,52.132069,0 -174.090169,52.139119,0 -174.135217,52.168514,0 -174.175044,52.18183499999999,0 -174.1901,52.19032,0 -174.196836,52.195856,0 -174.200389,52.21186099999999,0 -174.198624,52.219244,0 -174.182857,52.23276200000001,0 -174.177679,52.23363800000001,0 -174.106533,52.228392,0 -174.084042,52.223677,0 -174.060451,52.225326,0 -174.036222,52.24501100000001,0 -173.987917,52.295345,0 -173.986421,52.298565,0 -173.985203,52.3176,0 -173.989415,52.325275,0 -174.016822,52.34853700000001,0 -174.068248,52.390331,0 -174.155774,52.416041,0 -174.185347,52.417788,0 -174.324935,52.378095,0 -174.329818,52.373548,0 -174.330494,52.366439,0 -174.320813,52.355726,0 -174.3177,52.344869,0 -174.331065,52.328465,0 -174.340679,52.322284,0 -174.358624,52.31419000000001,0 -174.367047,52.314105,0 -174.384199,52.321139,0 -174.432846,52.328004,0 -174.443132,52.325654,0 -174.45366,52.319367,0 -174.455979,52.31369,0 -174.451554,52.305557,0 -174.408277,52.28987200000001,0 -174.368754,52.28040499999999,0 -174.349404,52.281336,0 -174.346089,52.285036,0 -174.323471,52.28399,0 -174.301818,52.278949,0 -174.255832,52.274152,0 -174.249848,52.243694,0 -174.299044,52.21467,0 -174.328599,52.21164699999999,0 -174.360631,52.212994,0 -174.400139,52.219053,0 -174.453746,52.21882300000001,0 -174.462962,52.213031,0 -174.457804,52.202831,0 -174.405464,52.18356,0 -174.404588,52.18133,0 -174.41529,52.169376,0 -174.424054,52.16905300000001,0 -174.455707,52.176802,0 -174.465189,52.180711,0 -174.49688,52.17915099999999,0 -174.527081,52.17471999999999,0 -174.55349,52.180137,0 -174.56478,52.175035,0 -174.55467,52.160405,0 -174.55708,52.153637,0 -174.568402,52.138426,0 -174.597818,52.141426,0 -174.604871,52.122124,0 -174.656294,52.10796199999999,0 -174.691701,52.10669600000001,0 -174.715205,52.127375,0 -174.751121,52.117351,0 -174.744228,52.098374,0 -174.786809,52.091324,0 -174.839715,52.091338,0 -174.843103,52.102754,0 -174.878517,52.102608,0 -174.905409,52.11650900000001,0 -174.920042,52.109274,0 -174.927549,52.101415,0 -174.922299,52.09158,0 -174.962181,52.08201799999999,0 -174.980497,52.061471,0 -174.992309,52.058603,0 -175.000209,52.07792800000001,0 -175.033247,52.07617499999999,0 -175.044344,52.05751899999999,0 -175.092867,52.034794,0 -175.113721,52.046308,0 -175.11768,52.053234,0 -175.117115,52.054499,0 -175.132635,52.05922300000001,0 -175.156744,52.057642,0 -175.1959,52.051407,0 -175.32707,52.02703200000001,0 
							</coordinates>
						</LinearRing>
					</outerBoundaryIs>
				</Polygon>
				<Polygon>
					<tessellate>1</tessellate>
					<outerBoundaryIs>
						<LinearRing>
							<coordinates>
								-175.50991,51.982415,0 -175.504296,51.968511,0 -175.463417,51.969995,0 -175.424859,51.972332,0 -175.428127,51.990298,0 -175.450446,51.996663,0 -175.481113,51.989397,0 -175.50991,51.982415,0 
							</coordinates>
						</LinearRing>
					</outerBoundaryIs>
				</Polygon>
				<Polygon>
					<tessellate>1</tessellate>
					<outerBoundaryIs>
						<LinearRing>
							<coordinates>
								-175.539911,52.183441,0 -175.538933,52.171277,0 -175.523012,52.156525,0 -175.498741,52.155393,0 -175.483834,52.167573,0 -175.497317,52.180792,0 -175.515653,52.192162,0 -175.539911,52.183441,0 
							</coordinates>
						</LinearRing>
					</outerBoundaryIs>
				</Polygon>
				<Polygon>
					<tessellate>1</tessellate>
					<outerBoundaryIs>
						<LinearRing>
							<coordinates>
								-175.742364,51.966626,0 -175.745335,51.946779,0 -175.722756,51.93176,0 -175.692271,51.944959,0 -175.644031,51.952621,0 -175.598496,51.947503,0 -175.577611,51.94957,0 -175.578365,51.963844,0 -175.580966,51.972459,0 -175.61813,51.971516,0 -175.670466,51.972776,0 -175.724182,51.975046,0 -175.742364,51.966626,0 
							</coordinates>
						</LinearRing>
					</outerBoundaryIs>
				</Polygon>
				<Polygon>
					<tessellate>1</tessellate>
					<outerBoundaryIs>
						<LinearRing>
							<coordinates>
								-175.954423,51.983002,0 -175.948712,51.975388,0 -175.87828,51.963967,0 -175.864003,51.943979,0 -175.815462,51.921136,0 -175.760259,51.917329,0 -175.760259,51.92494300000001,0 -175.785005,51.93922000000001,0 -175.794523,51.958256,0 -175.807848,51.989665,0 -175.81451,51.99442400000001,0 -175.912544,51.995376,0 -175.954423,51.983002,0 
							</coordinates>
						</LinearRing>
					</outerBoundaryIs>
				</Polygon>
				<Polygon>
					<tessellate>1</tessellate>
					<outerBoundaryIs>
						<LinearRing>
							<coordinates>
								-176.200254,52.078731,0 -176.211188,52.06470599999999,0 -176.189559,52.02538299999999,0 -176.183023,51.998904,0 -176.15664,51.99678299999999,0 -176.168643,51.948025,0 -176.103638,51.929122,0 -176.038276,51.930514,0 -176.026629,51.934691,0 -176.002861,51.94516800000001,0 -175.993948,51.960109,0 -176.022945,51.98236599999999,0 -176.03578,51.99488000000001,0 -176.044693,52.008342,0 -176.020331,52.017704,0 -176.001554,52.026553,0 -175.98147,52.028308,0 -175.974934,52.040956,0 -176.008684,52.053161,0 -176.006902,52.07442199999999,0 -176.036493,52.086473,0 -176.055983,52.109469,0 -176.091872,52.110491,0 -176.14951,52.11757,0 -176.182547,52.10071000000001,0 -176.200254,52.078731,0 
							</coordinates>
						</LinearRing>
					</outerBoundaryIs>
				</Polygon>
				<Polygon>
					<tessellate>1</tessellate>
					<outerBoundaryIs>
						<LinearRing>
							<coordinates>
								-176.236246,51.825965,0 -176.235544,51.823157,0 -176.216957,51.812714,0 -176.183142,51.807099,0 -176.186469,51.788533,0 -176.158185,51.768901,0 -176.14064,51.783584,0 -176.139622,51.802386,0 -176.123965,51.80274499999999,0 -176.094962,51.79162,0 -176.102093,51.825861,0 -176.053725,51.816752,0 -176.023658,51.804629,0 -175.998464,51.801542,0 -176.016528,51.830488,0 -176.047892,51.84630900000001,0 -175.983742,51.852352,0 -175.963041,51.846253,0 -175.954287,51.868381,0 -175.953251,51.881376,0 -175.957546,51.893455,0 -175.971562,51.88863099999999,0 -175.984993,51.908445,0 -175.99265,51.91265499999999,0 -176.020182,51.911373,0 -176.065288,51.902986,0 -176.111452,51.889748,0 -176.115489,51.887015,0 -176.078865,51.874778,0 -176.073431,51.870312,0 -176.072225,51.867938,0 -176.080442,51.85856700000001,0 -176.099137,51.855533,0 -176.140908,51.859562,0 -176.161052,51.869685,0 -176.168775,51.87733000000001,0 -176.169751,51.880138,0 -176.173871,51.882449,0 -176.206069,51.883089,0 -176.217544,51.874627,0 -176.236246,51.825965,0 
							</coordinates>
						</LinearRing>
					</outerBoundaryIs>
				</Polygon>
				<Polygon>
					<tessellate>1</tessellate>
					<outerBoundaryIs>
						<LinearRing>
							<coordinates>
								-176.991322,51.629052,0 -176.987383,51.606872,0 -176.984331,51.602135,0 -176.954147,51.59256800000001,0 -176.938917,51.59098199999999,0 -176.930952,51.59247,0 -176.903184,51.635648,0 -176.863062,51.684921,0 -176.837514,51.682745,0 -176.814437,51.66025,0 -176.826252,51.640932,0 -176.823682,51.63401099999999,0 -176.809,51.61623500000001,0 -176.801675,51.613488,0 -176.751817,51.635017,0 -176.715424,51.620422,0 -176.722318,51.645845,0 -176.735912,51.662154,0 -176.713062,51.68333000000001,0 -176.70266,51.68540399999999,0 -176.667176,51.675848,0 -176.656005,51.658306,0 -176.631643,51.65720000000001,0 -176.582933,51.69182200000001,0 -176.520765,51.702812,0 -176.508168,51.729686,0 -176.474132,51.747208,0 -176.46705,51.726668,0 -176.425456,51.739769,0 -176.343756,51.73152,0 -176.289921,51.741678,0 -176.273792,51.772019,0 -176.268243,51.78549799999999,0 -176.26649,51.817716,0 -176.281694,51.863919,0 -176.287188,51.870313,0 -176.290728,51.872136,0 -176.311573,51.872463,0 -176.398062,51.867842,0 -176.507989,51.84597,0 -176.517599,51.839557,0 -176.543309,51.838624,0 -176.576381,51.842275,0 -176.625463,51.859824,0 -176.623452,51.883205,0 -176.620015,51.89563,0 -176.616095,51.90301300000001,0 -176.566275,51.914702,0 -176.558376,51.908725,0 -176.554661,51.909834,0 -176.544867,51.92724500000001,0 -176.554398,51.99066000000001,0 -176.560565,51.996732,0 -176.579975,52.003238,0 -176.589955,52.002741,0 -176.603598,51.997056,0 -176.627155,51.978294,0 -176.63051,51.970352,0 -176.656481,51.95231,0 -176.698771,51.964454,0 -176.72078,51.96951800000001,0 -176.736549,51.969808,0 -176.774023,51.96589500000001,0 -176.789558,51.95721100000001,0 -176.810433,51.92708900000001,0 -176.797799,51.908512,0 -176.762478,51.867878,0 -176.790163,51.81721700000001,0 -176.856205,51.818366,0 -176.904302,51.811772,0 -176.911016,51.80759700000001,0 -176.917088,51.797016,0 -176.918065,51.788003,0 -176.90503,51.77153199999999,0 -176.882018,51.76662799999999,0 -176.8707,51.731969,0 -176.870997,51.72941,0 -176.873924,51.724071,0 -176.896966,51.700424,0 -176.906884,51.696639,0 -176.930872,51.69719499999999,0 -176.950128,51.686719,0 -176.976249,51.66640000000001,0 -176.984489,51.657411,0 -176.991322,51.629052,0 
							</coordinates>
						</LinearRing>
					</outerBoundaryIs>
				</Polygon>
				<Polygon>
					<tessellate>1</tessellate>
					<outerBoundaryIs>
						<LinearRing>
							<coordinates>
								-177.464905,51.91352100000001,0 -177.479161,51.898036,0 -177.458978,51.88422499999999,0 -177.429031,51.888289,0 -177.410078,51.899093,0 -177.418131,51.921266,0 -177.446756,51.927381,0 -177.464905,51.91352100000001,0 
							</coordinates>
						</LinearRing>
					</outerBoundaryIs>
				</Polygon>
				<Polygon>
					<tessellate>1</tessellate>
					<outerBoundaryIs>
						<LinearRing>
							<coordinates>
								-177.705261,51.70724,0 -177.707802,51.703268,0 -177.670951,51.66398000000001,0 -177.651386,51.65360400000001,0 -177.635883,51.659541,0 -177.640524,51.672084,0 -177.631523,51.696844,0 -177.616753,51.703978,0 -177.608055,51.70518400000001,0 -177.570973,51.69822,0 -177.540393,51.69875499999999,0 -177.490005,51.705106,0 -177.463577,51.713943,0 -177.444717,51.725419,0 -177.417678,51.730875,0 -177.39076,51.733525,0 -177.360408,51.727533,0 -177.342784,51.721395,0 -177.322977,51.711416,0 -177.316353,51.700811,0 -177.317939,51.696866,0 -177.317888,51.693447,0 -177.316501,51.690353,0 -177.296369,51.684245,0 -177.275121,51.68051,0 -177.261631,51.680846,0 -177.145675,51.707294,0 -177.122808,51.729355,0 -177.120581,51.739815,0 -177.13096,51.762772,0 -177.136977,51.814493,0 -177.128617,51.833835,0 -177.120377,51.839687,0 -177.08101,51.855497,0 -177.04509,51.898605,0 -177.054768,51.908944,0 -177.099266,51.936119,0 -177.154842,51.944381,0 -177.181271,51.943167,0 -177.191399,51.938001,0 -177.197506,51.931339,0 -177.199764,51.924816,0 -177.19912,51.883142,0 -177.200825,51.844605,0 -177.205675,51.820639,0 -177.21193,51.812331,0 -177.238175,51.79852,0 -177.281479,51.784075,0 -177.4612,51.750718,0 -177.497974,51.738624,0 -177.515591,51.724978,0 -177.536977,51.72147,0 -177.555197,51.72112499999999,0 -177.597498,51.726464,0 -177.639983,51.73606099999999,0 -177.697662,51.713123,0 -177.705261,51.70724,0 
							</coordinates>
						</LinearRing>
					</outerBoundaryIs>
				</Polygon>
				<Polygon>
					<tessellate>1</tessellate>
					<outerBoundaryIs>
						<LinearRing>
							<coordinates>
								-178.224618,51.88067499999999,0 -178.227822,51.873526,0 -178.224129,51.864881,0 -178.215124,51.85780100000001,0 -178.172666,51.83998499999999,0 -178.086074,51.80804699999999,0 -178.08064,51.798739,0 -178.059335,51.786829,0 -178.039344,51.77892500000001,0 -177.995272,51.781535,0 -177.965031,51.778162,0 -177.956998,51.772541,0 -177.950283,51.765682,0 -177.946649,51.752681,0 -177.947777,51.740381,0 -177.956443,51.722862,0 -177.962426,51.719772,0 -178.021818,51.706906,0 -178.104285,51.701539,0 -178.117864,51.677831,0 -178.109378,51.670461,0 -178.086304,51.663618,0 -178.069823,51.670676,0 -178.013038,51.629213,0 -177.963852,51.650231,0 -177.957443,51.647149,0 -177.953024,51.63817499999999,0 -177.950665,51.62000100000001,0 -177.944957,51.611539,0 -177.930123,51.601499,0 -177.909185,51.596671,0 -177.906072,51.59767,0 -177.903083,51.606497,0 -177.915445,51.630684,0 -177.92564,51.642481,0 -177.929023,51.65052,0 -177.928907,51.655368,0 -177.918806,51.67439,0 -177.902693,51.691581,0 -177.899416,51.692557,0 -177.887768,51.689483,0 -177.876811,51.681411,0 -177.86796,51.679374,0 -177.856332,51.681015,0 -177.841411,51.68956,0 -177.826997,51.705972,0 -177.827524,51.712086,0 -177.838054,51.717198,0 -177.842419,51.722645,0 -177.842267,51.73248,0 -177.813886,51.75428,0 -177.796308,51.770831,0 -177.800647,51.778294,0 -177.797719,51.793297,0 -177.735909,51.807991,0 -177.692118,51.813897,0 -177.685555,51.81274500000001,0 -177.649208,51.820727,0 -177.625008,51.837529,0 -177.614511,51.853033,0 -177.615311,51.85508,0 -177.691714,51.843975,0 -177.734909,51.82585,0 -177.759641,51.831195,0 -177.796538,51.840594,0 -177.852285,51.826045,0 -177.859763,51.82694399999999,0 -177.874964,51.84979499999999,0 -177.921569,51.853883,0 -177.924315,51.857522,0 -177.913269,51.879748,0 -177.952094,51.915348,0 -177.963723,51.917919,0 -178.002345,51.90996799999999,0 -178.061147,51.912539,0 -178.070548,51.91740800000001,0 -178.090632,51.91939899999999,0 -178.124786,51.920093,0 -178.145326,51.91721600000001,0 -178.175023,51.911584,0 -178.19709,51.905464,0 -178.220742,51.884841,0 -178.224618,51.88067499999999,0 
							</coordinates>
						</LinearRing>
					</outerBoundaryIs>
				</Polygon>
				<Polygon>
					<tessellate>1</tessellate>
					<outerBoundaryIs>
						<LinearRing>
							<coordinates>
								-178.681285,51.60895099999999,0 -178.68414,51.602289,0 -178.673671,51.588964,0 -178.642262,51.586108,0 -178.621322,51.588964,0 -178.591817,51.583253,0 -178.576589,51.583253,0 -178.567071,51.598481,0 -178.576589,51.606096,0 -178.597528,51.60323999999999,0 -178.618467,51.609903,0 -178.638455,51.61180599999999,0 -178.681285,51.60895099999999,0 
							</coordinates>
						</LinearRing>
					</outerBoundaryIs>
				</Polygon>
				<Polygon>
					<tessellate>1</tessellate>
					<outerBoundaryIs>
						<LinearRing>
							<coordinates>
								-178.857365,51.57659,0 -178.857365,51.57278299999999,0 -178.825956,51.547085,0 -178.796451,51.541374,0 -178.734585,51.54232600000001,0 -178.735537,51.550892,0 -178.761235,51.56231400000001,0 -178.828811,51.575639,0 -178.857365,51.57659,0 
							</coordinates>
						</LinearRing>
					</outerBoundaryIs>
				</Polygon>
				<Polygon>
					<tessellate>1</tessellate>
					<outerBoundaryIs>
						<LinearRing>
							<coordinates>
								-178.870118,51.795261,0 -178.873024,51.782623,0 -178.815757,51.74917600000001,0 -178.808157,51.747078,0 -178.792409,51.746071,0 -178.776661,51.748612,0 -178.750414,51.757752,0 -178.733355,51.783947,0 -178.748283,51.809942,0 -178.767695,51.82317900000001,0 -178.788541,51.832602,0 -178.811249,51.839018,0 -178.819459,51.839575,0 -178.828645,51.83615,0 -178.858248,51.820966,0 -178.870118,51.795261,0 
							</coordinates>
						</LinearRing>
					</outerBoundaryIs>
				</Polygon>
				<Polygon>
					<tessellate>1</tessellate>
					<outerBoundaryIs>
						<LinearRing>
							<coordinates>
								-178.992094,51.381311,0 -178.990684,51.311648,0 -178.987236,51.311038,0 -178.979179,51.31438000000001,0 -178.965171,51.322682,0 -178.95446,51.33273100000001,0 -178.954338,51.33924700000001,0 -178.908883,51.340582,0 -178.914207,51.363992,0 -178.926874,51.38363999999999,0 -178.964323,51.402492,0 -178.977782,51.398929,0 -178.992094,51.381311,0 
							</coordinates>
						</LinearRing>
					</outerBoundaryIs>
				</Polygon>
				<Polygon>
					<tessellate>1</tessellate>
					<outerBoundaryIs>
						<LinearRing>
							<coordinates>
								-179.137239,51.286006,0 -179.14734,51.276781,0 -179.136196,51.22921599999999,0 -179.126856,51.21986200000001,0 -179.097619,51.226135,0 -179.07232,51.250963,0 -179.069176,51.262874,0 -179.075466,51.284619,0 -179.094665,51.30122899999999,0 -179.113495,51.30080100000001,0 -179.137239,51.286006,0 
							</coordinates>
						</LinearRing>
					</outerBoundaryIs>
				</Polygon>
				<Polygon>
					<tessellate>1</tessellate>
					<outerBoundaryIs>
						<LinearRing>
							<coordinates>
								179.482464,51.982834,0 179.475569,51.937456,0 179.484634,51.921268,0 179.521868,51.896765,0 179.614364,51.87177199999999,0 179.639077,51.87193099999999,0 179.655878,51.876215,0 179.743012,51.911749,0 179.755426,51.935774,0 179.767251,51.947572,0 179.77847,51.962217,0 179.773922,51.97069299999999,0 179.663327,52.022941,0 179.636846,52.025712,0 179.609536,52.02234499999999,0 179.571049,52.011111,0 179.546866,51.991407,0 179.526743,51.981164,0 179.486565,51.983959,0 179.482464,51.982834,0 
							</coordinates>
						</LinearRing>
					</outerBoundaryIs>
				</Polygon>
				<Polygon>
					<tessellate>1</tessellate>
					<outerBoundaryIs>
						<LinearRing>
							<coordinates>
								178.625536,51.637303,0 178.631609,51.625782,0 178.634021,51.62398099999999,0 178.706047,51.593182,0 178.767787,51.576123,0 178.785061,51.571866,0 178.795194,51.575429,0 178.831825,51.580534,0 178.843631,51.578642,0 178.951626,51.541963,0 178.969019,51.531237,0 179.013516,51.49728,0 179.034532,51.47853,0 179.060354,51.454875,0 179.097477,51.44058,0 179.2065,51.393284,0 179.218185,51.387377,0 179.220471,51.376667,0 179.261618,51.357688,0 179.366788,51.371837,0 179.384679,51.36421000000001,0 179.389855,51.36100399999999,0 179.399469,51.35943300000001,0 179.450191,51.365142,0 179.467581,51.371629,0 179.462765,51.376176,0 179.400809,51.40055699999999,0 179.386221,51.404401,0 179.33498,51.40493299999999,0 179.263934,51.405838,0 179.236253,51.409606,0 179.23027,51.413419,0 179.226883,51.42394100000001,0 179.218031,51.43894,0 179.191082,51.462935,0 179.178081,51.464812,0 179.164531,51.464635,0 179.143656,51.469442,0 179.101442,51.485497,0 179.076803,51.498518,0 179.002896,51.552486,0 178.920826,51.58613700000001,0 178.918827,51.588337,0 178.917608,51.594949,0 178.919136,51.605546,0 178.90391,51.614914,0 178.864937,51.62313300000001,0 178.804128,51.635034,0 178.785825,51.63343399999999,0 178.738019,51.632734,0 178.689903,51.644422,0 178.681998,51.649946,0 178.675528,51.659064,0 178.664013,51.661935,0 178.645511,51.65763400000001,0 178.625536,51.637303,0 
							</coordinates>
						</LinearRing>
					</outerBoundaryIs>
				</Polygon>
				<Polygon>
					<tessellate>1</tessellate>
					<outerBoundaryIs>
						<LinearRing>
							<coordinates>
								178.446964,51.978222,0 178.454664,51.960501,0 178.468045,51.93163500000001,0 178.484831,51.909898,0 178.502493,51.899644,0 178.518861,51.899759,0 178.539395,51.903246,0 178.567447,51.925939,0 178.590245,51.945457,0 178.591597,51.952652,0 178.570619,51.968064,0 178.552612,51.97396799999999,0 178.478586,51.987549,0 178.463385,51.98784899999999,0 178.446964,51.978222,0 
							</coordinates>
						</LinearRing>
					</outerBoundaryIs>
				</Polygon>
				<Polygon>
					<tessellate>1</tessellate>
					<outerBoundaryIs>
						<LinearRing>
							<coordinates>
								178.236931,51.828209,0 178.246209,51.817078,0 178.304892,51.777434,0 178.308563,51.775701,0 178.318757,51.772322,0 178.335664,51.769926,0 178.339082,51.771529,0 178.354635,51.768515,0 178.380741,51.763907,0 178.372348,51.774146,0 178.335631,51.80703100000001,0 178.33219,51.809037,0 178.319389,51.815737,0 178.310298,51.819993,0 178.305568,51.821748,0 178.236931,51.828209,0 
							</coordinates>
						</LinearRing>
					</outerBoundaryIs>
				</Polygon>
				<Polygon>
					<tessellate>1</tessellate>
					<outerBoundaryIs>
						<LinearRing>
							<coordinates>
								178.09461,52.033294,0 178.10273,52.003927,0 178.105874,51.99835699999999,0 178.132547,51.986982,0 178.174473,51.99168399999999,0 178.190963,52.003546,0 178.179962,52.033247,0 178.175781,52.036777,0 178.141695,52.051034,0 178.119144,52.051659,0 178.1176,52.048612,0 178.107266,52.045744,0 178.09461,52.033294,0 
							</coordinates>
						</LinearRing>
					</outerBoundaryIs>
				</Polygon>
				<Polygon>
					<tessellate>1</tessellate>
					<outerBoundaryIs>
						<LinearRing>
							<coordinates>
								177.203323,51.896562,0 177.200423,51.89474599999999,0 177.203996,51.880531,0 177.212422,51.87643099999999,0 177.235523,51.87326,0 177.27337,51.857123,0 177.293424,51.84561,0 177.296018,51.839866,0 177.294035,51.837301,0 177.303314,51.829458,0 177.311768,51.825971,0 177.321687,51.828543,0 177.334017,51.844444,0 177.334229,51.866769,0 177.327179,51.871049,0 177.326781,51.873636,0 177.348816,51.904469,0 177.373934,51.91976,0 177.409536,51.930821,0 177.484313,51.923413,0 177.560513,51.91636400000001,0 177.601005,51.92225400000001,0 177.606529,51.92506899999999,0 177.610618,51.936713,0 177.611553,51.95082899999999,0 177.607535,51.95472,0 177.579823,51.950836,0 177.571796,51.95159,0 177.543534,51.95617499999999,0 177.539627,51.959418,0 177.532729,51.97006999999999,0 177.538223,51.97889700000001,0 177.572068,52.001812,0 177.577226,52.00497,0 177.601645,52.016377,0 177.609087,52.02851800000001,0 177.632555,52.064844,0 177.641864,52.06831600000001,0 177.653614,52.070323,0 177.659451,52.069439,0 177.667256,52.07627400000001,0 177.675952,52.092167,0 177.661607,52.112746,0 177.602673,52.13732,0 177.563396,52.121959,0 177.545604,52.10109099999999,0 177.505319,52.038768,0 177.505747,52.016374,0 177.503441,52.00882899999999,0 177.497441,51.993328,0 177.483712,51.984877,0 177.413484,51.979724,0 177.345577,51.96300500000001,0 177.341518,51.95501600000001,0 177.291312,51.91943,0 177.272695,51.920054,0 177.233904,51.909624,0 177.203323,51.896562,0 
							</coordinates>
						</LinearRing>
					</outerBoundaryIs>
				</Polygon>
				<Polygon>
					<tessellate>1</tessellate>
					<outerBoundaryIs>
						<LinearRing>
							<coordinates>
								175.874353,52.371004,0 175.873317,52.361138,0 175.890684,52.34451399999999,0 175.90277,52.336823,0 175.911286,52.33483099999999,0 175.94418,52.336437,0 175.966521,52.35972799999999,0 175.95056,52.368357,0 175.906734,52.375651,0 175.874353,52.371004,0 
							</coordinates>
						</LinearRing>
					</outerBoundaryIs>
				</Polygon>
				<Polygon>
					<tessellate>1</tessellate>
					<outerBoundaryIs>
						<LinearRing>
							<coordinates>
								174.069186,52.734888,0 174.066195,52.731042,0 174.071842,52.718295,0 174.109409,52.70856,0 174.158146,52.706059,0 174.159252,52.707387,0 174.155764,52.71537500000001,0 174.145326,52.72855,0 174.13315,52.73378600000001,0 174.09665,52.743485,0 174.092073,52.74206,0 174.069186,52.734888,0 
							</coordinates>
						</LinearRing>
					</outerBoundaryIs>
				</Polygon>
				<Polygon>
					<tessellate>1</tessellate>
					<outerBoundaryIs>
						<LinearRing>
							<coordinates>
								173.954075,52.75141,0 173.952793,52.747885,0 173.96088,52.738136,0 173.9726,52.729423,0 174.004827,52.719857,0 174.021702,52.73028600000001,0 174.003651,52.74428300000001,0 173.983432,52.749053,0 173.954075,52.75141,0 
							</coordinates>
						</LinearRing>
					</outerBoundaryIs>
				</Polygon>
				<Polygon>
					<tessellate>1</tessellate>
					<outerBoundaryIs>
						<LinearRing>
							<coordinates>
								173.867436,52.775128,0 173.861653,52.773579,0 173.875585,52.761898,0 173.894753,52.75078,0 173.925271,52.752433,0 173.930912,52.750227,0 173.932926,52.746649,0 173.940037,52.75186,0 173.931553,52.758574,0 173.897452,52.77178,0 173.881412,52.77502799999999,0 173.867436,52.775128,0 
							</coordinates>
						</LinearRing>
					</outerBoundaryIs>
				</Polygon>
				<Polygon>
					<tessellate>1</tessellate>
					<outerBoundaryIs>
						<LinearRing>
							<coordinates>
								173.356103,52.405563,0 173.356927,52.403873,0 173.385704,52.404072,0 173.3955,52.40264700000001,0 173.455586,52.38965600000001,0 173.465442,52.384621,0 173.483843,52.383485,0 173.512162,52.38503499999999,0 173.543778,52.39266599999999,0 173.559891,52.401165,0 173.588794,52.400973,0 173.595397,52.391893,0 173.606767,52.37824899999999,0 173.640825,52.359428,0 173.644793,52.357598,0 173.651293,52.35637,0 173.725696,52.356579,0 173.719161,52.397703,0 173.712323,52.421033,0 173.704299,52.43219199999999,0 173.702252,52.434804,0 173.69386,52.438694,0 173.691601,52.445935,0 173.695719,52.45893499999999,0 173.707741,52.477377,0 173.739385,52.493257,0 173.754979,52.496127,0 173.772402,52.506877,0 173.772799,52.509905,0 173.769503,52.512072,0 173.73627,52.51242199999999,0 173.680586,52.51287799999999,0 173.623883,52.506948,0 173.587554,52.476785,0 173.555739,52.479472,0 173.545302,52.476,0 173.549605,52.469989,0 173.550002,52.46706700000001,0 173.530105,52.449968,0 173.525161,52.44813700000001,0 173.501022,52.440926,0 173.476243,52.441909,0 173.467698,52.444473,0 173.445696,52.455031,0 173.440111,52.453664,0 173.380058,52.43184299999999,0 173.356103,52.405563,0 
							</coordinates>
						</LinearRing>
					</outerBoundaryIs>
				</Polygon>
				<Polygon>
					<tessellate>1</tessellate>
					<outerBoundaryIs>
						<LinearRing>
							<coordinates>
								172.461667,52.92716,0 172.469022,52.911337,0 172.512996,52.905181,0 172.5487,52.914322,0 172.585075,52.921327,0 172.640372,52.925441,0 172.754236,52.87749,0 172.766693,52.862669,0 172.76739,52.848372,0 172.763366,52.823656,0 172.809387,52.78929,0 172.903628,52.76166700000001,0 172.998472,52.796979,0 173.11856,52.78444,0 173.134521,52.784357,0 173.142678,52.786254,0 173.166899,52.795229,0 173.173543,52.804378,0 173.187952,52.8315,0 173.204948,52.848911,0 173.224051,52.856403,0 173.22907,52.856156,0 173.284417,52.82793300000001,0 173.302331,52.823286,0 173.413016,52.827891,0 173.423819,52.828799,0 173.42767,52.830763,0 173.421682,52.845477,0 173.295399,52.926987,0 173.251326,52.944362,0 173.235265,52.943628,0 173.211752,52.939489,0 173.172406,52.960545,0 173.159648,52.974163,0 173.13151,52.987521,0 173.121988,52.990352,0 173.107249,52.993228,0 172.746566,53.01075,0 172.643266,53.004979,0 172.629077,53.001324,0 172.461667,52.92716,0 
							</coordinates>
						</LinearRing>
					</outerBoundaryIs>
				</Polygon>
				<Polygon>
					<tessellate>1</tessellate>
					<outerBoundaryIs>
						<LinearRing>
							<coordinates>
								146.04794,16.01346,0 146.051828,16.005569,0 146.060428,16.00592,0 146.068295,16.021068,0 146.06286,16.027419,0 146.054334,16.027191,0 146.04794,16.01346,0 
							</coordinates>
						</LinearRing>
					</outerBoundaryIs>
				</Polygon>
				<Polygon>
					<tessellate>1</tessellate>
					<outerBoundaryIs>
						<LinearRing>
							<coordinates>
								145.832722,17.316338,0 145.831696,17.306524,0 145.844675,17.296594,0 145.855608,17.309129,0 145.847723,17.319011,0 145.839491,17.321295,0 145.832722,17.316338,0 
							</coordinates>
						</LinearRing>
					</outerBoundaryIs>
				</Polygon>
				<Polygon>
					<tessellate>1</tessellate>
					<outerBoundaryIs>
						<LinearRing>
							<coordinates>
								145.814982,17.604046,0 145.815768,17.591756,0 145.826787,17.579716,0 145.837898,17.579086,0 145.851498,17.593139,0 145.848116,17.608668,0 145.834941,17.620761,0 145.822356,17.618008,0 145.814982,17.604046,0 
							</coordinates>
						</LinearRing>
					</outerBoundaryIs>
				</Polygon>
				<Polygon>
					<tessellate>1</tessellate>
					<outerBoundaryIs>
						<LinearRing>
							<coordinates>
								145.767394,16.707646,0 145.768855,16.696584,0 145.784306,16.690353,0 145.791435,16.701137,0 145.790247,16.711381,0 145.778363,16.720487,0 145.767394,16.707646,0 
							</coordinates>
						</LinearRing>
					</outerBoundaryIs>
				</Polygon>
				<Polygon>
					<tessellate>1</tessellate>
					<outerBoundaryIs>
						<LinearRing>
							<coordinates>
								145.710624,18.068836,0 145.709974,18.044529,0 145.729245,18.049838,0 145.746276,18.063187,0 145.752218,18.075615,0 145.767667,18.097079,0 145.784895,18.109224,0 145.7983,18.108421,0 145.810571,18.135674,0 145.806526,18.157107,0 145.797874,18.165071,0 145.77408,18.168807,0 145.760537,18.164842,0 145.755197,18.149467,0 145.762085,18.137639,0 145.755497,18.126173,0 145.758053,18.113649,0 145.743899,18.100468,0 145.730827,18.089171,0 145.718929,18.078092,0 145.710624,18.068836,0 
							</coordinates>
						</LinearRing>
					</outerBoundaryIs>
				</Polygon>
				<Polygon>
					<tessellate>1</tessellate>
					<outerBoundaryIs>
						<LinearRing>
							<coordinates>
								145.705542,15.24391,0 145.706666,15.23638,0 145.712573,15.233218,0 145.719536,15.238594,0 145.716991,15.245777,0 145.711231,15.24851,0 145.705542,15.24391,0 
							</coordinates>
						</LinearRing>
					</outerBoundaryIs>
				</Polygon>
				<Polygon>
					<tessellate>1</tessellate>
					<outerBoundaryIs>
						<LinearRing>
							<coordinates>
								145.689455,15.127783,0 145.691204618755,15.1211503647659,0 145.692511,15.116198,0 145.707024,15.106965,0 145.7114139163,15.1057891152097,0 145.734333,15.09965,0 145.745099057101,15.0997830740105,0 145.751808,15.099866,0 145.756972,15.120632,0 145.754138153309,15.1234082736406,0 145.745208,15.132157,0 145.745965204354,15.1490313829784,0 145.746155,15.153261,0 145.762168,15.160651,0 145.769788032381,15.1557001595026,0 145.777544,15.150661,0 145.787321,15.147384,0 145.792541,15.149403,0 145.794682,15.159533,0 145.794186,15.168589,0 145.783095497912,15.183147341824,0 145.781723,15.184949,0 145.781021,15.207426,0 145.798109722133,15.2287209724902,0 145.799035,15.229874,0 145.809402,15.24253,0 145.814352,15.256389,0 145.826387,15.25956,0 145.830229,15.271378,0 145.819086,15.286507,0 145.809769,15.28865,0 145.771667,15.250873,0 145.768757448361,15.2490888733875,0 145.747276954316,15.2359171116081,0 145.716913937449,15.2172986187448,0 145.715773,15.216599,0 145.716731,15.195079,0 145.716715116821,15.1950398126397,0 145.716709742751,15.1950265536066,0 145.701895666526,15.1584769101977,0 145.700144685123,15.1541568469733,0 145.689455,15.127783,0 
							</coordinates>
						</LinearRing>
					</outerBoundaryIs>
				</Polygon>
				<Polygon>
					<tessellate>1</tessellate>
					<outerBoundaryIs>
						<LinearRing>
							<coordinates>
								145.636331,18.778797,0 145.640508,18.746515,0 145.667302,18.725113,0 145.68559,18.737501,0 145.692762,18.744911,0 145.69955,18.760787,0 145.696479,18.788546,0 145.679949,18.805672,0 145.656978,18.812816,0 145.641542,18.794823,0 145.636331,18.778797,0 
							</coordinates>
						</LinearRing>
					</outerBoundaryIs>
				</Polygon>
				<Polygon>
					<tessellate>1</tessellate>
					<outerBoundaryIs>
						<LinearRing>
							<coordinates>
								145.63348,16.367997,0 145.632988,16.351006,0 145.646469,16.331909,0 145.678314,16.333924,0 145.702698,16.333629,0 145.71489,16.338152,0 145.724252,16.347704,0 145.722651,16.360143,0 145.703519,16.369656,0 145.687655,16.368337,0 145.644814,16.369488,0 145.63348,16.367997,0 
							</coordinates>
						</LinearRing>
					</outerBoundaryIs>
				</Polygon>
				<Polygon>
					<tessellate>1</tessellate>
					<outerBoundaryIs>
						<LinearRing>
							<coordinates>
								145.582033,15.015924,0 145.582807,14.993032,0 145.597213999492,14.9901901846398,0 145.597438,14.990146,0 145.606665066097,14.9772234951771,0 145.612242,14.969413,0 145.612397743383,14.9691354881983,0 145.614869478301,14.9647312201049,0 145.628465,14.940506,0 145.635249,14.92271,0 145.645278,14.927232,0 145.664316,14.947544,0 145.665572,14.972651,0 145.672317,15.000384,0 145.668285,15.016214,0 145.650145820678,15.032539630372,0 145.648742321733,15.0338028079723,0 145.648621,15.033912,0 145.660973,15.055345,0 145.657289152411,15.0818198305691,0 145.656978,15.084056,0 145.64518,15.101164,0 145.626597,15.083859,0 145.598162,15.054934,0 145.582033,15.015924,0 
							</coordinates>
						</LinearRing>
					</outerBoundaryIs>
				</Polygon>
				<Polygon>
					<tessellate>1</tessellate>
					<outerBoundaryIs>
						<LinearRing>
							<coordinates>
								145.544343,14.858757,0 145.534417,14.845565,0 145.545481,14.840414,0 145.562786,14.843855,0 145.575362,14.849163,0 145.57686663454,14.8541620320395,0 145.578631,14.860024,0 145.572913,14.866469,0 145.544343,14.858757,0 
							</coordinates>
						</LinearRing>
					</outerBoundaryIs>
				</Polygon>
				<Polygon>
					<tessellate>1</tessellate>
					<outerBoundaryIs>
						<LinearRing>
							<coordinates>
								145.38964,19.69691,0 145.390133,19.682375,0 145.403505,19.675591,0 145.413632,19.681588,0 145.418056,19.691224,0 145.412845,19.703416,0 145.398785,19.706365,0 145.38964,19.69691,0 
							</coordinates>
						</LinearRing>
					</outerBoundaryIs>
				</Polygon>
				<Polygon>
					<tessellate>1</tessellate>
					<outerBoundaryIs>
						<LinearRing>
							<coordinates>
								145.210161,20.030317,0 145.207239,20.022601,0 145.214212,20.010747,0 145.228146,20.011368,0 145.238815,20.020457,0 145.229967,20.032092,0 145.219378,20.035071,0 145.210161,20.030317,0 
							</coordinates>
						</LinearRing>
					</outerBoundaryIs>
				</Polygon>
				<Polygon>
					<tessellate>1</tessellate>
					<outerBoundaryIs>
						<LinearRing>
							<coordinates>
								145.118768,14.124787,0 145.122758,14.117438,0 145.122902817037,14.1174522829476,0 145.136456,14.118789,0 145.152452,14.130579,0 145.16269,14.127476,0 145.16827474754,14.1143671195281,0 145.169892,14.110571,0 145.210223,14.116141,0 145.23032,14.132667,0 145.239319,14.149728,0 145.269885,14.152161,0 145.28335,14.160675,0 145.284338,14.175365,0 145.289473,14.190939,0 145.254055,14.19965,0 145.235669,14.198274,0 145.203032,14.177108,0 145.161141,14.168482,0 145.118768,14.124787,0 
							</coordinates>
						</LinearRing>
					</outerBoundaryIs>
				</Polygon>
				<Polygon>
					<tessellate>1</tessellate>
					<outerBoundaryIs>
						<LinearRing>
							<coordinates>
								144.884687,20.551687,0 144.886331,20.539939,0 144.895382,20.533882,0 144.906078,20.542785,0 144.903701,20.5528,0 144.893006,20.557251,0 144.884687,20.551687,0 
							</coordinates>
						</LinearRing>
					</outerBoundaryIs>
				</Polygon>
				<Polygon>
					<tessellate>1</tessellate>
					<outerBoundaryIs>
						<LinearRing>
							<coordinates>
								144.62252857266,13.4530136681033,0 144.619738,13.442174,0 144.646725,13.412499,0 144.658397,13.412231,0 144.662573649761,13.4022566712052,0 144.663076,13.401057,0 144.654293399457,13.3825444801158,0 144.65425,13.382453,0 144.653722754565,13.3817897442396,0 144.635321,13.358641,0 144.635437,13.341376,0 144.635845551034,13.3406644300745,0 144.651445,13.313495,0 144.658768561149,13.2840115342052,0 144.661895,13.271425,0 144.676242,13.255804,0 144.702907,13.246938,0 144.723803,13.246122,0 144.755664,13.276696,0 144.767521,13.293537,0 144.772393,13.306452,0 144.772525570952,13.340661665138,0 144.772656363445,13.3744124024225,0 144.772664,13.376383,0 144.777302129358,13.3880231758325,0 144.788227,13.415441,0 144.806677,13.427058,0 144.82457086806,13.4423629787977,0 144.825585987572,13.4432312305664,0 144.826728382261,13.4442083433085,0 144.834587253155,13.4509301908154,0 144.838662725167,13.4544160225272,0 144.880938690255,13.4905754905167,0 144.891305,13.499442,0 144.924469,13.520261,0 144.937662844168,13.5480404477826,0 144.939381,13.551658,0 144.957642,13.593935,0 144.951456,13.601614,0 144.925822,13.601209,0 144.906843,13.606036,0 144.902646,13.617691,0 144.899184630055,13.6218265196833,0 144.8816,13.642836,0 144.865432,13.653518,0 144.860122347057,13.6529202364269,0 144.856585,13.652522,0 144.846554,13.636808,0 144.836508,13.622427,0 144.836646,13.595896,0 144.811914894967,13.5528375715194,0 144.802124,13.535791,0 144.803934,13.521154,0 144.79852905822,13.5100948193193,0 144.796736,13.506426,0 144.782296583639,13.5074236933531,0 144.778645,13.507676,0 144.770358,13.502395,0 144.770048214511,13.4951577906016,0 144.769579,13.484196,0 144.767182915166,13.4839412864082,0 144.748545,13.48196,0 144.735605693212,13.479070159802,0 144.731035556134,13.4780494740684,0 144.706674784243,13.472608785551,0 144.706463994415,13.4725617081512,0 144.68722902379,13.4682658063513,0 144.686312,13.468061,0 144.66446,13.465469,0 144.638345,13.464794,0 144.623466,13.456655,0 144.62252857266,13.4530136681033,0 
							</coordinates>
						</LinearRing>
					</outerBoundaryIs>
				</Polygon>
				<Polygon>
					<tessellate>1</tessellate>
					<outerBoundaryIs>
						<LinearRing>
							<coordinates>
								-64.7978718822626,18.3332526205696,0 -64.797883,18.327747,0 -64.79191,18.316735,0 -64.78089300000001,18.310644,0 -64.765888,18.310581,0 -64.75613519096061,18.318115150178,0 -64.748041,18.324368,0 -64.709627,18.303395,0 -64.70193999999999,18.305531,0 -64.70016200000001,18.327399,0 -64.709924,18.335816,0 -64.709439,18.341933,0 -64.70463100000001,18.347894,0 -64.696945,18.346665,0 -64.67613799999999,18.333956,0 -64.669574,18.332268,0 -64.662893,18.336243,0 -64.662357,18.343426,0 -64.691648,18.360883,0 -64.71330500000001,18.367283,0 -64.721594,18.366256,0 -64.744654,18.372844,0 -64.75138200000001,18.370859,0 -64.750265,18.361377,0 -64.75619399999999,18.354498,0 -64.78726399999999,18.351297,0 -64.797864,18.337156,0 -64.7978718822626,18.3332526205696,0 
							</coordinates>
						</LinearRing>
					</outerBoundaryIs>
				</Polygon>
				<Polygon>
					<tessellate>1</tessellate>
					<outerBoundaryIs>
						<LinearRing>
							<coordinates>
								-64.887452,17.763356,0 -64.89517600000001,17.746379,0 -64.886859,17.725886,0 -64.8855829919579,17.7203589192937,0 -64.883698,17.712194,0 -64.888018,17.691276,0 -64.883208,17.684647,0 -64.8785501768518,17.6848925361263,0 -64.850314,17.686381,0 -64.83937701966779,17.6839154038096,0 -64.833653,17.682625,0 -64.82217967555199,17.6868227850226,0 -64.80041199999999,17.694787,0 -64.7403535804072,17.7031382331789,0 -64.733926,17.704032,0 -64.714889,17.700545,0 -64.640537175997,17.725708577415,0 -64.613308,17.734924,0 -64.60478500000001,17.742646,0 -64.57339399999999,17.74617,0 -64.567178,17.751189,0 -64.566547,17.756987,0 -64.574883,17.761523,0 -64.5838292464929,17.7616034477292,0 -64.64772372132281,17.7621780088492,0 -64.648946,17.762189,0 -64.671014,17.761919,0 -64.69206210578049,17.7536646658978,0 -64.6940452921348,17.7528869292726,0 -64.69460100000001,17.752669,0 -64.710326694765,17.7553054063546,0 -64.723596,17.75753,0 -64.7389052421907,17.7731942598046,0 -64.747184,17.781665,0 -64.7776245333809,17.7835116313383,0 -64.778801,17.783583,0 -64.805837,17.778208,0 -64.8099780285668,17.7758469324571,0 -64.83635099999999,17.76081,0 -64.872348,17.769807,0 -64.887452,17.763356,0 
							</coordinates>
						</LinearRing>
					</outerBoundaryIs>
				</Polygon>
				<Polygon>
					<tessellate>1</tessellate>
					<outerBoundaryIs>
						<LinearRing>
							<coordinates>
								-64.917647,18.405835,0 -64.91690699999999,18.394896,0 -64.912772,18.389207,0 -64.9084829369979,18.3884853710595,0 -64.90624,18.388108,0 -64.89983700000001,18.393491,0 -64.90015119982,18.3946132537038,0 -64.90185,18.400681,0 -64.901177,18.40813,0 -64.903464,18.412504,0 -64.912142,18.412929,0 -64.917647,18.405835,0 
							</coordinates>
						</LinearRing>
					</outerBoundaryIs>
				</Polygon>
				<Polygon>
					<tessellate>1</tessellate>
					<outerBoundaryIs>
						<LinearRing>
							<coordinates>
								-65.036055,18.360241,0 -65.04235300000001,18.352874,0 -65.034283,18.342846,0 -65.01254900000001,18.342303,0 -64.988265,18.349289,0 -64.9848706016746,18.3459954857008,0 -64.965419,18.327122,0 -64.96280299999999,18.308765,0 -64.951589,18.30686,0 -64.94153506151341,18.3232426791375,0 -64.940788,18.32446,0 -64.931505,18.330108,0 -64.9290267152912,18.3300872657818,0 -64.9266987382847,18.3300677890918,0 -64.92469199999999,18.330051,0 -64.919161,18.319498,0 -64.87884699999999,18.302774,0 -64.871712,18.305922,0 -64.87162499999999,18.314224,0 -64.8658607473665,18.3159863657326,0 -64.85660900000001,18.318815,0 -64.84700100000001,18.314441,0 -64.834964,18.30416,0 -64.826548,18.305468,0 -64.823514,18.313179,0 -64.834383,18.325558,0 -64.8468895892711,18.3325132178401,0 -64.85958599999999,18.339574,0 -64.85980612099949,18.3417574224399,0 -64.86018,18.345466,0 -64.857997,18.350023,0 -64.8437116970113,18.3510744021986,0 -64.834546,18.351749,0 -64.80185400000001,18.356268,0 -64.798665,18.363571,0 -64.800212,18.368441,0 -64.80686,18.372268,0 -64.835419,18.366248,0 -64.8437301198007,18.3665464349981,0 -64.870648,18.367513,0 -64.89298072677791,18.3629839585011,0 -64.893804,18.362817,0 -64.912724,18.366192,0 -64.932078,18.377711,0 -64.9349265771571,18.3764688519424,0 -64.95190100000001,18.369067,0 -64.960691,18.370094,0 -64.962621,18.389409,0 -64.968054,18.399719,0 -64.977566,18.399712,0 -64.98304899999999,18.371193,0 -65.005931,18.368634,0 -65.036055,18.360241,0 
							</coordinates>
						</LinearRing>
					</outerBoundaryIs>
				</Polygon>
				<Polygon>
					<tessellate>1</tessellate>
					<outerBoundaryIs>
						<LinearRing>
							<coordinates>
								-65.08711599999999,18.342149,0 -65.08492699999999,18.332903,0 -65.072647,18.333723,0 -65.06908,18.342171,0 -65.07488686783709,18.3465523164021,0 -65.079899,18.350334,0 -65.08711599999999,18.342149,0 
							</coordinates>
						</LinearRing>
					</outerBoundaryIs>
				</Polygon>
				<Polygon>
					<tessellate>1</tessellate>
					<outerBoundaryIs>
						<LinearRing>
							<coordinates>
								-65.342437,18.349618,0 -65.345569,18.342495,0 -65.33050900000001,18.321767,0 -65.337451,18.308308,0 -65.330592,18.297716,0 -65.307329,18.303108,0 -65.285826,18.280857,0 -65.2777513293359,18.2843483096119,0 -65.2678124070251,18.2886456805437,0 -65.261019,18.291583,0 -65.244991,18.307485,0 -65.222853,18.310464,0 -65.221568,18.320959,0 -65.255933,18.342117,0 -65.291757,18.331564,0 -65.310096,18.335637,0 -65.32080000000001,18.334801,0 -65.335613,18.34973,0 -65.342437,18.349618,0 
							</coordinates>
						</LinearRing>
					</outerBoundaryIs>
				</Polygon>
				<Polygon>
					<tessellate>1</tessellate>
					<outerBoundaryIs>
						<LinearRing>
							<coordinates>
								-65.575579,18.115669,0 -65.57686,18.103224,0 -65.570628,18.097325,0 -65.569305,18.091616,0 -65.558646,18.08566,0 -65.542087,18.081177,0 -65.524209,18.081977,0 -65.507265,18.091646,0 -65.47978999999999,18.096352,0 -65.468768,18.092643,0 -65.46584900000001,18.087715,0 -65.45681,18.087778,0 -65.45138,18.086096,0 -65.4381894254292,18.0901227847617,0 -65.426311,18.093749,0 -65.423765,18.097764,0 -65.411767,18.106211,0 -65.39979099999999,18.108832,0 -65.39335,18.108287,0 -65.386472,18.110431,0 -65.383104,18.106049,0 -65.374419,18.108041,0 -65.37523,18.115309,0 -65.37367,18.121419,0 -65.36588399999999,18.124693,0 -65.355402,18.12512,0 -65.35079,18.123351,0 -65.35600100000001,18.112311,0 -65.350493,18.111914,0 -65.342037,18.11138,0 -65.338506,18.112439,0 -65.327184,18.124106,0 -65.322794,18.126589,0 -65.296036,18.12799,0 -65.283248,18.132999,0 -65.276214,18.131936,0 -65.275165,18.13443,0 -65.28796199999999,18.148097,0 -65.29489599999999,18.14283,0 -65.302295,18.141089,0 -65.308717,18.145172,0 -65.31347599999999,18.144296,0 -65.334289,18.147761,0 -65.37137300000001,18.157517,0 -65.399517,18.161935,0 -65.43705799999999,18.15766,0 -65.4501879626963,18.1517474312285,0 -65.45270436586129,18.1506142667927,0 -65.4555737707274,18.1493221417504,0 -65.46791,18.143767,0 -65.489829,18.135912,0 -65.511712,18.13284,0 -65.546199,18.119329,0 -65.575579,18.115669,0 
							</coordinates>
						</LinearRing>
					</outerBoundaryIs>
				</Polygon>
				<Polygon>
					<tessellate>1</tessellate>
					<outerBoundaryIs>
						<LinearRing>
							<coordinates>
								-65.57446299999999,18.354263,0 -65.578526,18.346518,0 -65.571485,18.33972,0 -65.563723,18.341963,0 -65.561871,18.347709,0 -65.566427,18.354129,0 -65.57446299999999,18.354263,0 
							</coordinates>
						</LinearRing>
					</outerBoundaryIs>
				</Polygon>
				<Polygon>
					<tessellate>1</tessellate>
					<outerBoundaryIs>
						<LinearRing>
							<coordinates>
								-65.594442,18.39146,0 -65.595912,18.382148,0 -65.56960100000001,18.367667,0 -65.560869,18.371824,0 -65.56072500000001,18.378925,0 -65.587718,18.393138,0 -65.594442,18.39146,0 
							</coordinates>
						</LinearRing>
					</outerBoundaryIs>
				</Polygon>
				<Polygon>
					<tessellate>1</tessellate>
					<outerBoundaryIs>
						<LinearRing>
							<coordinates>
								-66.533305,17.894142,0 -66.532117,17.878309,0 -66.51785599999999,17.882833,0 -66.505972,17.893011,0 -66.505972,17.9049434880462,0 -66.505972,17.906582,0 -66.507894981996,17.9067650101513,0 -66.51785599999999,17.907713,0 -66.533305,17.894142,0 
							</coordinates>
						</LinearRing>
					</outerBoundaryIs>
				</Polygon>
				<Polygon>
					<tessellate>1</tessellate>
					<outerBoundaryIs>
						<LinearRing>
							<coordinates>
								-67.268259,18.366989,0 -67.27135,18.362329,0 -67.267484,18.353149,0 -67.2603720121445,18.3414490797062,0 -67.2535615354882,18.330245175023,0 -67.23513699999999,18.299935,0 -67.22608099999999,18.296722,0 -67.2254030766224,18.2966484790877,0 -67.209963,18.294974,0 -67.196056,18.290443,0 -67.189971,18.281015,0 -67.1886674674077,18.2722284062479,0 -67.187873114521,18.2668739899855,0 -67.187843,18.266671,0 -67.17542899999999,18.248008,0 -67.173,18.230666,0 -67.1724536262757,18.230157947841,0 -67.158001,18.216719,0 -67.1569745448904,18.2141747917394,0 -67.1546129759716,18.2083213227513,0 -67.152665,18.203493,0 -67.1531985271738,18.2016950981112,0 -67.155185,18.195001,0 -67.1555967378937,18.1945682391744,0 -67.1607661387075,18.1891348938404,0 -67.1807014673381,18.1681816869411,0 -67.18082200000001,18.168055,0 -67.178618,18.159318,0 -67.176554,18.151046,0 -67.182182,18.108507,0 -67.18367216242611,18.1043732774333,0 -67.183921,18.103683,0 -67.19529,18.096149,0 -67.199314,18.091135,0 -67.1987259289255,18.0835002151875,0 -67.198212,18.076828,0 -67.196698992938,18.066525,0 -67.19669399999999,18.066491,0 -67.20988699999999,18.035439,0 -67.193269,18.03185,0 -67.1778627084017,18.0260833021709,0 -67.173761,18.024548,0 -67.1734232852599,18.0238975401863,0 -67.172138,18.021422,0 -67.172397,18.014906,0 -67.174299,18.011149,0 -67.177893,18.008882,0 -67.207694,17.998019,0 -67.211973,17.992993,0 -67.215271,17.983464,0 -67.2148170358728,17.9733195178883,0 -67.21433,17.962436,0 -67.212101,17.956027,0 -67.211521,17.952624,0 -67.2077997504944,17.9492364093459,0 -67.20371400000001,17.945517,0 -67.196924,17.935651,0 -67.1954579244092,17.9337147384086,0 -67.194785,17.932826,0 -67.183457,17.931135,0 -67.18248800000001,17.937754,0 -67.18747399999999,17.946252,0 -67.188717,17.950989,0 -67.183508,17.962706,0 -67.178566,17.964792,0 -67.16703099999999,17.963073,0 -67.16092109623931,17.9610263345382,0 -67.13373300000001,17.951919,0 -67.12825100000001,17.948153,0 -67.10998499999999,17.945806,0 -67.101468,17.946621,0 -67.089827,17.951418,0 -67.076534,17.967759,0 -67.062478,17.973819,0 -67.0433235344349,17.9722561013844,0 -67.024522,17.970722,0 -67.01644616757019,17.9688603793928,0 -67.01474399999999,17.968468,0 -67.00470300000001,17.960818,0 -66.99686199999999,17.968164,0 -66.986085,17.967337,0 -66.98220600000001,17.961192,0 -66.982669,17.9551,0 -66.9811070982433,17.9525957339228,0 -66.98051599999999,17.951648,0 -66.968101,17.947251,0 -66.959998,17.940216,0 -66.95557700000001,17.931557,0 -66.94174099999999,17.932961,0 -66.927261,17.926875,0 -66.92382600000001,17.926923,0 -66.919298,17.932062,0 -66.91747856142049,17.9361927914857,0 -66.9150342544077,17.9417422630153,0 -66.912522,17.947446,0 -66.90935899999999,17.94988,0 -66.90765033718149,17.9501115678348,0 -66.904585,17.950527,0 -66.89963899999999,17.948298,0 -66.88343999999999,17.952526,0 -66.87929,17.951574,0 -66.877307,17.94793,0 -66.863533,17.944667,0 -66.862545,17.952022,0 -66.85947085632191,17.9543163411309,0 -66.85647400000001,17.956553,0 -66.85221995625351,17.9549783617837,0 -66.838584,17.949931,0 -66.8224,17.954499,0 -66.80826999999999,17.965635,0 -66.787245,17.972914,0 -66.784953,17.978326,0 -66.785087,17.995859,0 -66.770307,18.005955,0 -66.76449100000001,18.006317,0 -66.7601920058076,17.9983698553574,0 -66.76000329310349,17.998021,0 -66.7598436689279,17.9977259178587,0 -66.758467,17.995181,0 -66.75625599999999,17.987012,0 -66.75133700000001,17.986817,0 -66.74624799999999,17.990349,0 -66.731118,17.991658,0 -66.71695699999999,17.990344,0 -66.71339399999999,17.987763,0 -66.709856,17.982109,0 -66.6991151168865,17.9775681152688,0 -66.672819,17.966451,0 -66.66439099999999,17.968259,0 -66.66293883835939,17.9696565459161,0 -66.657797,17.974605,0 -66.645651,17.98026,0 -66.63777296199321,17.9816888175738,0 -66.631944,17.982746,0 -66.62906054345009,17.9821463994227,0 -66.6239139497268,17.9810761906249,0 -66.623788,17.98105,0 -66.61144564659659,17.9731291221026,0 -66.605035,17.969015,0 -66.5995862318838,17.9698684338485,0 -66.594392,17.970682,0 -66.589658,17.969386,0 -66.5892355129609,17.9688496222914,0 -66.58323300000001,17.961229,0 -66.5405373162362,17.9754758878275,0 -66.510143,17.985618,0 -66.49139599999999,17.990262,0 -66.4762392615693,17.9902675474853,0 -66.461342,17.990273,0 -66.454888,17.986784,0 -66.45036759815881,17.9832256311647,0 -66.445481,17.979379,0 -66.4262994240682,17.9666719967898,0 -66.412131,17.957286,0 -66.4096909130707,17.9561088884455,0 -66.398945,17.950925,0 -66.391227,17.945819,0 -66.385059,17.939004,0 -66.371591,17.951469,0 -66.36877699999999,17.957717,0 -66.36524794445759,17.9645420149997,0 -66.365098,17.964832,0 -66.362511,17.968231,0 -66.33839,17.976458,0 -66.3381518765016,17.9764915904303,0 -66.32365900000001,17.978536,0 -66.31695000000001,17.976683,0 -66.297679,17.959148,0 -66.2965281598527,17.9570360406344,0 -66.29078199999999,17.946491,0 -66.275651,17.94826,0 -66.264331,17.944538,0 -66.257676,17.93685,0 -66.251188,17.932785,0 -66.25388100000001,17.920098,0 -66.243235,17.913769,0 -66.224401,17.912426,0 -66.2188794436979,17.9156773822481,0 -66.20943800000001,17.921237,0 -66.197068,17.930066,0 -66.1934,17.936787,0 -66.1932123046597,17.936771380364,0 -66.19089811910931,17.9365787984078,0 -66.18328200000001,17.935945,0 -66.174969,17.935733,0 -66.16757,17.933485,0 -66.158801,17.92984,0 -66.155773,17.929694,0 -66.14711200000001,17.934894,0 -66.141739,17.940775,0 -66.126259,17.947217,0 -66.114971,17.949709,0 -66.0981054971941,17.958173159702,0 -66.08141000000001,17.966552,0 -66.0699791737438,17.9663571767752,0 -66.06867800000001,17.966335,0 -66.0633743622776,17.9627368815681,0 -66.058217,17.959238,0 -66.04903299999999,17.954561,0 -66.04658499999999,17.954853,0 -66.024,17.975896,0 -66.0195388847422,17.9783538798499,0 -66.017308,17.979583,0 -66.0161646686884,17.9796973689461,0 -66.00773100000001,17.980541,0 -65.99518500000001,17.978989,0 -65.9854021975148,17.9718860900853,0 -65.98535800000001,17.971854,0 -65.98455,17.969411,0 -65.97661100000001,17.967669,0 -65.924738,17.976087,0 -65.9138448956629,17.980511219265,0 -65.90531900000001,17.983974,0 -65.89624673028931,17.9901612938484,0 -65.896102,17.99026,0 -65.8874818142616,17.9889173665025,0 -65.88493699999999,17.988521,0 -65.875122,18.002826,0 -65.870335,18.006597,0 -65.8509127553522,18.011954163499,0 -65.839591,18.015077,0 -65.832429,18.014916,0 -65.83427399999999,18.038988,0 -65.83109,18.050664,0 -65.8269015809332,18.0561116614265,0 -65.82584799999999,18.057482,0 -65.81710699999999,18.063378,0 -65.809174,18.056818,0 -65.80183100000001,18.058527,0 -65.7967110629514,18.0698415867395,0 -65.795028,18.073561,0 -65.794686,18.078607,0 -65.796289,18.079835,0 -65.796711,18.083746,0 -65.7903709167913,18.098825699138,0 -65.78125199199749,18.1205147902472,0 -65.777584,18.129239,0 -65.7681615297769,18.1461888444661,0 -65.766919,18.148424,0 -65.758728,18.156601,0 -65.74363200000001,18.163957,0 -65.738013579783,18.1719730970723,0 -65.728471,18.185588,0 -65.72439133963761,18.1873014008276,0 -65.71692299999999,18.190438,0 -65.702361,18.183807,0 -65.694515,18.187011,0 -65.690749,18.19499,0 -65.66412699999999,18.207136,0 -65.66254269745259,18.206654932174,0 -65.641749,18.200341,0 -65.634882,18.205515,0 -65.63605699999999,18.220827,0 -65.6321452176654,18.2238824266374,0 -65.62614000000001,18.228573,0 -65.62419466368139,18.2282348604246,0 -65.61155599999999,18.226038,0 -65.60335499999999,18.233792,0 -65.607992,18.249406,0 -65.632915,18.267515,0 -65.6311685362386,18.2847724527626,0 -65.6306714935298,18.2896839151463,0 -65.6267847884468,18.3280898820249,0 -65.62639900000001,18.331902,0 -65.63299549213041,18.3468015346771,0 -65.633291,18.347469,0 -65.61926800000001,18.367321,0 -65.61716800000001,18.376228,0 -65.62529000000001,18.384064,0 -65.631451299828,18.3821367833106,0 -65.6386447445511,18.3798867180465,0 -65.64336900000001,18.378409,0 -65.657125434154,18.3685924874629,0 -65.664856,18.363076,0 -65.6690799802533,18.3637031832253,0 -65.69906899999999,18.368156,0 -65.7120427536973,18.3751114136284,0 -65.71434000000001,18.376343,0 -65.72196,18.388214,0 -65.72883400000001,18.388655,0 -65.7335288815722,18.3822628984046,0 -65.73356699999999,18.382211,0 -65.742154,18.380459,0 -65.7501794863426,18.3850503787063,0 -65.750455,18.385208,0 -65.7613840351048,18.3960490471103,0 -65.77169499999999,18.406277,0 -65.769749,18.409473,0 -65.77052999999999,18.41294,0 -65.77493699999999,18.413951,0 -65.784502,18.412901,0 -65.78849599999999,18.418518,0 -65.79206000000001,18.42233,0 -65.8034110553705,18.4127965351603,0 -65.80579299999999,18.410796,0 -65.81669100000001,18.410663,0 -65.82845652722069,18.4235434074125,0 -65.83147599999999,18.426849,0 -65.838825,18.431865,0 -65.8389003238548,18.431877202472,0 -65.8488512628705,18.4334892555912,0 -65.87306967290191,18.4374126404468,0 -65.8782249699531,18.4382477990864,0 -65.878683,18.438322,0 -65.904988,18.450926,0 -65.90775600000001,18.446893,0 -65.916843,18.444619,0 -65.92567,18.444881,0 -65.95849200000001,18.451354,0 -65.99079,18.460419,0 -65.992349,18.460024,0 -65.9928187600341,18.4579918469517,0 -65.992935,18.457489,0 -65.9939104016234,18.4557440765776,0 -65.99718,18.449895,0 -66.006523,18.444347,0 -66.0158952053813,18.4440820771985,0 -66.02322100000001,18.443875,0 -66.0247248667803,18.4445823953611,0 -66.0252776238069,18.4448424036023,0 -66.0347637574725,18.4493045321886,0 -66.036491,18.450117,0 -66.0365586548931,18.4502161996465,0 -66.03944,18.454441,0 -66.043272,18.453655,0 -66.051824222435,18.4548926568036,0 -66.0595910421558,18.4560166520392,0 -66.0689322933561,18.4573684951642,0 -66.073987,18.4581,0 -66.083254,18.462022,0 -66.08347444447629,18.4621344904932,0 -66.0876391465076,18.4642596940512,0 -66.09209799999999,18.466535,0 -66.0925795389339,18.4665997725419,0 -66.10673793107181,18.4685042396238,0 -66.1131155565942,18.4693621038325,0 -66.116542,18.469823,0 -66.1184541196676,18.4703002703045,0 -66.124723,18.471865,0 -66.12925187377949,18.4725585650613,0 -66.137959,18.473892,0 -66.142225,18.464274,0 -66.153037,18.454457,0 -66.1540415964364,18.4543280323685,0 -66.161216,18.453407,0 -66.16260808881179,18.4540644359437,0 -66.1715945567595,18.4583084374655,0 -66.172051,18.458524,0 -66.17899871255381,18.4619510761674,0 -66.182076,18.463469,0 -66.18230051603,18.4637716568867,0 -66.186722,18.469732,0 -66.19391899999999,18.467251,0 -66.19893032117059,18.4666578253662,0 -66.20339800000001,18.466129,0 -66.22014799999999,18.466,0 -66.24179700000001,18.46874,0 -66.251547,18.472464,0 -66.258015,18.476906,0 -66.2671640726779,18.4795263428622,0 -66.26979900000001,18.480281,0 -66.276599,18.478129,0 -66.2825638779963,18.4731335411241,0 -66.283675,18.472203,0 -66.291225,18.472347,0 -66.3150303365293,18.4746802213809,0 -66.315477,18.474724,0 -66.32163851587261,18.4777412071794,0 -66.337728,18.48562,0 -66.34296200645061,18.4859341119795,0 -66.3440995666445,18.4860023811511,0 -66.34964720396469,18.4863353152727,0 -66.37282,18.487726,0 -66.377286,18.488044,0 -66.3784808271801,18.4881637568093,0 -66.39428700000001,18.489748,0 -66.39939003395899,18.4897918574258,0 -66.41034399999999,18.489886,0 -66.4172581728247,18.4890708375236,0 -66.42092100000001,18.488639,0 -66.4388131518907,18.4857127310406,0 -66.439961,18.485525,0 -66.441852,18.479751,0 -66.449184,18.470991,0 -66.456486,18.46892,0 -66.470292,18.46907,0 -66.4844697124459,18.471738980018,0 -66.4913634782063,18.4730367438945,0 -66.51160900000001,18.476848,0 -66.529476,18.482877,0 -66.53348714903071,18.4816625879892,0 -66.53484,18.481253,0 -66.558503,18.489987,0 -66.563485,18.490512,0 -66.562916,18.48845,0 -66.565241,18.485523,0 -66.584074,18.484287,0 -66.5867777514421,18.4849480000073,0 -66.624618,18.494199,0 -66.645839,18.488777,0 -66.66436400000001,18.487809,0 -66.67987599999999,18.484944,0 -66.683719,18.481367,0 -66.695712875646,18.4774808848743,0 -66.6976001971082,18.4768693770767,0 -66.71053255841601,18.4726791848175,0 -66.71074299999999,18.472611,0 -66.7193600380282,18.4729246434269,0 -66.733986,18.473457,0 -66.74206700000001,18.474681,0 -66.7438293004851,18.475173099389,0 -66.749301,18.476701,0 -66.7648930382495,18.4840972877346,0 -66.780311,18.491411,0 -66.79931999999999,18.492775,0 -66.81103330878391,18.4911820896401,0 -66.8366347465608,18.4877005118712,0 -66.83694,18.487659,0 -66.849673,18.490745,0 -66.8580548913848,18.4907639282253,0 -66.867386,18.490785,0 -66.9014297420055,18.4845523552409,0 -66.90687200000001,18.483556,0 -66.944636,18.491693,0 -66.9575168451,18.4891713166499,0 -66.957733,18.489129,0 -66.95954,18.489878,0 -66.988958,18.497724,0 -67.01611089266341,18.5088901697622,0 -67.020276,18.510603,0 -67.02358250325899,18.51075164529,0 -67.05293229132219,18.5120710777591,0 -67.07929,18.513256,0 -67.09375199999999,18.515757,0 -67.10346752648189,18.514523335524,0 -67.1124392187193,18.5133841221192,0 -67.12565499999999,18.511706,0 -67.138249,18.507776,0 -67.14283,18.505485,0 -67.14742981975149,18.5015811743697,0 -67.16414399999999,18.487396,0 -67.169016,18.478488,0 -67.169011,18.466352,0 -67.16410793528949,18.4576526876644,0 -67.16174599999999,18.453462,0 -67.1577506345114,18.4426300163271,0 -67.15661900000001,18.439562,0 -67.155792313769,18.4304401732545,0 -67.15524499999999,18.424401,0 -67.156599,18.418983,0 -67.15960800000001,18.415915,0 -67.1601443257786,18.41558726146,0 -67.1766595143078,18.4054951420944,0 -67.19888690254371,18.3919124055205,0 -67.202167,18.389908,0 -67.2134497300255,18.3839513028049,0 -67.216998,18.382078,0 -67.226744,18.378247,0 -67.2390900722489,18.375317596233,0 -67.260671,18.370197,0 -67.268259,18.366989,0 
							</coordinates>
						</LinearRing>
					</outerBoundaryIs>
				</Polygon>
				<Polygon>
					<tessellate>1</tessellate>
					<outerBoundaryIs>
						<LinearRing>
							<coordinates>
								-67.4914801623397,18.3902977272081,0 -67.493531,18.388784,0 -67.49115500000001,18.376379,0 -67.475705,18.37074,0 -67.46619800000001,18.379763,0 -67.47332900000001,18.392168,0 -67.4752760365411,18.3930916493952,0 -67.48283600000001,18.396678,0 -67.4914801623397,18.3902977272081,0 
							</coordinates>
						</LinearRing>
					</outerBoundaryIs>
				</Polygon>
				<Polygon>
					<tessellate>1</tessellate>
					<outerBoundaryIs>
						<LinearRing>
							<coordinates>
								-67.934479,18.111306,0 -67.940799,18.079716,0 -67.927841,18.068572,0 -67.918778,18.063116,0 -67.904431,18.05913,0 -67.895921,18.052342,0 -67.87146199999999,18.0578,0 -67.86559800000001,18.06544,0 -67.853098,18.078195,0 -67.845293,18.081938,0 -67.843615,18.085099,0 -67.84320200000001,18.094858,0 -67.84824500000001,18.10832,0 -67.861548,18.122144,0 -67.869804,18.118851,0 -67.87643,18.114157,0 -67.88709900000001,18.112574,0 -67.89174,18.11397,0 -67.91088000000001,18.119668,0 -67.932185,18.113221,0 -67.934479,18.111306,0 
							</coordinates>
						</LinearRing>
					</outerBoundaryIs>
				</Polygon>
				<Polygon>
					<tessellate>1</tessellate>
					<outerBoundaryIs>
						<LinearRing>
							<coordinates>
								-68.376591,44.113762,0 -68.376593,44.112207,0 -68.36517600000001,44.101464,0 -68.33801200000001,44.101473,0 -68.33103199999999,44.10758,0 -68.330716,44.110598,0 -68.34672399999999,44.127749,0 -68.35301,44.127884,0 -68.35838800000001,44.125082,0 -68.365514,44.124079,0 -68.375382,44.11646,0 -68.376591,44.113762,0 
							</coordinates>
						</LinearRing>
					</outerBoundaryIs>
				</Polygon>
				<Polygon>
					<tessellate>1</tessellate>
					<outerBoundaryIs>
						<LinearRing>
							<coordinates>
								-68.377381,44.186137,0 -68.37379900000001,44.181045,0 -68.347416,44.169459,0 -68.339029,44.171839,0 -68.332182,44.188128,0 -68.32010099999999,44.199888,0 -68.32423,44.205732,0 -68.33322699999999,44.207308,0 -68.355279,44.199096,0 -68.364469,44.197534,0 -68.377381,44.186137,0 
							</coordinates>
						</LinearRing>
					</outerBoundaryIs>
				</Polygon>
				<Polygon>
					<tessellate>1</tessellate>
					<outerBoundaryIs>
						<LinearRing>
							<coordinates>
								-68.500817,44.160026,0 -68.50209599999999,44.152388,0 -68.496639,44.146855,0 -68.484696,44.146495,0 -68.479934,44.1478,0 -68.456813,44.145268,0 -68.44750500000001,44.133493,0 -68.448646,44.125581,0 -68.438518,44.11618,0 -68.42753399999999,44.119266,0 -68.39663400000001,44.14069,0 -68.38490299999999,44.154955,0 -68.408207,44.176298,0 -68.416434,44.187047,0 -68.424441,44.190753,0 -68.45384300000001,44.201683,0 -68.467645,44.224693,0 -68.47596299999999,44.231165,0 -68.483569,44.224522,0 -68.486118,44.213428,0 -68.4907,44.202717,0 -68.49551099999999,44.162429,0 -68.500817,44.160026,0 
							</coordinates>
						</LinearRing>
					</outerBoundaryIs>
				</Polygon>
				<Polygon>
					<tessellate>1</tessellate>
					<outerBoundaryIs>
						<LinearRing>
							<coordinates>
								-68.518703,44.113222,0 -68.51706,44.10341,0 -68.502942,44.099722,0 -68.49152100000001,44.109833,0 -68.492892,44.116921,0 -68.499465,44.12419,0 -68.506979,44.127237,0 -68.51126600000001,44.125082,0 -68.518703,44.113222,0 
							</coordinates>
						</LinearRing>
					</outerBoundaryIs>
				</Polygon>
				<Polygon>
					<tessellate>1</tessellate>
					<outerBoundaryIs>
						<LinearRing>
							<coordinates>
								-68.52863499999999,44.344605,0 -68.530394,44.333583,0 -68.515173,44.324797,0 -68.48964100000001,44.313705,0 -68.478785,44.319563,0 -68.498637,44.369686,0 -68.501364,44.382281,0 -68.50766,44.385219,0 -68.512697,44.384799,0 -68.518573,44.381022,0 -68.52193,44.367591,0 -68.52067099999999,44.358357,0 -68.52863499999999,44.344605,0 
							</coordinates>
						</LinearRing>
					</outerBoundaryIs>
				</Polygon>
				<Polygon>
					<tessellate>1</tessellate>
					<outerBoundaryIs>
						<LinearRing>
							<coordinates>
								-68.839422,44.236547,0 -68.83784900000001,44.227112,0 -68.829593,44.21689,0 -68.822909,44.216496,0 -68.815439,44.214137,0 -68.80914900000001,44.212565,0 -68.80128499999999,44.208633,0 -68.789884,44.203915,0 -68.780055,44.203129,0 -68.769047,44.213351,0 -68.76983300000001,44.222787,0 -68.79213900000001,44.237819,0 -68.825631,44.242556,0 -68.82762700000001,44.242838,0 -68.833524,44.240872,0 -68.839422,44.236547,0 
							</coordinates>
						</LinearRing>
					</outerBoundaryIs>
				</Polygon>
				<Polygon>
					<tessellate>1</tessellate>
					<outerBoundaryIs>
						<LinearRing>
							<coordinates>
								-68.90200400000001,43.87333,0 -68.908185,43.852434,0 -68.90079,43.837747,0 -68.900144,43.822629,0 -68.88472299999999,43.820187,0 -68.876447,43.825203,0 -68.874889,43.842182,0 -68.87685270677569,43.8533330084238,0 -68.88005,43.871489,0 -68.88982799999999,43.876587,0 -68.90200400000001,43.87333,0 
							</coordinates>
						</LinearRing>
					</outerBoundaryIs>
				</Polygon>
				<Polygon>
					<tessellate>1</tessellate>
					<outerBoundaryIs>
						<LinearRing>
							<coordinates>
								-68.944597,44.11284,0 -68.943105,44.10973,0 -68.908984,44.110001,0 -68.90781200000001,44.105518,0 -68.91340599999999,44.08519,0 -68.905098,44.077344,0 -68.899997,44.06696,0 -68.908541,44.058051,0 -68.918048,44.045752,0 -68.889717,44.032516,0 -68.874139,44.025359,0 -68.86284499999999,44.025037,0 -68.8498493629548,44.0277136173914,0 -68.82846499999999,44.032118,0 -68.81844100000001,44.032046,0 -68.807315,44.035796,0 -68.790595,44.053832,0 -68.785601,44.053503,0 -68.77965,44.057754,0 -68.77029,44.069566,0 -68.772639,44.078439,0 -68.781772,44.084274,0 -68.790525,44.09292,0 -68.806832,44.116339,0 -68.815562,44.115836,0 -68.81953,44.122056,0 -68.820515,44.130198,0 -68.819659,44.135434,0 -68.818039,44.136852,0 -68.802162,44.137857,0 -68.79206499999999,44.136759,0 -68.780693,44.143274,0 -68.782375,44.14531,0 -68.786886,44.143961,0 -68.792221,44.145998,0 -68.80824,44.161298,0 -68.818423,44.160978,0 -68.82284,44.173693,0 -68.82220599999999,44.178815,0 -68.81915600000001,44.180462,0 -68.825067,44.186338,0 -68.84724900000001,44.183017,0 -68.87868,44.166612,0 -68.888597,44.15955,0 -68.917286,44.148239,0 -68.935327,44.13038,0 -68.944597,44.11284,0 
							</coordinates>
						</LinearRing>
					</outerBoundaryIs>
				</Polygon>
				<Polygon>
					<tessellate>1</tessellate>
					<outerBoundaryIs>
						<LinearRing>
							<coordinates>
								-68.967074,44.251968,0 -68.965896,44.249754,0 -68.959468,44.247439,0 -68.955332,44.243873,0 -68.95311,44.225149,0 -68.941136,44.222192,0 -68.92648,44.233035,0 -68.916872,44.242866,0 -68.90425500000001,44.279889,0 -68.899445,44.283775,0 -68.88746,44.303094,0 -68.896587,44.321986,0 -68.89285,44.334653,0 -68.888706,44.338196,0 -68.883065,44.338193,0 -68.87169,44.344662,0 -68.864338,44.355002,0 -68.860649,44.364425,0 -68.868444,44.38144,0 -68.87894,44.386584,0 -68.90353,44.378613,0 -68.91163400000001,44.365027,0 -68.919325,44.335392,0 -68.919301,44.309872,0 -68.942826,44.281073,0 -68.953686,44.272346,0 -68.965264,44.259332,0 -68.967074,44.251968,0 
							</coordinates>
						</LinearRing>
					</outerBoundaryIs>
				</Polygon>
				<Polygon>
					<tessellate>1</tessellate>
					<outerBoundaryIs>
						<LinearRing>
							<coordinates>
								-69.326982,43.767032,0 -69.32794699999999,43.757242,0 -69.31314399999999,43.753347,0 -69.30037900000001,43.760748,0 -69.296738,43.771841,0 -69.30326759305849,43.7755222960865,0 -69.306066,43.7771,0 -69.315681,43.776702,0 -69.326982,43.767032,0 
							</coordinates>
						</LinearRing>
					</outerBoundaryIs>
				</Polygon>
				<Polygon>
					<tessellate>1</tessellate>
					<outerBoundaryIs>
						<LinearRing>
							<coordinates>
								-70.270725,41.308932,0 -70.271872,41.301472,0 -70.25471899999999,41.288673,0 -70.222795,41.277213,0 -70.166206,41.256365,0 -70.16284114157919,41.2553730331971,0 -70.118669,41.242351,0 -70.1024469487634,41.2412290159015,0 -70.09696700000001,41.24085,0 -70.08323900000001,41.2444,0 -70.052807,41.242685,0 -70.0372340248704,41.2407287439309,0 -70.015225,41.237964,0 -70.001586,41.239353,0 -69.97499999999999,41.247392,0 -69.96572500000001,41.252466,0 -69.96018100000001,41.264546,0 -69.960277,41.278731,0 -70.009923,41.35399,0 -70.02326600000001,41.378624,0 -70.034342,41.379983,0 -70.03559414899441,41.3781846844058,0 -70.03918400000001,41.373029,0 -70.029223,41.35166,0 -70.03009792244821,41.3465457069979,0 -70.03133200000001,41.339332,0 -70.046088,41.321651,0 -70.06256500000001,41.308726,0 -70.082072,41.299093,0 -70.0946319847246,41.2975397434197,0 -70.12285796223991,41.2940491193248,0 -70.12446,41.293851,0 -70.196304,41.294612,0 -70.2098195312589,41.2930023429065,0 -70.220973,41.291674,0 -70.2402128046521,41.3006091401216,0 -70.260632,41.310092,0 -70.270725,41.308932,0 
							</coordinates>
						</LinearRing>
					</outerBoundaryIs>
				</Polygon>
				<Polygon>
					<tessellate>1</tessellate>
					<outerBoundaryIs>
						<LinearRing>
							<coordinates>
								-70.826503,41.259594,0 -70.83233300000001,41.258362,0 -70.82128400000001,41.251014,0 -70.81222200000001,41.249408,0 -70.804236,41.249458,0 -70.80156100000001,41.25841,0 -70.80647999999999,41.262075,0 -70.811965,41.264839,0 -70.817263,41.261639,0 -70.826503,41.259594,0 
							</coordinates>
						</LinearRing>
					</outerBoundaryIs>
				</Polygon>
				<Polygon>
					<tessellate>1</tessellate>
					<outerBoundaryIs>
						<LinearRing>
							<coordinates>
								-70.83380200000001,41.353386,0 -70.83877699999999,41.347209,0 -70.81941500000001,41.327212,0 -70.802083,41.314207,0 -70.775665,41.300982,0 -70.768687,41.303702,0 -70.766166,41.308962,0 -70.76801500000001,41.311959,0 -70.764188,41.318706,0 -70.747541,41.329952,0 -70.733253,41.336226,0 -70.70982600000001,41.341723,0 -70.6067468052259,41.3487542810394,0 -70.59915700000001,41.349272,0 -70.53829399999999,41.348958,0 -70.496162,41.346452,0 -70.45108399999999,41.348161,0 -70.448262,41.353651,0 -70.449268,41.380422,0 -70.44623300000001,41.39648,0 -70.45043099999999,41.420703,0 -70.46383299999999,41.419145,0 -70.470788,41.412875,0 -70.473035,41.408757,0 -70.472604,41.399128,0 -70.484503,41.38629,0 -70.490758,41.383634,0 -70.498959,41.384339,0 -70.501306,41.385391,0 -70.50237199999999,41.392005,0 -70.506984,41.400242,0 -70.517584,41.403769,0 -70.528581,41.4051,0 -70.538301,41.409241,0 -70.547567,41.415831,0 -70.5482073256813,41.4167715109166,0 -70.553096,41.423952,0 -70.555588,41.430882,0 -70.552943,41.443394,0 -70.55327699999999,41.452955,0 -70.56328000000001,41.469127,0 -70.567356,41.471208,0 -70.57485,41.468259,0 -70.5860454718038,41.4701637452262,0 -70.59627999999999,41.471905,0 -70.598444,41.481151,0 -70.603555,41.482384,0 -70.64933000000001,41.461068,0 -70.6540838840378,41.4585697137333,0 -70.686881,41.441334,0 -70.70137800000001,41.430925,0 -70.711493,41.41546,0 -70.71243200000001,41.40885,0 -70.724366,41.398942,0 -70.729225,41.397728,0 -70.768901,41.353246,0 -70.774974,41.349176,0 -70.78329100000001,41.347829,0 -70.80028900000001,41.3538,0 -70.812309,41.355745,0 -70.83380200000001,41.353386,0 
							</coordinates>
						</LinearRing>
					</outerBoundaryIs>
				</Polygon>
				<Polygon>
					<tessellate>1</tessellate>
					<outerBoundaryIs>
						<LinearRing>
							<coordinates>
								-71.366165,41.66098,0 -71.362869,41.651457,0 -71.351294,41.635785,0 -71.34657,41.632229,0 -71.333305,41.629536,0 -71.32587700000001,41.623988,0 -71.326609,41.616114,0 -71.329559,41.609097,0 -71.33375100000001,41.605859,0 -71.337048,41.594688,0 -71.335949,41.585898,0 -71.3312,41.580318,0 -71.326103,41.578583,0 -71.317474,41.583187,0 -71.30738100000001,41.597984,0 -71.303352,41.606591,0 -71.30555,41.622523,0 -71.31488899999999,41.630398,0 -71.3241767749834,41.6349487921163,0 -71.326412,41.636044,0 -71.332448,41.643789,0 -71.33618199999999,41.647961,0 -71.338696,41.658782,0 -71.344821,41.667005,0 -71.366165,41.66098,0 
							</coordinates>
						</LinearRing>
					</outerBoundaryIs>
				</Polygon>
				<Polygon>
					<tessellate>1</tessellate>
					<outerBoundaryIs>
						<LinearRing>
							<coordinates>
								-71.40056,41.46094,0 -71.399568,41.448596,0 -71.390275,41.455043,0 -71.389284,41.460605,0 -71.38358599999999,41.464782,0 -71.38094700000001,41.474561,0 -71.36040300000001,41.483121,0 -71.36219270447729,41.4947866022885,0 -71.363292,41.501952,0 -71.35986800000001,41.556308,0 -71.36356000000001,41.57086,0 -71.370194,41.573963,0 -71.37361799999999,41.573214,0 -71.37902099999999,41.567772,0 -71.384478,41.556736,0 -71.39213700000001,41.524468,0 -71.39100500000001,41.514578,0 -71.37891399999999,41.504948,0 -71.386511,41.493071,0 -71.395927,41.492215,0 -71.40056,41.46094,0 
							</coordinates>
						</LinearRing>
					</outerBoundaryIs>
				</Polygon>
				<Polygon>
					<tessellate>1</tessellate>
					<outerBoundaryIs>
						<LinearRing>
							<coordinates>
								-71.613133,41.160281,0 -71.611706,41.153239,0 -71.599993,41.146932,0 -71.5937,41.146339,0 -71.551953,41.151718,0 -71.54561200000001,41.15693,0 -71.545995,41.163887,0 -71.562275,41.176172,0 -71.56657199999999,41.184746,0 -71.56411900000001,41.195372,0 -71.55745899999999,41.204542,0 -71.554067,41.212957,0 -71.55500600000001,41.216822,0 -71.561093,41.224207,0 -71.56923399999999,41.226381,0 -71.576661,41.224434,0 -71.57730100000001,41.21471,0 -71.58022800000001,41.204837,0 -71.58955,41.196557,0 -71.594994,41.188392,0 -71.605565,41.182139,0 -71.613133,41.160281,0 
							</coordinates>
						</LinearRing>
					</outerBoundaryIs>
				</Polygon>
				<Polygon>
					<tessellate>1</tessellate>
					<outerBoundaryIs>
						<LinearRing>
							<coordinates>
								-72.037994,41.253509,0 -72.034903,41.248862,0 -72.002461,41.252867,0 -71.99471699999999,41.256451,0 -71.978926,41.265002,0 -71.963167,41.271973,0 -71.944327,41.276285,0 -71.932748,41.279553,0 -71.925194,41.287327,0 -71.93307299999999,41.292387,0 -71.950641,41.288476,0 -71.97783800000001,41.283669,0 -71.991117,41.281331,0 -72.000906,41.270506,0 -72.01892599999999,41.274114,0 -72.023422,41.270994,0 -72.029438,41.26309,0 -72.037994,41.253509,0 
							</coordinates>
						</LinearRing>
					</outerBoundaryIs>
				</Polygon>
				<Polygon>
					<tessellate>1</tessellate>
					<outerBoundaryIs>
						<LinearRing>
							<coordinates>
								-72.142929,41.097811,0 -72.141921,41.094371,0 -72.139233,41.092451,0 -72.12056,41.093171,0 -72.108807,41.088254,0 -72.105559,41.085855,0 -72.099543,41.075215,0 -72.09960700000001,41.054255,0 -72.09571099999999,41.05402,0 -72.083736,41.060061,0 -72.077928,41.095708,0 -72.08420700000001,41.101524,0 -72.126704,41.115139,0 -72.12835200000001,41.108131,0 -72.13222500000001,41.104387,0 -72.140737,41.100835,0 -72.142929,41.097811,0 
							</coordinates>
						</LinearRing>
					</outerBoundaryIs>
				</Polygon>
				<Polygon>
					<tessellate>1</tessellate>
					<outerBoundaryIs>
						<LinearRing>
							<coordinates>
								-72.21411999999999,41.182817,0 -72.216497,41.170294,0 -72.199859,41.160453,0 -72.18797499999999,41.1694,0 -72.182033,41.178345,0 -72.161034,41.188671,0 -72.158265,41.197126,0 -72.18916299999999,41.193549,0 -72.2028304540362,41.1876717264208,0 -72.21411999999999,41.182817,0 
							</coordinates>
						</LinearRing>
					</outerBoundaryIs>
				</Polygon>
				<Polygon>
					<tessellate>1</tessellate>
					<outerBoundaryIs>
						<LinearRing>
							<coordinates>
								-75.72680699999999,35.935844,0 -75.727251,35.93362,0 -75.723782,35.925569,0 -75.70216499999999,35.915428,0 -75.696871,35.909556,0 -75.697672,35.901639,0 -75.681415,35.88398,0 -75.6758976149041,35.8829793513577,0 -75.67283,35.882423,0 -75.66335599999999,35.869835,0 -75.66059799999999,35.862541,0 -75.66008600000001,35.83861,0 -75.675054,35.830204,0 -75.667891,35.82354,0 -75.63898,35.818639,0 -75.624235,35.809387,0 -75.620454,35.809253,0 -75.614361,35.815659,0 -75.619772,35.847606,0 -75.616833,35.856331,0 -75.636545,35.885603,0 -75.64307833788889,35.8929658823559,0 -75.65347800000001,35.904686,0 -75.662019,35.906522,0 -75.662938,35.916166,0 -75.65954000000001,35.919564,0 -75.675245,35.929024,0 -75.686358,35.932973,0 -75.69114999999999,35.936932,0 -75.70532300000001,35.939403,0 -75.718266,35.939714,0 -75.72680699999999,35.935844,0 
							</coordinates>
						</LinearRing>
					</outerBoundaryIs>
				</Polygon>
				<Polygon>
					<tessellate>1</tessellate>
					<outerBoundaryIs>
						<LinearRing>
							<coordinates>
								-75.999658,37.848198,0 -76.001116,37.834947,0 -75.9983,37.812626,0 -75.987301,37.804917,0 -75.982158,37.806226,0 -75.977301,37.825821,0 -75.971705,37.830928,0 -75.973607,37.835817,0 -75.98209799999999,37.837253,0 -75.988018,37.841085,0 -75.99255599999999,37.848889,0 -75.996859,37.85042,0 -75.999658,37.848198,0 
							</coordinates>
						</LinearRing>
					</outerBoundaryIs>
				</Polygon>
				<Polygon>
					<tessellate>1</tessellate>
					<outerBoundaryIs>
						<LinearRing>
							<coordinates>
								-76.013561,35.068832,0 -76.014954,35.065349,0 -76.01314499999999,35.061855,0 -76.00151,35.06723,0 -75.999621,35.068672966467,0 -75.982812,35.081513,0 -75.963768,35.092395,0 -75.94472500000001,35.105091,0 -75.91298500000001,35.1196,0 -75.84043800000001,35.15134,0 -75.789655,35.172197,0 -75.769705,35.180359,0 -75.75791599999999,35.183079,0 -75.7494063207706,35.1852064931186,0 -75.728897,35.190334,0 -75.672673,35.208471,0 -75.635493,35.22026,0 -75.610101,35.227514,0 -75.58017599999999,35.231142,0 -75.560225,35.232048,0 -75.544809,35.228421,0 -75.533627,35.225825,0 -75.532802583379,35.2266822563645,0 -75.52592,35.233839,0 -75.5183005560615,35.2615058777396,0 -75.502188,35.320012,0 -75.486771,35.391652,0 -75.471355,35.479615,0 -75.462491,35.553556,0 -75.46242407009311,35.5543205433561,0 -75.460061,35.581314,0 -75.458659,35.596597,0 -75.479128,35.678634,0 -75.49608600000001,35.728515,0 -75.502427,35.742913,0 -75.51900999999999,35.769087,0 -75.52344600000001,35.773568,0 -75.52891200000001,35.771447,0 -75.517504,35.735956,0 -75.5173644666172,35.7348228366265,0 -75.515745,35.721671,0 -75.507385,35.680564,0 -75.5068437057963,35.6796763645107,0 -75.50484709068169,35.6764022366483,0 -75.49867500000001,35.666281,0 -75.48942599999999,35.642699,0 -75.48388300000001,35.62121,0 -75.47861,35.599318,0 -75.47861,35.5657944689441,0 -75.47861,35.553069,0 -75.482237,35.53856,0 -75.487528,35.525889,0 -75.48961799999999,35.508471,0 -75.488585,35.497752,0 -75.487678,35.485056,0 -75.489369528289,35.4778674127903,0 -75.494933,35.454224,0 -75.50037399999999,35.424298,0 -75.506722,35.387118,0 -75.5117068029769,35.3671787880924,0 -75.5209706963462,35.3301232146151,0 -75.52395199999999,35.318198,0 -75.529393,35.288272,0 -75.5346957727873,35.2753943148566,0 -75.535741,35.272856,0 -75.56103299999999,35.266008,0 -75.581935,35.263917,0 -75.585419,35.266356,0 -75.596915,35.269491,0 -75.59796,35.266704,0 -75.59831200000001,35.261067,0 -75.59900500000001,35.256253,0 -75.61537800000001,35.248938,0 -75.630358,35.238487,0 -75.640934,35.233862,0 -75.664512,35.227514,0 -75.675394,35.228421,0 -75.681916,35.232913,0 -75.684006,35.232913,0 -75.68749,35.231171,0 -75.69443699999999,35.22298,0 -75.698972,35.221166,0 -75.70894699999999,35.213912,0 -75.71801499999999,35.209377,0 -75.734171,35.204347,0 -75.74522,35.20303,0 -75.7537651648491,35.1996115571648,0 -75.754289,35.199402,0 -75.785729,35.194244,0 -75.793283,35.18852,0 -75.801444,35.183079,0 -75.81290199999999,35.178568,0 -75.81907606592679,35.1768526534538,0 -75.81917199999999,35.176826,0 -75.83953099999999,35.172197,0 -75.893942,35.150433,0 -75.910265,35.142271,0 -75.923867,35.135017,0 -75.9259940058967,35.1339534625593,0 -75.9547,35.1196,0 -75.966489,35.117787,0 -75.973499,35.121087,0 -75.98394999999999,35.120042,0 -75.989175,35.115165,0 -75.99056899999999,35.108546,0 -75.989175,35.100882,0 -75.99187999999999,35.092395,0 -76.00094900000001,35.084234,0 -76.013561,35.068832,0 
							</coordinates>
						</LinearRing>
					</outerBoundaryIs>
				</Polygon>
				<Polygon>
					<tessellate>1</tessellate>
					<outerBoundaryIs>
						<LinearRing>
							<coordinates>
								-76.04861699999999,38.014843,0 -76.04960800000001,37.983628,0 -76.04653,37.953586,0 -76.03632,37.927652,0 -76.028235,37.923965,0 -76.019839,37.927479,0 -76.011849,37.940603,0 -75.997349,37.946302,0 -75.993905,37.953489,0 -75.99009,37.960633,0 -75.993799,37.976433,0 -75.983059,37.989159,0 -75.981926,38.005123,0 -75.987883,38.022598,0 -76.003002,38.026062,0 -76.009581,38.038681,0 -76.020827,38.039124,0 -76.04335,38.029938,0 -76.04861699999999,38.014843,0 
							</coordinates>
						</LinearRing>
					</outerBoundaryIs>
				</Polygon>
				<Polygon>
					<tessellate>1</tessellate>
					<outerBoundaryIs>
						<LinearRing>
							<coordinates>
								-76.09554799999999,38.125123,0 -76.090872,38.11446,0 -76.085947,38.116658,0 -76.085311,38.118561,0 -76.06100000000001,38.127002,0 -76.056811,38.125123,0 -76.0483727775301,38.1205503002675,0 -76.043423,38.117868,0 -76.03962,38.11199,0 -76.04208300000001,38.109862,0 -76.050156,38.107758,0 -76.059304,38.095751,0 -76.036676,38.076509,0 -76.02330000000001,38.07076,0 -76.011544,38.072312,0 -76.005904,38.07717,0 -76.008168,38.095385,0 -76.02137,38.107934,0 -76.02049599999999,38.117044,0 -76.011916,38.122214,0 -76.01248699999999,38.131731,0 -76.01779000000001,38.131367,0 -76.022515,38.133453,0 -76.0314419397404,38.1476122164064,0 -76.031868,38.148288,0 -76.034038,38.157902,0 -76.032816,38.169141,0 -76.021941,38.171976,0 -76.02217,38.177882,0 -76.04878600000001,38.203731,0 -76.07147000000001,38.203502,0 -76.088639,38.192649,0 -76.09233399999999,38.151355,0 -76.089017,38.141033,0 -76.090649,38.131185,0 -76.09554799999999,38.125123,0 
							</coordinates>
						</LinearRing>
					</outerBoundaryIs>
				</Polygon>
				<Polygon>
					<tessellate>1</tessellate>
					<outerBoundaryIs>
						<LinearRing>
							<coordinates>
								-76.346598,43.894574,0 -76.35162200000001,43.882157,0 -76.34233,43.878114,0 -76.32762700000001,43.881779,0 -76.3195604913839,43.8898748602099,0 -76.299595,43.909913,0 -76.3013,43.917751,0 -76.31183900000001,43.918036,0 -76.346598,43.894574,0 
							</coordinates>
						</LinearRing>
					</outerBoundaryIs>
				</Polygon>
				<Polygon>
					<tessellate>1</tessellate>
					<outerBoundaryIs>
						<LinearRing>
							<coordinates>
								-76.392461,38.772452,0 -76.39035,38.757004,0 -76.381249,38.743797,0 -76.36993099999999,38.743617,0 -76.362448,38.749783,0 -76.370836,38.765642,0 -76.36809599999999,38.779841,0 -76.37857700000001,38.783702,0 -76.392461,38.772452,0 
							</coordinates>
						</LinearRing>
					</outerBoundaryIs>
				</Polygon>
				<Polygon>
					<tessellate>1</tessellate>
					<outerBoundaryIs>
						<LinearRing>
							<coordinates>
								-76.44501099999999,43.896897,0 -76.445083,43.88785,0 -76.434956,43.886545,0 -76.4277652927439,43.889893,0 -76.388603,43.908127,0 -76.385932,43.919651,0 -76.400885,43.923041,0 -76.44501099999999,43.896897,0 
							</coordinates>
						</LinearRing>
					</outerBoundaryIs>
				</Polygon>
				<Polygon>
					<tessellate>1</tessellate>
					<outerBoundaryIs>
						<LinearRing>
							<coordinates>
								-80.74308600000001,24.863533,0 -80.745485,24.854574,0 -80.73658500000001,24.848156,0 -80.706874,24.864332,0 -80.688596,24.881245,0 -80.69134,24.905135,0 -80.698471,24.909273,0 -80.70526099999999,24.906491,0 -80.713752,24.882444,0 -80.74308600000001,24.863533,0 
							</coordinates>
						</LinearRing>
					</outerBoundaryIs>
				</Polygon>
				<Polygon>
					<tessellate>1</tessellate>
					<outerBoundaryIs>
						<LinearRing>
							<coordinates>
								-80.85060900000001,24.813522,0 -80.85033799999999,24.8026,0 -80.844307,24.800798,0 -80.824518,24.809111,0 -80.794702,24.81221,0 -80.787475,24.821719,0 -80.78217600000001,24.837639,0 -80.791594,24.843606,0 -80.813694,24.83719,0 -80.85060900000001,24.813522,0 
							</coordinates>
						</LinearRing>
					</outerBoundaryIs>
				</Polygon>
				<Polygon>
					<tessellate>1</tessellate>
					<outerBoundaryIs>
						<LinearRing>
							<coordinates>
								-81.113979,24.711163,0 -81.119417,24.699337,0 -81.10884799999999,24.689246,0 -81.0876269518986,24.6925191174691,0 -81.08047000000001,24.693623,0 -81.076887,24.704637,0 -81.0645682815405,24.7074420941344,0 -81.0350102953431,24.7141727401816,0 -81.02458799999999,24.716546,0 -80.9694978348859,24.7447494680372,0 -80.952837,24.753279,0 -80.9068,24.767836,0 -80.904945,24.779019,0 -80.91477399999999,24.783074,0 -80.960325,24.768504,0 -80.9761856378091,24.76288787931781,0 -81.025102,24.745567,0 -81.0682408480334,24.7266873014997,0 -81.0824354950619,24.7204750202629,0 -81.084019,24.719782,0 -81.113979,24.711163,0 
							</coordinates>
						</LinearRing>
					</outerBoundaryIs>
				</Polygon>
				<Polygon>
					<tessellate>1</tessellate>
					<outerBoundaryIs>
						<LinearRing>
							<coordinates>
								-81.81214754460569,24.5614311014703,0 -81.81289599999999,24.549388,0 -81.805013,24.543978,0 -81.79731148282301,24.5456403634613,0 -81.7938350483228,24.5463907477759,0 -81.7852721668049,24.5482390357212,0 -81.77521900000001,24.550409,0 -81.77341623819861,24.5505746378569,0 -81.7632358247813,24.551510014821,0 -81.74621933198461,24.5530734911474,0 -81.7225793204009,24.555245536757,0 -81.685243,24.558676,0 -81.665142,24.573258,0 -81.644131,24.574917,0 -81.6346127667547,24.5780606501945,0 -81.611852,24.585578,0 -81.559184,24.609571,0 -81.517404,24.621239,0 -81.508011,24.642403,0 -81.5052343375465,24.6426968793426,0 -81.477304,24.645653,0 -81.46159695499129,24.6442530129999,0 -81.443915,24.642677,0 -81.412537,24.646732,0 -81.402499536573,24.6322269032062,0 -81.39548000000001,24.622083,0 -81.34769,24.635711,0 -81.32078255171859,24.6446806676055,0 -81.31307200000001,24.647251,0 -81.279128,24.65410200000001,0 -81.24440199999999,24.667307,0 -81.244354,24.675497,0 -81.29236400000001,24.710518,0 -81.305054,24.755185,0 -81.325126,24.767115,0 -81.377831,24.782174,0 -81.412233794397,24.79878694579349,0 -81.4338035948379,24.8092028998398,0 -81.442696,24.813497,0 -81.45501511961599,24.8088448397306,0 -81.49810100000001,24.792574,0 -81.51058368116109,24.7838299753788,0 -81.5325939720868,24.7684119315074,0 -81.53607,24.765977,0 -81.571151,24.756354,0 -81.58153535197459,24.7411743754375,0 -81.584599,24.736696,0 -81.672338,24.699514,0 -81.68429674043691,24.6930492693111,0 -81.745651,24.659882,0 -81.7473245380387,24.6579843169593,0 -81.76139000000001,24.642035,0 -81.7789012151196,24.6200376418021,0 -81.79949499999999,24.594168,0 -81.8012771573448,24.5904536381227,0 -81.81169300000001,24.568745,0 -81.8119473664019,24.5646520902403,0 -81.81214754460569,24.5614311014703,0 
							</coordinates>
						</LinearRing>
					</outerBoundaryIs>
				</Polygon>
				<Polygon>
					<tessellate>1</tessellate>
					<outerBoundaryIs>
						<LinearRing>
							<coordinates>
								-82.007317,24.540105,0 -82.011663,24.534227,0 -82.006511,24.527108,0 -81.963885,24.521152,0 -81.918795,24.527699,0 -81.886261,24.551734,0 -81.883363,24.560877,0 -81.89211899999999,24.565644,0 -81.92307099999999,24.552497,0 -82.007317,24.540105,0 
							</coordinates>
						</LinearRing>
					</outerBoundaryIs>
				</Polygon>
				<Polygon>
					<tessellate>1</tessellate>
					<outerBoundaryIs>
						<LinearRing>
							<coordinates>
								-82.16442600000001,24.563375,0 -82.165206,24.552159,0 -82.15943900000001,24.548212,0 -82.116787,24.549144,0 -82.104429,24.561167,0 -82.099417,24.572522,0 -82.101051,24.584679,0 -82.104187,24.588256,0 -82.12526800000001,24.597426,0 -82.135423,24.596879,0 -82.143075,24.593395,0 -82.15067999999999,24.576331,0 -82.16442600000001,24.563375,0 
							</coordinates>
						</LinearRing>
					</outerBoundaryIs>
				</Polygon>
				<Polygon>
					<tessellate>1</tessellate>
					<outerBoundaryIs>
						<LinearRing>
							<coordinates>
								-82.267343,26.683829,0 -82.26369800000001,26.672658,0 -82.25358900000001,26.665902,0 -82.234263,26.635391,0 -82.22682500000001,26.619742,0 -82.22645199999999,26.589333,0 -82.210966,26.573228,0 -82.202106,26.546461,0 -82.188937,26.49029000000001,0 -82.1834698305635,26.4809565707175,0 -82.180717,26.476257,0 -82.172917,26.467658,0 -82.144792,26.452825,0 -82.1402577583124,26.4486848552529,0 -82.126671,26.436279,0 -82.09811500000001,26.424959,0 -82.082915,26.422059,0 -82.08032447577089,26.422059,0 -82.07501499999999,26.422059,0 -82.06002599999999,26.426613,0 -82.016987,26.447393,0 -82.017079,26.454234,0 -82.022413,26.457655,0 -82.03444977213439,26.4582537500594,0 -82.04209400000001,26.458634,0 -82.059983,26.469095,0 -82.076606,26.465486,0 -82.086303,26.456441,0 -82.095643,26.456749,0 -82.11474699999999,26.471308,0 -82.131545,26.47703,0 -82.149368,26.477605,0 -82.17390572278789,26.4981304787712,0 -82.174632,26.498738,0 -82.183052,26.537619,0 -82.198142,26.585553,0 -82.213539,26.627025,0 -82.224045,26.645047,0 -82.23752500000001,26.670208,0 -82.24198800000001,26.679953,0 -82.24596,26.688612,0 -82.242553,26.696655,0 -82.24514499999999,26.705701,0 -82.25376799999999,26.70742600000001,0 -82.263338,26.698506,0 -82.267343,26.683829,0 
							</coordinates>
						</LinearRing>
					</outerBoundaryIs>
				</Polygon>
				<Polygon>
					<tessellate>1</tessellate>
					<outerBoundaryIs>
						<LinearRing>
							<coordinates>
								-82.732805,41.604318,0 -82.731865,41.599248,0 -82.699226,41.585532,0 -82.68603299999999,41.587246,0 -82.67907,41.597704,0 -82.676474,41.614631,0 -82.6828082984849,41.6170276887803,0 -82.683528,41.6173,0 -82.696136,41.615134,0 -82.70731000000001,41.619609,0 -82.72107099999999,41.617506,0 -82.732805,41.604318,0 
							</coordinates>
						</LinearRing>
					</outerBoundaryIs>
				</Polygon>
				<Polygon>
					<tessellate>1</tessellate>
					<outerBoundaryIs>
						<LinearRing>
							<coordinates>
								-82.826381,41.684516,0 -82.81419200000001,41.670725,0 -82.804744,41.671533,0 -82.801233,41.681376,0 -82.80063199999999,41.689633,0 -82.80495999999999,41.693403,0 -82.81413000000001,41.693089,0 -82.826381,41.684516,0 
							</coordinates>
						</LinearRing>
					</outerBoundaryIs>
				</Polygon>
				<Polygon>
					<tessellate>1</tessellate>
					<outerBoundaryIs>
						<LinearRing>
							<coordinates>
								-82.83279899999999,41.714608,0 -82.83345799999999,41.709318,0 -82.823487,41.70778,0 -82.808984,41.70821,0 -82.812033,41.721866,0 -82.820409,41.724549,0 -82.82572,41.72281,0 -82.83279899999999,41.714608,0 
							</coordinates>
						</LinearRing>
					</outerBoundaryIs>
				</Polygon>
				<Polygon>
					<tessellate>1</tessellate>
					<outerBoundaryIs>
						<LinearRing>
							<coordinates>
								-82.844506,41.647459,0 -82.841083,41.628908,0 -82.83466300000001,41.628748,0 -82.812585,41.646262,0 -82.795503,41.658971,0 -82.79978300000001,41.665046,0 -82.828748,41.659759,0 -82.844506,41.647459,0 
							</coordinates>
						</LinearRing>
					</outerBoundaryIs>
				</Polygon>
				<Polygon>
					<tessellate>1</tessellate>
					<outerBoundaryIs>
						<LinearRing>
							<coordinates>
								-82.854986,28.20798,0 -82.8518427655773,28.1721982657568,0 -82.851421,28.167397,0 -82.8470841199688,28.1653758649329,0 -82.843619,28.163761,0 -82.834576,28.167512,0 -82.836938,28.210178,0 -82.848669,28.213252,0 -82.854986,28.20798,0 
							</coordinates>
						</LinearRing>
					</outerBoundaryIs>
				</Polygon>
				<Polygon>
					<tessellate>1</tessellate>
					<outerBoundaryIs>
						<LinearRing>
							<coordinates>
								-82.926794,24.631591,0 -82.922945,24.622124,0 -82.869513,24.618173,0 -82.861598,24.626496,0 -82.86836099999999,24.63439,0 -82.919923,24.636866,0 -82.926794,24.631591,0 
							</coordinates>
						</LinearRing>
					</outerBoundaryIs>
				</Polygon>
				<Polygon>
					<tessellate>1</tessellate>
					<outerBoundaryIs>
						<LinearRing>
							<coordinates>
								-83.45224,43.856351,0 -83.448594,43.842875,0 -83.439607,43.839958,0 -83.431817,43.845143,0 -83.429361,43.859412,0 -83.43513900000001,43.861623,0 -83.447405,43.861283,0 -83.45224,43.856351,0 
							</coordinates>
						</LinearRing>
					</outerBoundaryIs>
				</Polygon>
				<Polygon>
					<tessellate>1</tessellate>
					<outerBoundaryIs>
						<LinearRing>
							<coordinates>
								-84.009664,46.101332,0 -84.01263400000001,46.08728,0 -83.995794,46.076005,0 -83.97345,46.065285,0 -83.974012,46.08155200000001,0 -83.983643,46.08865,0 -83.987684,46.098292,0 -84.009664,46.101332,0 
							</coordinates>
						</LinearRing>
					</outerBoundaryIs>
				</Polygon>
				<Polygon>
					<tessellate>1</tessellate>
					<outerBoundaryIs>
						<LinearRing>
							<coordinates>
								-84.58269199999999,45.96312,0 -84.575833,45.95529400000001,0 -84.567493,45.947702,0 -84.561829,45.959077,0 -84.56393300000001,45.966408,0 -84.574955,45.970654,0 -84.58269199999999,45.96312,0 
							</coordinates>
						</LinearRing>
					</outerBoundaryIs>
				</Polygon>
				<Polygon>
					<tessellate>1</tessellate>
					<outerBoundaryIs>
						<LinearRing>
							<coordinates>
								-84.59733799999999,45.834332,0 -84.61131399999999,45.82856799999999,0 -84.5944204844813,45.8141785681022,0 -84.590778,45.811076,0 -84.58757199999999,45.8067,0 -84.58195000000001,45.80263300000001,0 -84.561562,45.79621299999999,0 -84.549902,45.78985900000001,0 -84.52506,45.764168,0 -84.50930099999999,45.75433600000001,0 -84.507476,45.74464400000001,0 -84.50089199999999,45.737259,0 -84.484128,45.73071,0 -84.469183,45.732246,0 -84.45104000000001,45.727952,0 -84.430026,45.726307,0 -84.418902,45.721712,0 -84.405852,45.72241700000001,0 -84.39403799999999,45.72762300000001,0 -84.3956,45.73292500000001,0 -84.39429199999999,45.73530100000001,0 -84.372248,45.74578400000001,0 -84.37024099999999,45.75619,0 -84.356312,45.769495,0 -84.35602,45.77189499999999,0 -84.40320800000001,45.784394,0 -84.40830099999999,45.79957,0 -84.420829,45.79980299999999,0 -84.4224,45.79267399999999,0 -84.42672399999999,45.788194,0 -84.432472,45.786732,0 -84.49295100000001,45.805343,0 -84.51444100000001,45.81012,0 -84.53839499999999,45.807843,0 -84.5701,45.818531,0 -84.58293500000001,45.823103,0 -84.5833967757232,45.823463013858,0 -84.59733799999999,45.834332,0 
							</coordinates>
						</LinearRing>
					</outerBoundaryIs>
				</Polygon>
				<Polygon>
					<tessellate>1</tessellate>
					<outerBoundaryIs>
						<LinearRing>
							<coordinates>
								-84.63986300000001,45.978345,0 -84.640179,45.958369,0 -84.63285500000001,45.951007,0 -84.619417,45.958356,0 -84.6157616051845,45.9613594666216,0 -84.61067,45.965543,0 -84.617414,45.97297,0 -84.63285500000001,45.984873,0 -84.63986300000001,45.978345,0 
							</coordinates>
						</LinearRing>
					</outerBoundaryIs>
				</Polygon>
				<Polygon>
					<tessellate>1</tessellate>
					<outerBoundaryIs>
						<LinearRing>
							<coordinates>
								-84.651336,45.862844,0 -84.650783,45.85921,0 -84.6397,45.852624,0 -84.629239,45.850014,0 -84.623863,45.846579,0 -84.61795499999999,45.845856,0 -84.617936,45.845836,0 -84.60292200000001,45.85164,0 -84.6082,45.861631,0 -84.62251500000001,45.87753,0 -84.629437,45.882578,0 -84.64180399999999,45.88548599999999,0 -84.64687600000001,45.884642,0 -84.651336,45.862844,0 
							</coordinates>
						</LinearRing>
					</outerBoundaryIs>
				</Polygon>
				<Polygon>
					<tessellate>1</tessellate>
					<outerBoundaryIs>
						<LinearRing>
							<coordinates>
								-84.670648,29.791983,0 -84.67459599999999,29.783065,0 -84.66377799999999,29.774989,0 -84.624234,29.786185,0 -84.584489,29.800874,0 -84.56911700000001,29.813431,0 -84.572288,29.827884,0 -84.581931,29.828596,0 -84.59601000000001,29.819142,0 -84.639751,29.798171,0 -84.670648,29.791983,0 
							</coordinates>
						</LinearRing>
					</outerBoundaryIs>
				</Polygon>
				<Polygon>
					<tessellate>1</tessellate>
					<outerBoundaryIs>
						<LinearRing>
							<coordinates>
								-85.39426400000001,45.778531,0 -85.377132,45.769013,0 -85.359048,45.776627,0 -85.351434,45.79566299999999,0 -85.360952,45.817554,0 -85.377132,45.81279500000001,0 -85.39426400000001,45.778531,0 
							</coordinates>
						</LinearRing>
					</outerBoundaryIs>
				</Polygon>
				<Polygon>
					<tessellate>1</tessellate>
					<outerBoundaryIs>
						<LinearRing>
							<coordinates>
								-85.52444800000001,45.82979400000001,0 -85.532009,45.79817200000001,0 -85.50726299999999,45.778237,0 -85.462581,45.765864,0 -85.45020599999999,45.776452,0 -85.45020599999999,45.796677,0 -85.496951,45.822232,0 -85.52444800000001,45.82979400000001,0 
							</coordinates>
						</LinearRing>
					</outerBoundaryIs>
				</Polygon>
				<Polygon>
					<tessellate>1</tessellate>
					<outerBoundaryIs>
						<LinearRing>
							<coordinates>
								-85.630016,45.598166,0 -85.622741,45.586028,0 -85.618049,45.582647,0 -85.561634,45.572213,0 -85.541129,45.575045,0 -85.534064,45.57819800000001,0 -85.53027299999999,45.589253,0 -85.526895,45.59159,0 -85.518038,45.592912,0 -85.509276,45.596475,0 -85.491347,45.609665,0 -85.487026,45.621211,0 -85.490252,45.652122,0 -85.500451,45.664298,0 -85.503767,45.670472,0 -85.50610399999999,45.681148,0 -85.50279999999999,45.69099800000001,0 -85.494016,45.698476,0 -85.49415399999999,45.705378,0 -85.498777,45.726291,0 -85.510895,45.734414,0 -85.51567799999999,45.735782,0 -85.50881800000001,45.742358,0 -85.503758,45.742771,0 -85.49765600000001,45.746246,0 -85.501267,45.754415,0 -85.50613300000001,45.754715,0 -85.525237,45.75046199999999,0 -85.53561999999999,45.750394,0 -85.54375,45.751413,0 -85.54956,45.757266,0 -85.566441,45.760222,0 -85.567781,45.757655,0 -85.567128,45.750419,0 -85.564774,45.745462,0 -85.56513200000001,45.73071900000001,0 -85.572309,45.711449,0 -85.583724,45.700796,0 -85.59076899999999,45.698051,0 -85.600842,45.68885999999999,0 -85.60488100000001,45.681932,0 -85.609295,45.658067,0 -85.604951,45.647599,0 -85.60452100000001,45.63925600000001,0 -85.608653,45.632008,0 -85.61985,45.624547,0 -85.630016,45.598166,0 
							</coordinates>
						</LinearRing>
					</outerBoundaryIs>
				</Polygon>
				<Polygon>
					<tessellate>1</tessellate>
					<outerBoundaryIs>
						<LinearRing>
							<coordinates>
								-85.701809,45.736129,0 -85.696872,45.69725,0 -85.67218699999999,45.696633,0 -85.649353,45.722552,0 -85.651866,45.743139,0 -85.688849,45.747238,0 -85.701809,45.736129,0 
							</coordinates>
						</LinearRing>
					</outerBoundaryIs>
				</Polygon>
				<Polygon>
					<tessellate>1</tessellate>
					<outerBoundaryIs>
						<LinearRing>
							<coordinates>
								-85.79296100000001,45.481976,0 -85.78679,45.47220300000001,0 -85.77157200000001,45.460571,0 -85.76873500000001,45.467876,0 -85.769076,45.480322,0 -85.775375,45.490154,0 -85.782646,45.491596,0 -85.79296100000001,45.481976,0 
							</coordinates>
						</LinearRing>
					</outerBoundaryIs>
				</Polygon>
				<Polygon>
					<tessellate>1</tessellate>
					<outerBoundaryIs>
						<LinearRing>
							<coordinates>
								-85.88301,45.443479,0 -85.873386,45.42148199999999,0 -85.833516,45.378175,0 -85.82595499999999,45.404296,0 -85.834891,45.42835600000001,0 -85.85826299999999,45.44004200000001,0 -85.88301,45.443479,0 
							</coordinates>
						</LinearRing>
					</outerBoundaryIs>
				</Polygon>
				<Polygon>
					<tessellate>1</tessellate>
					<outerBoundaryIs>
						<LinearRing>
							<coordinates>
								-86.065016,45.140266,0 -86.060396,45.10461699999999,0 -86.05865300000001,45.100776,0 -86.052424,45.095311,0 -86.03712899999999,45.086576,0 -86.019874,45.071665,0 -86.01307300000001,45.063774,0 -85.99736,45.055929,0 -85.976883,45.06266,0 -85.977082,45.072993,0 -85.982799,45.080787,0 -85.984095,45.087073,0 -85.980433,45.113046,0 -85.976434,45.120706,0 -85.976803,45.13836299999999,0 -85.989412,45.15106900000001,0 -85.993194,45.15280499999999,0 -86.00594599999999,45.155751,0 -86.033174,45.15841999999999,0 -86.04443000000001,45.15958199999999,0 -86.050473,45.158418,0 -86.059393,45.15229099999999,0 -86.065016,45.140266,0 
							</coordinates>
						</LinearRing>
					</outerBoundaryIs>
				</Polygon>
				<Polygon>
					<tessellate>1</tessellate>
					<outerBoundaryIs>
						<LinearRing>
							<coordinates>
								-86.156689,45.010535,0 -86.154824,45.002394,0 -86.133655,44.996874,0 -86.11569900000001,44.999093,0 -86.093536,45.007838,0 -86.101214,45.018101,0 -86.10031499999999,45.02624,0 -86.08560300000001,45.030895,0 -86.085318,45.04072699999999,0 -86.117908,45.048478,0 -86.13809500000001,45.043038,0 -86.141644,45.040251,0 -86.154557,45.01810199999999,0 -86.156689,45.010535,0 
							</coordinates>
						</LinearRing>
					</outerBoundaryIs>
				</Polygon>
				<Polygon>
					<tessellate>1</tessellate>
					<outerBoundaryIs>
						<LinearRing>
							<coordinates>
								-86.692393,45.617126,0 -86.712328,45.610939,0 -86.691705,45.595816,0 -86.66128399999999,45.57417599999999,0 -86.648792,45.54324299999999,0 -86.636895,45.542053,0 -86.622023,45.55633,0 -86.620239,45.562279,0 -86.626187,45.573581,0 -86.64403299999999,45.585479,0 -86.665746,45.606239,0 -86.67726999999999,45.613689,0 -86.692393,45.617126,0 
							</coordinates>
						</LinearRing>
					</outerBoundaryIs>
				</Polygon>
				<Polygon>
					<tessellate>1</tessellate>
					<outerBoundaryIs>
						<LinearRing>
							<coordinates>
								-86.78664999999999,45.514562,0 -86.790268,45.501886,0 -86.78280599999999,45.486782,0 -86.763739,45.47398900000001,0 -86.75047499999999,45.484135,0 -86.757548,45.504123,0 -86.769768,45.516252,0 -86.78664999999999,45.514562,0 
							</coordinates>
						</LinearRing>
					</outerBoundaryIs>
				</Polygon>
				<Polygon>
					<tessellate>1</tessellate>
					<outerBoundaryIs>
						<LinearRing>
							<coordinates>
								-86.956198,45.352006,0 -86.956129,45.342267,0 -86.948087,45.335296,0 -86.93736800000001,45.333065,0 -86.925681,45.3242,0 -86.913995,45.31211,0 -86.904898,45.296839,0 -86.899891,45.295185,0 -86.896928,45.2983,0 -86.89666699999999,45.307275,0 -86.89948800000001,45.322588,0 -86.895055,45.329035,0 -86.88780199999999,45.332259,0 -86.875117,45.33087,0 -86.869041,45.333223,0 -86.865499,45.340981,0 -86.867743,45.35306499999999,0 -86.863563,45.364888,0 -86.853103,45.370861,0 -86.841432,45.389601,0 -86.824383,45.406135,0 -86.818073,45.408147,0 -86.808303,45.406067,0 -86.805415,45.407324,0 -86.805868,45.41290299999999,0 -86.81005500000001,45.422619,0 -86.817069,45.42696299999999,0 -86.828661,45.428539,0 -86.8309,45.426023,0 -86.829143,45.41649,0 -86.830353,45.410852,0 -86.853145,45.405547,0 -86.86147200000001,45.412067,0 -86.87750200000001,45.413981,0 -86.892893,45.40897999999999,0 -86.917686,45.40789000000001,0 -86.928045,45.411273,0 -86.930511,45.417536,0 -86.934276,45.421149,0 -86.937393,45.42096600000001,0 -86.94304099999999,45.41525,0 -86.95520399999999,45.383721,0 -86.94750999999999,45.366434,0 -86.946297,45.35869,0 -86.948272,45.355682,0 -86.953389,45.354715,0 -86.956198,45.352006,0 
							</coordinates>
						</LinearRing>
					</outerBoundaryIs>
				</Polygon>
				<Polygon>
					<tessellate>1</tessellate>
					<outerBoundaryIs>
						<LinearRing>
							<coordinates>
								-87.37540300000001,45.199296,0 -87.376777,45.17729799999999,0 -87.32728400000001,45.157363,0 -87.33622,45.173174,0 -87.331962,45.199251,0 -87.334158,45.211669,0 -87.37540300000001,45.199296,0 
							</coordinates>
						</LinearRing>
					</outerBoundaryIs>
				</Polygon>
				<Polygon>
					<tessellate>1</tessellate>
					<outerBoundaryIs>
						<LinearRing>
							<coordinates>
								-87.652303,47.41621,0 -87.639034,47.410443,0 -87.617531,47.407711,0 -87.600342,47.407711,0 -87.586224,47.418336,0 -87.591498,47.424113,0 -87.623673,47.426283,0 -87.637884,47.420449,0 -87.652303,47.41621,0 
							</coordinates>
						</LinearRing>
					</outerBoundaryIs>
				</Polygon>
				<Polygon>
					<tessellate>1</tessellate>
					<outerBoundaryIs>
						<LinearRing>
							<coordinates>
								-88.04374300000001,30.517423,0 -88.05325000000001,30.506161,0 -88.02591700000001,30.490801,0 -88.02472899999999,30.503089,0 -88.02472899999999,30.516399,0 -88.036613,30.520494,0 -88.04374300000001,30.517423,0 
							</coordinates>
						</LinearRing>
					</outerBoundaryIs>
				</Polygon>
				<Polygon>
					<tessellate>1</tessellate>
					<outerBoundaryIs>
						<LinearRing>
							<coordinates>
								-88.26727099999999,30.353806,0 -88.273213,30.333294,0 -88.25776399999999,30.318933,0 -88.248256,30.326114,0 -88.248256,30.346627,0 -88.25063299999999,30.367136,0 -88.2600861561951,30.3716672576489,0 -88.261329,30.372263,0 -88.26727099999999,30.353806,0 
							</coordinates>
						</LinearRing>
					</outerBoundaryIs>
				</Polygon>
				<Polygon>
					<tessellate>1</tessellate>
					<outerBoundaryIs>
						<LinearRing>
							<coordinates>
								-88.330758,30.235026,0 -88.324659,30.22317,0 -88.305346,30.22141299999999,0 -88.2961662744564,30.2217239490365,0 -88.279426,30.222291,0 -88.20776499999999,30.236783,0 -88.188136980758,30.2388760578234,0 -88.166597,30.241173,0 -88.14474300000001,30.238978,0 -88.124999,30.2316412875013,0 -88.107331,30.225076,0 -88.09290300000001,30.240734,0 -88.07878599999999,30.245039,0 -88.075856,30.246139,0 -88.074854,30.249119,0 -88.08681199999999,30.259864,0 -88.124658,30.28364,0 -88.12472200000001,30.273541,0 -88.13063099999999,30.262125,0 -88.143727,30.26049099999999,0 -88.158974,30.257857,0 -88.177779,30.257857,0 -88.225553,30.250833,0 -88.261638,30.24468600000001,0 -88.288574,30.238539,0 -88.30432999999999,30.237661,0 -88.330758,30.235026,0 
							</coordinates>
						</LinearRing>
					</outerBoundaryIs>
				</Polygon>
				<Polygon>
					<tessellate>1</tessellate>
					<outerBoundaryIs>
						<LinearRing>
							<coordinates>
								-88.51067399999999,30.217021,0 -88.5096209561203,30.2111033287094,0 -88.50864199999999,30.205602,0 -88.494411,30.196817,0 -88.45375199999999,30.189349,0 -88.429356,30.192864,0 -88.4264253989341,30.19443700234,0 -88.40458099999999,30.206162,0 -88.408519,30.218778,0 -88.42834000000001,30.214826,0 -88.443079,30.208237,0 -88.453244,30.206481,0 -88.465441,30.208237,0 -88.492378,30.219217,0 -88.51067399999999,30.217021,0 
							</coordinates>
						</LinearRing>
					</outerBoundaryIs>
				</Polygon>
				<Polygon>
					<tessellate>1</tessellate>
					<outerBoundaryIs>
						<LinearRing>
							<coordinates>
								-88.771991,30.245523,0 -88.768351,30.236783,0 -88.75717,30.23327,0 -88.741415,30.23327,0 -88.714986,30.237661,0 -88.7128742124755,30.2369526223838,0 -88.671786,30.22317,0 -88.644341,30.220535,0 -88.611306,30.217021,0 -88.6085220472181,30.2172696463145,0 -88.587424,30.219154,0 -88.60876399999999,30.231952,0 -88.656031,30.239417,0 -88.688558,30.249955,0 -88.714986,30.256979,0 -88.73684,30.253028,0 -88.771991,30.245523,0 
							</coordinates>
						</LinearRing>
					</outerBoundaryIs>
				</Polygon>
				<Polygon>
					<tessellate>1</tessellate>
					<outerBoundaryIs>
						<LinearRing>
							<coordinates>
								-88.88145400000001,30.053202,0 -88.877933,30.041126,0 -88.867856,30.025858,0 -88.85441899999999,30.012042,0 -88.84938,29.994588,0 -88.83871499999999,29.962326,0 -88.837379,29.944878,0 -88.835104,29.922558,0 -88.83678399999999,29.886159,0 -88.843277,29.86381,0 -88.846861,29.836636,0 -88.853579,29.821337,0 -88.861267,29.805826,0 -88.86797300000001,29.79133,0 -88.873734,29.775426,0 -88.875091,29.759818,0 -88.86295,29.757052,0 -88.844078,29.795713,0 -88.83271000000001,29.824062,0 -88.826538,29.847092,0 -88.818146,29.889109,0 -88.81701700000001,29.93425,0 -88.824158,29.970461,0 -88.833725,29.998821,0 -88.84122499999999,30.012789,0 -88.855583,30.034414,0 -88.870476,30.049212,0 -88.88145400000001,30.053202,0 
							</coordinates>
						</LinearRing>
					</outerBoundaryIs>
				</Polygon>
				<Polygon>
					<tessellate>1</tessellate>
					<outerBoundaryIs>
						<LinearRing>
							<coordinates>
								-88.988629,30.216293,0 -88.993382,30.208077,0 -88.970803,30.200888,0 -88.94829460675069,30.2057508660104,0 -88.947035,30.206023,0 -88.893557,30.224508,0 -88.876919,30.235803,0 -88.87216600000001,30.245043,0 -88.88167300000001,30.24915,0 -88.897122,30.240937,0 -88.936339,30.221428,0 -88.95773,30.220401,0 -88.988629,30.216293,0 
							</coordinates>
						</LinearRing>
					</outerBoundaryIs>
				</Polygon>
				<Polygon>
					<tessellate>1</tessellate>
					<outerBoundaryIs>
						<LinearRing>
							<coordinates>
								-89.159758,30.238883,0 -89.17045400000001,30.228616,0 -89.12767100000001,30.219374,0 -89.10865699999999,30.206023,0 -89.1062104407869,30.2065139289636,0 -89.088384,30.210091,0 -89.07419400000001,30.212185,0 -89.06231,30.229642,0 -89.05636800000001,30.24915,0 -89.070628,30.258388,0 -89.084889,30.237856,0 -89.08995459424651,30.2379254862398,0 -89.159758,30.238883,0 
							</coordinates>
						</LinearRing>
					</outerBoundaryIs>
				</Polygon>
				<Polygon>
					<tessellate>1</tessellate>
					<outerBoundaryIs>
						<LinearRing>
							<coordinates>
								-89.255202,47.876102,0 -89.250936,47.870377,0 -89.246774,47.871016,0 -89.22850699999999,47.858039,0 -89.23453499999999,47.85537299999999,0 -89.235552,47.853774,0 -89.234533,47.851718,0 -89.201812,47.850243,0 -89.192207,47.84106,0 -89.19268099999999,47.83343,0 -89.19016999999999,47.831603,0 -89.15773799999999,47.82401500000001,0 -89.124134,47.828616,0 -89.107991,47.835705,0 -89.05641199999999,47.852598,0 -89.04446299999999,47.85575,0 -89.02273599999999,47.858532,0 -88.99893899999999,47.86748999999999,0 -88.911665,47.891344,0 -88.89898599999999,47.900685,0 -88.899698,47.90244499999999,0 -88.95347,47.890504,0 -88.97147099999999,47.895068,0 -88.994637,47.89156599999999,0 -89.004858,47.896427,0 -89.003075,47.908537,0 -88.962664,47.923512,0 -88.923573,47.93797599999999,0 -88.918029,47.94560499999999,0 -88.89918400000001,47.95330000000001,0 -88.852923,47.965322,0 -88.83206300000001,47.965213,0 -88.79195900000001,47.978938,0 -88.772357,47.981126,0 -88.71855499999999,47.995134,0 -88.670073,48.01144600000001,0 -88.579784,48.05866899999999,0 -88.575048,48.064154,0 -88.57392400000001,48.068861,0 -88.575869,48.07516600000001,0 -88.578395,48.078003,0 -88.578053,48.084373,0 -88.56693799999999,48.093719,0 -88.51190200000001,48.12169900000001,0 -88.48569999999999,48.137683,0 -88.469573,48.15287900000001,0 -88.45969700000001,48.158551,0 -88.449502,48.16331199999999,0 -88.427373,48.166764,0 -88.419875,48.170731,0 -88.418244,48.18037000000001,0 -88.422601,48.190975,0 -88.447236,48.18291600000001,0 -88.45973499999999,48.183807,0 -88.482039,48.179915,0 -88.491961,48.17546600000001,0 -88.501088,48.168181,0 -88.524753,48.16529100000001,0 -88.547033,48.174891,0 -88.578413,48.16237,0 -88.614026,48.15479700000001,0 -88.656915,48.139225,0 -88.67419200000001,48.127165,0 -88.676395,48.124876,0 -88.675628,48.120444,0 -88.684434,48.11578500000001,0 -88.695353,48.110549,0 -88.705586,48.11101300000001,0 -88.72819800000001,48.10191399999999,0 -88.74445799999999,48.092769,0 -88.764256,48.085189,0 -88.77182999999999,48.079457,0 -88.772077,48.070502,0 -88.787556,48.063035,0 -88.810461,48.055247,0 -88.816084,48.057006,0 -88.835714,48.05675200000001,0 -88.89370099999999,48.03477,0 -88.896327,48.031801,0 -88.89506900000001,48.029059,0 -88.915032,48.020681,0 -88.92752900000001,48.019615,0 -88.931487,48.021637,0 -88.94088600000001,48.01959,0 -88.994163,48.00229000000001,0 -89.018303,47.992525,0 -89.095207,47.967922,0 -89.179154,47.93503,0 -89.214499,47.913895,0 -89.221332,47.908069,0 -89.22071,47.90085,0 -89.226327,47.895438,0 -89.24712700000001,47.888503,0 -89.255202,47.876102,0 
							</coordinates>
						</LinearRing>
					</outerBoundaryIs>
				</Polygon>
				<Polygon>
					<tessellate>1</tessellate>
					<outerBoundaryIs>
						<LinearRing>
							<coordinates>
								-89.342163,30.059172,0 -89.336991,30.039992,0 -89.328706,30.038323,0 -89.308504,30.039763,0 -89.281262,30.032894,0 -89.276179,30.031739,0 -89.25977899999999,30.049433,0 -89.239289,30.040805,0 -89.227217,30.021244,0 -89.2295,30.000433,0 -89.215675,29.993523,0 -89.201584,30.00142900000001,0 -89.21233599999999,30.019577,0 -89.202974,30.03462,0 -89.183959,30.032768,0 -89.173401,30.04336,0 -89.185799,30.063934,0 -89.2208,30.071445,0 -89.227085,30.095126,0 -89.21296599999999,30.115427,0 -89.2037390455571,30.1259605110683,0 -89.183256,30.149344,0 -89.1860179113059,30.1540942272855,0 -89.19047500000001,30.16176,0 -89.200275223582,30.1556073428274,0 -89.23316800000001,30.134957,0 -89.2488843191278,30.125196,0 -89.303026,30.09157,0 -89.31643099999999,30.069213,0 -89.342163,30.059172,0 
							</coordinates>
						</LinearRing>
					</outerBoundaryIs>
				</Polygon>
				<Polygon>
					<tessellate>1</tessellate>
					<outerBoundaryIs>
						<LinearRing>
							<coordinates>
								-89.442093,30.144369,0 -89.453022,30.139068,0 -89.439003,30.127527,0 -89.42903099999999,30.128559,0 -89.417694,30.143682,0 -89.41968785332401,30.1465446308999,0 -89.42450100000001,30.153455,0 -89.442093,30.144369,0 
							</coordinates>
						</LinearRing>
					</outerBoundaryIs>
				</Polygon>
			</MultiGeometry>
		</Placemark>
	</Folder>
</Document>
</kml>
